timestamp_ns,phase_sin,phase_cos,cycle_time,smoothed_speed,cmd_linear_x,cmd_linear_y,cmd_angular_z,base_euler_x,base_euler_y,base_euler_z,base_ang_vel_x,base_ang_vel_y,base_ang_vel_z,action_left_hip_pitch_joint,pos_left_hip_pitch_joint,vel_left_hip_pitch_joint,effort_left_hip_pitch_joint,pos_des_raw_left_hip_pitch_joint,pos_des_lpf_left_hip_pitch_joint,tau_des_raw_left_hip_pitch_joint,tau_des_lpf_left_hip_pitch_joint,is_parallel_left_hip_pitch_joint,action_left_hip_roll_joint,pos_left_hip_roll_joint,vel_left_hip_roll_joint,effort_left_hip_roll_joint,pos_des_raw_left_hip_roll_joint,pos_des_lpf_left_hip_roll_joint,tau_des_raw_left_hip_roll_joint,tau_des_lpf_left_hip_roll_joint,is_parallel_left_hip_roll_joint,action_left_hip_yaw_joint,pos_left_hip_yaw_joint,vel_left_hip_yaw_joint,effort_left_hip_yaw_joint,pos_des_raw_left_hip_yaw_joint,pos_des_lpf_left_hip_yaw_joint,tau_des_raw_left_hip_yaw_joint,tau_des_lpf_left_hip_yaw_joint,is_parallel_left_hip_yaw_joint,action_left_knee_pitch_joint,pos_left_knee_pitch_joint,vel_left_knee_pitch_joint,effort_left_knee_pitch_joint,pos_des_raw_left_knee_pitch_joint,pos_des_lpf_left_knee_pitch_joint,tau_des_raw_left_knee_pitch_joint,tau_des_lpf_left_knee_pitch_joint,is_parallel_left_knee_pitch_joint,action_left_ankle_pitch_joint,pos_left_ankle_pitch_joint,vel_left_ankle_pitch_joint,effort_left_ankle_pitch_joint,pos_des_raw_left_ankle_pitch_joint,pos_des_lpf_left_ankle_pitch_joint,tau_des_raw_left_ankle_pitch_joint,tau_des_lpf_left_ankle_pitch_joint,is_parallel_left_ankle_pitch_joint,action_left_ankle_roll_joint,pos_left_ankle_roll_joint,vel_left_ankle_roll_joint,effort_left_ankle_roll_joint,pos_des_raw_left_ankle_roll_joint,pos_des_lpf_left_ankle_roll_joint,tau_des_raw_left_ankle_roll_joint,tau_des_lpf_left_ankle_roll_joint,is_parallel_left_ankle_roll_joint,action_right_hip_pitch_joint,pos_right_hip_pitch_joint,vel_right_hip_pitch_joint,effort_right_hip_pitch_joint,pos_des_raw_right_hip_pitch_joint,pos_des_lpf_right_hip_pitch_joint,tau_des_raw_right_hip_pitch_joint,tau_des_lpf_right_hip_pitch_joint,is_parallel_right_hip_pitch_joint,action_right_hip_roll_joint,pos_right_hip_roll_joint,vel_right_hip_roll_joint,effort_right_hip_roll_joint,pos_des_raw_right_hip_roll_joint,pos_des_lpf_right_hip_roll_joint,tau_des_raw_right_hip_roll_joint,tau_des_lpf_right_hip_roll_joint,is_parallel_right_hip_roll_joint,action_right_hip_yaw_joint,pos_right_hip_yaw_joint,vel_right_hip_yaw_joint,effort_right_hip_yaw_joint,pos_des_raw_right_hip_yaw_joint,pos_des_lpf_right_hip_yaw_joint,tau_des_raw_right_hip_yaw_joint,tau_des_lpf_right_hip_yaw_joint,is_parallel_right_hip_yaw_joint,action_right_knee_pitch_joint,pos_right_knee_pitch_joint,vel_right_knee_pitch_joint,effort_right_knee_pitch_joint,pos_des_raw_right_knee_pitch_joint,pos_des_lpf_right_knee_pitch_joint,tau_des_raw_right_knee_pitch_joint,tau_des_lpf_right_knee_pitch_joint,is_parallel_right_knee_pitch_joint,action_right_ankle_pitch_joint,pos_right_ankle_pitch_joint,vel_right_ankle_pitch_joint,effort_right_ankle_pitch_joint,pos_des_raw_right_ankle_pitch_joint,pos_des_lpf_right_ankle_pitch_joint,tau_des_raw_right_ankle_pitch_joint,tau_des_lpf_right_ankle_pitch_joint,is_parallel_right_ankle_pitch_joint,action_right_ankle_roll_joint,pos_right_ankle_roll_joint,vel_right_ankle_roll_joint,effort_right_ankle_roll_joint,pos_des_raw_right_ankle_roll_joint,pos_des_lpf_right_ankle_roll_joint,tau_des_raw_right_ankle_roll_joint,tau_des_lpf_right_ankle_roll_joint,is_parallel_right_ankle_roll_joint,clip_count,imu_quat_w,imu_quat_x,imu_quat_y,imu_quat_z,imu_gyro_x,imu_gyro_y,imu_gyro_z,imu_accel_x,imu_accel_y,imu_accel_z
1787123396212658062,0.175092,0.984552,0.357,0.012,0.6,-0,0,-0.0201051,-0.0374996,-0.480894,0.00127524,-0.00155237,0.00114567,-0.187521,0.395678,0.00306892,1.44078,0.306239,0.395469,nan,nan,0,-0.739491,0.0503349,0.00920582,-0.317459,-0.319746,0.0494728,nan,nan,0,-0.36382,-0.31054,-0.00920582,-0.561661,-0.49191,-0.310963,nan,nan,0,-0.275183,0.523767,0.00306892,-10.1832,0.352409,0.523367,nan,nan,0,-0.529191,-0.209524,-5.82177e-07,-0.428103,-0.474596,nan,-9.27751,-0.0216116,1,0.596958,0.00807439,-0.00314135,-4.86675,0.298479,nan,8.71685,0.0203056,1,-0.515268,-0.39376,0.00920582,-1.44078,-0.657634,-0.394374,nan,nan,0,-0.378477,-0.0518684,0.00306892,0.903542,-0.239239,-0.0523049,nan,nan,0,-0.37947,0.309581,0.00306892,0.21978,0.120265,0.30914,nan,nan,0,0.278438,0.523767,-0.00306892,-14.2857,0.629219,0.524012,nan,nan,0,0.0442525,-0.209147,0.00191123,-1.56523,-0.187874,nan,0.741684,0.00172772,1,0.118019,-0.00765241,-1.56244e-06,3.98383,0.0590096,nan,1.99986,0.0046586,1,0,0.970966,-0.014226,-0.015815,-0.238266,0.00127524,-0.00155237,0.00114567,0.226252,0.117493,9.73117
1787123396222413288,0.338538,0.940953,0.36386,0.02376,0.6,-0,0,-0.0200861,-0.0375094,-0.480896,0.000919195,-0.00092595,-9.80526e-05,-0.310355,0.396061,0.0583057,2.85714,0.244822,0.366275,nan,nan,0,-1.30267,0.0503349,0.00306892,0.0732574,-0.601337,-0.0713901,nan,nan,0,-0.674101,-0.311499,-0.162642,-0.415138,-0.64705,-0.370235,nan,nan,0,-0.29404,0.524534,0.156505,-0.268623,0.34298,0.467686,nan,nan,0,-0.641603,-0.209534,0.0479641,-0.508481,-0.530802,nan,-11.3163,-3.04512,1,0.769101,0.010822,0.496318,-0.524763,0.38455,nan,10.4674,2.80508,1,-0.771411,-0.394335,-0.0889931,-2.71062,-0.785706,-0.480383,nan,nan,0,-0.459322,-0.0516768,0.0398932,2.46642,-0.279661,-0.113259,nan,nan,0,-0.301308,0.308622,-0.181053,-0.366302,0.159346,0.247739,nan,nan,0,0.471516,0.523575,-0.0398932,-5.10378,0.725758,0.558489,nan,nan,0,0.104828,-0.21131,-0.332585,-0.627137,-0.157586,nan,2.37919,0.275428,1,0.1556,-0.0151214,-1.39823,-0.739378,0.0778001,nan,4.885,0.791895,1,0,0.970966,-0.014218,-0.015822,-0.238267,0.000919195,-0.00092595,-9.80526e-05,0.224956,0.111191,9.73281
1787123396232509767,0.486995,0.873405,0.370583,0.0352848,0.6,-0,0,-0.0201067,-0.0374309,-0.480814,-0.00655595,0.0238459,0.0355872,-0.34793,0.396444,0.0214815,-0.0244217,0.226035,0.309505,nan,nan,0,-1.75037,0.0503349,-0.00920582,-4.81075,-0.825187,-0.315556,nan,nan,0,-0.88552,-0.313033,-0.107405,-1.92918,-0.75276,-0.495454,nan,nan,0,-0.325096,0.528177,0.279252,-8.66911,0.327452,0.394124,nan,nan,0,-0.763014,-0.209564,0.0366085,-3.28757,-0.591507,nan,-13.4229,-7.56185,1,0.957557,0.0245606,1.31926,2.02844,0.478779,nan,11.6477,6.73907,1,-1.02819,-0.395102,-0.046031,-3.63858,-0.914093,-0.630788,nan,nan,0,-0.308653,-0.0514851,0.00306892,-1.3431,-0.204326,-0.203262,nan,nan,0,-0.0874856,0.305747,-0.242428,-0.805862,0.266257,0.182834,nan,nan,0,0.654302,0.524725,0.150367,0.512817,0.817151,0.633422,nan,nan,0,0.0607374,-0.211534,-0.070643,-0.547646,-0.179631,nan,1.22257,1.0964,1,0.161313,-0.0341637,-1.87938,0.739108,0.0806566,nan,6.26368,2.93264,1,0,0.970977,-0.014218,-0.015782,-0.238227,-0.00655595,0.0238459,0.0355872,0.302363,0.014241,9.25693
1787123396242336189,0.61812,0.786084,0.377171,0.0465791,0.6,-0,0,-0.0201784,-0.0369815,-0.479865,-0.00107116,0.0185535,0.109559,-0.25113,0.396253,-0.00920582,-1.48962,0.274435,0.257756,nan,nan,0,-1.9392,0.0495677,-0.113543,-12.967,-0.919598,-0.589119,nan,nan,0,-0.88688,-0.315334,-0.352901,-5.05495,-0.75344,-0.635165,nan,nan,0,-0.383353,0.529711,0.131955,-11.8926,0.298323,0.345851,nan,nan,0,-0.833891,-0.211641,-0.361866,-5.63309,-0.626946,nan,-13.9928,-11.1772,1,1.03258,0.0428612,2.30671,4.50727,0.516289,nan,10.7428,9.60862,1,-1.22199,-0.395485,-0.0583057,-5.88522,-1.011,-0.785873,nan,nan,0,-0.109994,-0.0518684,-0.0644426,-2.75946,-0.104997,-0.238137,nan,nan,0,0.0704864,0.302679,-0.395864,-2.41758,0.345243,0.190413,nan,nan,0,0.815808,0.526834,0.297665,2.3199,0.897904,0.727169,nan,nan,0,0.0173858,-0.211615,0.170684,0.235271,-0.201307,nan,0.104758,1.48604,1,0.106178,-0.049871,-1.364,1.74071,0.0530892,nan,5.13481,5.04675,1,0,0.971093,-0.014192,-0.015562,-0.237766,-0.00107116,0.0185535,0.109559,-0.874177,-0.326552,7.34023
1787123396252558310,0.730407,0.683013,0.383628,0.0576475,0.6,-0,0,-0.0206737,-0.0370075,-0.479281,-0.0773926,-0.101956,0.0368344,-0.0886427,0.395869,-0.0521679,-3.10134,0.355679,0.24544,nan,nan,0,-1.98484,0.0466909,-0.340627,-23.2234,-0.942418,-0.803012,nan,nan,0,-0.954249,-0.323579,-0.948232,-7.98535,-0.787124,-0.727521,nan,nan,0,-0.460078,0.530095,-0.0153437,-17.8999,0.259961,0.315451,nan,nan,0,-0.906692,-0.219634,-1.0749,-11.2332,-0.663346,nan,-13.9176,-13.1787,1,1.10019,0.0796437,3.94332,8.90875,0.550094,nan,8.19855,10.5176,1,-1.25315,-0.397212,-0.187191,-9.79243,-1.02658,-0.918484,nan,nan,0,0.100446,-0.0534024,-0.174916,-4.66422,0.000223116,-0.19737,nan,nan,0,0.0846309,0.297309,-0.463376,-1.48962,0.352315,0.255416,nan,nan,0,0.893015,0.533546,0.71501,8.96215,0.936507,0.820772,nan,nan,0,-0.0396941,-0.207483,0.356099,0.94117,-0.229847,nan,-1.31691,1.003,1,0.05548,-0.0554997,-0.279597,3.65189,0.02774,nan,2.91659,5.65135,1,0,0.971159,-0.014431,-0.01552,-0.237486,-0.0773926,-0.101956,0.0368344,-0.362381,0.298166,7.82265
1787123396262500134,0.823047,0.567973,0.389955,0.0684946,0.6,-0,0,-0.0218984,-0.0383584,-0.478301,-0.139678,-0.111174,0.157306,0.205096,0.395678,-0.00306892,-5.93407,0.502548,0.283534,nan,nan,0,-2.00143,0.043623,-0.426551,-31.917,-0.950717,-0.920071,nan,nan,0,-0.752869,-0.330099,-0.850034,-12.0879,-0.686434,-0.773521,nan,nan,0,-0.466852,0.530095,0.0521679,-25.0305,0.256574,0.287106,nan,nan,0,-0.914004,-0.225519,-1.0051,-14.3534,-0.667002,nan,-13.9443,-13.8869,1,1.11721,0.104851,3.65411,12.1162,0.558604,nan,8.13143,9.58992,1,-1.27398,-0.399129,-0.297665,-11.7949,-1.03699,-1.00152,nan,nan,0,0.240229,-0.0549364,-0.21174,-4.32234,0.0701145,-0.107447,nan,nan,0,0.100683,0.294624,-0.352901,-0.708183,0.360342,0.3179,nan,nan,0,0.866363,0.539106,0.966643,12.3321,0.923181,0.894161,nan,nan,0,-0.0549922,-0.205392,0.428421,1.25594,-0.237496,nan,-1.76627,-0.0769468,1,0.0388466,-0.0540944,0.548888,4.03611,0.0194233,nan,1.3822,4.55584,1,0,0.971252,-0.015178,-0.016038,-0.237024,-0.139678,-0.111174,0.157306,1.64112,-1.42446,9.52909
1787123396272301045,0.895799,0.444459,0.396156,0.0791247,0.6,-0,0,-0.0206865,-0.0418239,-0.476794,0.394904,-0.478254,0.0785334,0.726207,0.395869,0.0153437,-3.24786,0.763103,0.376817,nan,nan,0,-2.44588,0.0394049,-0.340627,-41.0012,-1.17294,-0.962813,nan,nan,0,-0.818487,-0.331249,0.254703,-18.2418,-0.719244,-0.758746,nan,nan,0,-0.527855,0.53182,0.205604,-27.5214,0.226073,0.265634,nan,nan,0,-1.07257,-0.233161,-0.773418,-15.0001,-0.746284,nan,-16.7992,-14.087,1,1.1859,0.134142,2.04109,11.5243,0.592949,nan,10.7026,8.79605,1,-1.12717,-0.403923,-0.518612,-12.6252,-0.963587,-1.03732,nan,nan,0,0.342206,-0.0574293,-0.242428,-1.53846,0.121103,-0.0095483,nan,nan,0,0.152341,0.293666,0.0767183,-0.0244217,0.38617,0.352769,nan,nan,0,0.969684,0.553488,1.44536,15.2137,0.974842,0.928712,nan,nan,0,-0.0658246,-0.203251,0.238334,0.984062,-0.242912,nan,-1.74565,-1.08892,1,0.0420351,-0.042893,1.47375,3.63238,0.0210175,nan,-0.293304,2.57941,1,0,0.971402,-0.014986,-0.017876,-0.236291,0.394904,-0.478254,0.0785334,3.30462,2.82237,18.1682
1787123396282286469,0.948878,0.315644,0.402233,0.0895422,0.6,-0,0,-0.0156213,-0.0470157,-0.477444,0.414292,-0.104372,-0.19805,0.679832,0.395869,0.00920582,-0.415138,0.739916,0.546318,nan,nan,0,-2.63898,0.036912,-0.187191,-41.5385,-1.26949,-1.03978,nan,nan,0,-1.07259,-0.322812,0.800934,-17.558,-0.846297,-0.730426,nan,nan,0,-0.538231,0.534121,0.150368,-26.9353,0.220884,0.245998,nan,nan,0,-1.04081,-0.238971,-0.622613,-14.5627,-0.730407,nan,-16.2664,-15.0041,1,1.24524,0.145245,0.771101,10.4393,0.622622,nan,13.1647,9.51388,1,-0.982572,-0.411401,-0.751834,-13.4066,-0.891286,-1.02182,nan,nan,0,0.408909,-0.0599222,-0.205604,0.268623,0.154455,0.0702744,nan,nan,0,0.0845708,0.297117,0.444963,-0.122101,0.352285,0.37332,nan,nan,0,1.01118,0.574772,1.91181,15.6532,0.995591,0.951251,nan,nan,0,-0.0822868,-0.203093,-0.12146,0.0821385,-0.251143,nan,-1.49958,-1.57838,1,-0.0111598,-0.0234951,1.85049,2.27011,-0.0055799,nan,-2.23827,0.562299,1,0,0.971299,-0.013145,-0.020992,-0.236567,0.414292,-0.104372,-0.19805,3.45853,-1.11821,13.8545
1787123396292442262,0.982855,0.184378,0.408188,0.0997513,0.6,-0,0,-0.0137239,-0.0455508,-0.478761,-0.0892646,0.138448,0.0147974,0.33242,0.395869,0.0214815,3.34554,0.56621,0.686639,nan,nan,0,-2.25628,0.0346107,-0.28539,-38.1197,-1.07814,-1.15522,nan,nan,0,-0.788534,-0.316868,0.481788,-15.4579,-0.704267,-0.759024,nan,nan,0,-0.454324,0.534888,0.0644436,-27.619,0.262838,0.229792,nan,nan,0,-0.827413,-0.245159,-0.511717,-15.1976,-0.623707,nan,-12.4816,-15.9107,1,1.20468,0.148848,-0.076198,10.486,0.602341,nan,13.7191,11.4101,1,-1.03341,-0.420413,-0.960506,-10.4762,-0.916707,-0.965832,nan,nan,0,0.321094,-0.0614562,-0.125817,2.90598,0.110547,0.125545,nan,nan,0,0.0762848,0.30287,0.592261,0.0732574,0.348142,0.37363,nan,nan,0,0.781161,0.595289,2.16344,12.8694,0.88058,0.974866,nan,nan,0,-0.0473035,-0.204959,-0.363785,-0.744851,-0.233652,nan,-0.458565,-1.57597,1,-0.0134585,-0.00312707,1.89908,0.715969,-0.00672923,nan,-2.95669,-1.23156,1,0,0.971172,-0.012064,-0.020497,-0.237186,-0.0892646,0.138448,0.0147974,0.629061,-6.36167,9.96663
1787123396302274048,0.998585,0.0531835,0.414025,0.109756,0.6,-0,0,-0.0169456,-0.0449463,-0.477776,-0.360392,-0.104962,0.131663,0.487224,0.396444,0.0705805,7.00854,0.643612,0.690751,nan,nan,0,-1.54521,0.030776,-0.487926,-42.3199,-0.722605,-1.17663,nan,nan,0,-0.466281,-0.316676,-0.11968,-14.188,-0.54314,-0.762475,nan,nan,0,-0.460304,0.53508,-0.0153437,-28.9377,0.259848,0.235095,nan,nan,0,-0.84495,-0.249397,-0.445173,-16.061,-0.632475,nan,-12.74,-15.0584,1,1.13639,0.146237,-0.443405,11.1973,0.568193,nan,13.3238,13.1623,1,-0.943499,-0.430192,-1.15077,-9.74359,-0.87175,-0.923573,nan,nan,0,0.118727,-0.0616479,0.00920582,4.85959,0.00936373,0.138746,nan,nan,0,0.00768147,0.307664,0.487926,0.610504,0.313841,0.361741,nan,nan,0,0.529183,0.616574,2.42121,11.746,0.754592,0.953127,nan,nan,0,0.0132497,-0.208831,-0.451006,-0.903989,-0.203375,nan,0.867467,-1.09844,1,0.0315645,0.0121605,1.78134,-0.668406,0.0157822,nan,-2.56336,-2.53182,1,0,0.971276,-0.013547,-0.019828,-0.236739,-0.360392,-0.104962,0.131663,-0.411364,-0.952315,7.7864
1787123396312275496,0.997128,-0.0757308,0.419744,0.119561,0.6,-0,0,-0.0198591,-0.0466222,-0.4766,-0.208555,-0.196787,0.0566516,0.708254,0.397787,0.150368,7.00854,0.754127,0.655717,nan,nan,0,-1.24722,0.0231061,-0.782521,-38.9988,-0.573612,-1.01719,nan,nan,0,-0.389719,-0.31936,-0.193328,-14.7741,-0.504859,-0.682062,nan,nan,0,-0.492448,0.534504,-0.0214806,-31.2332,0.243776,0.24907,nan,nan,0,-0.956927,-0.253613,-0.352764,-15.8553,-0.688464,nan,-14.6906,-13.6547,1,1.11793,0.142233,-0.27789,13.4183,0.558966,nan,12.9188,13.8167,1,-0.773358,-0.444382,-1.31034,-7.00854,-0.786679,-0.895071,nan,nan,0,-0.0062481,-0.0604973,0.150368,5.15263,-0.0531241,0.0949689,nan,nan,0,-0.0533289,0.311882,0.365176,0.463982,0.283336,0.340902,nan,nan,0,0.397697,0.645528,2.6483,5.59219,0.688849,0.870875,nan,nan,0,0.0357353,-0.21469,-0.608261,-0.588221,-0.192132,nan,1.70192,-0.158592,1,0.0584809,0.028656,1.30178,-1.71532,0.0292405,nan,-1.93513,-2.96492,1,0,0.971374,-0.015148,-0.020306,-0.2362,-0.208555,-0.196787,0.0566516,1.41579,-1.87443,8.35086
1787123396322315937,0.979703,-0.200456,0.425349,0.12917,0.6,-0,0,-0.0223629,-0.0475454,-0.476808,-0.259689,-0.0995962,-0.0844065,0.701805,0.399512,0.181053,7.15507,0.750902,0.677168,nan,nan,0,-1.03501,0.0144768,-0.862308,-37.0452,-0.467503,-0.784233,nan,nan,0,-0.437592,-0.318402,0.205604,-13.0647,-0.528796,-0.581512,nan,nan,0,-0.53307,0.534888,0.0398932,-29.5238,0.223465,0.252515,nan,nan,0,-0.995073,-0.255776,-0.0486567,-14.4402,-0.707537,nan,-15.7386,-13.5247,1,1.10505,0.141515,-0.114927,13.215,0.552524,nan,12.5027,13.5646,1,-0.612911,-0.45838,-1.43309,-6.66666,-0.706455,-0.848752,nan,nan,0,-0.0781394,-0.0585799,0.162642,7.35043,-0.0890697,0.0216385,nan,nan,0,-0.161805,0.31495,0.291528,0.0244217,0.229097,0.312418,nan,nan,0,0.328713,0.672373,2.66057,-1.73382,0.654356,0.77198,nan,nan,0,0.043259,-0.220689,-0.6463,0.398571,-0.188371,nan,2.10059,0.934954,1,0.0871833,0.0373203,0.621884,-2.16548,0.0435916,nan,-0.744686,-2.56327,1,0,0.971317,-0.016475,-0.020457,-0.236329,-0.259689,-0.0995962,-0.0844065,0.77579,-1.50758,7.58223
1787123396332294156,0.947632,-0.319364,0.430842,0.138587,0.6,-0,0,-0.0247496,-0.0490151,-0.477348,-0.199814,-0.164706,0.00301151,0.781092,0.400855,0.14423,8.81563,0.790546,0.719422,nan,nan,0,-0.987571,0.00738239,-0.71501,-33.5775,-0.443785,-0.588977,nan,nan,0,-0.317996,-0.314375,0.573849,-11.453,-0.468998,-0.526848,nan,nan,0,-0.549287,0.535463,0.0889931,-30.0611,0.215357,0.242412,nan,nan,0,-1.02262,-0.255787,0.127665,-14.4041,-0.721308,nan,-16.4847,-14.4884,1,1.08619,0.144089,0.163737,13.4701,0.543097,nan,11.7246,12.9686,1,-0.564386,-0.471994,-1.51287,-5.59219,-0.682193,-0.780676,nan,nan,0,-0.146925,-0.0578127,0.0521679,5.88522,-0.123462,-0.0448928,nan,nan,0,-0.16823,0.315334,-0.125817,0.65934,0.225885,0.273473,nan,nan,0,0.285947,0.695575,2.51327,-7.39927,0.632974,0.695598,nan,nan,0,0.0537877,-0.224812,-0.595532,0.36094,-0.183106,nan,2.35299,1.7535,1,0.0956914,0.0414636,0.0950682,-1.71178,0.0478457,nan,0.0488615,-1.61282,1,0,0.971214,-0.017813,-0.020884,-0.23662,-0.199814,-0.164706,0.00301151,-0.805463,-1.24376,9.62392
1787123396342429073,0.90231,-0.431088,0.436225,0.147815,0.6,-0,0,-0.0263715,-0.0506607,-0.476529,-0.0795732,-0.168463,0.132995,0.880377,0.402389,0.125817,9.69475,0.840188,0.758262,nan,nan,0,-1.09525,0.00124645,-0.432689,-23.7607,-0.497623,-0.473894,nan,nan,0,-0.177023,-0.303062,1.04029,-11.7949,-0.398511,-0.494882,nan,nan,0,-0.56318,0.536997,0.150368,-32.5031,0.20841,0.227945,nan,nan,0,-1.05376,-0.253637,0.109931,-14.2855,-0.736878,nan,-17.0783,-15.6373,1,1.0576,0.144411,0.0967539,13.0268,0.5288,nan,11.3866,12.2866,1,-0.532203,-0.490594,-1.59266,-4.22466,-0.666101,-0.719535,nan,nan,0,-0.215028,-0.0581965,-0.0398932,1.73382,-0.157514,-0.0941648,nan,nan,0,-0.124664,0.310732,-0.487926,0.610504,0.247668,0.241093,nan,nan,0,0.318222,0.722612,2.10207,-13.6508,0.649111,0.649728,nan,nan,0,0.0659713,-0.231045,-0.394761,0.947534,-0.177014,nan,2.4832,2.21164,1,0.0700406,0.0371441,-0.384324,-1.16533,0.0350203,nan,0.512773,-0.511165,1,0,0.971273,-0.018786,-0.021499,-0.236245,-0.0795732,-0.168463,0.132995,0.507035,-0.654452,8.27236
1787123396352336788,0.845168,-0.534501,0.441501,0.156859,0.6,-0,0,-0.0275374,-0.0512781,-0.474691,-0.0979286,-0.0493893,0.236811,0.887384,0.403347,0.101268,11.746,0.843692,0.799814,nan,nan,0,-1.13381,-0.00143814,-0.242428,-20.9768,-0.516904,-0.448583,nan,nan,0,-0.0926808,-0.295009,0.782521,-8.37607,-0.35634,-0.45129,nan,nan,0,-0.544934,0.53834,0.181053,-33.5287,0.217533,0.215971,nan,nan,0,-1.05173,-0.253643,-0.0211837,-15.2101,-0.735867,nan,-16.8461,-16.5217,1,1.04523,0.144807,-0.012997,12.2275,0.522616,nan,11.3538,11.7604,1,-0.489189,-0.504975,-1.58652,-2.0757,-0.644595,-0.680933,nan,nan,0,-0.22085,-0.0585799,-0.0337563,-0.366302,-0.160425,-0.131707,nan,nan,0,-0.0446661,0.30613,-0.5002,0.0244217,0.287667,0.232886,nan,nan,0,0.294549,0.738719,1.67245,-13.6996,0.637275,0.635515,nan,nan,0,0.0544204,-0.233229,-0.192762,0.90379,-0.18279,nan,2.05452,2.39304,1,0.0370773,0.0324151,-0.591728,-0.524148,0.0185386,nan,0.471298,0.309834,1,0,0.97147,-0.019405,-0.021679,-0.235367,-0.0979286,-0.0493893,0.236811,-1.22891,-1.09264,9.42166
1787123396362347520,0.777651,-0.628697,0.446671,0.165721,0.6,-0,0,-0.0282324,-0.0508677,-0.472034,0.0269866,0.0118866,0.263034,0.820223,0.404114,0.0767183,11.7949,0.810111,0.83092,nan,nan,0,-1.15804,-0.00258875,-0.0767183,-19.4628,-0.529022,-0.472932,nan,nan,0,-0.0755829,-0.290214,0.377452,-6.2271,-0.347791,-0.400884,nan,nan,0,-0.538947,0.540065,0.162642,-33.138,0.220527,0.212299,nan,nan,0,-1.03999,-0.253625,-0.113879,-16.4161,-0.729996,nan,-16.5022,-16.901,1,1.02485,0.142431,-0.115823,11.8367,0.512427,nan,11.2736,11.4776,1,-0.458131,-0.520315,-1.52515,-1.5873,-0.629066,-0.657182,nan,nan,0,-0.198436,-0.0589633,-0.046031,-1.53846,-0.149218,-0.154506,nan,nan,0,0.0131536,0.301911,-0.389727,-0.561661,0.316577,0.251268,nan,nan,0,0.220185,0.750991,1.2551,-12.4786,0.600092,0.634829,nan,nan,0,0.00507078,-0.233396,0.00641295,1.60436,-0.207465,nan,0.897993,2.27978,1,-0.00518003,0.0268961,-0.571542,-0.0509681,-0.00259001,nan,-0.0272694,0.654381,1,0,0.971781,-0.019666,-0.021424,-0.234082,0.0269866,0.0118866,0.263034,-1.7146,1.16257,9.57851
1787123396372473158,0.701196,-0.712968,0.451737,0.174407,0.6,-0,0,-0.0276094,-0.0500821,-0.470177,0.134685,0.0816273,0.078665,0.69569,0.405073,0.101268,12.674,0.747845,0.833724,nan,nan,0,-1.1055,-0.00297213,-0.0153437,-19.6093,-0.502751,-0.504447,nan,nan,0,-0.224921,-0.286571,0.371314,-5.10378,-0.42246,-0.364018,nan,nan,0,-0.562136,0.541024,0.0644436,-31.0867,0.208932,0.214936,nan,nan,0,-1.05112,-0.255758,-0.229915,-16.5204,-0.735561,nan,-16.4483,-16.8065,1,1.00098,0.140326,-0.244524,11.3395,0.500489,nan,11.1717,11.3619,1,-0.39643,-0.535272,-1.45764,-1.00122,-0.598215,-0.640062,nan,nan,0,-0.123195,-0.0597305,-0.0828552,-2.71062,-0.111597,-0.159243,nan,nan,0,0.0293052,0.29846,-0.322214,-0.463982,0.324653,0.283136,nan,nan,0,0.110485,0.761154,0.782521,-12.8694,0.545243,0.623643,nan,nan,0,-0.0906128,-0.233442,0.20622,1.44478,-0.255306,nan,-1.0746,1.69389,1,-0.0704694,0.0207858,-0.380921,0.376902,-0.0352347,nan,-1.10923,0.479664,1,0,0.972015,-0.019252,-0.021133,-0.23317,0.134685,0.0816273,0.078665,-1.14058,0.958644,9.00279
1787123396382227742,0.617219,-0.786791,0.456703,0.182919,0.6,-0,0,-0.0258465,-0.0488144,-0.470099,0.224817,0.0821179,-0.0155321,0.594173,0.406223,0.125817,11.6972,0.697087,0.802371,nan,nan,0,-0.963089,-0.00297213,-0.00306892,-19.9512,-0.431544,-0.515535,nan,nan,0,-0.225103,-0.281969,0.463376,-4.32234,-0.422552,-0.371332,nan,nan,0,-0.570032,0.541024,-0.00306892,-32.6007,0.204984,0.214556,nan,nan,0,-1.01285,-0.257844,-0.328119,-16.6396,-0.716424,nan,-15.5581,-16.558,1,0.926611,0.137427,-0.255746,11.5081,0.463305,nan,10.16,11.2793,1,-0.290812,-0.54927,-1.3533,-0.854698,-0.545406,-0.620305,nan,nan,0,-0.0850196,-0.0608807,-0.125817,-2.90598,-0.0925098,-0.143161,nan,nan,0,0.123498,0.29635,-0.156505,-0.0732574,0.371749,0.310138,nan,nan,0,-0.0979493,0.766331,0.395864,-10.7692,0.441025,0.591204,nan,nan,0,-0.225019,-0.229411,0.338636,1.48585,-0.322509,nan,-3.76638,0.428305,1,-0.12371,0.0200064,-0.225651,0.211334,-0.0618552,nan,-2.11737,-0.209479,1,0,0.972058,-0.018247,-0.020723,-0.233109,0.224817,0.0821179,-0.0155321,-1.5119,0.914617,8.47546
1787123396392418526,0.527099,-0.849804,0.461569,0.19126,0.6,-0,0,-0.0233361,-0.0476357,-0.470408,0.293513,0.145084,-0.0918929,0.433174,0.407757,0.150368,9.59707,0.616587,0.751119,nan,nan,0,-0.618986,-0.00297213,-0.00306892,-20.3907,-0.259493,-0.488352,nan,nan,0,-0.141863,-0.276792,0.475651,-5.05495,-0.380931,-0.398284,nan,nan,0,-0.573034,0.541024,0.00306892,-32.6007,0.203483,0.210399,nan,nan,0,-0.886852,-0.259955,-0.321295,-16.7129,-0.653426,nan,-13.2895,-16.1119,1,0.775975,0.131355,-0.363557,11.4657,0.387988,nan,8.24433,10.9178,1,-0.150641,-0.563267,-1.21828,0.170937,-0.475321,-0.587245,nan,nan,0,-0.0459168,-0.0620313,-0.0828552,-4.22466,-0.0729584,-0.117409,nan,nan,0,0.228598,0.295967,0.046031,0.366302,0.424299,0.339323,nan,nan,0,-0.34912,0.767865,0.0337563,-13.0159,0.31544,0.526415,nan,nan,0,-0.421309,-0.225318,0.403685,0.587704,-0.420655,nan,-7.44229,-1.57149,1,-0.173818,0.0172568,-0.175218,-0.143305,-0.0869092,nan,-2.86215,-1.17751,1,0,0.972059,-0.016893,-0.02044,-0.23323,0.293513,0.145084,-0.0918929,-0.678069,0.919046,8.50928
1787123396402432577,0.432169,-0.901793,0.466337,0.199435,0.6,-0,0,-0.0197273,-0.0456461,-0.472778,0.388959,0.210497,-0.371701,0.239254,0.409291,0.181053,8.18071,0.519627,0.685552,nan,nan,0,-0.0135957,-0.00316381,-0.0153437,-18.7302,0.0432022,-0.397003,nan,nan,0,-0.152473,-0.272382,0.481788,-6.12943,-0.386237,-0.403293,nan,nan,0,-0.526936,0.541024,0.00920582,-33.0891,0.226532,0.20628,nan,nan,0,-0.619689,-0.264281,-0.285909,-16.1006,-0.519844,nan,-8.51585,-14.9608,1,0.544748,0.129308,-0.48722,10.8614,0.272374,nan,5.02279,9.88354,1,-0.0819754,-0.573621,-1.12008,0.903542,-0.440988,-0.535659,nan,nan,0,0.166814,-0.0624146,-0.0153437,-3.7851,0.0334069,-0.09224,nan,nan,0,0.249858,0.297309,0.205604,0.512817,0.434929,0.379558,nan,nan,0,-0.630128,0.765756,-0.33449,-15.9951,0.174936,0.427302,nan,nan,0,-0.781195,-0.223259,0.330809,-0.976698,-0.600597,nan,-13.7031,-4.37591,1,-0.241628,0.0143087,-0.295362,-0.902868,-0.120814,nan,-3.61064,-2.10945,1,0,0.971836,-0.014931,-0.019876,-0.23434,0.388959,0.210497,-0.371701,-1.3909,1.20401,8.67784
1787123396412813692,0.333708,-0.942676,0.47101,0.207447,0.6,-0,0,-0.0157165,-0.0428796,-0.477577,0.37871,0.285308,-0.555145,0.0396133,0.411401,0.21174,6.91087,0.419807,0.603766,nan,nan,0,0.579541,-0.00297213,0.0214815,-14.7253,0.339771,-0.207702,nan,nan,0,0.00316295,-0.266629,0.506338,-6.66666,-0.308419,-0.395019,nan,nan,0,-0.31901,0.541024,0.00306892,-33.431,0.330495,0.211639,nan,nan,0,-0.201628,-0.266464,-0.280947,-14.7451,-0.310814,nan,-1.13082,-12.2776,1,0.273546,0.123027,-0.591895,9.67156,0.136773,nan,1.30021,7.83437,1,-0.115263,-0.584743,-0.942094,1.53846,-0.457631,-0.482185,nan,nan,0,0.47785,-0.0620313,0.0644436,-2.17339,0.188925,-0.0416225,nan,nan,0,0.359303,0.302295,0.598398,0.21978,0.489652,0.415023,nan,nan,0,-0.787089,0.758277,-0.85617,-20.3419,0.0964553,0.302056,nan,nan,0,-1.16248,-0.221309,0.0588935,-3.32491,-0.79124,nan,-20.0359,-8.60404,1,-0.353868,0.00880555,-0.661326,-1.71083,-0.176934,nan,-4.5802,-2.86541,1,0,0.971331,-0.012704,-0.018971,-0.236628,0.37871,0.285308,-0.555145,-1.00962,0.080452,9.67274
1787123396422381845,0.232938,-0.972492,0.47559,0.215298,0.6,-0,0,-0.0118036,-0.0397821,-0.483769,0.369509,0.300262,-0.666583,0.0464842,0.413318,0.199466,5.10378,0.423242,0.509851,nan,nan,0,0.777861,-0.00239658,0.101268,-8.71795,0.43893,0.0589637,nan,nan,0,0.05492,-0.262218,0.481788,-6.03175,-0.28254,-0.363288,nan,nan,0,0.253786,0.541024,0.00306892,-32.0146,0.616893,0.254791,nan,nan,0,0.238572,-0.268709,-0.160802,-12.4873,-0.090714,nan,6.47102,-7.3427,1,0.0836555,0.117139,-0.796477,8.21258,0.0418277,nan,-1.06462,4.79978,1,-0.321926,-0.592413,-0.813209,2.8083,-0.560963,-0.454489,nan,nan,0,1.05002,-0.0612645,0.0828552,-0.0244217,0.475011,0.0590067,nan,nan,0,0.480008,0.309198,0.770247,0.561661,0.550004,0.451429,nan,nan,0,-0.797907,0.747156,-1.4024,-25.1282,0.0910463,0.183269,nan,nan,0,-1.48244,-0.223527,-0.339924,-6.68312,-0.951222,nan,-24.9595,-14.1483,1,-0.493875,-5.65845e-05,-1.06575,-2.23067,-0.246937,nan,-5.80781,-3.59735,1,0,0.970651,-0.010493,-0.017897,-0.239595,0.369509,0.300262,-0.666583,0.674246,-0.275997,9.78957
1787123396432383556,0.131014,-0.991381,0.480078,0.222992,0.6,-0,0,-0.00777132,-0.0372517,-0.490759,0.351541,0.315867,-0.722692,0.39355,0.414852,0.138092,4.12698,0.596775,0.444065,nan,nan,0,0.478351,-0.000287533,0.279252,-1.92918,0.289175,0.294406,nan,nan,0,-0.0126237,-0.258,0.408138,-4.66422,-0.316312,-0.320137,nan,nan,0,0.810299,0.541024,0.00306892,-26.4469,0.89515,0.396506,nan,nan,0,0.417423,-0.26897,0.0997815,-8.14897,-0.0012885,nan,9.21918,-0.639504,1,-0.0222834,0.106426,-1.24993,5.35022,-0.0111417,nan,-1.65214,1.71859,1,-0.399597,-0.599508,-0.66591,2.75946,-0.599799,-0.483013,nan,nan,0,1.74786,-0.0603056,0.113543,2.22222,0.823931,0.241537,nan,nan,0,0.577243,0.317443,0.880719,1.14774,0.598622,0.49891,nan,nan,0,-0.735262,0.730665,-2.01001,-26.5446,0.122369,0.109814,nan,nan,0,-1.58546,-0.230003,-1.12699,-11.2699,-1.00273,nan,-25.3549,-19.8008,1,-0.615973,-0.0109275,-1.5653,-2.6478,-0.307987,nan,-6.56383,-4.44419,1,0,0.969851,-0.008293,-0.017123,-0.242951,0.351541,0.315867,-0.722692,1.99353,0.728559,9.88071
1787123396442545124,0.0290263,-0.999579,0.484477,0.230532,0.6,-0,0,-0.00367304,-0.0340969,-0.497781,0.380346,0.392675,-0.633567,0.764865,0.415427,0.0398932,3.10134,0.782432,0.474672,nan,nan,0,0.111831,0.00412273,0.512474,4.0293,0.105915,0.3739,nan,nan,0,-0.0890157,-0.253782,0.389727,-3.19902,-0.354508,-0.302153,nan,nan,0,0.970267,0.541216,0.0398932,-12.9182,0.975134,0.630521,nan,nan,0,0.232086,-0.26516,0.591653,-2.54676,-0.0939568,nan,5.10463,5.26177,1,0.00703411,0.0878651,-1.92695,2.51214,0.00351705,nan,0.359979,-0.307577,1,-0.0886781,-0.605069,-0.506338,2.61295,-0.444339,-0.54071,nan,nan,0,2.03776,-0.0581965,0.266977,8.81563,0.968879,0.515092,nan,nan,0,0.675753,0.327222,1.02188,1.92918,0.647876,0.551624,nan,nan,0,-0.647064,0.70267,-2.81401,-25.9585,0.166468,0.0929652,nan,nan,0,-1.48987,-0.248904,-2.26785,-14.9423,-0.954933,nan,-21.3092,-23.4537,1,-0.66784,-0.0340328,-2.36669,-3.72043,-0.33392,nan,-5.44657,-5.20491,1,0,0.969035,-0.005979,-0.01607,-0.246323,0.380346,0.392675,-0.633567,1.4301,-0.027789,8.40619
1787123396452260599,-0.072005,-0.997404,0.488787,0.237921,0.6,-0,0,0.000314776,-0.0301949,-0.503061,0.365581,0.402479,-0.429545,0.916315,0.415427,-0.0153437,2.17339,0.858157,0.602985,nan,nan,0,-0.0902116,0.0108337,0.751834,7.64347,0.00489419,0.291559,nan,nan,0,-0.152982,-0.251097,0.193329,-2.0757,-0.386491,-0.317268,nan,nan,0,0.851362,0.542558,0.217878,0.561661,0.915681,0.844,nan,nan,0,0.0305584,-0.255108,1.29107,2.12978,-0.194721,nan,0.176956,7.08645,1,0.0308281,0.0640159,-2.51611,0.894575,0.015414,nan,2.31611,-0.472182,1,0.290523,-0.609288,-0.365176,1.14774,-0.254738,-0.532894,nan,nan,0,1.96967,-0.0535946,0.579986,15.3114,0.934835,0.781218,nan,nan,0,0.834627,0.339111,1.24283,3.24786,0.727314,0.603867,nan,nan,0,-0.583032,0.670264,-3.40934,-22.735,0.198484,0.117803,nan,nan,0,-1.32003,-0.28018,-3.80468,-16.3861,-0.870014,nan,-14.9372,-23.3442,1,-0.686417,-0.0630921,-3.21757,-3.78978,-0.343208,nan,-3.57714,-5.24754,1,0,0.968422,-0.003605,-0.014661,-0.248856,0.365581,0.402479,-0.429545,0.264684,0.251734,6.66771
1787123396462374391,-0.17113,-0.985248,0.493012,0.245163,0.6,-0,0,0.00391572,-0.0259477,-0.506763,0.370392,0.421863,-0.327217,1.0149,0.415427,0.00920582,4.46886,0.907449,0.747554,nan,nan,0,-0.122591,0.0192714,0.85617,12.6252,-0.0112956,0.146967,nan,nan,0,-0.205506,-0.251481,-0.11968,-2.0757,-0.412753,-0.349798,nan,nan,0,0.723576,0.547352,0.616811,16.0928,0.851788,0.9412,nan,nan,0,-0.074154,-0.238669,1.80483,4.89979,-0.247077,nan,-3.00152,4.64602,1,0.0140151,0.0357552,-2.71649,-0.167555,0.00700754,nan,3.21231,0.835435,1,0.528907,-0.612164,-0.297665,2.41758,-0.135546,-0.425305,nan,nan,0,1.91479,-0.0447736,0.991194,29.3773,0.907397,0.927489,nan,nan,0,0.88393,0.350808,1.13849,6.56898,0.751965,0.664214,nan,nan,0,-0.521931,0.63805,-2.7956,-66.7888,0.229034,0.158361,nan,nan,0,-1.14496,-0.313122,-2.69161,-34.5207,-0.782482,nan,-12.3902,-19.6435,1,-0.713734,-0.0967559,-3.05373,-7.7359,-0.356867,nan,-3.22274,-4.25607,1,0,0.967993,-0.001357,-0.01305,-0.250633,0.370392,0.421863,-0.327217,-1.53898,0.274618,4.37586
1787123396472438771,-0.267472,-0.963566,0.497151,0.252259,0.6,-0,0,0.00627731,-0.023398,-0.509342,-0.479501,-0.183509,-0.0351528,1.02063,0.41677,0.205604,6.76434,0.910315,0.853387,nan,nan,0,-0.103115,0.024065,0.28539,14.0415,-0.00155757,0.0363945,nan,nan,0,-0.343957,-0.260109,-1.57425,6.95971,-0.481978,-0.384536,nan,nan,0,0.798764,0.558474,1.37171,19.3162,0.889382,0.931559,nan,nan,0,-0.0317722,-0.221986,1.81481,5.8147,-0.225886,nan,-2.85873,0.561805,1,-0.0295784,0.0106156,-2.65252,0.0479292,-0.0147892,nan,3.21664,2.40327,1,-0.0242258,-0.613698,-0.0583057,-0.268623,-0.412113,-0.276779,nan,nan,0,2.50209,-0.0342274,1.01574,41.8803,1.20104,0.958475,nan,nan,0,1.28194,0.348506,-0.90527,19.3162,0.950972,0.718536,nan,nan,0,-0.589984,0.621176,-1.2551,-62.442,0.195008,0.197901,nan,nan,0,-1.39369,-0.321197,0.0182874,-27.8448,-0.906847,nan,-20.5252,-15.9976,1,-0.971208,-0.114829,-0.835871,-7.11071,-0.485604,nan,-9.86943,-3.66932,1,0,0.967684,9e-05,-0.012112,-0.251873,-0.479501,-0.183509,-0.0351528,4.68296,-1.08287,20.8742
1787123396482284503,-0.360224,-0.932866,0.501208,0.259214,0.6,-0,0,-0.00657136,-0.0256423,-0.499797,-1.37751,0.651686,1.50925,0.631959,0.419646,0.383589,7.88766,0.715979,0.906314,nan,nan,0,0.127517,0.0254068,0.150368,1.48962,0.113758,-0.0106238,nan,nan,0,0.104055,-0.283503,-2.5992,4.42002,-0.257972,-0.428924,nan,nan,0,0.447075,0.574964,1.77678,15.2625,0.713537,0.901658,nan,nan,0,0.0605583,-0.209411,1.45778,2.97552,-0.179721,nan,-1.14753,-2.24163,1,-0.162099,-0.00644795,-1.85523,0.643395,-0.0810494,nan,0.544799,3.24337,1,0.9205,-0.611013,0.420414,-1.24542,0.0602498,-0.259802,nan,nan,0,2.75114,-0.0255985,0.960506,34.6032,1.32557,1.03664,nan,nan,0,2.61142,0.333167,-1.83202,20.8303,1.61571,0.814565,nan,nan,0,-0.448596,0.615999,-0.365176,-51.16,0.265702,0.211986,nan,nan,0,-0.482377,-0.312986,1.15572,-18.0092,-0.451188,nan,-6.57067,-16.7306,1,-1.2791,-0.113471,0.350971,-4.97832,-0.639549,nan,-16.3088,-6.10838,1,0,0.968842,-0.006354,-0.01161,-0.247325,-1.37751,0.651686,1.50925,5.35625,-6.46191,20.4844
1787123396492205377,-0.448653,-0.893706,0.505184,0.26603,0.6,-0,0,-0.00859865,-0.0197605,-0.490661,0.557822,0.890423,0.207558,1.16379,0.425591,0.702735,5.93407,0.981894,0.858555,nan,nan,0,0.282363,0.0269408,0.174916,-2.22222,0.191182,0.0201107,nan,nan,0,-0.459626,-0.297693,-0.917544,-1.14774,-0.539813,-0.393684,nan,nan,0,0.437419,0.591263,1.78906,17.3138,0.708709,0.83109,nan,nan,0,-0.198512,-0.196868,1.00594,-0.594372,-0.309256,nan,-5.44249,-2.64503,1,-0.0271576,-0.0204628,-0.977816,2.05845,-0.0135788,nan,1.67324,2.36328,1,1.63641,-0.60411,0.800934,1.19658,0.418206,-0.176317,nan,nan,0,2.67655,-0.0144773,1.23055,29.5238,1.28827,1.17726,nan,nan,0,1.72941,0.318402,-1.16918,19.8535,1.1747,1.12055,nan,nan,0,-0.408291,0.614656,-0.156505,-35.1404,0.285855,0.230084,nan,nan,0,-0.450371,-0.300671,1.07102,-14.7306,-0.435186,nan,-6.31453,-14.6276,1,-1.12459,-0.105056,0.60708,-5.81888,-0.562295,nan,-14.6278,-11.0558,1,0,0.96999,-0.00657,-0.00854,-0.242904,0.557822,0.890423,0.207558,0.371987,18.0793,10.1007
1787123396502317557,-0.532096,-0.846684,0.50908,0.272709,0.6,-0,0,-0.0005607,-0.00996648,-0.490551,0.921618,0.474824,-0.152286,1.1691,0.435369,0.954369,6.17827,0.98455,0.863084,nan,nan,0,0.19674,0.0317349,0.561574,-7.25275,0.14837,0.098913,nan,nan,0,-0.466518,-0.300569,0.0521679,-5.34798,-0.543259,-0.409832,nan,nan,0,0.179461,0.613506,1.87498,2.46642,0.579731,0.754013,nan,nan,0,-0.176555,-0.190547,0.682553,-1.85776,-0.298278,nan,-4.7944,-3.33482,1,-0.0695381,-0.0234277,-0.378636,1.72901,-0.0347691,nan,0.227714,1.38727,1,1.39919,-0.592797,1.07098,8.13187,0.299597,0.0769827,nan,nan,0,1.11234,0.00201321,1.61721,38.4127,0.506172,1.27074,nan,nan,0,0.639789,0.322045,1.16304,22.5885,0.629894,1.29469,nan,nan,0,-0.398548,0.611397,-0.365176,-31.5263,0.290726,0.258641,nan,nan,0,-0.310939,-0.296573,0.354722,-12.9046,-0.36547,nan,-2.94345,-9.9809,1,-0.737582,-0.107553,-0.414347,-9.19502,-0.368791,nan,-7.21561,-14.2347,1,0,0.970058,-0.001482,-0.004766,-0.242822,0.921618,0.474824,-0.152286,-17.5995,3.79176,1.67646
1787123396512820600,-0.609962,-0.792431,0.512899,0.279255,0.6,-0,0,0.00985328,-0.00912677,-0.498735,1.14547,-0.224265,-1.34908,1.18879,0.446107,0.948232,12.8694,0.994396,0.923722,nan,nan,0,0.0373769,0.0397882,0.788659,-3.10134,0.0686884,0.149525,nan,nan,0,-0.320975,-0.29635,0.217878,-4.0293,-0.470487,-0.478877,nan,nan,0,0.558835,0.632681,1.93022,-2.51526,0.769417,0.671362,nan,nan,0,0.0330647,-0.184321,0.35703,-2.21375,-0.193468,nan,-0.855664,-4.28093,1,-0.0626882,-0.0275482,-0.0325723,0.892562,-0.0313441,nan,-0.0650185,0.707635,1,-0.195932,-0.580333,1.16918,17.4115,-0.497966,0.266625,nan,nan,0,0.739536,0.0204215,1.59266,52.6252,0.319768,1.04722,nan,nan,0,-0.476083,0.342754,1.88112,25.9096,0.0719586,1.09927,nan,nan,0,-0.326463,0.606411,-0.5002,-29.0354,0.326768,0.280694,nan,nan,0,-0.901241,-0.292263,0.575611,-12.2195,-0.660621,nan,-13.7559,-5.86006,1,-0.610231,-0.121779,-1.63144,-13.067,-0.305116,nan,-3.05296,-12.3855,1,0,0.969052,0.003648,-0.005638,-0.246764,1.14547,-0.224265,-1.34908,4.74961,-1.69667,4.57718
1787123396522441005,-0.681728,-0.731605,0.516641,0.28567,0.6,-0,0,0.018425,-0.00904983,-0.511505,0.656883,0.103744,-1.10796,1.2243,0.454545,0.807072,15.3114,1.01215,0.971754,nan,nan,0,-0.131416,0.0476499,0.757972,1.00122,-0.0157079,0.135149,nan,nan,0,-0.153606,-0.299802,-0.549299,-3.63858,-0.386803,-0.50359,nan,nan,0,1.1843,0.651664,1.8443,-7.25275,1.08215,0.668463,nan,nan,0,0.189978,-0.182276,0.0649352,-2.8432,-0.115011,nan,2.25688,-3.42913,1,-0.0302987,-0.0265797,0.203072,0.269635,-0.0151494,nan,0.0383007,0.15008,1,-0.967118,-0.569211,1.04643,28.4982,-0.883559,0.0686395,nan,nan,0,1.40862,0.033844,1.2551,41.978,0.654308,0.665859,nan,nan,0,-0.68757,0.349657,-0.181053,27.4725,-0.033785,0.638205,nan,nan,0,-0.324867,0.602001,-0.420414,-30.989,0.327567,0.302744,nan,nan,0,-1.01028,-0.277373,1.62361,-10.1446,-0.71514,nan,-17.7573,-7.11138,1,-0.647588,-0.135535,-1.85339,-12.6933,-0.323794,nan,-2.86769,-7.69101,1,0,0.967432,0.007768,-0.006708,-0.25292,0.656883,0.103744,-1.10796,1.13381,-1.65435,7.49139
1787123396532462873,-0.746943,-0.664888,0.520308,0.291957,0.6,-0,0,0.0281555,-0.0106611,-0.519704,1.0976,-0.205309,-0.512997,1.31316,0.461831,0.71501,14.8718,1.05658,1.0005,nan,nan,0,-0.240173,0.054553,0.69046,2.22222,-0.0700867,0.0712539,nan,nan,0,0.0859788,-0.30728,-0.807072,-3.10134,-0.267011,-0.465755,nan,nan,0,1.24331,0.671223,1.78906,-10.7692,1.11165,0.819423,nan,nan,0,0.169768,-0.182322,-0.181949,-2.32927,-0.125116,nan,2.27512,-0.864908,1,-0.0297545,-0.0263849,0.208191,0.244241,-0.0148772,nan,0.0329428,-0.117299,1,-0.831121,-0.560391,0.843896,15.8974,-0.815561,-0.38456,nan,nan,0,1.28709,0.0428562,0.733422,29.3773,0.593544,0.510906,nan,nan,0,-0.535148,0.331824,-2.31688,16.0928,0.0424261,0.212229,nan,nan,0,-0.436042,0.598166,-0.4511,-23.663,0.271979,0.320101,nan,nan,0,-0.762494,-0.25643,2.40226,-8.53502,-0.591247,nan,-15.322,-12.3539,1,-0.606014,-0.152202,-1.48964,-7.88339,-0.303007,nan,-2.28968,-4.06927,1,0,0.966337,0.012235,-0.008768,-0.256836,1.0976,-0.205309,-0.512997,1.39787,0.746117,9.97642
1787123396542917866,-0.80522,-0.592976,0.523902,0.298118,0.6,-0,0,0.0385652,-0.0147947,-0.521905,0.940024,-0.231986,0.0178755,1.16285,0.468543,0.672048,13.1624,0.981426,1.02753,nan,nan,0,-0.0810941,0.0612645,0.64136,0.0244217,0.00945296,-0.00473548,nan,nan,0,0.167222,-0.317251,-1.06484,-0.170937,-0.226389,-0.378498,nan,nan,0,0.890082,0.688672,1.73996,1.39194,0.935041,0.995048,nan,nan,0,0.145785,-0.186462,-0.267704,-0.629756,-0.137108,nan,2.12897,1.38304,1,-0.0788244,-0.0211054,0.24246,-0.215026,-0.0394122,nan,-0.912893,-0.146316,1,-0.518468,-0.55368,0.579986,4.56654,-0.659234,-0.718705,nan,nan,0,0.611634,0.0478415,0.4511,18.0952,0.255817,0.523419,nan,nan,0,-0.450092,0.302295,-2.99813,5.64103,0.0849541,0.0119999,nan,nan,0,-0.555273,0.592413,-0.629086,-17.9487,0.212363,0.309784,nan,nan,0,-0.707791,-0.231233,2.3883,-12.1623,-0.563895,nan,-15.2256,-15.7868,1,-0.443049,-0.164199,-0.858597,-4.8023,-0.221524,nan,-0.431876,-2.41007,1,0,0.965975,0.01672,-0.01212,-0.257808,0.940024,-0.231986,0.0178755,3.4107,6.93149,10.4356
1787123396552288391,-0.85624,-0.516578,0.527424,0.304155,0.6,-0,0,0.0497594,-0.0135188,-0.520048,1.03926,0.340002,0.480818,0.845285,0.474487,0.788659,9.01099,0.822642,1.02362,nan,nan,0,0.354394,0.0658665,0.555436,-0.805862,0.227197,-0.0291024,nan,nan,0,0.232514,-0.326072,-1.07712,0.952377,-0.193743,-0.288931,nan,nan,0,0.434505,0.702861,1.81975,10.9157,0.707253,1.03736,nan,nan,0,0.0373043,-0.188552,-0.241268,0.0404446,-0.191348,nan,0.264063,2.36761,1,-0.140706,-0.0189483,0.255301,-0.287885,-0.070353,nan,-1.92509,-0.422653,1,0.292307,-0.549845,0.4511,-1.0989,-0.253846,-0.796037,nan,nan,0,0.166993,0.0516768,0.530887,13.7973,0.0334964,0.450668,nan,nan,0,0.0998361,0.280243,-2.63602,0.854698,0.359918,-0.00723883,nan,nan,0,-0.64172,0.586086,-0.85617,-15.9463,0.16914,0.269112,nan,nan,0,-0.370758,-0.216693,1.79836,-12.3741,-0.395379,nan,-8.95154,-16.422,1,-0.454842,-0.169336,-0.460625,-2.72567,-0.227421,nan,-1.05162,-1.40643,1,0,0.966105,0.022303,-0.012926,-0.256856,1.03926,0.340002,0.480818,1.65053,-1.00686,6.11869
1787123396562313830,-0.899749,-0.436408,0.530875,0.310072,0.6,-0,0,0.0570203,-0.0130915,-0.511396,0.499521,-0.111449,1.16456,0.46809,0.485225,1.06484,7.4481,0.634045,0.949736,nan,nan,0,0.61728,0.0704684,0.322214,-0.561661,0.35864,0.0551579,nan,nan,0,0.250826,-0.33355,-0.444963,3.39439,-0.184587,-0.225612,nan,nan,0,0.2744,0.725296,2.14503,10.5739,0.6272,0.922841,nan,nan,0,0.0530531,-0.190634,-0.030258,1.26086,-0.183473,nan,0.29602,1.8682,1,-0.200968,-0.015226,0.159304,-0.361228,-0.100484,nan,-2.79669,-1.07852,1,0.29433,-0.54601,0.297665,-4.51771,-0.252835,-0.615416,nan,nan,0,0.0830513,0.059155,0.757972,8.18071,-0.00847433,0.264335,nan,nan,0,0.847483,0.255891,-2.04069,-0.65934,0.733742,0.123931,nan,nan,0,-0.894115,0.574772,-1.08939,-20.9768,0.0429423,0.21684,nan,nan,0,-0.70631,-0.206322,0.624421,-12.2396,-0.563155,nan,-13.4258,-13.7401,1,-0.576352,-0.170465,-0.172238,-2.52729,-0.288176,nan,-3.27298,-0.916218,1,0,0.96712,0.025924,-0.01354,-0.252632,0.499521,-0.111449,1.16456,0.633588,-2.97044,2.96569
1787123396572343109,-0.935554,-0.353184,0.534258,0.315871,0.6,-0,0,0.0609875,-0.0142688,-0.499478,0.364314,-0.00579235,1.18805,0.477657,0.497113,1.26124,6.71551,0.638828,0.807655,nan,nan,0,0.658485,0.0718102,0.0398932,5.73871,0.379242,0.203411,nan,nan,0,0.217916,-0.33681,-0.340627,5.39683,-0.201042,-0.191528,nan,nan,0,0.40679,0.745047,2.17572,2.66178,0.693395,0.76265,nan,nan,0,0.077122,-0.188584,0.15991,0.712761,-0.171439,nan,0.360218,0.903978,1,-0.176129,-0.0158256,0.0536649,-1.12824,-0.0880645,nan,-2.24767,-1.92053,1,0.23935,-0.5439,0.181053,-1.73382,-0.280325,-0.392703,nan,nan,0,0.506499,0.0677838,0.868444,3.83395,0.203249,0.0918658,nan,nan,0,1.02446,0.238059,-1.58652,0.903542,0.822228,0.394197,nan,nan,0,-0.872409,0.563459,-1.12622,-27.5702,0.0537957,0.139531,nan,nan,0,-0.719749,-0.208605,-0.259123,-11.3597,-0.569875,nan,-12.2558,-11.8481,1,-0.690585,-0.165452,1.23475,-3.19465,-0.345293,nan,-7.24733,-1.84776,1,0,0.968555,0.02778,-0.014445,-0.246819,0.364314,-0.00579235,1.18805,3.34973,0.280942,4.91696
1787123396582396449,-0.963524,-0.267622,0.537573,0.321553,0.6,-0,0,0.0625675,-0.0159796,-0.488384,-0.0580806,0.0362443,0.980218,0.673374,0.510919,1.42695,2.36874,0.736687,0.689156,nan,nan,0,0.450906,0.0700846,-0.242428,9.89011,0.275453,0.322586,nan,nan,0,0.00243873,-0.339494,-0.205604,6.27595,-0.308781,-0.18541,nan,nan,0,0.546351,0.765372,1.89953,-5.05495,0.763175,0.678498,nan,nan,0,0.0307354,-0.186497,0.227979,1.30631,-0.194632,nan,-0.626708,0.312721,1,-0.0935149,-0.0168145,-0.152128,-1.53785,-0.0467574,nan,-0.670097,-2.3029,1,0.132119,-0.541983,0.242428,0.512817,-0.333941,-0.278519,nan,nan,0,1.14893,0.0758371,0.776384,1.24542,0.524467,0.0699965,nan,nan,0,0.963194,0.229429,-0.395864,6.91087,0.791597,0.656315,nan,nan,0,-0.695786,0.552529,-1.08939,-34.8474,0.142107,0.0767715,nan,nan,0,-0.826614,-0.211064,-0.455344,-11.8437,-0.623307,nan,-13.7455,-11.593,1,-0.82201,-0.140993,2.91376,-4.60367,-0.411005,nan,-12.471,-4.61641,1,0,0.969887,0.028419,-0.015311,-0.241404,-0.0580806,0.0362443,0.980218,3.49952,-1.74311,7.22017
1787123396592232011,-0.983588,-0.18043,0.540821,0.327122,0.6,-0,0,0.0619823,-0.0165927,-0.479866,-0.0279717,0.0527746,0.694671,0.814659,0.525684,1.48833,0.21978,0.80733,0.667476,nan,nan,0,0.281556,0.0672083,-0.266977,9.79243,0.190778,0.345591,nan,nan,0,-0.149581,-0.341028,-0.0521679,4.61539,-0.384791,-0.226872,nan,nan,0,0.573028,0.78052,1.37171,-13.3577,0.776514,0.688106,nan,nan,0,0.00497874,-0.184399,0.195045,0.244571,-0.207511,nan,-1.10146,-0.155292,1,-0.0280404,-0.0203358,-0.423588,-1.84934,-0.0140202,nan,0.824852,-1.78051,1,0.0788816,-0.538531,0.408138,2.90598,-0.360559,-0.269126,nan,nan,0,1.40108,0.0825486,0.64136,1.53846,0.650541,0.235268,nan,nan,0,0.833664,0.235757,1.05871,10.0855,0.726832,0.791899,nan,nan,0,-0.577245,0.542558,-0.972781,-42.2222,0.201378,0.0790278,nan,nan,0,-0.874901,-0.215682,-0.373133,-12.1614,-0.64745,nan,-14.5522,-12.277,1,-0.864497,-0.102415,4.23777,-6.10169,-0.432249,nan,-16.2517,-8.89562,1,0,0.970914,0.028127,-0.015418,-0.237266,-0.0279717,0.0527746,0.694671,0.440518,2.32394,8.5107
1787123396602217470,-0.99573,-0.0923094,0.544005,0.33258,0.6,-0,0,0.0627875,-0.0167054,-0.476065,0.113876,0.0560056,0.0269154,1.05508,0.540257,1.43923,1.73382,0.92754,0.719631,nan,nan,0,0.0523005,0.0650992,-0.174916,9.69475,0.0761502,0.288748,nan,nan,0,-0.279631,-0.338152,0.426551,1.39194,-0.449815,-0.302282,nan,nan,0,0.60203,0.791067,0.911407,-10.5739,0.791015,0.731875,nan,nan,0,-0.0519466,-0.182268,0.186594,-0.268955,-0.235973,nan,-2.15957,-0.672287,1,0.00547323,-0.0265797,-0.710186,-1.44104,0.00273662,nan,1.94477,-0.505435,1,-0.196019,-0.533162,0.567711,3.5409,-0.498009,-0.307816,nan,nan,0,1.36706,0.0869589,0.383589,12.1856,0.633532,0.45924,nan,nan,0,0.335128,0.253398,1.94249,11.4042,0.477564,0.803097,nan,nan,0,-0.408613,0.533162,-0.807072,-42.5641,0.285694,0.130198,nan,nan,0,-0.868704,-0.217886,-0.192108,-13.5133,-0.644352,nan,-14.6382,-13.4205,1,-0.827029,-0.0588116,4.0442,-7.7869,-0.413514,nan,-16.7074,-13.4441,1,0,0.971352,0.028534,-0.015514,-0.235412,0.113876,0.0560056,0.0269154,1.7991,0.644571,11.673
1787123396612520679,-0.999992,-0.00394556,0.547125,0.337928,0.6,-0,0,0.0630763,-0.0151648,-0.478086,-0.0759169,0.161005,-0.454627,1.15639,0.552913,1.19373,7.4481,0.978196,0.814851,nan,nan,0,-0.0400313,0.0641403,-0.0583057,5.59219,0.0299843,0.189144,nan,nan,0,-0.303889,-0.335084,0.174916,0.903542,-0.461945,-0.382554,nan,nan,0,0.643749,0.798353,0.567711,-5.44566,0.811874,0.769332,nan,nan,0,-0.0793185,-0.180114,0.159359,-0.351235,-0.249659,nan,-2.67313,-1.36892,1,0.024592,-0.0351522,-0.803317,-0.720341,0.012296,nan,2.62842,0.946268,1,-0.441075,-0.527026,0.64136,3.10134,-0.620538,-0.388281,nan,nan,0,1.61879,0.0886846,0.0705805,22.442,0.759393,0.602948,nan,nan,0,0.0403392,0.270656,1.53742,13.3577,0.33017,0.686721,nan,nan,0,-0.289824,0.527602,-0.524749,-41.7338,0.345088,0.205364,nan,nan,0,-0.829754,-0.219848,-0.183956,-13.9787,-0.624877,nan,-13.9001,-14.28,1,-0.80242,-0.0354372,1.31288,-8.73226,-0.40121,nan,-12.9425,-15.9895,1,0,0.97111,0.028841,-0.014829,-0.236416,-0.0759169,0.161005,-0.454627,-3.29079,2.54821,13.3727
1787123396622268599,-0.996466,0.0839912,0.550182,0.34317,0.6,-0,0,0.0625345,-0.0123691,-0.483445,0.0492735,0.298226,-0.498184,1.16535,0.562308,0.997331,8.66911,0.982673,0.910149,nan,nan,0,0.0246645,0.0643325,0.0644436,3.10134,0.0623322,0.0941749,nan,nan,0,-0.224594,-0.335084,0.0398932,-1.48962,-0.422297,-0.439149,nan,nan,0,0.621706,0.802764,0.395864,-3.63858,0.800853,0.795914,nan,nan,0,-0.0178549,-0.180001,0.0968178,-0.834707,-0.218927,nan,-1.50766,-2.08927,1,-0.0142625,-0.0402138,-0.663159,0.627339,-0.00713125,nan,1.98722,2.06063,1,-0.335645,-0.520507,0.64136,2.02686,-0.567823,-0.50178,nan,nan,0,1.58182,0.0879178,-0.0889931,22.3443,0.740911,0.693936,nan,nan,0,-0.0433243,0.277559,0.248566,14.2369,0.288338,0.507088,nan,nan,0,-0.287801,0.524725,-0.168778,-35.6288,0.346099,0.282643,nan,nan,0,-0.768469,-0.21992,0.0133102,-14.4439,-0.594234,nan,-13.121,-14.4783,1,-0.743725,-0.0480265,-2.11585,-12.5896,-0.371863,nan,-6.54131,-14.926,1,0,0.97048,0.028873,-0.013485,-0.239066,0.0492735,0.298226,-0.498184,-1.69247,2.81684,14.4986
1787123396632290091,-0.985297,0.170851,0.553179,0.348306,0.6,-0,0,0.063673,-0.00866196,-0.487701,0.187924,0.193195,-0.48211,1.09044,0.571512,0.899132,8.52259,0.945222,0.968305,nan,nan,0,0.0899572,0.0652909,0.09513,1.39194,0.0949786,0.0499739,nan,nan,0,-0.138576,-0.333167,0.279252,-4.85959,-0.379288,-0.451176,nan,nan,0,0.570351,0.806024,0.346765,-3.15018,0.775175,0.806617,nan,nan,0,0.0697626,-0.177919,-0.0142446,-1.67353,-0.175119,nan,0.119372,-2.15289,1,-0.0630196,-0.0474091,-0.355339,1.56779,-0.0315098,nan,1.00999,2.37323,1,-0.281874,-0.51533,0.543161,1.8315,-0.540937,-0.570813,nan,nan,0,1.29815,0.0875344,-0.0214806,22.0024,0.599074,0.742051,nan,nan,0,-0.0971974,0.273532,-0.604536,11.3553,0.261401,0.362356,nan,nan,0,-0.329857,0.525109,0.0767183,-27.033,0.325071,0.332558,nan,nan,0,-0.759189,-0.22204,0.0527144,-16.1601,-0.589594,nan,-12.9435,-13.9958,1,-0.667495,-0.0793523,-3.78657,-13.1586,-0.333748,nan,-1.952,-10.7242,1,0,0.969947,0.029844,-0.011886,-0.241183,0.187924,0.193195,-0.48211,-4.21548,2.75383,11.9336
1787123396642293736,-0.966675,0.256005,0.556115,0.35334,0.6,-0,0,0.0655059,-0.00590725,-0.492778,0.212954,0.0777033,-0.456771,0.972758,0.580142,0.874582,9.15751,0.886379,0.97723,nan,nan,0,0.155549,0.0670166,0.199466,-1.88034,0.127775,0.056015,nan,nan,0,-0.0538065,-0.331633,0.0214815,-3.5409,-0.336903,-0.425754,nan,nan,0,0.54358,0.809283,0.309939,-2.02686,0.76179,0.79799,nan,nan,0,0.137587,-0.179956,-0.174218,-1.55438,-0.141206,nan,1.61757,-1.25125,1,-0.0959422,-0.0470272,0.0330301,1.63884,-0.0479711,nan,-0.0778618,1.81864,1,-0.294945,-0.511111,0.395864,0.415138,-0.547473,-0.577407,nan,nan,0,1.08235,0.0883012,0.125817,24.1026,0.491177,0.706795,nan,nan,0,-0.158428,0.263177,-1.14463,7.64347,0.230786,0.281753,nan,nan,0,-0.390784,0.526643,0.193328,-22.5885,0.294608,0.344479,nan,nan,0,-0.769676,-0.217618,0.356463,-14.7539,-0.594838,nan,-13.7374,-13.4757,1,-0.590381,-0.116238,-3.85275,-11.817,-0.29519,nan,0.410543,-5.4973,1,0,0.969298,0.031038,-0.01085,-0.243678,0.212954,0.0777033,-0.456771,-4.22408,1.9452,11.2317
1787123396652360332,-0.940839,0.338853,0.558993,0.358273,0.6,-0,0,0.0658462,-0.00467086,-0.496205,-0.0343094,-0.0648117,-0.281855,0.771312,0.588962,0.899132,8.37607,0.785656,0.94422,nan,nan,0,0.196294,0.0693178,0.23629,-1.44078,0.148147,0.0874384,nan,nan,0,-0.0681688,-0.332783,-0.11968,-2.27106,-0.344084,-0.382854,nan,nan,0,0.578851,0.811776,0.266977,-2.36874,0.779425,0.780314,nan,nan,0,0.176051,-0.184108,-0.283574,-0.956097,-0.121974,nan,2.60004,0.224933,1,-0.0861466,-0.0409979,0.419391,1.27526,-0.0430733,nan,-0.691347,0.738971,1,-0.495418,-0.507659,0.316077,-0.366302,-0.647709,-0.563369,nan,nan,0,1.18644,0.0894518,0.125817,23.663,0.54322,0.61005,nan,nan,0,-0.0769838,0.251097,-1.23055,6.03175,0.271508,0.24222,nan,nan,0,-0.448605,0.528752,0.23629,-21.8071,0.265698,0.32782,nan,nan,0,-0.882133,-0.215038,0.286398,-11.6941,-0.651067,nan,-15.6906,-13.438,1,-0.578991,-0.151166,-2.94519,-7.60463,-0.289496,nan,0.267896,-1.50243,1,0,0.96887,0.031336,-0.010346,-0.245357,-0.0343094,-0.0648117,-0.281855,-0.516458,-5.14747,10.0767
1787123396662346172,-0.90807,0.418819,0.561813,0.363108,0.6,-0,0,0.0655809,-0.00541837,-0.497456,0.0243494,0.00394464,0.113308,0.612963,0.599508,0.985056,5.34798,0.706482,0.874673,nan,nan,0,0.285025,0.0718102,0.224015,0.268623,0.192512,0.121731,nan,nan,0,0.00360292,-0.334892,-0.174916,-1.0989,-0.308199,-0.351982,nan,nan,0,0.524243,0.813885,0.125817,-2.17339,0.752121,0.772542,nan,nan,0,0.221646,-0.186279,-0.295065,0.11455,-0.0991768,nan,3.49116,1.63784,1,-0.0807269,-0.0365139,0.613546,0.71977,-0.0403634,nan,-1.0358,-0.27433,1,-0.355913,-0.505167,0.217878,-0.610504,-0.577957,-0.584559,nan,nan,0,1.08087,0.0913692,0.193329,18.2906,0.490436,0.544634,nan,nan,0,0.142243,0.2371,-1.26124,5.10378,0.381122,0.240459,nan,nan,0,-0.504857,0.531053,0.181053,-20.1465,0.237571,0.297898,nan,nan,0,-0.832482,-0.216787,-0.327645,-10.7636,-0.626241,nan,-13.8394,-14.1219,1,-0.593017,-0.170712,-0.909279,-3.93548,-0.296508,nan,-2.40996,0.0803001,1,0,0.968723,0.031109,-0.010695,-0.245952,0.0243494,0.00394464,0.113308,2.97367,0.465388,8.29227
1787123396672382274,-0.868687,0.495362,0.564577,0.367846,0.6,-0,0,0.0660942,-0.00529058,-0.495083,0.0773545,0.0538153,0.274012,0.545479,0.609671,1.02802,3.58974,0.672739,0.787962,nan,nan,0,0.374739,0.0737281,0.199466,0.952377,0.23737,0.157659,nan,nan,0,0.0103389,-0.335468,0.00920582,-0.708183,-0.304831,-0.328884,nan,nan,0,0.367774,0.814077,-0.0214806,-1.73382,0.673887,0.764981,nan,nan,0,0.230234,-0.188434,-0.234812,1.10396,-0.094883,nan,3.62649,2.76054,1,-0.0719913,-0.0312436,0.564483,-0.0737863,-0.0359957,nan,-0.989286,-0.910049,1,-0.0680673,-0.503249,0.193329,-2.36874,-0.434034,-0.597858,nan,nan,0,0.841664,0.0936704,0.23629,16.2393,0.370832,0.510559,nan,nan,0,0.266273,0.226937,-0.831621,3.63858,0.443136,0.29117,nan,nan,0,-0.492369,0.53182,-0.00920582,-21.221,0.243816,0.265582,nan,nan,0,-0.713415,-0.223032,-0.936012,-11.8816,-0.566708,nan,-10.6246,-14.2442,1,-0.597837,-0.166834,0.684474,-1.72895,-0.298918,nan,-4.98924,-0.883658,1,0,0.969006,0.031386,-0.010659,-0.244802,0.0773545,0.0538153,0.274012,0.375579,-1.20584,7.57262
1787123396682361138,-0.82305,0.567969,0.567285,0.372489,0.6,-0,0,0.0673525,-0.00485929,-0.491585,0.171137,0.115115,0.473018,0.448196,0.621176,1.04643,2.02686,0.624098,0.715541,nan,nan,0,0.447589,0.0762205,0.248566,1.8315,0.273794,0.19829,nan,nan,0,0.0206006,-0.335084,0.0337563,-0.0732574,-0.2997,-0.311943,nan,nan,0,0.19393,0.812735,-0.138092,-2.17339,0.586965,0.731133,nan,nan,0,0.226153,-0.190547,-0.0832617,2.05065,-0.0969235,nan,3.40172,3.4153,1,-0.0599555,-0.0257713,0.315391,-0.698216,-0.0299778,nan,-0.599282,-1.09366,1,0.200341,-0.50114,0.193329,-2.90598,-0.29983,-0.544126,nan,nan,0,0.585172,0.0967383,0.340627,13.4554,0.242586,0.453114,nan,nan,0,0.351975,0.221568,-0.322214,3.73627,0.485987,0.368196,nan,nan,0,-0.460497,0.530861,-0.11968,-25.4212,0.259751,0.245958,nan,nan,0,-0.540134,-0.237931,-1.50165,-12.3466,-0.480067,nan,-6.22231,-12.7418,1,-0.624637,-0.149421,2.15955,-3.03993,-0.312319,nan,-8.12625,-3.33417,1,0,0.969411,0.032067,-0.010548,-0.243107,0.171137,0.115115,0.473018,0.804753,1.23019,4.84623
1787123396692431409,-0.771551,0.636167,0.569939,0.377039,0.6,-0,0,0.0690664,-0.00419108,-0.485799,0.123106,0.130086,0.61589,0.309258,0.63038,1.04029,0.366302,0.554629,0.660795,nan,nan,0,0.43773,0.0785217,0.273115,3.49207,0.268865,0.239312,nan,nan,0,0.0098024,-0.334509,0.0767183,0.317459,-0.305099,-0.302651,nan,nan,0,0.0702877,0.811009,-0.217878,-4.51771,0.525144,0.666207,nan,nan,0,0.209118,-0.190551,0.106619,2.72109,-0.105441,nan,2.81893,3.55142,1,-0.0590541,-0.0240139,0.041047,-0.96296,-0.0295271,nan,-0.226967,-0.889781,1,0.24829,-0.499606,0.174916,-1.5873,-0.275855,-0.432977,nan,nan,0,0.350924,0.10019,0.389727,12.8205,0.125462,0.356511,nan,nan,0,0.382526,0.220993,0.0398932,5.29915,0.501263,0.437917,nan,nan,0,-0.497667,0.529327,-0.168778,-26.8864,0.241167,0.245266,nan,nan,0,-0.530382,-0.252865,-1.74406,-12.3809,-0.475191,nan,-5.16531,-9.64524,1,-0.605917,-0.124555,3.05755,-4.31079,-0.302959,nan,-9.93845,-6.35311,1,0,0.970081,0.033009,-0.010337,-0.240304,0.123106,0.130086,0.61589,1.02823,-0.800151,4.96335
1787123396702364771,-0.714617,0.699516,0.572541,0.381498,0.6,-0,0,0.0694009,-0.00273488,-0.480049,-0.0400857,0.254982,0.499007,0.195048,0.640543,1.00961,-0.757019,0.497524,0.606617,nan,nan,0,0.397845,0.0812068,0.242428,7.20391,0.248923,0.264668,nan,nan,0,-0.0351552,-0.332975,0.193329,0.366302,-0.327578,-0.300742,nan,nan,0,-0.0406899,0.807749,-0.395864,-8.32722,0.469655,0.591042,nan,nan,0,0.14947,-0.18846,0.303957,3.03795,-0.135265,nan,1.40589,3.24455,1,0.00631037,-0.0246084,-0.182984,-0.820589,0.00315518,nan,1.10738,-0.496537,1,0.250313,-0.497688,0.205604,0.0732574,-0.274844,-0.332392,nan,nan,0,0.290315,0.103641,0.303802,11.1111,0.0951576,0.238577,nan,nan,0,0.22418,0.221759,0.0767183,8.27839,0.42209,0.483403,nan,nan,0,-0.422269,0.528177,-0.0889931,-30.989,0.278865,0.246288,nan,nan,0,-0.457999,-0.267691,-1.61304,-11.0976,-0.439,nan,-3.57625,-6.69146,1,-0.546387,-0.0876519,3.5107,-6.78914,-0.273193,nan,-10.8323,-9.01318,1,0,0.970757,0.033374,-0.009575,-0.237537,-0.0400857,0.254982,0.499007,1.06882,-0.343437,5.93405
1787123396712272883,-0.6527,0.757616,0.57509,0.385868,0.6,-0,0,0.0688031,-0.00138933,-0.475665,-0.13717,0.216022,0.363006,0.0395116,0.649171,0.923681,-1.8315,0.419756,0.549003,nan,nan,0,0.289459,0.0831242,0.193329,8.81563,0.19473,0.266297,nan,nan,0,-0.124359,-0.332592,-0.0767183,1.8315,-0.372179,-0.309846,nan,nan,0,-0.157437,0.803147,-0.629086,-9.84127,0.411282,0.522024,nan,nan,0,0.0241276,-0.184285,0.459007,2.64638,-0.197936,nan,-1.1663,2.39559,1,0.0852828,-0.0279379,-0.287783,-0.485514,0.0426414,nan,2.54906,0.26605,1,0.14985,-0.495771,0.21174,2.71062,-0.325075,-0.279789,nan,nan,0,0.107193,0.105175,0.101268,9.74359,0.00359669,0.143959,nan,nan,0,-0.0660629,0.221376,-0.0889931,9.74359,0.276969,0.47719,nan,nan,0,-0.314745,0.52856,0.0767183,-32.0635,0.332627,0.256401,nan,nan,0,-0.322529,-0.278093,-0.843228,-10.6963,-0.371265,nan,-1.99615,-4.71054,1,-0.407467,-0.0594792,3.16823,-7.67794,-0.203733,nan,-9.07998,-10.6789,1,0,0.971281,0.033263,-0.008778,-0.235434,-0.13717,0.216022,0.363006,2.25261,3.47888,7.73913
1787123396722298949,-0.586281,0.810108,0.577588,0.390151,0.6,-0,0,0.0674429,-0.000208704,-0.471786,-0.238916,0.218386,0.37284,-0.257399,0.657992,0.733422,-1.68498,0.2713,0.483917,nan,nan,0,0.148257,0.0844665,0.09513,7.83883,0.124128,0.240318,nan,nan,0,-0.20884,-0.335276,-0.279252,1.78266,-0.41442,-0.335427,nan,nan,0,-0.38323,0.792409,-1.04643,-13.4066,0.298385,0.460116,nan,nan,0,-0.157532,-0.178052,0.62307,2.17478,-0.288766,nan,-4.8096,0.736151,1,0.204037,-0.0308716,-0.220272,-0.0533467,0.102019,nan,4.31711,1.40114,1,-0.0454553,-0.493086,0.303802,3.49207,-0.422728,-0.281116,nan,nan,0,-0.442033,0.104216,-0.174916,5.64103,-0.271017,0.0664053,nan,nan,0,-0.302686,0.219459,-0.199466,9.54823,0.158657,0.400981,nan,nan,0,-0.226465,0.53067,0.217878,-28.9377,0.376768,0.287549,nan,nan,0,-0.21522,-0.277954,0.353256,-8.42725,-0.31761,nan,-1.91786,-3.47098,1,-0.178258,-0.0372454,1.21007,-7.52512,-0.0891289,nan,-3.37162,-10.4359,1,0,0.971754,0.032757,-0.007981,-0.233575,-0.238916,0.218386,0.37284,1.88278,3.15434,10.4721
1787123396733265879,-0.515861,0.856672,0.580036,0.394348,0.6,-0,0,0.0657016,0.000882979,-0.468589,-0.180791,0.300807,0.230204,-0.506279,0.66432,0.481788,-2.12454,0.146861,0.387805,nan,nan,0,-0.103688,0.0854249,0.101268,5.64103,-0.00184402,0.188224,nan,nan,0,-0.369836,-0.33681,-0.0276184,0.122101,-0.494918,-0.373728,nan,nan,0,-0.517212,0.779178,-1.42695,-15.2137,0.231394,0.384049,nan,nan,0,-0.331306,-0.169778,0.684428,0.82589,-0.375653,nan,-8.23228,-1.91079,1,0.360179,-0.0326228,-0.0164143,0.817462,0.180089,nan,6.40599,2.814,1,-0.16958,-0.488868,0.408138,3.49207,-0.48479,-0.335059,nan,nan,0,-0.922748,0.100381,-0.402001,3.05251,-0.511374,-0.0733944,nan,nan,0,-0.480604,0.216391,-0.33449,6.81319,0.0696979,0.282509,nan,nan,0,-0.0798731,0.533162,0.273115,-27.6679,0.450063,0.331916,nan,nan,0,0.00799233,-0.265602,1.15477,-4.73553,-0.206004,nan,0.353784,-2.79153,1,0.0483672,-0.0406155,-1.27443,-7.73845,0.0241836,nan,3.85561,-7.20121,1,0,0.972149,0.03205,-0.007196,-0.232046,-0.180791,0.300807,0.230204,1.66598,4.24163,9.60775
1787123396742551600,-0.441962,0.897034,0.582436,0.398461,0.6,-0,0,0.0645702,0.00353663,-0.467155,-0.177583,0.280669,0.00547522,-0.646405,0.667004,0.242428,-4.0293,0.0767977,0.266245,nan,nan,0,-0.419796,0.0861921,0.0828552,4.17583,-0.159898,0.102545,nan,nan,0,-0.676268,-0.336235,0.0705805,-1.19658,-0.648134,-0.429688,nan,nan,0,-0.532537,0.764222,-1.78292,-18.5836,0.223732,0.30143,nan,nan,0,-0.516556,-0.165623,0.58258,-1.36802,-0.468278,nan,-11.4668,-5.15804,1,0.560493,-0.0299064,0.318405,2.15401,0.280247,nan,8.82699,4.52942,1,-0.237617,-0.484841,0.475651,1.5873,-0.518809,-0.41174,nan,nan,0,-1.11483,0.0955877,-0.573849,0.561661,-0.607415,-0.283411,nan,nan,0,-0.540276,0.211789,-0.579986,4.27351,0.0398619,0.163518,nan,nan,0,-0.00779168,0.535847,0.291528,-22.0513,0.486104,0.38879,nan,nan,0,0.101823,-0.255293,1.35796,-4.18593,-0.159088,nan,1.33023,-1.65348,1,0.201817,-0.0614408,-2.4522,-5.46171,0.100908,nan,8.54877,-1.54672,1,0,0.972322,0.031812,-0.005752,-0.231394,-0.177583,0.280669,0.00547522,-1.16118,3.98344,7.69418
1787123396752429020,-0.365122,0.93096,0.584787,0.402492,0.6,-0,0,0.0618018,0.00625364,-0.46776,-0.380644,0.177141,-0.11011,-0.727079,0.667387,-0.046031,-7.64347,0.0364607,0.154832,nan,nan,0,-0.641906,0.0865755,0.0153437,2.5641,-0.270953,-0.0215289,nan,nan,0,-0.942732,-0.336618,-0.125817,-2.5641,-0.781366,-0.525675,nan,nan,0,-0.558175,0.741212,-2.23095,-19.2186,0.210913,0.244225,nan,nan,0,-0.748164,-0.161559,0.349881,-3.52222,-0.584082,nan,-15.3131,-8.52364,1,0.755152,-0.023904,0.886074,3.22714,0.377576,nan,10.7153,6.51094,1,-0.346453,-0.479856,0.512474,0.610504,-0.573227,-0.477661,nan,nan,0,-1.05449,0.0884929,-0.782521,-8.47375,-0.577246,-0.478242,nan,nan,0,-0.4193,0.202584,-1.07712,3.10134,0.10035,0.0786741,nan,nan,0,0.137711,0.53949,0.371314,-20.6838,0.558855,0.444777,nan,nan,0,0.13705,-0.246968,1.37968,-0.550316,-0.141475,nan,1.62274,-0.156698,1,0.264744,-0.0866043,-2.33576,-3.62207,0.132372,nan,10.0729,4.42549,1,0,0.972282,0.030779,-0.00412,-0.231736,-0.380644,0.177141,-0.11011,-2.12767,1.22494,7.56342
1787123396762420140,-0.28589,0.958262,0.587091,0.406442,0.6,-0,0,0.0565484,0.00759372,-0.468554,-0.673673,0.0342114,-0.101243,-0.769627,0.665087,-0.309939,-8.62027,0.0151865,0.0760175,nan,nan,0,-0.890379,0.0858083,-0.11968,0.0732574,-0.39519,-0.156459,nan,nan,0,-1.13821,-0.340645,-0.610673,-3.10134,-0.879103,-0.65307,nan,nan,0,-0.605191,0.718777,-2.58692,-18.8767,0.187405,0.215958,nan,nan,0,-0.993925,-0.159636,-0.133691,-6.22255,-0.706963,nan,-18.9559,-11.9594,1,0.932367,-0.00862325,1.88264,4.92427,0.466183,nan,11.4202,8.41641,1,-0.484076,-0.47487,0.5002,-0.415138,-0.642038,-0.531886,nan,nan,0,-0.87676,0.0781384,-1.14463,-12.381,-0.48838,-0.579406,nan,nan,0,-0.163119,0.190696,-1.37171,1.39194,0.22844,0.0588444,nan,nan,0,0.32811,0.543517,0.475651,-13.4554,0.654055,0.5027,nan,nan,0,0.165567,-0.238622,0.261771,2.91897,-0.127216,nan,3.50653,1.11126,1,0.263831,-0.0939248,0.356646,0.997968,0.131915,nan,6.24023,8.10445,1,0,0.972261,0.028379,-0.002871,-0.23215,-0.673673,0.0342114,-0.101243,-2.04907,-0.029631,9.34404
1787123396772495216,-0.204827,0.978798,0.589349,0.410313,0.6,-0,0,0.0477765,0.0101995,-0.470862,-0.931722,0.323948,-0.335157,-1.08378,0.660101,-0.592261,-10.7692,-0.141891,0.0300185,nan,nan,0,-1.16892,0.0836992,-0.248566,-6.03175,-0.534458,-0.286571,nan,nan,0,-1.42544,-0.353492,-1.47605,-4.07815,-1.02272,-0.779548,nan,nan,0,-0.632163,0.687138,-3.05337,-16.4347,0.173919,0.198907,nan,nan,0,-0.995373,-0.165952,-0.83444,-8.80157,-0.707687,nan,-17.7091,-15.4033,1,1.11686,0.0172018,3.14898,6.21052,0.558431,nan,11.5134,9.71054,1,-0.639442,-0.470077,0.494062,-2.3199,-0.719721,-0.588064,nan,nan,0,-0.652758,0.0641403,-1.51901,-13.3089,-0.376379,-0.573786,nan,nan,0,0.020115,0.177082,-1.1569,0.65934,0.320057,0.1164,nan,nan,0,0.630624,0.549078,0.5002,-8.47375,0.805312,0.575849,nan,nan,0,0.188273,-0.23867,-0.245466,2.53218,-0.115864,nan,4.66644,2.5111,1,0.214762,-0.0759531,2.25687,5.40672,0.107381,nan,2.11471,7.91653,1,0,0.972095,0.024416,-0.000614,-0.233311,-0.931722,0.323948,-0.335157,-3.02886,-0.883243,11.0803
1787123396782283048,-0.122498,0.992469,0.591562,0.414107,0.6,-0,0,0.037709,0.014802,-0.473837,-0.926743,0.310185,-0.321755,-1.31138,0.652239,-0.85617,-11.453,-0.255688,-0.0398772,nan,nan,0,-1.50222,0.079864,-0.426551,-10.9646,-0.70111,-0.417565,nan,nan,0,-1.51986,-0.374968,-2.34143,-4.51771,-1.06993,-0.90632,nan,nan,0,-0.612715,0.653198,-3.42775,-13.0647,0.183642,0.184713,nan,nan,0,-0.90778,-0.182472,-1.81012,-10.7463,-0.66389,nan,-14.1344,-17.1805,1,1.24353,0.0640326,4.77356,6.86132,0.621767,nan,9.57168,10.0977,1,-0.910096,-0.465283,0.4511,-3.10134,-0.855048,-0.653975,nan,nan,0,-0.510935,0.0463076,-1.85657,-13.4066,-0.305467,-0.493649,nan,nan,0,0.24171,0.169028,-0.555436,0.0244217,0.430855,0.215786,nan,nan,0,0.736024,0.554063,0.5002,-2.5641,0.858012,0.6816,nan,nan,0,0.105318,-0.242735,-0.530979,3.91339,-0.157341,nan,3.78524,3.89408,1,0.173406,-0.0416545,3.74358,6.01509,0.0867031,nan,-1.76464,4.83691,1,0,0.971833,0.020063,0.002768,-0.234796,-0.926743,0.310185,-0.321755,-3.191,-2.63582,6.02816
1787123396792536852,-0.0394734,0.999221,0.593731,0.417825,0.6,-0,0,0.0290394,0.0184428,-0.477046,-0.758639,0.332784,-0.286833,-1.36195,0.643228,-1.04029,-13.4554,-0.280974,-0.144336,nan,nan,0,-1.78395,0.0750704,-0.561574,-16.7277,-0.841975,-0.561708,nan,nan,0,-1.57052,-0.399129,-2.72808,-7.15507,-1.09526,-1.01006,nan,nan,0,-0.583118,0.62386,-3.67325,-8.57143,0.198441,0.179128,nan,nan,0,-0.835253,-0.204444,-2.93195,-13.5242,-0.627627,nan,-10.4135,-16.2182,1,1.33121,0.119589,6.57076,8.47323,0.665604,nan,6.52431,9.3541,1,-1.09872,-0.462023,0.328352,-4.27351,-0.949361,-0.746727,nan,nan,0,-0.380111,0.0278997,-2.08365,-9.25519,-0.240056,-0.393028,nan,nan,0,0.382061,0.168261,0.125817,0.21978,0.50103,0.327666,nan,nan,0,0.74964,0.559049,0.586123,2.66178,0.86482,0.785574,nan,nan,0,0.0037757,-0.25056,-1.02463,6.37444,-0.208112,nan,3.02262,4.48403,1,0.152018,-0.00617229,3.94533,6.23054,0.0760091,nan,-3.45255,0.873199,1,0,0.971512,0.016286,0.005529,-0.236363,-0.758639,0.332784,-0.286833,-0.296735,-0.045564,3.07983
1787123396802252185,0.0436795,0.999046,0.595856,0.421468,0.6,-0,0,0.0201326,0.0216832,-0.479276,-1.06494,0.160811,-0.209745,-1.14141,0.629613,-1.31648,-13.9927,-0.170703,-0.2327,nan,nan,0,-1.70895,0.0674005,-0.76411,-20.0977,-0.804475,-0.711357,nan,nan,0,-1.3909,-0.433452,-3.36638,-6.08059,-1.00545,-1.0729,nan,nan,0,-0.555682,0.5811,-3.93716,-6.27595,0.212159,0.184844,nan,nan,0,-0.770514,-0.237144,4.12822,-14.3308,-0.595257,nan,-18.7263,-14.527,1,1.36262,0.200134,-5.34185,7.77735,0.681312,nan,22.4481,9.53525,1,-1.15008,-0.459722,0.14423,-6.17827,-0.975042,-0.853523,nan,nan,0,-0.269058,0.00373888,-2.23709,-6.95971,-0.184529,-0.303899,nan,nan,0,0.407506,0.17689,1.04029,1.00122,0.513753,0.428701,nan,nan,0,0.678839,0.568828,1.07098,5.20146,0.82942,0.848773,nan,nan,0,-0.0407168,-0.264483,-1.5556,5.0053,-0.230358,nan,3.52777,4.30151,1,0.133263,0.0217998,1.59972,3.72842,0.0666316,nan,-1.05463,-1.90502,1,0,0.971291,0.012351,0.008142,-0.237431,-1.06494,0.160811,-0.209745,-2.32951,-4.13501,8.06309
1787123396812237831,0.126396,0.99198,0.597939,0.425039,0.6,-0,0,0.00647631,0.0221078,-0.48108,-1.56083,0.0545304,0.019498,-0.915992,0.617724,-1.12008,-20.3907,-0.0579958,-0.241894,nan,nan,0,-1.16946,0.0604973,-0.567711,-41.0012,-0.53473,-0.79943,nan,nan,0,-0.975071,-0.458955,-1.8443,-17.5092,-0.797535,-1.06952,nan,nan,0,-0.597953,0.54716,-2.43963,-53.1624,0.191024,0.197362,nan,nan,0,-0.642783,-0.247397,-0.193511,-29.6288,-0.531391,nan,-9.64954,-13.3342,1,1.22616,0.239066,2.57188,17.0943,0.613082,nan,7.36266,10.7143,1,-1.23636,-0.459339,0.0214815,-10.4274,-1.01818,-0.935284,nan,nan,0,-0.25388,-0.0160112,-1.7461,-28.547,-0.17694,-0.232603,nan,nan,0,0.280625,0.188587,1.28579,2.22222,0.450312,0.49299,nan,nan,0,0.594433,0.581292,1.53129,3.73627,0.787217,0.86046,nan,nan,0,-0.0397914,-0.280977,-1.74171,3.7629,-0.229896,nan,4.4004,4.03603,1,0.0895865,0.0218284,-0.477803,0.210117,0.0447933,nan,1.40565,-1.94706,1,0,0.971136,0.005778,0.009964,-0.238246,-1.56083,0.0545304,0.019498,8.73461,-6.59771,10.5055
1787123396822473674,0.208118,0.978104,0.59998,0.428538,0.6,-0,0,0.00189267,0.0115646,-0.4805,0.884901,-1.07869,-0.664625,0.0578209,0.604877,-1.35944,-15.9951,0.42891,-0.171181,nan,nan,0,-2.44746,0.0593467,0.0521679,-40.5128,-1.17373,-0.737073,nan,nan,0,-1.39722,-0.462982,0.199466,-22.6862,-1.00861,-0.96991,nan,nan,0,-0.634093,0.532779,-1.34716,-36.801,0.172953,0.200794,nan,nan,0,-1.15141,-0.229242,2.40378,-20.2883,-0.785706,nan,-23.0819,-11.9769,1,1.35461,0.2353,-1.05741,14.2241,0.677305,nan,14.8463,10.2286,1,-0.984993,-0.459722,-0.0337563,-13.6996,-0.892496,-0.988555,nan,nan,0,-0.00603805,-0.0275164,-0.966643,-14.0904,-0.053019,-0.18876,nan,nan,0,0.478744,0.215048,3.32955,-5.10378,0.549372,0.498475,nan,nan,0,0.712193,0.602767,2.01001,14.9695,0.846096,0.834387,nan,nan,0,-0.102812,-0.293645,-1.45319,2.29848,-0.261406,nan,3.30816,4.10397,1,0.173868,0.0137229,-1.5284,-0.581594,0.0869342,nan,4.48894,-0.151744,1,0,0.97126,0.002295,0.005391,-0.237947,0.884901,-1.07869,-0.664625,2.76258,13.7519,33.822
1787123396832608446,0.288299,0.95754,0.601981,0.431967,0.6,-0,0,0.0114261,0.0146932,-0.494464,0.401377,1.22986,-1.67993,-1.3371,0.588387,-1.78292,-9.25519,-0.26855,0.058716,nan,nan,0,-3.04382,0.0601139,0.0153437,-26.0562,-1.47191,-0.830633,nan,nan,0,-2.21734,-0.457805,0.420414,-16.3858,-1.41867,-0.930211,nan,nan,0,-0.53678,0.520507,-1.10781,-21.8071,0.22161,0.19104,nan,nan,0,-0.55092,-0.205705,2.53504,-9.88116,-0.48546,nan,-13.594,-15.6567,1,1.47012,0.218252,-1.31658,8.74807,0.735058,nan,17.479,12.1779,1,-0.906858,-0.461064,-0.224015,-9.64591,-0.853429,-0.975157,nan,nan,0,-0.112172,-0.0355697,-0.782521,-2.0757,-0.106086,-0.132054,nan,nan,0,0.112195,0.254741,3.67938,-3.83395,0.366097,0.507842,nan,nan,0,1.11167,0.620409,1.93636,7.15507,1.04583,0.82438,nan,nan,0,-0.107494,-0.306416,-1.14621,2.55393,-0.263747,nan,3.21274,3.92786,1,0.0309292,-0.00634544,-1.95711,-0.133763,0.0154646,nan,3.58996,2.4801,1,0,0.969541,0.007337,0.005725,-0.244751,0.401377,1.22986,-1.67993,3.4084,-3.74785,27.8088
1787123396842490999,0.366405,0.930456,0.603941,0.435328,0.6,-0,0,0.00875512,0.0244133,-0.50764,-0.494058,0.315305,-0.624439,-1.64146,0.566527,-2.06524,-4.81075,-0.420729,0.0701103,nan,nan,0,-2.59789,0.0572376,-0.432689,-24.6398,-1.24894,-1.11928,nan,nan,0,-1.69506,-0.470268,-1.85657,-7.15507,-1.15753,-1.09207,nan,nan,0,-0.415141,0.506509,-1.40854,-14.6764,0.282429,0.195712,nan,nan,0,-0.313118,-0.185351,1.59126,-13.0566,-0.366559,nan,-8.7292,-17.224,1,1.43738,0.214897,0.44595,10.3026,0.718691,nan,14.4449,14.7623,1,-1.2232,-0.465858,-0.524749,-8.37607,-1.0116,-0.918748,nan,nan,0,-0.247974,-0.0445819,-0.837758,0.708183,-0.173987,-0.0966626,nan,nan,0,0.384191,0.282161,2.03456,-0.122101,0.502095,0.471303,nan,nan,0,0.610797,0.640926,1.86884,2.0757,0.795398,0.897075,nan,nan,0,-0.180369,-0.317043,-0.779761,3.487,-0.300185,nan,1.75968,3.5373,1,0.0695125,-0.0264171,-1.46704,1.91085,0.0347562,nan,4.03577,3.99848,1,0,0.967865,0.007302,0.010716,-0.251134,-0.494058,0.315305,-0.624439,-4.181,-20.6116,7.42258
1787123396852523494,0.441918,0.897056,0.605862,0.438621,0.6,-0,0,6.38274e-05,0.0289493,-0.507298,-0.850128,0.259516,0.207653,-1.20761,0.545626,-2.04683,-9.98779,-0.203803,-0.143304,nan,nan,0,-1.82181,0.0482249,-1.08939,-37.5336,-0.860903,-1.29015,nan,nan,0,-0.873532,-0.49462,-2.4519,-12.3321,-0.746766,-1.20676,nan,nan,0,-0.323761,0.490977,-1.5497,-16.5812,0.32812,0.22953,nan,nan,0,-0.260794,-0.174537,0.639083,-13.6203,-0.340397,nan,-6.76371,-14.0726,1,1.26017,0.228147,1.98099,12.9726,0.630087,nan,9.0867,15.2423,1,-1.33135,-0.472569,-0.708872,-7.64347,-1.06567,-0.924368,nan,nan,0,-0.313791,-0.0558953,-1.26738,10.4762,-0.206895,-0.114871,nan,nan,0,0.412612,0.294241,0.71501,5.15263,0.516306,0.454762,nan,nan,0,0.411472,0.662402,1.96704,5.68987,0.695736,0.906479,nan,nan,0,-0.0936932,-0.32128,-0.462976,2.40351,-0.256847,nan,2.94965,2.77884,1,0.0768443,-0.0340544,-0.661756,2.482,0.0384221,nan,3.16693,4.26965,1,0,0.967901,0.003663,0.014003,-0.250912,-0.850128,0.259516,0.207653,-2.34122,0.366789,-0.920861
1787123396862535635,0.51434,0.857587,0.607745,0.441849,0.6,-0,0,-0.0054938,0.0250466,-0.505162,-0.256511,-0.693907,0.407706,-0.136647,0.529519,-1.98546,-13.7485,0.331676,-0.260363,nan,nan,0,-1.81897,0.0388293,-1.10781,-55.0183,-0.859486,-1.18513,nan,nan,0,-0.557545,-0.515138,-2.49486,-15.5556,-0.588772,-1.07635,nan,nan,0,-0.42246,0.47813,-1.59266,-10.8181,0.27877,0.278627,nan,nan,0,-0.774149,-0.173953,0.359004,-14.0523,-0.597074,nan,-15.3478,-9.86273,1,1.23003,0.253424,2.51663,15.9674,0.615013,nan,7.07274,12.7256,1,-1.1863,-0.478513,-0.727284,-12.0391,-0.99315,-0.986224,nan,nan,0,-0.143534,-0.0675921,-1.48219,6.12943,-0.121767,-0.158995,nan,nan,0,0.481437,0.294816,-0.00306892,6.03175,0.550718,0.478806,nan,nan,0,0.478827,0.679276,2.12662,3.00366,0.729413,0.821584,nan,nan,0,-0.037644,-0.323329,-0.198998,1.62782,-0.228822,nan,3.60624,2.42052,1,0.111327,-0.0336982,0.265591,2.76673,0.0556637,nan,2.28247,3.71338,1,0,0.968199,0.00047,0.012812,-0.24985,-0.256511,-0.693907,0.407706,2.01127,11.1421,6.2911
1787123396872246467,0.583195,0.812332,0.60959,0.445012,0.6,-0,0,-0.00363933,0.0195167,-0.499959,-0.0728433,-0.315956,0.417373,0.322218,0.510152,-1.90567,-22.0513,0.561109,-0.086159,nan,nan,0,-2.09518,0.0305843,-0.672048,-55.8974,-0.997592,-0.999379,nan,nan,0,-0.398588,-0.529136,-0.659773,-19.9023,-0.509294,-0.830314,nan,nan,0,-0.40837,0.463173,-1.39626,-15.116,0.285815,0.298967,nan,nan,0,-0.760861,-0.165083,0.805372,-11.6771,-0.590431,nan,-16.0952,-10.1269,1,1.24747,0.266078,1.01049,15.8675,0.623734,nan,9.21394,9.57496,1,-1.136,-0.485609,-0.69046,-14.0904,-0.968001,-1.01684,nan,nan,0,0.104776,-0.0825486,-1.5006,0.757019,0.00238779,-0.165391,nan,nan,0,0.300193,0.296542,0.438826,3.10134,0.460096,0.514156,nan,nan,0,0.735689,0.700944,2.17572,-2.46642,0.857845,0.750054,nan,nan,0,-0.0140407,-0.325216,0.0269241,1.65794,-0.21702,nan,3.74645,2.73399,1,0.127323,-0.0281728,1.08484,2.78717,0.0636614,nan,1.12777,2.66714,1,0,0.968873,0.000651,0.009905,-0.247355,-0.0728433,-0.315956,0.417373,5.57352,7.65429,6.50117
1787123396882561509,0.648034,0.761611,0.611398,0.448112,0.6,-0,0,-0.00621454,0.0134596,-0.499627,-0.351759,-0.537214,-0.374698,0.232715,0.488293,-1.81975,-11.16,0.516358,0.237054,nan,nan,0,-1.90014,0.0257907,-0.291528,-40.9035,-0.900071,-0.929821,nan,nan,0,-0.725368,-0.518206,1.24283,-13.1624,-0.672684,-0.625713,nan,nan,0,-0.478935,0.449751,-1.01574,-10.1343,0.250533,0.296158,nan,nan,0,-0.688667,-0.155415,0.953804,-9.71903,-0.554333,nan,-15.3928,-13.2196,1,1.29115,0.26045,-1.28633,11.0263,0.645573,nan,13.4832,8.88798,1,-1.13244,-0.493662,-0.69046,-12.4786,-0.96622,-1.00441,nan,nan,0,0.288533,-0.10019,-1.4515,-0.268623,0.0942664,-0.1048,nan,nan,0,0.0274919,0.309965,1.24897,3.00366,0.323746,0.511003,nan,nan,0,0.858705,0.726063,2.02228,-8.22955,0.919352,0.764389,nan,nan,0,-0.0306262,-0.320827,0.315357,2.01054,-0.225313,nan,2.86994,3.18369,1,0.0734471,-0.00602538,1.76274,1.86574,0.0367235,nan,-1.36165,1.45437,1,0,0.968937,-0.001347,0.007289,-0.247196,-0.351759,-0.537214,-0.374698,2.36821,-5.47781,16.8433
1787123396892456163,0.708433,0.705778,0.613171,0.451149,0.6,-0,0,-0.0104574,0.0105496,-0.504087,-0.630263,-0.0561895,-0.409006,0.00168413,0.470652,-1.73382,-2.71062,0.400842,0.460861,nan,nan,0,-1.53002,0.0221472,-0.4511,-29.0842,-0.715009,-0.91418,nan,nan,0,-0.638461,-0.505934,1.19373,-6.17827,-0.629231,-0.571508,nan,nan,0,-0.39787,0.441314,-0.90527,-9.35287,0.291065,0.278982,nan,nan,0,-0.516273,-0.149998,0.360621,-10.4621,-0.468136,nan,-11.6758,-15.2097,1,1.27096,0.243064,-1.53382,8.82938,0.635479,nan,14.0732,10.8538,1,-1.16036,-0.501332,-0.788659,-9.93895,-0.980178,-0.982865,nan,nan,0,0.18861,-0.113996,-1.34716,2.3199,0.0443051,-0.00735935,nan,nan,0,-0.0320935,0.32147,1.15077,1.48962,0.293953,0.440669,nan,nan,0,0.672911,0.744663,1.77678,-6.52015,0.826456,0.833809,nan,nan,0,-0.0355345,-0.316218,0.563495,2.05884,-0.227767,nan,2.25055,3.17184,1,0.0543392,0.0135279,2.11162,1.22671,0.0271696,nan,-2.75818,-0.129264,1,0,0.968384,-0.003748,0.006412,-0.24935,-0.630263,-0.0561895,-0.409006,0.480428,2.04486,12.7812
1787123396902358500,0.763999,0.645218,0.614907,0.454126,0.6,-0,0,-0.0189073,0.0106877,-0.508878,-0.897331,-0.0311532,-0.543908,-0.208109,0.455887,-1.59266,0.170937,0.295945,0.504899,nan,nan,0,-1.08549,0.015244,-0.899132,-24.4444,-0.492743,-0.842672,nan,nan,0,-0.710987,-0.498647,0.64136,-4.37119,-0.665494,-0.594203,nan,nan,0,-0.351552,0.432877,-0.825483,-10.5739,0.314224,0.274001,nan,nan,0,-0.429939,-0.152326,-0.427417,-11.8576,-0.42497,nan,-8.90139,-14.4156,1,1.26636,0.233025,-0.921965,9.52027,0.633179,nan,13.3876,12.951,1,-1.01567,-0.509193,-0.899132,-9.05983,-0.907833,-0.973778,nan,nan,0,0.0200922,-0.125309,-1.206,4.22466,-0.0399539,0.0500709,nan,nan,0,0.0135373,0.331441,1.12008,-0.0244217,0.316769,0.356191,nan,nan,0,0.468778,0.759236,1.59266,-3.58974,0.724389,0.862468,nan,nan,0,-0.0271372,-0.309482,0.784559,2.56562,-0.223569,nan,1.83015,2.70962,1,0.0751529,0.0337003,2.19977,-0.145515,0.0375764,nan,-3.18338,-1.78509,1,0,0.96776,-0.007804,0.007551,-0.251639,-0.897331,-0.0311532,-0.543908,-3.37411,-2.12641,9.48616
1787123396912321714,0.814372,0.580344,0.616609,0.457044,0.6,-0,0,-0.0274446,0.00955794,-0.514107,-0.732062,-0.22109,-0.479326,-0.0479122,0.442848,-1.39013,2.3199,0.376044,0.430306,nan,nan,0,-0.766692,0.00412273,-1.32875,-21.6606,-0.333346,-0.689552,nan,nan,0,-0.597531,-0.495579,0.303802,-4.51771,-0.608765,-0.628686,nan,nan,0,-0.359496,0.426357,-0.788659,-10.232,0.310252,0.288738,nan,nan,0,-0.489673,-0.162628,-1.14712,-12.0807,-0.454837,nan,-8.50664,-11.6736,1,1.23052,0.231987,-0.057266,12.0421,0.615258,nan,11.584,13.6089,1,-0.893836,-0.518206,-1.02188,-7.83883,-0.846918,-0.951042,nan,nan,0,-0.136537,-0.134896,-0.991194,5.73871,-0.118269,0.0336037,nan,nan,0,0.0226847,0.340261,0.862308,-1.63614,0.321342,0.31234,nan,nan,0,0.293084,0.773234,1.50674,-1.29426,0.636542,0.81825,nan,nan,0,-0.0327861,-0.300661,0.979996,2.0581,-0.226393,nan,1.1294,2.09257,1,0.119422,0.0528902,1.98126,-1.03585,0.0597112,nan,-2.76726,-2.93397,1,0,0.967057,-0.012056,0.00811,-0.254142,-0.732062,-0.22109,-0.479326,-1.35069,4.48606,4.73867
1787123396922188337,0.859225,0.511597,0.618277,0.459903,0.6,-0,0,-0.0332249,0.00648525,-0.518591,-0.448451,-0.260018,-0.428614,0.0952312,0.430384,-1.15077,0.512817,0.447616,0.372055,nan,nan,0,-0.854071,-0.0108337,-1.52515,-21.8559,-0.377035,-0.503364,nan,nan,0,-0.53944,-0.492895,0.303802,-6.32478,-0.57972,-0.636722,nan,nan,0,-0.353053,0.418687,-0.647498,-10.9157,0.313473,0.303621,nan,nan,0,-0.525658,-0.174508,-1.51943,-11.3139,-0.472829,nan,-8.16209,-9.21144,1,1.21575,0.23612,0.651899,12.9497,0.607874,nan,10.1748,12.7721,1,-0.754819,-0.529327,-1.13849,-7.10622,-0.77741,-0.904196,nan,nan,0,-0.180597,-0.143142,-0.733422,4.51771,-0.140298,-0.0322498,nan,nan,0,0.0213354,0.34448,0.242428,-1.48962,0.320668,0.305339,nan,nan,0,0.273634,0.787424,1.38399,-5.29915,0.626817,0.732546,nan,nan,0,-0.00348031,-0.289779,1.1327,1.74567,-0.21174,nan,1.03233,1.42274,1,0.138918,0.0694902,1.51441,-1.99809,0.0694588,nan,-2.27255,-3.22801,1,0,0.966446,-0.015225,0.007393,-0.256311,-0.448451,-0.260018,-0.428614,0.921607,1.90264,7.29908
1787123396932420921,0.898271,0.439443,0.619911,0.462705,0.6,-0,0,-0.0358589,0.00290692,-0.522424,-0.172253,-0.402574,-0.366009,0.459085,0.420221,-0.960506,-1.39194,0.629542,0.383558,nan,nan,0,-1.20279,-0.0246401,-1.23669,-23.3211,-0.551396,-0.38874,nan,nan,0,-0.573507,-0.487334,0.733422,-8.37607,-0.596753,-0.615466,nan,nan,0,-0.334064,0.414085,-0.444963,-12.6252,0.322968,0.311587,nan,nan,0,-0.688592,-0.188442,-1.27735,-11.5557,-0.554296,nan,-10.8889,-8.00172,1,1.25938,0.243695,0.616865,13.0222,0.629688,nan,10.6545,11.3262,1,-0.629049,-0.541024,-1.17532,-7.39927,-0.714524,-0.841754,nan,nan,0,-0.067983,-0.148894,-0.524749,3.15018,-0.0839915,-0.0977782,nan,nan,0,0.105843,0.34448,-0.0521679,-1.05006,0.362922,0.311414,nan,nan,0,0.319835,0.799696,1.13235,-8.86447,0.649917,0.661184,nan,nan,0,-0.00737754,-0.27907,1.17298,1.16564,-0.213689,nan,0.52888,0.958378,1,0.129446,0.0785085,0.840716,-2.25125,0.0647229,nan,-1.67464,-2.79675,1,0,0.965927,-0.016945,0.006034,-0.258185,-0.172253,-0.402574,-0.366009,0.170518,1.26515,7.98228
1787123396942239698,0.931256,0.364366,0.621513,0.465451,0.6,-0,0,-0.0372705,-0.00133821,-0.526165,-0.158933,-0.303278,-0.454567,0.571688,0.410825,-0.819346,-0.561661,0.685844,0.477309,nan,nan,0,-1.30322,-0.0342274,-0.696597,-20.6349,-0.60161,-0.411915,nan,nan,0,-0.631982,-0.473911,1.4515,-10.9157,-0.625991,-0.598257,nan,nan,0,-0.362196,0.411401,-0.101268,-13.9927,0.308902,0.317514,nan,nan,0,-0.743037,-0.196352,-0.698892,-10.0941,-0.581518,nan,-12.4325,-8.72204,1,1.25998,0.245689,0.00465494,11.8285,0.62999,nan,11.522,10.6271,1,-0.604836,-0.554063,-1.18145,-4.37119,-0.702418,-0.774302,nan,nan,0,0.0725645,-0.153496,-0.359039,1.73382,-0.0137177,-0.116232,nan,nan,0,0.095262,0.343904,-0.0583057,-0.65934,0.357631,0.331197,nan,nan,0,0.468647,0.808133,0.71501,-12.674,0.724324,0.634539,nan,nan,0,0.00285224,-0.266616,1.1446,0.832818,-0.208574,nan,0.31458,0.616641,1,0.0637237,0.0817476,0.0169931,-1.87175,0.0318619,nan,-1.52206,-2.00911,1,0,0.965421,-0.018167,0.0042,-0.260025,-0.158933,-0.303278,-0.454567,1.73063,-1.52338,9.54789
1787123396952169032,0.957969,0.286871,0.623083,0.468142,0.6,-0,0,-0.0396649,-0.0037108,-0.530439,-0.340034,-0.14096,-0.329863,0.480534,0.403156,-0.745697,1.19658,0.640267,0.59349,nan,nan,0,-1.07253,-0.0386376,-0.377452,-18.0952,-0.486265,-0.502479,nan,nan,0,-0.462839,-0.459914,1.32261,-9.10867,-0.54142,-0.602643,nan,nan,0,-0.335389,0.411976,0.101268,-12.5763,0.322305,0.317103,nan,nan,0,-0.687511,-0.200488,-0.348769,-9.47567,-0.553755,nan,-11.8412,-10.5812,1,1.19535,0.243838,-0.224733,10.347,0.597673,nan,10.9521,10.9079,1,-0.654011,-0.56576,-1.16918,-3.5409,-0.727005,-0.724493,nan,nan,0,0.105344,-0.156181,-0.23629,0.512817,0.00267214,-0.0819038,nan,nan,0,0.0885759,0.342371,-0.181053,0.170937,0.354288,0.349944,nan,nan,0,0.396683,0.811967,0.26084,-13.4554,0.688342,0.659772,nan,nan,0,0.0097809,-0.256504,1.12476,0.971136,-0.20511,nan,0.111649,0.332997,1,0.011717,0.0768265,-0.535138,-1.44852,0.00585852,nan,-1.32633,-1.37418,1,0,0.964833,-0.019624,0.003408,-0.262105,-0.340034,-0.14096,-0.329863,0.349378,-3.03737,9.63201
1787123396962377836,0.97824,0.207476,0.624621,0.470779,0.6,-0,0,-0.0442419,-0.004144,-0.532374,-0.442656,-0.0786453,-0.112954,0.464191,0.396253,-0.64136,6.2271,0.632095,0.652509,nan,nan,0,-0.816239,-0.0418973,-0.297665,-16.9231,-0.358119,-0.535627,nan,nan,0,-0.169912,-0.45186,0.573849,-6.56898,-0.394956,-0.587375,nan,nan,0,-0.280864,0.413318,0.168778,-11.4042,0.349568,0.31738,nan,nan,0,-0.613077,-0.204638,-0.282165,-10.7707,-0.516538,nan,-10.4933,-11.8093,1,1.13309,0.245896,0.157772,10.2423,0.566544,nan,9.38279,11.1119,1,-0.682458,-0.577074,-1.13235,-1.73382,-0.741229,-0.709506,nan,nan,0,0.0302091,-0.157907,-0.131955,1.44078,-0.0348954,-0.0346433,nan,nan,0,0.123609,0.339878,-0.248566,1.24542,0.371805,0.357254,nan,nan,0,0.276666,0.81216,-0.0889931,-10.7204,0.628333,0.685931,nan,nan,0,0.0391008,-0.244642,1.11603,0.0924307,-0.19045,nan,0.222684,0.110708,1,0.00408477,0.0689159,-0.908295,-0.971034,0.00204239,nan,-0.643762,-1.03308,1,0,0.96453,-0.021885,0.00382,-0.263034,-0.442656,-0.0786453,-0.112954,-1.51752,-2.71297,7.13629
1787123396972274111,0.99194,0.12671,0.626129,0.473363,0.6,-0,0,-0.0487499,-0.00406406,-0.533502,-0.38652,-0.0499363,-0.117343,0.407091,0.391267,-0.5002,6.37363,0.603545,0.658106,nan,nan,0,-0.713407,-0.0449657,-0.371314,-17.3138,-0.306703,-0.47751,nan,nan,0,-0.181813,-0.449943,0.14423,-4.66422,-0.400907,-0.513329,nan,nan,0,-0.264838,0.415044,0.230153,-12.8205,0.357581,0.328768,nan,nan,0,-0.581937,-0.206368,-0.440483,-11.079,-0.500969,nan,-9.6503,-11.6531,1,1.11361,0.248002,0.525104,10.7982,0.556806,nan,8.47647,10.43,1,-0.634124,-0.586853,-1.06484,-2.17339,-0.717062,-0.719068,nan,nan,0,0.013025,-0.15829,-0.00920582,2.3199,-0.0434875,-0.0169639,nan,nan,0,0.0821782,0.33796,-0.181053,1.14774,0.351089,0.363221,nan,nan,0,0.19794,0.81005,-0.248566,-8.42491,0.58897,0.67387,nan,nan,0,0.039298,-0.236666,1.05924,0.518026,-0.190351,nan,0.0321579,0.0412526,1,0.00148425,0.0602143,-1.12081,-0.760521,0.000742125,nan,-0.102951,-0.7062,1,0,0.96433,-0.024046,0.004465,-0.263568,-0.38652,-0.0499363,-0.117343,-1.97024,-1.1645,6.69851
1787123396982338519,0.998982,0.0451122,0.627606,0.475896,0.6,-0,0,-0.0520266,-0.00428401,-0.534691,-0.157395,-0.0554199,-0.155481,0.434894,0.386857,-0.303802,6.86203,0.617447,0.637371,nan,nan,0,-0.934404,-0.0497594,-0.359039,-16.63,-0.417202,-0.387956,nan,nan,0,-0.272038,-0.447258,0.383589,-4.07815,-0.446019,-0.438914,nan,nan,0,-0.240612,0.418687,0.322214,-14.6276,0.369694,0.344444,nan,nan,0,-0.576363,-0.211922,-0.728019,-10.6163,-0.498182,nan,-8.92706,-10.6589,1,1.13095,0.254712,0.707659,10.2109,0.565475,nan,8.26139,9.29246,1,-0.556802,-0.598549,-0.954369,-1.68498,-0.678401,-0.724381,nan,nan,0,0.0245896,-0.157523,0.107406,3.34554,-0.0377052,-0.0242946,nan,nan,0,0.0829455,0.338344,0.0889931,0.757019,0.351473,0.362171,nan,nan,0,0.16835,0.80564,-0.438826,-8.03419,0.574175,0.635612,nan,nan,0,0.0301702,-0.226746,0.998226,0.0408747,-0.194915,nan,-0.383259,0.00702536,1,0.00738686,0.0422563,-1.34805,-0.332737,0.00369343,nan,0.865189,-0.23826,1,0,0.964132,-0.025652,0.004806,-0.264136,-0.157395,-0.0554199,-0.155481,-2.54061,0.127019,6.95224
1787123396992711816,0.999324,-0.0367739,0.629054,0.478378,0.6,-0,0,-0.0523385,-0.00458177,-0.536654,0.0995049,-0.113187,-0.216499,0.573002,0.384939,-0.193328,6.08059,0.686501,0.620311,nan,nan,0,-1.16875,-0.0520606,-0.23629,-15.116,-0.534377,-0.362277,nan,nan,0,-0.390096,-0.439971,0.948232,-3.73627,-0.505048,-0.416856,nan,nan,0,-0.238635,0.421947,0.438826,-15.2625,0.370683,0.358688,nan,nan,0,-0.676058,-0.221864,-0.875211,-10.1054,-0.548029,nan,-10.103,-9.55591,1,1.11563,0.265629,0.479678,9.62777,0.557815,nan,8.04609,8.46192,1,-0.461521,-0.606794,-0.911407,-1.8315,-0.63076,-0.70937,nan,nan,0,0.0698347,-0.155989,0.187191,3.88278,-0.0150826,-0.033619,nan,nan,0,0.0976668,0.338919,0.0705805,0.561661,0.358833,0.356587,nan,nan,0,0.145375,0.800654,-0.610673,-9.15751,0.562687,0.598435,nan,nan,0,-0.0199918,-0.216814,0.970359,0.0789434,-0.219996,nan,-1.56691,-0.178722,1,-0.000479691,0.0327863,-1.43995,-0.214301,-0.000239845,nan,1.16914,0.399824,1,0,0.963867,-0.025837,0.004729,-0.265085,0.0995049,-0.113187,-0.216499,-2.71768,-0.321512,7.16614
1787123397002323601,0.992966,-0.118403,0.630473,0.480811,0.6,-0,0,-0.0513448,-0.00529471,-0.538329,0.165492,-0.118363,-0.123125,0.655647,0.383597,-0.0889931,5.93407,0.727823,0.637311,nan,nan,0,-1.2016,-0.0535946,-0.09513,-15.0672,-0.5508,-0.421306,nan,nan,0,-0.326732,-0.428467,1.19987,-4.7619,-0.473366,-0.445017,nan,nan,0,-0.272038,0.427508,0.622948,-12.7717,0.353981,0.367871,nan,nan,0,-0.718504,-0.229876,-0.946075,-9.30374,-0.569252,nan,-10.459,-9.25541,1,1.05804,0.264581,-0.0389601,9.22973,0.52902,nan,7.99159,8.17876,1,-0.418119,-0.615807,-0.868444,-0.805862,-0.609059,-0.674876,nan,nan,0,0.0908907,-0.15388,0.23629,3.15018,-0.00455465,-0.0305199,nan,nan,0,0.126965,0.339878,0.113543,0.317459,0.373483,0.355132,nan,nan,0,0.192275,0.792984,-0.850033,-9.54823,0.586137,0.573727,nan,nan,0,-0.00681658,-0.208809,0.910307,-0.0785207,-0.213408,nan,-1.52643,-0.761424,1,-0.0416537,0.0172604,-1.43948,0.071539,-0.0208269,nan,1.0166,1.00668,1,0,0.963654,-0.025449,0.004275,-0.265903,0.165492,-0.118363,-0.123125,-2.64018,-1.08681,7.76475
1787123397012493050,0.979952,-0.199233,0.631863,0.483194,0.6,-0,0,-0.0498426,-0.00487018,-0.539152,0.183501,0.123139,-0.0576976,0.383022,0.383214,-0.00306892,5.93407,0.591511,0.678859,nan,nan,0,-1.22023,-0.0537863,-0.00920582,-15.409,-0.560113,-0.496856,nan,nan,0,-0.244374,-0.417153,0.868444,-3.73627,-0.432187,-0.4711,nan,nan,0,-0.219017,0.435178,0.733422,-12.9182,0.380492,0.366121,nan,nan,0,-0.5917,-0.240238,-0.908096,-9.72051,-0.50585,nan,-7.93428,-9.63803,1,0.99947,0.261839,-0.532548,8.38496,0.499735,nan,7.9357,8.21109,1,-0.39959,-0.624819,-0.807072,-0.561661,-0.599795,-0.63762,nan,nan,0,0.118436,-0.150812,0.291528,3.05251,0.00921803,-0.0186873,nan,nan,0,0.177759,0.340453,0.0583057,0.512817,0.398879,0.361431,nan,nan,0,0.199924,0.781671,-1.11394,-7.93651,0.589962,0.569903,nan,nan,0,0.0363694,-0.200747,0.830428,0.119021,-0.191815,nan,-0.93302,-1.33478,1,-0.106489,0.000799521,-1.31867,0.430416,-0.0532446,nan,0.356689,1.28126,1,0,0.963565,-0.024667,0.00429,-0.266298,0.183501,0.123139,-0.0576976,-1.43144,-0.888066,7.86246
1787123397022582682,0.960371,-0.278725,0.633226,0.485531,0.6,-0,0,-0.0480471,-0.00303349,-0.539759,0.218294,0.123417,-0.061841,0.146492,0.383789,0.0767183,7.39927,0.473246,0.668512,nan,nan,0,-1.22909,-0.053978,-0.0521679,-16.9231,-0.564547,-0.544914,nan,nan,0,-0.275366,-0.411401,0.475651,-3.2967,-0.447683,-0.465204,nan,nan,0,-0.202831,0.443039,0.807072,-13.2601,0.388584,0.368348,nan,nan,0,-0.526875,-0.248654,-0.927263,-9.54466,-0.473438,nan,-6.47654,-9.26833,1,0.985995,0.254581,-0.770009,8.55823,0.492998,nan,8.30751,8.22901,1,-0.421115,-0.632297,-0.733422,0.268623,-0.610557,-0.611464,nan,nan,0,0.134983,-0.147552,0.33449,3.2967,0.0174916,-0.00432996,nan,nan,0,0.198448,0.340453,0.00306892,0.757019,0.409224,0.377202,nan,nan,0,0.131494,0.770358,-1.3042,-6.47131,0.555747,0.578151,nan,nan,0,0.0122276,-0.192635,0.650573,-0.272946,-0.203886,nan,-1.36965,-1.40412,1,-0.129475,-0.0105254,-1.07211,0.766177,-0.0647374,nan,-0.0182006,1.03085,1,0,0.963514,-0.023556,0.004943,-0.266573,0.218294,0.123417,-0.061841,-1.27731,0.11406,7.70905
1787123397032649712,0.934352,-0.35635,0.634562,0.48782,0.6,-0,0,-0.0455936,-0.00202043,-0.540923,0.26464,0.117264,-0.174205,0.0755309,0.384748,0.131955,6.86203,0.437765,0.589417,nan,nan,0,-1.18699,-0.0549364,-0.101268,-18.2418,-0.543495,-0.565508,nan,nan,0,-0.388883,-0.408525,0.28539,-2.8083,-0.504442,-0.452645,nan,nan,0,-0.177619,0.450518,0.837758,-14.0904,0.401191,0.377547,nan,nan,0,-0.510355,-0.254988,-0.891524,-9.59903,-0.465177,nan,-6.01934,-8.00649,1,0.953059,0.246583,-0.988331,8.5936,0.476529,nan,8.38088,8.31411,1,-0.39546,-0.638625,-0.659773,0.512817,-0.59773,-0.602809,nan,nan,0,0.154649,-0.144292,0.383589,3.93163,0.0273245,0.00856759,nan,nan,0,0.167884,0.340837,0.0828552,0.805862,0.393942,0.395072,nan,nan,0,-0.0449398,0.756168,-1.46378,-3.63858,0.46753,0.57465,nan,nan,0,-0.0727597,-0.18856,0.51676,-0.745273,-0.24638,nan,-2.79883,-1.32723,1,-0.11727,-0.017929,-0.864317,0.862313,-0.0586348,nan,0.0753022,0.51755,1,0,0.96339,-0.022236,0.005117,-0.267129,0.26464,0.117264,-0.174205,-0.212892,0.748454,6.91973
1787123397042390113,0.902069,-0.431591,0.63587,0.490064,0.6,-0,0,-0.0426763,-0.000921058,-0.543542,0.295152,0.122986,-0.33244,0.056195,0.386281,0.156505,5.34798,0.428098,0.501251,nan,nan,0,-0.919538,-0.0562787,-0.138092,-19.3651,-0.409769,-0.562885,nan,nan,0,-0.466207,-0.405457,0.359039,-3.19902,-0.543104,-0.465698,nan,nan,0,-0.217254,0.459914,0.868444,-14.6276,0.381373,0.389291,nan,nan,0,-0.506245,-0.263807,-0.826752,-8.44806,-0.463122,nan,-5.7359,-6.74481,1,0.889083,0.235277,-1.32334,8.74477,0.444541,nan,8.26294,8.4835,1,-0.262713,-0.644761,-0.586123,1.44078,-0.531357,-0.600199,nan,nan,0,0.178718,-0.140074,0.444963,3.83395,0.0393589,0.0193398,nan,nan,0,0.102514,0.342946,0.279252,0.708183,0.361257,0.401359,nan,nan,0,-0.245179,0.740445,-1.60494,-2.17339,0.36741,0.535528,nan,nan,0,-0.201265,-0.184478,0.365901,-0.472226,-0.310632,nan,-4.96426,-1.778,1,-0.0921401,-0.0247331,-0.653686,0.215433,-0.04607,nan,0.340421,0.15074,1,0,0.963075,-0.020677,0.005284,-0.268386,0.295152,0.122986,-0.33244,0.567046,0.218175,7.02838
1787123397052321806,0.863735,-0.503946,0.637153,0.492262,0.6,-0,0,-0.0394855,-0.000278729,-0.547517,0.302646,0.119535,-0.454971,-0.0529881,0.387815,0.14423,3.68742,0.373506,0.445179,nan,nan,0,-0.537755,-0.0578127,-0.150367,-19.3651,-0.218877,-0.508716,nan,nan,0,-0.363803,-0.401621,0.475651,-4.27351,-0.491901,-0.500461,nan,nan,0,-0.271717,0.468159,0.911407,-14.7253,0.354142,0.391511,nan,nan,0,-0.414792,-0.272856,-0.729542,-7.00608,-0.417396,nan,-3.96459,-5.94791,1,0.82371,0.222729,-1.52958,8.71683,0.411855,nan,7.96815,8.60473,1,-0.109774,-0.650322,-0.518612,1.63614,-0.454887,-0.576569,nan,nan,0,0.16928,-0.135855,0.487926,3.98046,0.0346399,0.0298083,nan,nan,0,0.099693,0.345822,0.352901,0.610504,0.359847,0.388589,nan,nan,0,-0.322646,0.723762,-1.69086,-4.95727,0.328677,0.45977,nan,nan,0,-0.308994,-0.182434,0.238153,-1.26194,-0.364497,nan,-6.72944,-3.0714,1,-0.10697,-0.0309554,-0.462478,-0.0256763,-0.0534848,nan,0.0178334,0.0993841,1,0,0.962573,-0.019044,0.005203,-0.270302,0.302646,0.119535,-0.454971,1.51896,0.259327,7.45927
1787123397062275304,0.819604,-0.572931,0.63841,0.494417,0.6,-0,0,-0.0362185,0.000152617,-0.552451,0.298911,0.105573,-0.498553,-0.143807,0.388966,0.09513,2.66178,0.328096,0.405229,nan,nan,0,-0.107851,-0.0589633,-0.107405,-17.8999,-0.00392557,-0.384071,nan,nan,0,-0.200385,-0.396444,0.475651,-5.68987,-0.410193,-0.513121,nan,nan,0,-0.315868,0.478322,0.966643,-16.9231,0.332066,0.378135,nan,nan,0,-0.297315,-0.277576,-0.663887,-6.36627,-0.358658,nan,-1.84203,-5.03784,1,0.698012,0.203247,-1.70683,8.99846,0.349006,nan,6.93301,8.52228,1,0.0199207,-0.654924,-0.438826,1.88034,-0.39004,-0.523465,nan,nan,0,0.174629,-0.130294,0.537024,3.73627,0.0373146,0.0355416,nan,nan,0,0.0948988,0.35004,0.383589,0.415138,0.357449,0.371524,nan,nan,0,-0.385286,0.70593,-1.86884,-7.54578,0.297357,0.383062,nan,nan,0,-0.403006,-0.182446,0.0764758,-2.12938,-0.411503,nan,-8.13172,-4.86903,1,-0.157995,-0.0369956,-0.371367,-0.0266519,-0.0789975,nan,-0.703005,0.0925632,1,0,0.961934,-0.017401,0.005012,-0.27268,0.298911,0.105573,-0.498553,2.64678,-0.811583,8.06638
1787123397072272327,0.769967,-0.638084,0.639642,0.496529,0.6,-0,0,-0.0328395,0.000684966,-0.557503,0.328305,0.116032,-0.506012,-0.123561,0.389349,0.0214815,1.39194,0.33822,0.365093,nan,nan,0,0.269257,-0.0593467,0.00920582,-12.5275,0.184629,-0.201803,nan,nan,0,-0.0659999,-0.39261,0.352901,-5.20146,-0.343,-0.478984,nan,nan,0,-0.36583,0.488293,0.991194,-17.3138,0.307085,0.355793,nan,nan,0,-0.234976,-0.284622,-0.648861,-4.90713,-0.327488,nan,-0.52703,-3.53772,1,0.598066,0.188764,-1.86657,8.58933,0.299033,nan,6.10792,8.02696,1,0.14186,-0.658759,-0.346765,3.05251,-0.32907,-0.455444,nan,nan,0,0.197621,-0.124542,0.598398,4.17583,0.0488104,0.0373891,nan,nan,0,0.134455,0.352725,0.21174,-0.0244217,0.377228,0.360872,nan,nan,0,-0.514419,0.685221,-2.13889,-10.6227,0.23279,0.327202,nan,nan,0,-0.579306,-0.182472,-0.186007,-3.66745,-0.499653,nan,-10.8223,-6.62833,1,-0.189101,-0.0379696,-0.245857,-0.34043,-0.0945506,nan,-1.32865,-0.197885,1,0,0.961271,-0.015691,0.004847,-0.275113,0.328305,0.116032,-0.506012,1.8565,-0.100819,8.20021
1787123397082353807,0.715153,-0.698968,0.640849,0.498598,0.6,-0,0,-0.0292636,0.00129254,-0.562525,0.366637,0.110296,-0.484792,-0.139166,0.389157,-0.0337563,0.708183,0.330417,0.340336,nan,nan,0,0.511215,-0.0585799,0.107406,-6.81319,0.305608,0.00187863,nan,nan,0,0.0395144,-0.389349,0.340627,-4.0293,-0.290243,-0.41473,nan,nan,0,-0.40502,0.49673,0.942094,-22.2955,0.28749,0.330468,nan,nan,0,-0.113184,-0.291661,-0.654626,-3.68495,-0.266592,nan,1.85935,-1.82059,1,0.486322,0.166703,-2.07888,8.14543,0.243161,nan,5.41206,7.27447,1,0.304168,-0.661252,-0.199466,4.32234,-0.247916,-0.386573,nan,nan,0,0.265018,-0.118214,0.64136,4.12698,0.0825092,0.0416212,nan,nan,0,0.174036,0.353492,0.0705805,0.21978,0.397018,0.363072,nan,nan,0,-0.557479,0.664703,-2.39053,-11.0134,0.21126,0.277813,nan,nan,0,-0.710418,-0.188692,-0.622494,-5.1564,-0.565209,nan,-12.2444,-8.54694,1,-0.241027,-0.0411562,-0.123421,-0.196676,-0.120514,nan,-2.19559,-0.771141,1,0,0.960605,-0.013877,0.004682,-0.27753,0.366637,0.110296,-0.484792,1.13814,-0.572803,8.04893
1787123397092309145,0.655524,-0.755174,0.642032,0.500626,0.6,-0,0,-0.0252785,0.00217564,-0.56706,0.413095,0.118911,-0.407987,-0.168876,0.388582,-0.0889931,0.415138,0.315562,0.330692,nan,nan,0,0.667016,-0.0564704,0.291528,-1.68498,0.383508,0.181216,nan,nan,0,0.196654,-0.384747,0.537024,-3.05251,-0.211673,-0.346331,nan,nan,0,-0.379693,0.50555,0.85617,-20.928,0.300153,0.306414,nan,nan,0,0.0430437,-0.300905,-0.662698,-1.49115,-0.188478,nan,4.92898,0.0942461,1,0.34947,0.144855,-2.42979,7.75297,0.174735,nan,4.54109,6.51692,1,0.39321,-0.66221,-0.0337563,4.61539,-0.203395,-0.314913,nan,nan,0,0.377403,-0.111695,0.672048,2.90598,0.138702,0.0572965,nan,nan,0,0.324147,0.353492,-0.0214806,0.512817,0.472074,0.377209,nan,nan,0,-0.605285,0.636132,-2.70967,-9.10867,0.187357,0.236505,nan,nan,0,-0.888385,-0.197012,-1.08006,-6.5979,-0.654192,nan,-14.3812,-10.4392,1,-0.294997,-0.0432074,-0.182956,-0.650277,-0.147498,nan,-2.8543,-1.4799,1,0,0.96,-0.01183,0.00458,-0.279711,0.413095,0.118911,-0.407987,0.832944,-0.618665,8.08301
1787123397102305937,0.591476,-0.806322,0.643191,0.502614,0.6,-0,0,-0.0208019,0.00341915,-0.57068,0.495277,0.165523,-0.313265,-0.221804,0.387048,-0.162642,0.170937,0.289098,0.323313,nan,nan,0,0.770322,-0.0520606,0.5002,1.97802,0.435161,0.311741,nan,nan,0,0.350418,-0.377078,0.850033,-2.02686,-0.134791,-0.27625,nan,nan,0,-0.282395,0.513028,0.69046,-21.4164,0.348803,0.295452,nan,nan,0,0.252438,-0.307952,-0.607354,-0.177505,-0.0837808,nan,8.75701,2.46497,1,0.196155,0.118946,-2.79901,6.79328,0.0980776,nan,3.57247,5.77158,1,0.455229,-0.66106,0.168778,6.81319,-0.172386,-0.249839,nan,nan,0,0.553285,-0.1046,0.727284,4.17583,0.226642,0.0920475,nan,nan,0,0.518145,0.353492,0.00920582,0.757019,0.569072,0.415078,nan,nan,0,-0.58271,0.606603,-2.99813,-9.84127,0.198645,0.206237,nan,nan,0,-0.999086,-0.211571,-1.73156,-7.94237,-0.709543,nan,-14.8317,-12.2476,1,-0.393053,-0.0453554,-0.291469,-1.38447,-0.196526,nan,-4.09792,-2.21204,1,0,0.959517,-0.009499,0.004568,-0.281451,0.495277,0.165523,-0.313265,0.028715,-0.075304,7.74712
1787123397112250506,0.523434,-0.852066,0.644327,0.504561,0.6,-0,0,-0.0151137,0.00518186,-0.573684,0.64076,0.192626,-0.296491,-0.109954,0.385131,-0.254703,0.854698,0.345023,0.30921,nan,nan,0,0.711027,-0.0464997,0.696597,9.05983,0.405514,0.395677,nan,nan,0,0.313641,-0.369215,0.886857,-0.561661,-0.15318,-0.20234,nan,nan,0,-0.0648554,0.518589,0.494062,-24.1026,0.457572,0.311188,nan,nan,0,0.343807,-0.310562,-0.438379,1.23559,-0.0380963,nan,10.1939,5.48562,1,0.0863404,0.0925303,-3.00444,6.00954,0.0431702,nan,3.02586,4.94413,1,0.459509,-0.658567,0.33449,7.00854,-0.170246,-0.200978,nan,nan,0,0.879216,-0.0976968,0.76411,4.27351,0.389608,0.152531,nan,nan,0,0.63186,0.354067,0.0398932,2.51526,0.62593,0.484126,nan,nan,0,-0.588592,0.578608,-3.11474,-24.2491,0.195704,0.193216,nan,nan,0,-1.08032,-0.228254,-1.68654,-18.2407,-0.750162,nan,-15.737,-13.5442,1,-0.481612,-0.0489377,-1.28161,1.07333,-0.240806,nan,-3.83363,-3.03472,1,0,0.959116,-0.006515,0.004623,-0.282897,0.64076,0.192626,-0.296491,-0.483128,0.998161,7.15442
1787123397122340986,0.45185,-0.892094,0.645441,0.50647,0.6,-0,0,-0.00779541,0.00697018,-0.577017,0.764026,0.122947,-0.362204,0.187083,0.381104,-0.377452,0.122101,0.493541,0.314393,nan,nan,0,0.575985,-0.0382543,0.69046,25.9585,0.337992,0.425794,nan,nan,0,0.196836,-0.359245,0.843896,3.15018,-0.211582,-0.157125,nan,nan,0,0.210377,0.523,0.414276,-27.4237,0.595189,0.3693,nan,nan,0,0.312422,-0.313135,-0.110784,4.45663,-0.053789,nan,9.24329,8.24119,1,0.0307148,0.0573532,-3.48191,6.14418,0.0153574,nan,3.963,4.20507,1,0.356752,-0.653965,0.457238,8.57143,-0.221624,-0.174394,nan,nan,0,1.13478,-0.0892601,0.733422,11.6972,0.517392,0.257163,nan,nan,0,0.615814,0.353492,-0.402001,9.98779,0.617907,0.561348,nan,nan,0,-0.610365,0.553872,-1.77678,-46.4713,0.184818,0.191744,nan,nan,0,-1.1938,-0.230359,0.801131,-23.7203,-0.806898,nan,-21.3806,-14.948,1,-0.517943,-0.0763746,-2.74909,-2.47577,-0.258971,nan,-1.35426,-3.21209,1,0,0.958659,-0.002745,0.00445,-0.284506,0.764026,0.122947,-0.362204,-1.5375,2.9692,7.74343
1787123397132315199,0.377199,-0.926132,0.646532,0.508341,0.6,-0,0,-0.0105577,0.00588744,-0.577514,-1.08213,0.205491,0.305212,0.23652,0.376694,-0.537024,3.19902,0.51826,0.379159,nan,nan,0,0.716189,-0.0346107,0.28539,18.8767,0.408094,0.401306,nan,nan,0,0.365293,-0.357903,-0.303802,10.1832,-0.127353,-0.162979,nan,nan,0,0.0502898,0.526643,0.291528,-9.84127,0.515145,0.471613,nan,nan,0,0.231783,-0.313199,0.258625,6.37291,-0.0941085,nan,7.28024,9.47111,1,-0.0279275,0.0165665,-4.18764,3.2992,-0.0139637,nan,5.36556,4.25336,1,0.567036,-0.647829,0.708872,7.64347,-0.116482,-0.182349,nan,nan,0,1.93164,-0.0835075,0.518612,17.265,0.91582,0.390519,nan,nan,0,1.3779,0.343329,-1.23055,13.8462,0.998951,0.610301,nan,nan,0,-0.376987,0.544476,-0.850033,-40.2686,0.301506,0.19007,nan,nan,0,-0.840847,-0.205268,2.95016,-20.2209,-0.630423,nan,-19.3057,-18.306,1,-0.901623,-0.105665,-3.02429,-3.41254,-0.450811,nan,-5.81798,-2.21965,1,0,0.958585,-0.004222,0.004325,-0.284741,-1.08213,0.205491,0.305212,5.33466,-9.39247,27.7143
1787123397142969849,0.29998,-0.953946,0.647601,0.510174,0.6,-0,0,-0.0157982,0.0134316,-0.573712,-0.0147419,0.95646,0.219562,0.485173,0.370366,-0.629086,1.97802,0.642587,0.45972,nan,nan,0,0.698199,-0.03231,0.21174,17.4603,0.3991,0.386881,nan,nan,0,0.308329,-0.360012,0.174916,3.98046,-0.155836,-0.161055,nan,nan,0,0.256002,0.527985,0.107406,-4.07815,0.618001,0.531711,nan,nan,0,0.201275,-0.306682,0.706901,6.87376,-0.109362,nan,5.84585,8.8476,1,-0.126732,-0.0183508,-2.98531,2.90183,-0.0633659,nan,3.12751,4.79129,1,1.76223,-0.638817,0.997331,6.42247,0.481114,-0.168068,nan,nan,0,2.67276,-0.079289,0.432689,17.851,1.28638,0.616118,nan,nan,0,1.89035,0.333167,-0.886857,12.2344,1.25517,0.750559,nan,nan,0,-0.396921,0.53834,-0.616811,-27.3748,0.291539,0.225017,nan,nan,0,-0.296764,-0.173848,2.98562,-16.3725,-0.358382,nan,-10.9371,-20.6362,1,-1.16716,-0.137616,-2.44277,-2.7741,-0.583578,nan,-9.71471,-2.7805,1,0,0.959101,-0.005676,0.008676,-0.282872,-0.0147419,0.95646,0.219562,-0.855458,6.21041,28.5837
1787123397152402312,0.220708,-0.97534,0.648649,0.51197,0.6,-0,0,-0.0134417,0.0206515,-0.573776,0.349738,0.478188,-0.162971,0.94207,0.363847,-0.579986,3.88278,0.871035,0.549214,nan,nan,0,0.391705,-0.0286665,0.432689,8.03419,0.245852,0.390558,nan,nan,0,-0.124265,-0.350424,1.09553,1.39194,-0.372132,-0.153722,nan,nan,0,0.216041,0.528561,0.0276184,0.21978,0.598021,0.571584,nan,nan,0,-0.0909723,-0.293855,1.45529,6.32883,-0.255486,nan,-0.840036,7.14327,1,-0.0452461,-0.0424048,-1.84296,3.26435,-0.0226231,nan,3.35789,4.28654,1,1.85584,-0.626737,1.16918,9.79243,0.527922,0.0554371,nan,nan,0,2.36524,-0.0733442,0.629086,23.956,1.13262,0.939195,nan,nan,0,1.32129,0.332208,0.408138,12.967,0.970645,0.990024,nan,nan,0,-0.322824,0.529519,-0.776384,-22.5397,0.328588,0.268124,nan,nan,0,-0.4258,-0.148756,2.04667,-18.2453,-0.4229,nan,-12.665,-17.942,1,-0.937796,-0.154902,-1.9831,-3.99728,-0.468898,nan,-6.44522,-5.64915,1,0,0.959075,-0.003524,0.011805,-0.282881,0.349738,0.478188,-0.162971,-7.35302,11.536,9.99542
1787123397162306483,0.139914,-0.990164,0.649676,0.513731,0.6,-0,0,-0.00730714,0.0253121,-0.577238,0.832492,0.227505,-0.509492,1.08301,0.359053,-0.512475,6.37363,0.941505,0.69159,nan,nan,0,0.137355,-0.0227227,0.76411,7.05739,0.118678,0.345507,nan,nan,0,-0.284059,-0.336043,1.81975,-0.757019,-0.45203,-0.223549,nan,nan,0,0.237426,0.528944,0.0705805,1.8315,0.608713,0.597726,nan,nan,0,-0.119423,-0.279173,1.83544,6.09333,-0.269711,nan,-2.422,3.58715,1,-0.0212226,-0.0515395,-0.8084,2.51027,-0.0106113,nan,2.44045,3.43168,1,1.25635,-0.615424,1.29193,14.0415,0.228177,0.334502,nan,nan,0,1.6768,-0.0660582,0.874582,36.3126,0.788402,1.13838,nan,nan,0,0.752371,0.343329,1.5006,16.6789,0.686186,1.08595,nan,nan,0,-0.31751,0.522808,-0.727284,-21.4164,0.331245,0.302237,nan,nan,0,-0.662885,-0.136296,1.65303,-16.4585,-0.541442,nan,-16.6597,-14.2968,1,-0.812168,-0.172705,-1.18469,-6.88645,-0.406084,nan,-5.22433,-7.34131,1,0,0.958567,0.0001,0.013172,-0.28456,0.832492,0.227505,-0.509492,-6.0331,1.27843,-0.074506
1787123397172482126,0.0581403,-0.998308,0.650683,0.515456,0.6,-0,0,-0.00246859,0.0274599,-0.581576,0.200942,0.0105809,-0.379285,1.20919,0.354642,-0.389727,8.76679,1.00459,0.837903,nan,nan,0,0.0456391,-0.0131345,1.00961,6.42247,0.0728196,0.243859,nan,nan,0,-0.464075,-0.315334,1.88112,-3.83395,-0.542038,-0.340099,nan,nan,0,0.48988,0.530286,0.168778,2.27106,0.73494,0.608008,nan,nan,0,0.0255959,-0.260619,1.7586,3.94862,-0.197202,nan,-0.418318,-0.18714,1,-0.0257279,-0.0521337,0.572746,1.7648,-0.0128639,nan,0.318973,2.53433,1,0.442161,-0.601425,1.46378,22.735,-0.17892,0.399423,nan,nan,0,2.04852,-0.0570459,0.886857,46.5201,0.974261,1.07245,nan,nan,0,0.644267,0.360395,1.54356,20.7814,0.632134,0.959694,nan,nan,0,-0.28308,0.516672,-0.555436,-20.7326,0.34846,0.324453,nan,nan,0,-0.924894,-0.119763,1.43389,-14.8098,-0.672447,nan,-21.4948,-13.9202,1,-0.920977,-0.175349,-0.306038,-8.80122,-0.460488,nan,-8.09511,-7.11325,1,0,0.957931,0.002754,0.013507,-0.286664,0.200942,0.0105809,-0.379285,-1.59861,-6.30862,10.6175
1787123397182402757,-0.0240644,-0.99971,0.651669,0.517147,0.6,-0,0,-0.000926851,0.0263799,-0.583201,0.413769,-0.272872,0.0898518,1.20589,0.35215,-0.23629,12.4786,1.00295,0.945183,nan,nan,0,-0.000994638,-0.00354719,1.03416,8.96215,0.0495027,0.142347,nan,nan,0,-0.276839,-0.305171,0.831621,-2.85714,-0.448419,-0.452791,nan,nan,0,0.848107,0.533162,0.352901,1.8315,0.914053,0.65235,nan,nan,0,0.0956596,-0.248401,1.56182,1.4484,-0.16217,nan,0.675343,-1.66763,1,0.00129258,-0.0381964,1.36306,1.1872,0.000646289,nan,-0.879305,1.15118,1,0.0931225,-0.587811,1.51287,24.8352,-0.353439,0.197818,nan,nan,0,2.50115,-0.0495677,0.800934,48.0342,1.20057,0.977188,nan,nan,0,0.959058,0.365956,0.205604,21.7582,0.789529,0.776727,nan,nan,0,-0.44219,0.51322,-0.365176,-18.1929,0.268905,0.338629,nan,nan,0,-0.916042,-0.107578,1.2578,-11.694,-0.668021,nan,-21.5022,-16.8258,1,-1.00207,-0.166224,1.42583,-9.88571,-0.501033,nan,-12.183,-7.4995,1,0,0.957702,0.003348,0.012766,-0.287455,0.413769,-0.272872,0.0898518,2.20611,-2.87501,10.9871
1787123397192271851,-0.106146,-0.994351,0.652636,0.518804,0.6,-0,0,0.00504657,0.0231334,-0.582083,0.547161,-0.0524199,0.0480487,1.41402,0.350808,-0.0644426,14.9695,1.10701,1.00033,nan,nan,0,-0.0226904,0.00623178,0.868444,3.39439,0.0386548,0.0757045,nan,nan,0,-0.286162,-0.305171,-0.408138,-2.41758,-0.453081,-0.493824,nan,nan,0,0.931119,0.537956,0.530887,4.61539,0.95556,0.762292,nan,nan,0,-0.0279938,-0.234192,1.24927,-0.465382,-0.223997,nan,-1.51708,-1.09342,1,0.0273707,-0.0243057,1.86545,0.735069,0.0136853,nan,-1.65845,-0.339889,1,0.447902,-0.572088,1.4024,20.928,-0.176049,-0.0935997,nan,nan,0,2.38846,-0.0424724,0.604536,37.9731,1.14423,1.02607,nan,nan,0,0.765729,0.360012,-0.788659,17.3626,0.692864,0.711806,nan,nan,0,-0.402259,0.509768,-0.328352,-13.9927,0.288871,0.321092,nan,nan,0,-0.540059,-0.101655,0.324748,-11.7814,-0.48003,nan,-13.7302,-19.72,1,-0.945748,-0.14277,2.64261,-8.89605,-0.472874,nan,-13.867,-9.88444,1,0,0.957869,0.005736,0.010356,-0.286958,0.547161,-0.0524199,0.0480487,3.18255,6.44841,16.3491
1787123397202281032,-0.187549,-0.982255,0.653583,0.520428,0.6,-0,0,0.0133367,0.0225819,-0.580896,0.908026,0.0510642,0.224452,1.20851,0.351383,0.125817,14.8718,1.00425,1.04867,nan,nan,0,0.159579,0.0135183,0.788659,1.73382,0.129789,0.0432315,nan,nan,0,-0.177994,-0.3138,-0.923681,-2.3199,-0.398997,-0.482789,nan,nan,0,0.668254,0.545818,0.831621,11.3553,0.824127,0.877167,nan,nan,0,-0.0920636,-0.223998,1.09999,-0.468156,-0.256032,nan,-2.77115,-0.825022,1,-0.00500736,-0.000181346,1.94044,0.118792,-0.00250368,nan,-2.98032,-1.50542,1,0.767614,-0.559624,1.1569,13.6508,-0.0161931,-0.234704,nan,nan,0,1.50118,-0.0363364,0.635223,38.1685,0.700589,1.10474,nan,nan,0,0.63323,0.351574,-0.708872,14.0415,0.626615,0.702762,nan,nan,0,-0.491754,0.50555,-0.444963,-12.2344,0.244123,0.297455,nan,nan,0,-0.279481,-0.110045,-1.21355,-14.3707,-0.349741,nan,-6.56904,-18.2729,1,-0.805048,-0.114518,2.3022,-8.23057,-0.402524,nan,-12.0935,-12.6091,1,0,0.958011,0.009622,0.008908,-0.286429,0.908026,0.0510642,0.224452,0.09018,2.9327,12.5598
1787123397212569045,-0.267723,-0.963496,0.654511,0.52202,0.6,-0,0,0.0213557,0.0225614,-0.578027,0.597702,0.0264973,0.380508,1.1236,0.354259,0.365176,15.3114,0.961802,1.0557,nan,nan,0,0.350442,0.0215721,0.708872,0.757019,0.225221,0.0629452,nan,nan,0,-0.201515,-0.323387,-1.02188,-1.19658,-0.410757,-0.447867,nan,nan,0,0.559742,0.555597,1.19373,17.2161,0.769871,0.900932,nan,nan,0,-0.061676,-0.213706,1.0392,-0.820586,-0.240838,nan,-2.50841,-1.55888,1,-0.076866,0.0173668,1.65729,-1.04861,-0.038433,nan,-4.15993,-2.42619,1,0.619726,-0.550228,0.837758,12.3321,-0.0901371,-0.188252,nan,nan,0,1.29497,-0.0284748,0.862308,37.1917,0.597483,0.998783,nan,nan,0,0.697226,0.346781,-0.395864,13.7485,0.658613,0.674192,nan,nan,0,-0.530423,0.500181,-0.573849,-15.9951,0.224788,0.272858,nan,nan,0,-0.303479,-0.130697,-2.20961,-16.2032,-0.361739,nan,-4.77206,-12.7643,1,-0.91239,-0.10667,0.443512,-10.1429,-0.456195,nan,-11.151,-13.1169,1,0,0.958375,0.013449,0.007769,-0.285088,0.597702,0.0264973,0.380508,1.69049,1.13499,11.654
1787123397222256731,-0.346123,-0.938189,0.655421,0.523579,0.6,-0,0,0.0263564,0.0216444,-0.573022,0.340358,-0.0543553,0.576773,1.12216,0.359628,0.604536,14.5788,0.961078,1.0182,nan,nan,0,0.390367,0.0282831,0.622948,1.24542,0.245184,0.13184,nan,nan,0,-0.192977,-0.332975,-1.02188,-0.366302,-0.406489,-0.41906,nan,nan,0,0.662028,0.570554,1.59266,13.6996,0.821014,0.851267,nan,nan,0,-0.0449478,-0.205415,0.886051,-1.09592,-0.232474,nan,-2.27616,-2.30873,1,-0.0864837,0.0323292,1.21156,-1.93424,-0.0432418,nan,-4.08448,-3.27703,1,0.339499,-0.543708,0.567711,13.4066,-0.23025,-0.116398,nan,nan,0,1.75014,-0.0196548,0.991194,36.4103,0.825068,0.792773,nan,nan,0,0.905114,0.341987,-0.616811,14.3346,0.762557,0.654406,nan,nan,0,-0.542148,0.495004,-0.543161,-21.0256,0.218926,0.246381,nan,nan,0,-0.411617,-0.1513,-2.17073,-14.6939,-0.415808,nan,-6.0017,-7.39089,1,-1.0407,-0.110048,-1.05663,-11.023,-0.520351,nan,-10.7241,-11.8765,1,0,0.959055,0.015698,0.006656,-0.282703,0.340358,-0.0543553,0.576773,4.28874,-2.17397,9.82041
1787123397232204024,-0.422214,-0.906496,0.656313,0.525108,0.6,-0,0,0.0293846,0.0194209,-0.566801,0.110884,-0.0443072,0.675446,1.17972,0.367298,0.837758,12.381,0.989858,0.981064,nan,nan,0,0.255443,0.033844,0.579986,2.75946,0.177722,0.201044,nan,nan,0,-0.248275,-0.341795,-0.85617,0.0732574,-0.434138,-0.406625,nan,nan,0,0.81187,0.588195,1.8443,9.20635,0.895935,0.815815,nan,nan,0,-0.0686156,-0.197095,0.658728,-1.45219,-0.244308,nan,-2.64054,-2.53381,1,-0.0467969,0.0380347,0.601236,-2.82382,-0.0233985,nan,-2.74485,-3.78505,1,0.326147,-0.538915,0.487926,10.8669,-0.236927,-0.131553,nan,nan,0,2.30076,-0.00968313,0.862308,31.3309,1.10038,0.720923,nan,nan,0,1.12013,0.331249,-1.10167,15.9951,0.870065,0.68574,nan,nan,0,-0.498018,0.490402,-0.420414,-23.37,0.240991,0.227421,nan,nan,0,-0.419359,-0.165626,-1.33119,-10.9036,-0.41968,nan,-6.89511,-5.16047,1,-1.12707,-0.126422,-1.78836,-11.1729,-0.563537,nan,-10.4309,-10.5783,1,0,0.959921,0.01682,0.005214,-0.279716,0.110884,-0.0443072,0.675446,4.82696,1.92699,10.5688
1787123397242179560,-0.495477,-0.868621,0.657187,0.526606,0.6,-0,0,0.031123,0.0180419,-0.559573,0.138071,0.0501541,0.722007,1.20621,0.376886,1.01574,11.5018,1.00311,0.971555,nan,nan,0,0.232717,0.0397882,0.616811,3.10134,0.166359,0.217699,nan,nan,0,-0.2437,-0.350616,-0.76411,0.463982,-0.43185,-0.412522,nan,nan,0,0.828718,0.609287,1.94249,4.7619,0.904359,0.83415,nan,nan,0,-0.104134,-0.192937,0.371915,-1.53295,-0.262067,nan,-2.97741,-2.54418,1,-0.0274415,0.039705,-0.0688911,-2.87495,-0.0137208,nan,-1.49944,-3.42774,1,0.554622,-0.533546,0.561574,8.13187,-0.122689,-0.185869,nan,nan,0,2.20823,-0.00239658,0.678185,30.3541,1.05412,0.844321,nan,nan,0,1.08478,0.320511,-0.985056,16.7766,0.852391,0.766228,nan,nan,0,-0.514815,0.487143,-0.242428,-27.5702,0.232593,0.225773,nan,nan,0,-0.262812,-0.171602,-0.308547,-8.62968,-0.341406,nan,-5.4803,-5.55817,1,-1.05616,-0.146857,-1.91503,-10.6964,-0.528078,nan,-8.56407,-9.86333,1,0,0.960919,0.017446,0.004372,-0.276241,0.138071,0.0501541,0.722007,3.82644,2.14766,9.16109
1787123397252308804,-0.565409,-0.824811,0.658043,0.528073,0.6,-0,0,0.0345665,0.0177162,-0.554,0.44286,0.0149204,0.390107,1.2405,0.387048,1.16304,9.93895,1.02025,0.982626,nan,nan,0,0.16095,0.0459242,0.702735,2.0757,0.130475,0.198238,nan,nan,0,-0.271064,-0.35541,-0.463376,-0.122101,-0.445532,-0.423916,nan,nan,0,0.73757,0.62712,1.99773,5.78754,0.858785,0.871747,nan,nan,0,-0.146777,-0.190866,0.144871,-1.96554,-0.283389,nan,-3.45561,-2.63588,1,-0.0433246,0.0347759,-0.665897,-2.66069,-0.0216623,nan,-0.694301,-2.34194,1,0.417999,-0.527793,0.684322,5.64103,-0.191001,-0.18728,nan,nan,0,1.71171,0.00316381,0.629086,31.8681,0.805856,0.985124,nan,nan,0,0.711731,0.316101,-0.230153,15.4579,0.665865,0.830891,nan,nan,0,-0.502796,0.485609,-0.138092,-26.4957,0.238602,0.230165,nan,nan,0,-0.299752,-0.169293,0.41174,-7.63299,-0.359876,nan,-7.28803,-6.17647,1,-0.924623,-0.163076,-1.68273,-10.2896,-0.462312,nan,-6.45298,-9.17746,1,0,0.961656,0.019045,0.003793,-0.273567,0.44286,0.0149204,0.390107,-0.252631,2.25313,8.55514
1787123397262293581,-0.631527,-0.775354,0.658882,0.529512,0.6,-0,0,0.039502,0.0181721,-0.5514,0.517743,0.0390623,0.112983,1.34967,0.401046,1.33489,10.8669,1.07484,1.00114,nan,nan,0,0.116492,0.0541697,0.770247,2.66178,0.108246,0.166036,nan,nan,0,-0.313336,-0.357903,-0.11968,-1.97802,-0.466668,-0.435107,nan,nan,0,0.744902,0.649364,2.04683,5.64103,0.862451,0.882176,nan,nan,0,-0.136293,-0.190865,-0.086128,-1.6499,-0.278147,nan,-2.92568,-2.90873,1,-0.0412511,0.0226646,-1.25683,-1.6535,-0.0206255,nan,0.58654,-1.1011,1,0.0725274,-0.519165,0.825483,5.78754,-0.363736,-0.17837,nan,nan,0,1.63349,0.0108337,0.733422,35.58,0.766747,0.97258,nan,nan,0,0.329207,0.319552,0.506338,14.9695,0.474604,0.796104,nan,nan,0,-0.37494,0.484841,-0.0767183,-25.8608,0.30253,0.234537,nan,nan,0,-0.292672,-0.160777,0.713587,-5.66407,-0.356336,nan,-7.91495,-6.84861,1,-0.931794,-0.177575,-0.974263,-10.2918,-0.465897,nan,-7.18827,-8.04233,1,0,0.961958,0.021476,0.003365,-0.272329,0.517743,0.0390623,0.112983,-1.5,1.32514,7.42822
1787123397272263341,-0.693376,-0.720576,0.659704,0.530922,0.6,-0,0,0.0448722,0.018634,-0.551646,0.600894,-0.0436241,-0.123054,1.35474,0.415236,1.46378,10.4762,1.07737,1.03284,nan,nan,0,0.107303,0.0620313,0.800934,1.78266,0.103652,0.1334,nan,nan,0,-0.198764,-0.359628,-0.254703,-1.39194,-0.409382,-0.449721,nan,nan,0,0.836796,0.670264,2.13275,4.0293,0.908398,0.874468,nan,nan,0,-0.0752938,-0.192903,-0.298328,-1.84564,-0.247647,nan,-1.46855,-2.98525,1,-0.0486344,0.00745668,-1.53634,-0.957225,-0.0243172,nan,1.35129,0.0776345,1,-0.1957,-0.510344,0.911407,5.64103,-0.49785,-0.238956,nan,nan,0,1.5546,0.0185041,0.782521,33.6264,0.727302,0.874408,nan,nan,0,-0.000645503,0.326263,0.647498,13.0159,0.309677,0.660726,nan,nan,0,-0.359511,0.484458,-0.00920582,-25.1282,0.310245,0.258428,nan,nan,0,-0.308212,-0.158719,0.117491,-3.86691,-0.364106,nan,-7.3648,-7.48769,1,-0.837977,-0.181718,0.190929,-9.79866,-0.418988,nan,-7.40452,-7.38099,1,0,0.96186,0.024122,0.002853,-0.27246,0.600894,-0.0436241,-0.123054,-3.88776,1.93283,7.69754
1787123397282349730,-0.750524,-0.660843,0.66051,0.532303,0.6,-0,0,0.0502482,0.0186562,-0.55309,0.499051,-0.128945,-0.171246,1.36391,0.430576,1.59266,9.59707,1.08195,1.06213,nan,nan,0,0.0777109,0.0698929,0.776384,0.65934,0.0888554,0.111509,nan,nan,0,-0.137166,-0.36308,-0.365176,-1.39194,-0.378583,-0.442932,nan,nan,0,0.942648,0.692123,2.20027,1.88034,0.961324,0.881734,nan,nan,0,0.00111594,-0.196964,-0.480016,-2.27769,-0.209442,nan,0.283286,-2.40391,1,-0.0497083,-0.00794348,-1.56665,-0.21373,-0.0248541,nan,1.84265,1.03744,1,-0.349027,-0.500948,0.960506,4.0293,-0.574514,-0.359118,nan,nan,0,1.55552,0.0259824,0.733422,32.2589,0.727761,0.784533,nan,nan,0,-0.158381,0.330674,0.322214,9.79243,0.23081,0.482047,nan,nan,0,-0.340927,0.484458,-0.0214815,-21.221,0.319537,0.288545,nan,nan,0,-0.293993,-0.160893,-0.525905,-4.89526,-0.356997,nan,-6.07479,-7.50465,1,-0.817306,-0.172348,1.06442,-8.65324,-0.408653,nan,-8.68577,-7.50025,1,0,0.961594,0.026712,0.002112,-0.273161,0.499051,-0.128945,-0.171246,-4.16849,1.20573,8.82449
1787123397292204160,-0.802574,-0.596552,0.6613,0.533657,0.6,-0,0,0.05446,0.0178694,-0.555423,0.471554,-0.198388,-0.234582,1.35725,0.44745,1.72768,10.0366,1.07863,1.07826,nan,nan,0,-0.0114268,0.0773711,0.739559,0.757019,0.0442866,0.0973839,nan,nan,0,-0.0883851,-0.367106,-0.389727,-1.00122,-0.354193,-0.414639,nan,nan,0,0.991296,0.713791,2.2064,0.903542,0.985648,0.913943,nan,nan,0,0.0241368,-0.203056,-0.692097,-1.96297,-0.197932,nan,1.2175,-1.11414,1,-0.034803,-0.0221867,-1.37171,0.455201,-0.0174015,nan,2.20112,1.66658,1,-0.459845,-0.491361,0.948232,2.0757,-0.629923,-0.481924,nan,nan,0,1.62311,0.0328851,0.69046,28.1563,0.761553,0.734633,nan,nan,0,-0.209113,0.328948,-0.365176,6.61783,0.205443,0.327745,nan,nan,0,-0.287624,0.484075,-0.046031,-18.6325,0.346188,0.309673,nan,nan,0,-0.263295,-0.169377,-1.0787,-5.98998,-0.341647,nan,-4.41142,-6.78149,1,-0.838173,-0.156086,1.68551,-8.2728,-0.419086,nan,-10.4183,-8.23571,1,0,0.961223,0.028631,0.001125,-0.274277,0.471554,-0.198388,-0.234582,-3.218,1.63582,8.42004
1787123397302330231,-0.84916,-0.528136,0.662074,0.534984,0.6,-0,0,0.0595711,0.0163785,-0.557203,0.552176,-0.154869,-0.0930035,1.29339,0.465666,1.86271,10.4762,1.0467,1.08285,nan,nan,0,0.0513873,0.0844665,0.69046,0.463982,0.0756936,0.0753064,nan,nan,0,-0.0230446,-0.370558,-0.352901,-0.317459,-0.321522,-0.381941,nan,nan,0,0.904842,0.733733,2.20027,-0.268623,0.942421,0.952986,nan,nan,0,0.0388123,-0.211201,-0.827967,-1.17632,-0.190594,nan,1.96322,0.310086,1,-0.0704573,-0.0346933,-1.01853,0.977873,-0.0352287,nan,1.51173,2.03216,1,-0.28595,-0.482348,0.899132,-0.610504,-0.542975,-0.575349,nan,nan,0,1.30237,0.0397882,0.684322,24.4933,0.601186,0.729717,nan,nan,0,-0.209271,0.321086,-0.954369,4.17583,0.205364,0.234082,nan,nan,0,-0.369493,0.483691,-0.0337563,-17.4115,0.305254,0.328262,nan,nan,0,-0.207779,-0.184201,-1.21442,-7.29824,-0.31389,nan,-2.71747,-5.46484,1,-0.748344,-0.141924,1.96907,-8.31605,-0.374172,nan,-9.92104,-9.48379,1,0,0.960914,0.030883,-0.00032,-0.275115,0.552176,-0.154869,-0.0930035,-1.73819,2.18613,6.8704
1787123397312287781,-0.889952,-0.456055,0.662833,0.536284,0.6,-0,0,0.0649061,0.0153004,-0.557331,0.472356,-0.117417,0.111192,1.23459,0.485608,2.02228,8.13187,1.0173,1.07143,nan,nan,0,0.12917,0.0907941,0.616811,-0.65934,0.114585,0.0649304,nan,nan,0,-0.0209973,-0.374393,-0.371314,0.757019,-0.320499,-0.349651,nan,nan,0,0.816896,0.758086,2.22482,3.5409,0.898448,0.964444,nan,nan,0,0.0529028,-0.217354,-0.828238,-0.194241,-0.183549,nan,2.42554,1.4373,1,-0.0957573,-0.0437052,-0.691485,1.33318,-0.0478787,nan,0.912023,1.93354,1,-0.191457,-0.474103,0.788659,-2.02686,-0.495729,-0.596626,nan,nan,0,1.16786,0.0472665,0.807072,22.1978,0.533929,0.691897,nan,nan,0,-0.0855004,0.308815,-1.32261,2.5641,0.26725,0.197265,nan,nan,0,-0.38737,0.483691,0.0153437,-16.337,0.296315,0.328295,nan,nan,0,-0.206133,-0.192665,-1.00804,-6.27324,-0.313067,nan,-2.70201,-3.97623,1,-0.778684,-0.12036,1.65233,-8.78613,-0.389342,nan,-10.548,-10.2551,1,0,0.96082,0.033298,-0.001574,-0.275159,0.472356,-0.117417,0.111192,-1.10423,2.07745,6.24736
1787123397322332659,-0.924659,-0.380796,0.663576,0.537559,0.6,-0,0,0.0683289,0.0134878,-0.554807,0.195608,-0.194172,0.413762,1.15094,0.504591,2.15117,9.35287,0.975469,1.04677,nan,nan,0,0.232598,0.0957794,0.512474,-0.366302,0.166299,0.0804934,nan,nan,0,-0.0221285,-0.376885,-0.187191,1.44078,-0.321064,-0.327575,nan,nan,0,0.748673,0.777836,2.20027,2.02686,0.864337,0.941974,nan,nan,0,0.0599561,-0.223513,-0.658586,0.825479,-0.180022,nan,2.51008,2.17115,1,-0.122678,-0.0487995,-0.259792,1.37978,-0.061339,nan,0.0135024,1.39584,1,-0.0924228,-0.467009,0.684322,-3.15018,-0.446211,-0.559832,nan,nan,0,1.19463,0.0562787,0.917544,21.5629,0.547316,0.616059,nan,nan,0,0.141253,0.293283,-1.5988,3.15018,0.380626,0.212703,nan,nan,0,-0.466513,0.484075,0.046031,-16.8254,0.256743,0.313928,nan,nan,0,-0.230669,-0.201083,-0.649157,-4.7789,-0.325334,nan,-3.37506,-2.99467,1,-0.813851,-0.108877,0.729888,-9.20162,-0.406925,nan,-10.0363,-10.427,1,0,0.961123,0.034697,-0.002872,-0.273915,0.195608,-0.194172,0.413762,0.876465,-1.29116,6.69412
1787123397332258801,-0.953032,-0.302871,0.664304,0.538808,0.6,-0,0,0.069073,0.0109194,-0.549718,-0.0159824,-0.167128,0.610221,1.10462,0.528752,2.24323,6.12943,0.952308,1.01256,nan,nan,0,0.201967,0.099998,0.33449,0.65934,0.150984,0.117902,nan,nan,0,-0.137142,-0.377269,-0.0398932,2.17339,-0.378571,-0.319026,nan,nan,0,0.728564,0.801613,2.1082,1.0989,0.854282,0.903895,nan,nan,0,0.0250902,-0.231717,-0.475967,0.979369,-0.197455,nan,1.91313,2.52203,1,-0.0912957,-0.043447,0.0933745,0.761143,-0.0456478,nan,-0.206087,0.56287,1,-0.0913105,-0.460681,0.598398,-2.85714,-0.445655,-0.503118,nan,nan,0,1.56075,0.0654826,0.917544,18.8767,0.730376,0.56184,nan,nan,0,0.493538,0.277367,-1.61107,4.71307,0.556769,0.28069,nan,nan,0,-0.428084,0.485033,0.131955,-20.2442,0.275958,0.288905,nan,nan,0,-0.311027,-0.205246,-0.361372,-4.34697,-0.365513,nan,-5.06731,-2.86747,1,-0.969868,-0.10841,-0.0691715,-9.83772,-0.484934,nan,-11.192,-10.1267,1,0,0.961823,0.034714,-0.00412,-0.271427,-0.0159824,-0.167128,0.610221,1.08508,0.659115,7.17672
1787123397342264297,-0.974862,-0.22281,0.665018,0.540031,0.6,-0,0,0.0691692,0.00976888,-0.542933,-0.0223856,0.00551735,0.774057,1.06904,0.551763,2.3537,7.05739,0.934519,0.978343,nan,nan,0,0.217968,0.102107,0.181053,2.85714,0.158984,0.145933,nan,nan,0,-0.165727,-0.378419,-0.0828552,2.12454,-0.392864,-0.336697,nan,nan,0,0.658966,0.821363,1.93022,-2.95483,0.819483,0.871746,nan,nan,0,-0.0100472,-0.233878,-0.257869,1.95441,-0.215024,nan,1.0467,2.38113,1,-0.0751944,-0.0418578,0.383213,0.643817,-0.0375972,nan,-0.447001,-0.125716,1,0.187632,-0.455312,0.555436,-2.22222,-0.306184,-0.460717,nan,nan,0,1.61087,0.0737281,0.770247,22.1978,0.755434,0.601098,nan,nan,0,0.755045,0.262411,-1.37171,5.73871,0.687522,0.404191,nan,nan,0,-0.437142,0.486759,0.193328,-22.7839,0.271429,0.27318,nan,nan,0,-0.287765,-0.209402,-0.218154,-2.62286,-0.353883,nan,-4.72959,-3.69376,1,-1.01201,-0.114811,-0.28592,-10.2087,-0.506005,nan,-11.307,-10.1635,1,0,0.962745,0.03462,-0.004569,-0.268144,-0.0223856,0.00551735,0.774057,0.179841,0.741096,8.42819
1787123397352354663,-0.989987,-0.141161,0.665718,0.541231,0.6,-0,0,0.0684147,0.00881705,-0.535254,-0.115201,-0.0405828,0.729015,1.08433,0.575922,2.43349,3.2967,0.942165,0.951393,nan,nan,0,0.222732,0.103258,0.107406,2.02686,0.161366,0.157858,nan,nan,0,-0.22476,-0.377844,0.125817,0.854698,-0.42238,-0.366388,nan,nan,0,0.565148,0.838621,1.65403,-4.37119,0.772574,0.843867,nan,nan,0,-0.046836,-0.235988,-0.0274894,1.52088,-0.233418,nan,0.131179,1.76724,1,-0.0923132,-0.0359267,0.382329,-0.0450995,-0.0461566,nan,-0.880391,-0.495053,1,0.283743,-0.44975,0.549299,-1.68498,-0.258129,-0.397466,nan,nan,0,1.53224,0.0800557,0.573849,24.4444,0.716119,0.682532,nan,nan,0,0.786105,0.252439,-0.800934,8.22955,0.703052,0.552153,nan,nan,0,-0.494487,0.48906,0.254703,-25.0305,0.242757,0.269183,nan,nan,0,-0.393433,-0.211435,-0.57626,-2.19603,-0.406716,nan,-5.97046,-4.43022,1,-0.981423,-0.11232,0.0127869,-10.8016,-0.490711,nan,-11.3709,-10.7336,1,0,0.963787,0.034148,-0.004795,-0.264432,-0.115201,-0.0405828,0.729015,-0.166346,1.70995,10.0714
1787123397362352228,-0.998288,-0.0584826,0.666404,0.542406,0.6,-0,0,0.067852,0.00841949,-0.528799,-0.0588926,0.0921308,0.52493,1.12817,0.600467,2.44576,3.10134,0.964083,0.939042,nan,nan,0,0.29041,0.104216,0.101268,2.12454,0.195205,0.16217,nan,nan,0,-0.258249,-0.376119,0.162642,0.0244217,-0.439124,-0.396328,nan,nan,0,0.479258,0.85166,1.37785,-5.20146,0.729629,0.80968,nan,nan,0,-0.0496778,-0.233997,0.143735,1.16929,-0.234839,nan,-0.245059,0.878241,1,-0.117662,-0.034167,0.245755,-0.259419,-0.0588309,nan,-1.10855,-0.699421,1,0.321993,-0.443998,0.579986,-1.14774,-0.239004,-0.321329,nan,nan,0,1.36308,0.0844665,0.377452,27.033,0.631539,0.725351,nan,nan,0,0.605453,0.25033,0.0705805,10.232,0.612726,0.659834,nan,nan,0,-0.507087,0.49232,0.291528,-25.3236,0.236456,0.259974,nan,nan,0,-0.462073,-0.219765,-1.1147,-2.43723,-0.441037,nan,-6.07246,-4.97107,1,-0.913368,-0.108428,0.316422,-10.878,-0.456684,nan,-10.9223,-11.3348,1,0,0.964648,0.03384,-0.004803,-0.261315,-0.0588926,0.0921308,0.52493,-0.64436,2.00669,12.2166
1787123397372380265,-0.999696,0.0246549,0.667076,0.543558,0.6,-0,0,0.0675132,0.00972308,-0.525258,0.0168548,0.170953,0.185907,1.13605,0.624435,2.36598,5.49451,0.968026,0.944719,nan,nan,0,0.31634,0.105367,0.107406,1.97802,0.20817,0.173864,nan,nan,0,-0.306949,-0.374776,0.107406,-0.805862,-0.463475,-0.421981,nan,nan,0,0.438631,0.864508,1.04643,-10.0366,0.709315,0.76902,nan,nan,0,0.012686,-0.231953,0.193846,1.13035,-0.203657,nan,0.699577,0.11106,1,-0.0933615,-0.0337881,0.0877145,-0.378425,-0.0466808,nan,-0.518351,-0.867946,1,0.183563,-0.438437,0.561574,1.24542,-0.308219,-0.265537,nan,nan,0,1.31088,0.0869589,0.224015,27.3748,0.605438,0.703633,nan,nan,0,0.291172,0.254357,0.512474,12.3321,0.455586,0.677621,nan,nan,0,-0.362443,0.495388,0.309939,-26.398,0.308779,0.247352,nan,nan,0,-0.451499,-0.234377,-1.34381,-4.35239,-0.435749,nan,-5.03231,-5.37367,1,-0.859179,-0.107443,0.48687,-11.3445,-0.42959,nan,-10.3947,-11.4612,1,0,0.965106,0.033854,-0.00407,-0.259628,0.0168548,0.170953,0.185907,-1.49461,2.10907,10.9774
1787123397382211094,-0.994186,0.107678,0.667734,0.544687,0.6,-0,0,0.0681429,0.0117559,-0.524229,0.106643,0.197394,0.0156786,1.0734,0.646871,2.21868,5.49451,0.9367,0.95687,nan,nan,0,0.261952,0.106517,0.150368,0.805862,0.180976,0.191401,nan,nan,0,-0.291105,-0.373817,0.14423,-2.0757,-0.455552,-0.444593,nan,nan,0,0.488693,0.872561,0.71501,-11.3065,0.734347,0.733127,nan,nan,0,0.0930231,-0.229879,0.201664,0.154309,-0.163488,nan,2.02118,0.0285536,1,-0.0540972,-0.0343934,-0.101602,-0.593562,-0.0270486,nan,0.372747,-0.777344,1,-0.00333475,-0.432877,0.561574,3.34554,-0.401667,-0.261599,nan,nan,0,1.28063,0.0881095,0.0828552,25.7143,0.590313,0.65423,nan,nan,0,0.100329,0.260684,0.629086,11.8437,0.360165,0.598561,nan,nan,0,-0.250919,0.498456,0.28539,-26.6423,0.36454,0.262564,nan,nan,0,-0.434871,-0.244779,-1.16526,-6.41221,-0.427435,nan,-4.64507,-5.34741,1,-0.831048,-0.100398,0.437474,-11.3527,-0.415524,nan,-10.11,-11.1293,1,0,0.965215,0.034423,-0.003153,-0.259162,0.106643,0.197394,0.0156786,-1.92602,1.67704,11.0129
1787123397392778512,-0.981782,0.19001,0.668379,0.545793,0.6,-0,0,0.0693912,0.0142137,-0.523692,0.142364,0.216526,0.0852428,0.930085,0.668155,2.07752,6.03175,0.865043,0.954974,nan,nan,0,0.191966,0.108626,0.230153,0.903542,0.145983,0.195017,nan,nan,0,-0.25225,-0.372859,0.0767183,-3.00366,-0.436125,-0.456794,nan,nan,0,0.484148,0.877546,0.408138,-11.16,0.732074,0.720776,nan,nan,0,0.134171,-0.227777,0.186393,0.115674,-0.142914,nan,2.69059,0.762205,1,-0.0388803,-0.0371646,-0.297027,-0.522576,-0.0194401,nan,0.977275,-0.277956,1,-0.155571,-0.427316,0.573849,3.49207,-0.477786,-0.314239,nan,nan,0,1.12587,0.0883012,-0.00306892,22.9304,0.512937,0.613018,nan,nan,0,0.0148655,0.26452,0.254703,10.6715,0.317433,0.47759,nan,nan,0,-0.199036,0.500756,0.26084,-25.3236,0.390482,0.307285,nan,nan,0,-0.319414,-0.255204,-0.75197,-6.71408,-0.369707,nan,-2.87965,-5.05933,1,-0.804581,-0.100649,0.256618,-10.8121,-0.402291,nan,-9.43417,-10.592,1,0,0.965244,0.035344,-0.002119,-0.25894,0.142364,0.216526,0.0852428,-1.32492,1.11081,9.73005
1787123397402246854,-0.962557,0.271081,0.669012,0.546877,0.6,-0,0,0.0706303,0.0158186,-0.522875,0.107153,0.185106,0.0471571,0.82684,0.688097,1.97318,4.51771,0.81342,0.922055,nan,nan,0,0.237076,0.111311,0.28539,1.39194,0.168538,0.177632,nan,nan,0,-0.128868,-0.372667,-0.0398932,-2.3199,-0.374434,-0.452686,nan,nan,0,0.458295,0.879272,0.113543,-10.3785,0.719148,0.723699,nan,nan,0,0.196077,-0.225644,0.184426,0.820022,-0.111962,nan,3.70226,1.78689,1,-0.0728931,-0.0415084,-0.407218,-0.331958,-0.0364466,nan,0.762682,0.414289,1,-0.197394,-0.421755,0.543161,2.8083,-0.498697,-0.395027,nan,nan,0,0.948955,0.0883012,0.00920582,19.9023,0.424477,0.566395,nan,nan,0,-0.0722153,0.263561,-0.242428,8.32722,0.273892,0.376174,nan,nan,0,-0.273269,0.503441,0.242428,-21.3187,0.353366,0.354789,nan,nan,0,-0.298496,-0.259354,-0.421516,-6.09041,-0.359248,nan,-2.86401,-4.29934,1,-0.722775,-0.0987665,0.0430256,-10.239,-0.361388,nan,-7.94317,-9.967,1,0,0.965314,0.03615,-0.00149,-0.25857,0.107153,0.185106,0.0471571,0.402953,0.365285,9.60273
1787123397412204104,-0.936629,0.350322,0.669632,0.54794,0.6,-0,0,0.0715505,0.0183356,-0.521901,0.0654974,0.274543,0.109556,0.825245,0.706697,1.8443,2.61295,0.812623,0.869099,nan,nan,0,0.346982,0.114188,0.28539,1.78266,0.223491,0.165245,nan,nan,0,-0.029894,-0.374776,-0.273115,-1.05006,-0.324947,-0.423321,nan,nan,0,0.441328,0.87793,-0.199466,-9.20635,0.710664,0.724319,nan,nan,0,0.244428,-0.225531,0.228386,1.36876,-0.0877859,nan,4.47849,2.80794,1,-0.101545,-0.041902,-0.366214,0.0962838,-0.0507724,nan,0.28321,0.816694,1,0.0354764,-0.416961,0.469513,1.0989,-0.382262,-0.462077,nan,nan,0,0.897152,0.0884929,0.0337563,17.8022,0.398576,0.499813,nan,nan,0,-0.0376463,0.257809,-0.684322,6.47131,0.291177,0.308364,nan,nan,0,-0.344993,0.505934,0.242428,-15.8486,0.317504,0.37181,nan,nan,0,-0.230972,-0.261411,-0.322537,-4.19112,-0.325486,nan,-1.75883,-3.48116,1,-0.662482,-0.0982207,-0.214242,-9.5974,-0.331241,nan,-6.66925,-9.01282,1,0,0.965401,0.036919,-0.000376,-0.25814,0.0654974,0.274543,0.109556,-0.680098,0.996807,8.34128
1787123397422469737,-0.904166,0.42718,0.670239,0.548981,0.6,-0,0,0.0716546,0.0208539,-0.520686,-0.0275397,0.191363,0.100621,0.78973,0.724529,1.75837,1.19658,0.794865,0.828423,nan,nan,0,0.388902,0.11668,0.23629,3.10134,0.244451,0.181785,nan,nan,0,-0.0253375,-0.378228,-0.371314,-0.268623,-0.322669,-0.375933,nan,nan,0,0.37513,0.874478,-0.408138,-7.93651,0.677565,0.719079,nan,nan,0,0.244533,-0.221381,0.32942,2.34985,-0.0877334,nan,4.18353,3.70595,1,-0.100187,-0.0468383,-0.217985,0.596362,-0.0500936,nan,0.229318,0.723948,1,0.103068,-0.412743,0.383589,-0.0244217,-0.348466,-0.458508,nan,nan,0,0.904697,0.0890684,0.0767183,14.823,0.402349,0.437999,nan,nan,0,-0.0467445,0.248988,-0.899132,5.25031,0.286628,0.280456,nan,nan,0,-0.332026,0.508235,0.26084,-16.7277,0.323987,0.355194,nan,nan,0,-0.220462,-0.265537,-0.475319,-2.56695,-0.320231,nan,-1.20131,-2.59534,1,-0.6353,-0.101291,-0.286298,-9.07019,-0.31765,nan,-6.06133,-7.75507,1,0,0.965532,0.037293,0.000849,-0.257594,-0.0275397,0.191363,0.100621,-1.03826,-0.028001,7.83371
1787123397432476043,-0.865381,0.501115,0.670834,0.550001,0.6,-0,0,0.0708368,0.022652,-0.519479,-0.128186,0.186816,0.13742,0.684767,0.743321,1.67859,0.122101,0.742383,0.804822,nan,nan,0,0.385098,0.118406,0.138092,3.83395,0.242549,0.213215,nan,nan,0,-0.0190363,-0.381487,-0.199466,0.65934,-0.319518,-0.338481,nan,nan,0,0.341225,0.868342,-0.616811,-7.35043,0.660612,0.70284,nan,nan,0,0.254325,-0.217199,0.522125,3.13504,-0.0828373,nan,3.91948,4.13481,1,-0.0773612,-0.0466532,-0.0319223,0.453369,-0.0386806,nan,0.28706,0.434266,1,0.17822,-0.409291,0.291528,-0.317459,-0.31089,-0.408917,nan,nan,0,0.901354,0.0902185,0.11968,12.9182,0.400677,0.404716,nan,nan,0,0.0282148,0.238634,-0.935957,4.66422,0.324107,0.277562,nan,nan,0,-0.311493,0.511111,0.242428,-17.851,0.334253,0.334678,nan,nan,0,-0.212541,-0.27173,-0.681444,-1.79452,-0.31627,nan,-0.536739,-1.69276,1,-0.625196,-0.102824,0.0202643,-8.16643,-0.312598,nan,-6.32362,-6.68921,1,0,0.965685,0.037128,0.001845,-0.257039,-0.128186,0.186816,0.13742,-0.105377,1.02145,7.32227
1787123397442228547,-0.82053,0.571603,0.671417,0.551001,0.6,-0,0,0.0691897,0.0244424,-0.517365,-0.217374,0.208686,0.241456,0.539847,0.757702,1.57425,-1.44078,0.669923,0.776916,nan,nan,0,0.362822,0.119365,0.107406,4.42002,0.231411,0.235639,nan,nan,0,-0.034775,-0.382638,-0.14423,2.27106,-0.327387,-0.320553,nan,nan,0,0.262182,0.862398,-0.751834,-6.52015,0.621091,0.680802,nan,nan,0,0.235301,-0.210993,0.74106,3.33507,-0.0923493,nan,3.04095,4.0678,1,-0.0566416,-0.0464694,0.135499,0.19005,-0.0283208,nan,0.34121,0.228045,1,0.229591,-0.406991,0.23629,-0.21978,-0.285205,-0.354718,nan,nan,0,0.842977,0.0913692,0.11968,12.4298,0.371489,0.394834,nan,nan,0,0.0841788,0.230772,-0.813209,4.7619,0.352089,0.293594,nan,nan,0,-0.289718,0.513028,0.205604,-19.4628,0.345141,0.327773,nan,nan,0,-0.184174,-0.280074,-0.85402,-1.16816,-0.302087,nan,0.510588,-0.900723,1,-0.602086,-0.100828,0.485731,-7.35366,-0.301043,nan,-6.73503,-6.30653,1,0,0.965968,0.036559,0.00296,-0.256044,-0.217374,0.208686,0.241456,-0.768919,0.220711,8.40425
1787123397452251101,-0.769915,0.638147,0.671989,0.551981,0.6,-0,0,0.0666542,0.0266903,-0.514984,-0.276906,0.259676,0.195188,0.461559,0.772275,1.42081,-1.24542,0.63078,0.729408,nan,nan,0,0.411822,0.11994,0.046031,5.93407,0.255911,0.240941,nan,nan,0,-0.0744959,-0.384364,-0.14423,2.5641,-0.347248,-0.318285,nan,nan,0,0.201039,0.852427,-1.00961,-7.15507,0.590519,0.65254,nan,nan,0,0.24508,-0.20276,0.945876,3.26212,-0.08746,nan,2.61667,3.55553,1,-0.0244248,-0.0437349,0.256155,0.0927731,-0.0122124,nan,0.561441,0.150131,1,0.404614,-0.404881,0.217878,0.463982,-0.197693,-0.311329,nan,nan,0,0.787825,0.0923281,0.101268,12.1856,0.343912,0.385751,nan,nan,0,0.0219726,0.224061,-0.635223,4.7619,0.320986,0.321591,nan,nan,0,-0.26607,0.514754,0.11968,-18.4371,0.356965,0.332861,nan,nan,0,-0.0498283,-0.286322,-0.876636,-0.925783,-0.234914,nan,3.11422,-0.106894,1,-0.536776,-0.0912279,0.971932,-6.83255,-0.268388,nan,-6.77271,-6.54513,1,0,0.966295,0.035616,0.004413,-0.254922,-0.276906,0.259676,0.195188,0.835796,0.299087,8.0852
1787123397462451255,-0.713878,0.70027,0.672549,0.552942,0.6,-0,0,0.0640381,0.0291067,-0.512978,-0.292513,0.326411,0.188692,0.270918,0.785506,1.29806,-3.00366,0.535459,0.675521,nan,nan,0,0.391818,0.120132,0.00306892,4.56654,0.245909,0.245476,nan,nan,0,-0.205129,-0.384172,0.101268,1.48962,-0.412565,-0.328841,nan,nan,0,0.0381507,0.840922,-1.21214,-6.2271,0.509075,0.619999,nan,nan,0,0.195112,-0.192464,1.13029,2.67944,-0.112444,nan,1.10525,2.8914,1,0.0425012,-0.0425648,0.314359,-0.0760146,0.0212506,nan,1.44292,0.24205,1,0.606002,-0.40258,0.242428,1.24542,-0.0969989,-0.259161,nan,nan,0,0.499301,0.0932865,0.101268,11.8926,0.199651,0.36719,nan,nan,0,-0.123209,0.219459,-0.365176,4.81075,0.248396,0.333171,nan,nan,0,-0.181621,0.515522,0.09513,-19.3162,0.39919,0.344108,nan,nan,0,0.140455,-0.294658,-0.81512,-0.293752,-0.139773,nan,6.64367,1.30432,1,-0.43256,-0.0824543,1.23841,-6.91851,-0.21628,nan,-5.87239,-6.89608,1,0,0.96657,0.034653,0.005949,-0.25398,-0.292513,0.326411,0.188692,0.698285,1.2464,7.28724
1787123397472445001,-0.652799,0.757531,0.673098,0.553883,0.6,-0,0,0.0614536,0.031801,-0.510647,-0.280083,0.274983,0.243767,-0.0913982,0.797586,1.17532,-3.5409,0.354301,0.60888,nan,nan,0,0.292376,0.120324,0.0214815,4.66422,0.196188,0.248361,nan,nan,0,-0.301368,-0.381487,0.316077,0.65934,-0.460684,-0.361863,nan,nan,0,-0.119538,0.827499,-1.38399,-5.88522,0.430231,0.570841,nan,nan,0,0.162276,-0.180076,1.29782,2.45063,-0.128862,nan,-0.154217,1.93271,1,0.139073,-0.0374882,0.391722,-0.0299144,0.0695364,nan,2.62315,0.65421,1,0.576851,-0.399896,0.303802,2.27106,-0.111574,-0.183389,nan,nan,0,-0.0189023,0.0940537,0.0398932,12.7228,-0.0594511,0.303636,nan,nan,0,-0.263207,0.216966,-0.193328,4.56654,0.178396,0.306191,nan,nan,0,-0.0980177,0.516864,0.14423,-18.9255,0.440991,0.367029,nan,nan,0,0.251787,-0.300873,-0.699233,1.19493,-0.0841067,nan,8.63567,3.72679,1,-0.289812,-0.0672661,1.14356,-6.72896,-0.144906,nan,-4.04453,-6.77441,1,0,0.966879,0.033736,0.007619,-0.25288,-0.280083,0.274983,0.243767,0.422275,1.31694,8.1635
1787123397482467641,-0.587099,0.809515,0.673636,0.554805,0.6,-0,0,0.0586973,0.0342245,-0.50829,-0.342472,0.340704,0.172218,-0.674733,0.809092,0.978919,-5.29915,0.0626337,0.496788,nan,nan,0,0.100704,0.120515,0.0337563,5.10378,0.100352,0.23145,nan,nan,0,-0.529518,-0.378228,0.254703,-0.0732574,-0.574759,-0.410852,nan,nan,0,-0.258374,0.810242,-1.6479,-8.91331,0.360813,0.502568,nan,nan,0,0.179514,-0.165639,1.40088,1.7027,-0.120243,nan,-0.512445,0.728311,1,0.347529,-0.0322322,0.496074,0.42919,0.173764,nan,5.43579,1.47129,1,0.325176,-0.395869,0.408138,3.63858,-0.237412,-0.127336,nan,nan,0,-0.710273,0.0934782,-0.0705805,9.45055,-0.405136,0.15172,nan,nan,0,-0.486534,0.213898,-0.359039,4.95727,0.0667329,0.248057,nan,nan,0,0.140026,0.519356,0.266977,-19.2674,0.560013,0.402363,nan,nan,0,0.45281,-0.307046,-0.461834,3.60168,0.0164049,nan,12.0135,6.42105,1,-0.0192742,-0.0588337,0.652137,-6.07046,-0.00963711,nan,0.497692,-5.69383,1,0,0.967193,0.032698,0.009178,-0.251759,-0.342472,0.340704,0.172218,0.988064,2.14371,9.32139
1787123397492445763,-0.517227,0.855848,0.674164,0.555709,0.6,-0,0,0.0552321,0.0371718,-0.506881,-0.426211,0.338,0.0755302,-1.17236,0.817337,0.733422,-8.32722,-0.186182,0.303681,nan,nan,0,-0.349106,0.120899,0.0276184,4.17583,-0.124553,0.178219,nan,nan,0,-0.774044,-0.377461,-0.0214806,-0.854698,-0.697022,-0.48478,nan,nan,0,-0.357759,0.791642,-1.91181,-12.1367,0.311121,0.427538,nan,nan,0,0.15202,-0.151229,1.40329,0.82636,-0.13399,nan,-1.50157,-0.246337,1,0.610441,-0.0273844,0.65027,1.06421,0.30522,nan,9.00274,3.08455,1,-0.0354459,-0.390883,0.537024,4.61539,-0.417723,-0.147279,nan,nan,0,-1.32864,0.0917525,-0.242428,4.42002,-0.714322,-0.102704,nan,nan,0,-0.529006,0.20757,-0.733422,4.12698,0.0454968,0.163135,nan,nan,0,0.309884,0.522424,0.377452,-18.2906,0.644942,0.468959,nan,nan,0,0.59152,-0.309105,-0.281423,6.38361,0.0857599,nan,14.2424,9.23824,1,0.219149,-0.0539008,0.183821,-5.22952,0.109575,nan,4.62853,-3.00084,1,0,0.96739,0.031384,0.011062,-0.251094,-0.426211,0.338,0.0755302,0.268178,1.87422,9.27352
1787123397502199256,-0.443668,0.896191,0.67468,0.556595,0.6,-0,0,0.0509287,0.0400997,-0.506336,-0.467106,0.317891,-0.0177158,-1.49788,0.821939,0.426551,-10.7692,-0.348939,0.0563447,nan,nan,0,-0.875134,0.12109,0.0153437,2.22222,-0.387567,0.0530284,nan,nan,0,-1.04614,-0.379378,-0.291528,-2.41758,-0.833071,-0.587292,nan,nan,0,-0.323342,0.774768,-2.16344,-12.6252,0.328329,0.360208,nan,nan,0,0.0529176,-0.138896,1.38042,0.697048,-0.183541,nan,-3.6332,-1.03355,1,0.889044,-0.0162257,1.04062,2.36114,0.444522,nan,12.2615,5.67114,1,-0.443254,-0.385323,0.635223,2.85714,-0.621627,-0.255773,nan,nan,0,-1.60861,0.0881095,-0.469513,0.757019,-0.854303,-0.414858,nan,nan,0,-0.311094,0.199133,-0.966643,2.71062,0.154453,0.0882208,nan,nan,0,0.421163,0.526834,0.518612,-11.3553,0.700581,0.557882,nan,nan,0,0.557102,-0.313201,-0.201796,8.80228,0.0685511,nan,13.664,11.9941,1,0.32846,-0.0561688,0.26386,-3.37339,0.16423,nan,6.21617,0.819201,1,0,0.967487,0.029665,0.013027,-0.250835,-0.467106,0.317891,-0.0177158,-0.29123,2.02578,10.0976
1787123397512259044,-0.366932,0.930248,0.675187,0.557463,0.6,-0,0,0.0459522,0.0434723,-0.506992,-0.54299,0.354745,-0.128235,-1.7823,0.823281,-0.0276184,-15.6044,-0.491152,-0.17687,nan,nan,0,-1.35155,0.120899,-0.0337563,-0.805862,-0.625777,-0.151243,nan,nan,0,-1.37502,-0.385323,-0.708872,-4.32234,-0.997511,-0.711064,nan,nan,0,-0.294344,0.748306,-2.57465,-16.2393,0.342828,0.325221,nan,nan,0,-0.0305795,-0.128639,1.26691,-0.516854,-0.22529,nan,-5.28314,-2.21319,1,1.11804,-0.000552612,1.82573,4.47992,0.559022,nan,14.0487,8.79697,1,-0.786624,-0.378419,0.708872,1.05006,-0.793312,-0.428875,nan,nan,0,-1.57011,0.0813985,-0.800934,-12.0879,-0.835056,-0.684169,nan,nan,0,-0.0580977,0.188778,-1.05257,0.65934,0.280951,0.0846446,nan,nan,0,0.600646,0.533738,0.684322,-4.37119,0.790323,0.640816,nan,nan,0,0.430175,-0.313177,-0.116729,12.072,0.00508744,nan,11.3143,13.5744,1,0.348224,-0.0474168,0.827994,0.115044,0.174112,nan,5.40388,4.04936,1,0,0.967431,0.027684,0.015274,-0.251148,-0.54299,0.354745,-0.128235,-0.929195,0.876966,9.62381
1787123397522226354,-0.287555,0.957764,0.675683,0.558314,0.6,-0,0,0.039781,0.0470719,-0.507991,-0.637676,0.267894,-0.0632894,-2.00335,0.819638,-0.512475,-20.0977,-0.601676,-0.365109,nan,nan,0,-1.78129,0.11994,-0.131955,-8.47375,-0.840644,-0.395635,nan,nan,0,-1.53334,-0.397019,-1.37785,-5.20146,-1.07667,-0.85511,nan,nan,0,-0.323046,0.723379,-2.82628,-9.93895,0.328477,0.322924,nan,nan,0,-0.0993979,-0.11634,1.1543,-1.49591,-0.259699,nan,-6.74903,-3.78452,1,1.26756,0.0288725,3.12661,6.64112,0.633781,nan,13.4573,11.4311,1,-1.16464,-0.371517,0.684322,-1.24542,-0.982319,-0.622464,nan,nan,0,-1.28887,0.0700846,-1.28579,-17.1184,-0.694437,-0.827115,nan,nan,0,0.203171,0.179574,-0.868444,0.268623,0.411586,0.1597,nan,nan,0,0.793631,0.541599,0.813209,-0.610504,0.886816,0.719931,nan,nan,0,0.235774,-0.313054,0.0291609,13.0502,-0.0921128,nan,7.68919,13.2015,1,0.276561,-0.0332969,1.58424,3.19647,0.13828,nan,2.77096,5.35357,1,0,0.967339,0.025158,0.017778,-0.251607,-0.637676,0.267894,-0.0632894,-1.33833,-0.538218,8.14968
1787123397532366696,-0.206091,0.978533,0.676169,0.559147,0.6,-0,0,0.0326708,0.0497045,-0.507995,-0.738785,0.18553,0.043624,-2.07402,0.811009,-1.02188,-23.5165,-0.637012,-0.509193,nan,nan,0,-2.13347,0.116872,-0.383589,-15.6532,-1.01674,-0.639055,nan,nan,0,-1.54472,-0.415619,-2.11434,-6.27595,-1.08236,-0.986239,nan,nan,0,-0.358638,0.693466,-3.07178,-8.57143,0.310681,0.327479,nan,nan,0,-0.19297,-0.105977,0.935438,-3.33658,-0.306485,nan,-8.42093,-5.41397,1,1.34885,0.0709501,4.80477,8.38246,0.674426,nan,10.8971,12.5253,1,-1.54305,-0.365572,0.561574,-5.44566,-1.17153,-0.815865,nan,nan,0,-0.849496,0.0535946,-1.81361,-18.6325,-0.474748,-0.81956,nan,nan,0,0.474639,0.173055,-0.518612,0.854698,0.547319,0.280647,nan,nan,0,0.881583,0.550612,0.966643,5.54334,0.930792,0.805437,nan,nan,0,0.00660648,-0.31076,0.0910225,13.2157,-0.206697,nan,3.50567,10.9614,1,0.195303,-0.0119856,1.98947,4.98006,0.0976513,nan,0.304906,4.52644,1,0,0.967385,0.022049,0.019946,-0.251557,-0.738785,0.18553,0.043624,-1.06223,-1.14973,6.77547
1787123397542370820,-0.123113,0.992393,0.676646,0.559964,0.6,-0,0,0.0245897,0.051981,-0.507305,-0.877697,0.209694,0.0538396,-2.02249,0.797203,-1.51901,-24.1514,-0.611246,-0.601355,nan,nan,0,-2.38231,0.111119,-0.66591,-23.1258,-1.14115,-0.855406,nan,nan,0,-1.43864,-0.442464,-2.92448,-7.15507,-1.02932,-1.06453,nan,nan,0,-0.351113,0.658184,-3.24976,-2.61295,0.314444,0.323298,nan,nan,0,-0.122582,-0.0994152,0.536744,-3.84825,-0.271291,nan,-6.82078,-6.96575,1,1.37383,0.127612,6.79803,9.38936,0.686916,nan,6.58209,11.5153,1,-1.67847,-0.361738,0.303802,-10.2808,-1.23923,-1.00683,nan,nan,0,-0.44364,0.0319266,-2.28005,-17.0696,-0.27182,-0.683998,nan,nan,0,0.642271,0.173438,0.28539,1.92918,0.631136,0.419085,nan,nan,0,0.87985,0.562308,1.26124,8.27839,0.929925,0.880729,nan,nan,0,-0.129705,-0.312399,-0.268741,13.0092,-0.274853,nan,1.71725,7.48079,1,0.118855,0.00546221,1.75623,4.88125,0.0594276,nan,-1.01538,2.48283,1,0,0.967521,0.018418,0.02207,-0.251147,-0.877697,0.209694,0.0538396,-0.079238,-1.59042,7.06248
1787123397552407418,-0.0392052,0.999231,0.677113,0.560765,0.6,-0,0,0.0145623,0.0526461,-0.507112,-1.12194,-0.00299532,-0.0882795,-1.70384,0.778603,-1.97932,-27.326,-0.451918,-0.632634,nan,nan,0,-2.1677,0.101724,-1.05257,-26.6423,-1.03385,-1.02794,nan,nan,0,-1.30931,-0.475445,-3.4523,-5.68987,-0.964657,-1.07497,nan,nan,0,-0.416288,0.624052,-3.45844,0.463982,0.281856,0.317201,nan,nan,0,-0.150031,-0.0942516,-0.0152654,-4.07606,-0.285016,nan,-6.65384,-7.40637,1,1.34527,0.207873,8.82604,8.72059,0.672636,nan,0.703822,8.31114,1,-1.63663,-0.36097,-0.0276184,-12.8694,-1.21832,-1.1566,nan,nan,0,-0.161509,0.00642347,-2.64216,-14.4811,-0.130755,-0.481347,nan,nan,0,0.605521,0.182259,1.12622,3.5409,0.61276,0.543313,nan,nan,0,0.80634,0.57784,1.67245,9.89011,0.89317,0.923401,nan,nan,0,-0.189369,-0.320201,-0.838532,9.15566,-0.304684,nan,1.80086,4.3193,1,0.0676426,0.0144378,0.936633,3.48185,0.0338213,nan,-0.823443,0.595066,1,0,0.967617,0.013648,0.023652,-0.25094,-1.12194,-0.00299532,-0.0882795,3.30316,-3.195,7.83063
1787123397562218878,0.0450377,0.998985,0.677571,0.56155,0.6,-0,0,0.001708,0.0520067,-0.50955,-1.4259,-0.0673684,-0.348586,-1.34056,0.758852,-2.24936,-38.022,-0.270279,-0.577422,nan,nan,0,-1.4532,0.0896435,-1.41468,-38.2662,-0.676602,-1.09008,nan,nan,0,-1.0076,-0.509768,-2.81401,-15.6044,-0.813802,-1.03359,nan,nan,0,-0.500265,0.592605,-3.4032,-6.52015,0.239867,0.303654,nan,nan,0,-0.107953,-0.0926032,0.303431,-11.6644,-0.263976,nan,-6.45321,-7.0231,1,1.19528,0.295101,6.43826,20.1789,0.597638,nan,-0.58127,3.67031,1,-1.49539,-0.363463,-0.359039,-15.6532,-1.1477,-1.22687,nan,nan,0,-0.0773899,-0.0175452,-2.58079,-14.4811,-0.0886949,-0.28259,nan,nan,0,0.333412,0.196257,1.75223,3.5409,0.476706,0.610607,nan,nan,0,0.733254,0.595289,2.02842,8.18071,0.856627,0.924963,nan,nan,0,-0.145112,-0.330237,-1.09142,4.91574,-0.282556,nan,3.30598,2.52042,1,0.021286,0.021162,0.286625,1.28197,0.010643,nan,-0.745506,-0.400154,1,0,0.967386,0.007379,0.024946,-0.251964,-1.4259,-0.0673684,-0.348586,3.92091,-3.30941,6.48717
1787123397572445860,0.129018,0.991642,0.678019,0.562319,0.6,-0,0,-0.0111605,0.0490529,-0.514311,-0.59245,-0.730144,-0.35452,-0.599317,0.739103,-1.76451,-40.8059,0.100341,-0.442062,nan,nan,0,-1.41131,0.0790968,-0.69046,-61.514,-0.655655,-0.961149,nan,nan,0,-0.728176,-0.515905,-0.0214806,-21.1722,-0.674088,-0.940075,nan,nan,0,-0.588626,0.568444,-1.72768,-41.7827,0.195687,0.27583,nan,nan,0,-0.462363,-0.0805602,1.28939,-6.61063,-0.441182,nan,-14.5558,-6.9244,1,1.16594,0.30213,-1.21063,15.0535,0.582968,nan,10.2411,1.83399,1,-1.33898,-0.36864,-0.494062,-23.4676,-1.06949,-1.21659,nan,nan,0,-0.0635014,-0.0357614,-1.18145,-29.1331,-0.0817507,-0.145558,nan,nan,0,0.20676,0.227704,3.87578,-4.07815,0.41338,0.583631,nan,nan,0,0.669694,0.618491,2.54396,3.88278,0.824847,0.897684,nan,nan,0,-0.081458,-0.342432,-1.23591,1.80224,-0.250729,nan,5.06348,2.37875,1,0.0442356,0.0184773,-0.272999,0.494049,0.0221178,nan,0.518714,-0.65324,1,0,0.966846,0.000842,0.025136,-0.254118,-0.59245,-0.730144,-0.35452,0.964012,-2.5458,19.6843
1787123397582236700,0.212138,0.97724,0.678459,0.563073,0.6,-0,0,-0.00357845,0.0379367,-0.517837,1.58087,-0.764702,-0.830566,-0.198148,0.721078,-1.87498,-20.0977,0.300926,-0.20325,nan,nan,0,-3.4158,0.0760288,-0.224015,-39.3895,-1.6579,-0.784823,nan,nan,0,-1.51639,-0.503441,1.58652,-20.3419,-1.06819,-0.810436,nan,nan,0,-0.579337,0.555406,-1.32261,-12.2833,0.200332,0.23694,nan,nan,0,-0.72477,-0.0695906,1.21397,-3.82583,-0.572385,nan,-19.4188,-9.58476,1,1.41616,0.25541,-5.53816,6.10112,0.708082,nan,21.8874,6.07203,1,-1.06326,-0.37401,-0.567711,-18.0464,-0.93163,-1.15431,nan,nan,0,-0.16156,-0.0428562,-0.573849,-6.91087,-0.13078,-0.0819882,nan,nan,0,0.3627,0.281586,5.56357,-10.0855,0.49135,0.503858,nan,nan,0,1.0145,0.649747,2.80787,4.37119,0.997251,0.860838,nan,nan,0,-0.161572,-0.351004,-1.14891,1.63753,-0.290786,nan,3.83099,3.47023,1,0.0876066,0.0134983,-1.08436,-0.325891,0.0438033,nan,2.53569,-0.0942245,1,0,0.9665,0.003127,0.018793,-0.255956,1.58087,-0.764702,-0.830566,-7.85897,3.93254,43.9758
1787123397592265830,0.293803,0.955866,0.67889,0.563811,0.6,-0,0,0.00411317,0.0421624,-0.525527,0.0571992,0.918043,-0.414359,-1.65817,0.699985,-2.19413,-13.5043,-0.429085,0.0683106,nan,nan,0,-3.6462,0.0725775,-0.463376,-25.7143,-1.7731,-1.00454,nan,nan,0,-1.6398,-0.497497,-0.0828552,-6.32478,-1.1299,-0.839959,nan,nan,0,-0.296706,0.539874,-1.66017,-12.7228,0.341647,0.20895,nan,nan,0,0.136358,-0.0663391,0.458807,-7.04598,-0.141821,nan,-3.33007,-14.1589,1,1.47194,0.197449,-5.68023,4.83938,0.73597,nan,24.676,14.2828,1,-1.14282,-0.381871,-0.886857,-13.4066,-0.971408,-1.05251,nan,nan,0,-0.310651,-0.0482254,-0.518612,-0.366302,-0.205325,-0.0825252,nan,nan,0,0.344371,0.322812,3.41547,-3.58974,0.482185,0.465128,nan,nan,0,0.982433,0.677167,2.70353,-0.463982,0.981217,0.890165,nan,nan,0,-0.134469,-0.361421,-0.928323,2.62958,-0.277235,nan,4.33902,4.15814,1,0.00805744,0.000923636,-1.09942,0.0406953,0.00402872,nan,1.74228,1.22432,1,0,0.965447,0.007461,0.019822,-0.259734,0.0571992,0.918043,-0.414359,-4.58313,-10.202,16.8962
1787123397602275584,0.373427,0.92766,0.679312,0.564535,0.6,-0,0,0.000209022,0.0501934,-0.525106,-0.319624,0.0434715,0.242341,-1.69395,0.676592,-2.34143,-8.86447,-0.446974,0.0116537,nan,nan,0,-3.14473,0.0643325,-1.02188,-28.84,-1.52237,-1.41744,nan,nan,0,-0.974762,-0.509385,-1.56197,-3.83395,-0.797381,-0.979114,nan,nan,0,-0.143854,0.523,-1.96091,-9.35287,0.418073,0.244044,nan,nan,0,0.230667,-0.0728135,-0.46976,-10.498,-0.0946667,nan,-0.0602205,-12.3537,1,1.40567,0.154626,-3.64776,10.8372,0.702836,nan,21.9179,21.1194,1,-1.60917,-0.393376,-1.23669,-8.71795,-1.20458,-0.98155,nan,nan,0,-0.405162,-0.0553203,-0.911407,14.9695,-0.252581,-0.130843,nan,nan,0,0.575475,0.344096,1.58039,-0.317459,0.597737,0.465932,nan,nan,0,0.53997,0.703245,2.54396,1.48962,0.759985,0.944432,nan,nan,0,-0.20856,-0.367773,-0.586736,2.8426,-0.31428,nan,2.75236,4.30835,1,0.0559905,-0.00856025,-0.942941,0.700669,0.0279952,nan,2.51108,2.00012,1,0,0.965425,0.006614,0.024207,-0.259468,-0.319624,0.0434715,0.242341,-1.75805,-3.63763,-4.99259
1787123397612637136,0.450438,0.892808,0.679726,0.565244,0.6,-0,0,-0.00387734,0.0503273,-0.524556,-0.482414,0.0221541,0.131238,-1.41127,0.65013,-2.4519,-8.22955,-0.305635,-0.225193,nan,nan,0,-2.62912,0.0463076,-1.89953,-39.8779,-1.26456,-1.61132,nan,nan,0,-0.958468,-0.537764,-3.01041,-2.61295,-0.789234,-0.979199,nan,nan,0,-0.166548,0.499223,-2.21868,-2.75946,0.406726,0.325609,nan,nan,0,0.0612166,-0.0850688,-1.50434,-8.20872,-0.179392,nan,-1.04479,-6.01117,1,1.38833,0.140213,0.109975,16.7806,0.694163,nan,16.4535,23.0091,1,-1.60205,-0.409291,-1.54356,-7.35043,-1.20103,-1.03514,nan,nan,0,-0.395203,-0.0698929,-1.44536,7.88766,-0.247601,-0.194736,nan,nan,0,0.448044,0.345438,-0.346765,7.54578,0.534022,0.511602,nan,nan,0,0.517888,0.727597,2.40894,1.5873,0.748944,0.903786,nan,nan,0,-0.194048,-0.371924,-0.213584,2.98551,-0.307024,nan,2.59188,3.77064,1,0.0628314,-0.0152096,-0.253851,1.17222,0.0314157,nan,1.77954,2.24733,1,0,0.965506,0.004652,0.024803,-0.259152,-0.482414,0.0221541,0.131238,6.96749,14.1477,2.94228
1787123397622321522,0.524278,0.851547,0.680131,0.565939,0.6,-0,0,-0.00419073,0.0457725,-0.520823,-0.0968224,0.0453969,0.418144,-1.16914,0.625778,-2.38439,-27.0818,-0.184568,-0.346049,nan,nan,0,-3.09098,0.0231061,-2.42735,-57.5092,-1.49549,-1.53125,nan,nan,0,-0.737082,-0.560583,-1.38399,-14.1392,-0.678541,-0.886559,nan,nan,0,-0.0251806,0.474679,-2.13275,0.561661,0.47741,0.387578,nan,nan,0,0.044188,-0.0971008,-1.24909,-9.63318,-0.187906,nan,-1.30454,-1.50525,1,1.40959,0.150515,1.20687,23.0069,0.704795,nan,14.8181,20.2364,1,-1.61588,-0.425974,-1.69086,-11.0623,-1.20794,-1.13068,nan,nan,0,-0.249896,-0.0844665,-1.42695,-0.317459,-0.174948,-0.237053,nan,nan,0,0.567479,0.341987,-0.11968,5.39683,0.59374,0.544645,nan,nan,0,0.506996,0.751183,2.35984,-1.88034,0.743498,0.819302,nan,nan,0,-0.204627,-0.369921,0.18075,2.58815,-0.312314,nan,1.74514,2.95999,1,0.125591,-0.0115885,0.268965,1.59936,0.0627954,nan,1.82807,2.01353,1,0,0.966041,0.003868,0.022652,-0.257364,-0.0968224,0.0453969,0.418144,3.88719,11.1047,-2.14973
1787123397632288105,0.594413,0.80416,0.680529,0.56662,0.6,-0,0,-0.00489442,0.0418645,-0.516794,-0.195366,-0.825341,0.509232,-0.0477038,0.606219,-2.07752,-28.547,0.376148,-0.314816,nan,nan,0,-3.00435,0.00373888,-1.99773,-69.0354,-1.45218,-1.45516,nan,nan,0,-0.527142,-0.554255,1.39626,-21.7582,-0.573571,-0.779703,nan,nan,0,-0.141366,0.458571,-1.60494,-6.81319,0.419317,0.434979,nan,nan,0,-0.256494,-0.0990874,0.165505,-7.35484,-0.338247,nan,-8.61884,-0.432095,1,1.40142,0.153689,-0.0584806,22.3766,0.70071,nan,16.4984,16.9999,1,-1.48179,-0.440739,-1.60494,-21.0745,-1.14089,-1.19076,nan,nan,0,0.041535,-0.0967379,-1.35944,-2.41758,-0.0292325,-0.22858,nan,nan,0,0.430257,0.346972,0.886857,0.952377,0.525129,0.566716,nan,nan,0,0.655731,0.773618,2.18799,-9.64591,0.817866,0.762408,nan,nan,0,-0.184778,-0.367793,0.339029,2.28413,-0.302389,nan,1.78059,2.20424,1,0.200068,-0.00776843,0.585736,1.31819,0.100034,nan,2.35547,1.70993,1,0,0.966599,0.002983,0.020861,-0.255425,-0.195366,-0.825341,0.509232,-4.11984,4.01847,12.4181
1787123397642291515,0.660331,0.750975,0.680918,0.567288,0.6,-0,0,-0.00543832,0.0302784,-0.514733,0.0635102,-1.03318,-0.51191,0.532337,0.586086,-2.02228,-20.1954,0.666169,-0.059788,nan,nan,0,-2.89661,-0.012176,-1.46378,-57.9976,-1.3983,-1.44233,nan,nan,0,-0.831737,-0.524917,3.41547,-22.8816,-0.725869,-0.669954,nan,nan,0,-0.229775,0.446107,-1.10781,-1.3431,0.375113,0.448456,nan,nan,0,-0.418425,-0.0911078,1.0856,-1.82602,-0.419213,nan,-13.1121,-3.46464,1,1.48703,0.141966,-1.7591,19.1431,0.743517,nan,20.6852,16.2154,1,-1.29872,-0.456462,-1.55584,-19.2674,-1.04936,-1.19183,nan,nan,0,0.362796,-0.110353,-1.34103,-2.51526,0.131398,-0.152253,nan,nan,0,0.217243,0.362696,1.6479,1.44078,0.418621,0.562854,nan,nan,0,0.945736,0.795094,2.07752,-12.1856,0.962868,0.763761,nan,nan,0,-0.161547,-0.363509,0.609885,1.88928,-0.290774,nan,1.63092,1.71199,1,0.100593,-0.00111579,0.862813,1.46078,0.0502965,nan,0.24815,1.71283,1,0,0.966959,0.001224,0.015332,-0.254465,0.0635102,-1.03318,-0.51191,7.75024,-1.45433,17.7941
1787123397652359072,0.721551,0.692362,0.6813,0.567942,0.6,-0,0,-0.00773713,0.0238211,-0.525021,-0.728359,-0.218621,-1.17293,0.116687,0.563651,-2.05297,-8.22955,0.458343,0.311368,nan,nan,0,-1.99608,-0.0278997,-1.48833,-45.2015,-0.948039,-1.42549,nan,nan,0,-1.12409,-0.489443,2.72808,-12.8694,-0.872047,-0.64556,nan,nan,0,-0.219852,0.43652,-0.788659,1.3431,0.380074,0.42298,nan,nan,0,-0.288593,-0.0790829,0.896494,-1.07675,-0.354296,nan,-10.9772,-8.48447,1,1.47903,0.118063,-1.79481,15.3116,0.739515,nan,21.3358,18.0607,1,-1.01828,-0.474103,-1.6479,-13.6996,-0.909138,-1.13684,nan,nan,0,0.511709,-0.124542,-1.27351,0.512817,0.205855,-0.0205054,nan,nan,0,-0.0237314,0.37631,1.12622,1.8315,0.298134,0.508354,nan,nan,0,0.829453,0.815419,1.72768,-11.2576,0.904726,0.837846,nan,nan,0,-0.125254,-0.357041,0.70872,1.04728,-0.272627,nan,1.8914,1.47719,1,-0.0177697,0.0101544,1.26415,1.04476,-0.00888485,nan,-2.4674,1.15385,1,0,0.965677,-0.000645,0.012506,-0.259441,-0.728359,-0.218621,-1.17293,-0.277562,-4.34261,15.811
1787123397662529152,0.777622,0.628731,0.681674,0.568583,0.6,-0,0,-0.0181787,0.0240899,-0.537114,-0.910902,-0.316929,-1.34736,-0.119249,0.545242,-2.00387,-3.05251,0.340375,0.508952,nan,nan,0,-1.12172,-0.0434313,-1.83202,-40.8547,-0.51086,-1.26044,nan,nan,0,-1.01162,-0.475254,1.21214,-9.89011,-0.815808,-0.7267,nan,nan,0,-0.203392,0.430576,-0.598398,1.00122,0.388304,0.394783,nan,nan,0,-0.215377,-0.0771109,-0.0381856,-4.13557,-0.317688,nan,-8.36293,-11.1703,1,1.42654,0.108774,-0.714058,16.3891,0.713272,nan,19.206,19.9852,1,-0.890564,-0.489635,-1.76451,-10.6227,-0.845282,-1.03449,nan,nan,0,0.352461,-0.135088,-1.13849,4.56654,0.126231,0.11059,nan,nan,0,-0.0435933,0.386857,1.18145,0.0732574,0.288203,0.411564,nan,nan,0,0.433785,0.829417,1.48219,-6.12943,0.706892,0.898214,nan,nan,0,-0.154867,-0.348591,0.828083,1.39493,-0.287433,nan,0.898394,1.47494,1,0.00933063,0.0256473,1.46904,1.01491,0.00466532,nan,-2.83302,-0.527696,1,0,0.964073,-0.005567,0.014024,-0.265205,-0.910902,-0.316929,-1.34736,-6.58961,-4.9211,10.9472
1787123397672406638,0.828132,0.560533,0.68204,0.569212,0.6,-0,0,-0.0285981,0.0208648,-0.551152,-0.966137,-0.454199,-1.40146,-0.137887,0.527027,-1.75223,0.561661,0.331056,0.493655,nan,nan,0,-0.533706,-0.0637569,-2.03456,-39.4872,-0.216853,-0.923111,nan,nan,0,-1.00473,-0.468734,0.432689,-10.1343,-0.812365,-0.79989,nan,nan,0,-0.272029,0.425782,-0.463376,-0.366302,0.353985,0.383257,nan,nan,0,-0.201968,-0.0872941,-1.25588,-5.62825,-0.310984,nan,-5.94533,-10.4463,1,1.35874,0.113677,0.666165,17.3698,0.679372,nan,15.9716,19.994,1,-0.644267,-0.508043,-1.85657,-9.79243,-0.722133,-0.926636,nan,nan,0,0.0942109,-0.14506,-0.899132,7.59463,-0.00289454,0.163316,nan,nan,0,-0.143527,0.397403,0.899132,-2.3199,0.238236,0.328664,nan,nan,0,0.212524,0.842648,1.28579,-2.66178,0.596262,0.851491,nan,nan,0,-0.174059,-0.339917,0.92367,1.05917,-0.29703,nan,0.115555,1.24003,1,0.0706466,0.0405421,1.50507,-0.25125,0.0353233,nan,-2.41417,-2.18148,1,0,0.962158,-0.01092,0.013928,-0.271915,-0.966137,-0.454199,-1.40146,-1.62964,1.32057,7.78973
1787123397682391566,0.872704,0.488249,0.682399,0.569828,0.6,-0,0,-0.0370711,0.0152056,-0.564416,-0.694772,-0.583744,-1.22839,0.0878752,0.511302,-1.46378,-0.512817,0.443938,0.411498,nan,nan,0,-0.397411,-0.0831242,-1.8443,-33.1868,-0.148706,-0.541674,nan,nan,0,-0.815415,-0.4672,0.0705805,-11.8437,-0.717708,-0.824222,nan,nan,0,-0.259687,0.421755,-0.359039,-3.15018,0.360157,0.37179,nan,nan,0,-0.344597,-0.107586,-2.40299,-6.20617,-0.382298,nan,-6.01046,-7.88174,1,1.32334,0.129448,1.76603,18.7351,0.661668,nan,13.3175,17.9584,1,-0.454844,-0.526834,-1.87498,-6.91087,-0.627422,-0.819931,nan,nan,0,-0.0552076,-0.151962,-0.592261,9.05983,-0.0776038,0.115652,nan,nan,0,-0.0266605,0.401046,0.0889931,-1.8315,0.29667,0.27239,nan,nan,0,0.0367055,0.853194,1.11394,-4.12698,0.508353,0.732536,nan,nan,0,-0.146636,-0.331091,0.968857,1.28009,-0.283318,nan,0.218781,0.656652,1,0.113287,0.0524534,1.21608,-1.66547,0.0566433,nan,-1.69842,-2.84236,1,0,0.960289,-0.015684,0.012462,-0.278286,-0.694772,-0.583744,-1.22839,-2.11981,-2.75329,7.68082
1787123397692369282,0.911005,0.412395,0.682751,0.570431,0.6,-0,0,-0.0453983,0.00907741,-0.574399,-0.806307,-0.754743,-0.867388,0.402799,0.498456,-1.22441,-3.00366,0.6014,0.388889,nan,nan,0,-0.121383,-0.0975051,-1.22441,-28.4982,-0.0106914,-0.26599,nan,nan,0,-0.571801,-0.465858,0.230153,-14.2369,-0.595901,-0.793207,nan,nan,0,-0.324568,0.419646,-0.11968,-9.79243,0.327716,0.362142,nan,nan,0,-0.47493,-0.133938,-2.8489,-7.96603,-0.447465,nan,-6.70008,-5.80644,1,1.25448,0.147925,1.81749,18.5468,0.627239,nan,11.6532,15.2385,1,-0.300586,-0.545051,-1.81361,-5.25031,-0.550293,-0.714684,nan,nan,0,-0.14386,-0.155989,-0.322214,6.12943,-0.12193,0.0211183,nan,nan,0,-0.0406516,0.397787,-0.4511,-2.0757,0.289674,0.260831,nan,nan,0,0.0297695,0.86259,0.813209,-13.6508,0.504885,0.607698,nan,nan,0,-0.0893403,-0.322626,0.988391,0.75088,-0.25467,nan,0.895874,0.194802,1,0.138385,0.0586004,0.702966,-2.03288,0.0691924,nan,-0.736687,-2.50971,1,0,0.958812,-0.020482,0.010781,-0.283093,-0.806307,-0.754743,-0.867388,-1.65355,-2.40714,7.5903
1787123397702460156,0.942746,0.333511,0.683096,0.571022,0.6,-0,0,-0.0525955,0.00131766,-0.582308,-0.569383,-0.696382,-0.785929,0.572507,0.487143,-1.11394,-2.22222,0.686254,0.461995,nan,nan,0,-0.137913,-0.103449,-0.309939,-19.3162,-0.0189565,-0.0961008,nan,nan,0,-0.422165,-0.461639,0.530887,-13.6508,-0.521082,-0.708579,nan,nan,0,-0.321206,0.420413,0.150368,-12.4786,0.329397,0.348262,nan,nan,0,-0.541165,-0.158266,-2.32751,-9.53376,-0.480583,nan,-7.78982,-5.3639,1,1.23263,0.160869,1.31639,15.8753,0.616316,nan,11.6888,13.0258,1,-0.272775,-0.562692,-1.73382,-1.48962,-0.536388,-0.62086,nan,nan,0,-0.156793,-0.157907,-0.162642,5.54334,-0.128397,-0.0650633,nan,nan,0,-0.0264372,0.390691,-0.800934,-0.854698,0.296781,0.273449,nan,nan,0,0.124096,0.867192,0.291528,-18.1441,0.552048,0.527253,nan,nan,0,-0.0514728,-0.312387,0.898443,0.347181,-0.235736,nan,1.3351,0.241886,1,0.0978055,0.0645696,0.062792,-1.79182,0.0489028,nan,-0.564193,-1.58888,1,0,0.957586,-0.024999,0.008179,-0.286942,-0.569383,-0.696382,-0.785929,1.72167,-3.54301,10.8794
1787123397712390657,0.967685,0.252163,0.683434,0.571602,0.6,-0,0,-0.0587444,-0.00396292,-0.58823,-0.61238,-0.309396,-0.390121,0.362009,0.476213,-1.07712,0.952377,0.581004,0.575971,nan,nan,0,-0.247466,-0.102107,0.254703,-5.10378,-0.0737328,-0.0154045,nan,nan,0,-0.205653,-0.456654,0.4511,-9.35287,-0.412827,-0.60776,nan,nan,0,-0.226059,0.423673,0.395864,-13.4554,0.376971,0.335399,nan,nan,0,-0.390435,-0.176435,-1.57711,-6.61051,-0.405217,nan,-5.64173,-6.30079,1,1.18365,0.176599,1.0635,12.0142,0.591827,nan,10.8616,11.8723,1,-0.381536,-0.579566,-1.66017,0.952377,-0.590768,-0.558791,nan,nan,0,-0.227903,-0.159057,-0.0889931,3.05251,-0.163952,-0.116299,nan,nan,0,-0.00123914,0.37957,-1.27351,0.757019,0.30938,0.286872,nan,nan,0,0.202404,0.865466,-0.377452,-20.8791,0.591202,0.512068,nan,nan,0,0.0283297,-0.306296,0.82373,0.434902,-0.195835,nan,2.63052,0.680195,1,0.0463409,0.0601251,-0.376671,-1.20513,0.0231705,nan,-0.543632,-0.702954,1,0,0.956627,-0.028681,0.006618,-0.289823,-0.61238,-0.309396,-0.390121,2.76376,-5.73765,11.5617
1787123397722319912,0.985627,0.168936,0.683766,0.57217,0.6,-0,0,-0.0646877,-0.00655005,-0.589934,-0.499533,-0.180145,-0.0268718,0.187646,0.465475,-1.06484,4.71307,0.493823,0.623702,nan,nan,0,-0.443312,-0.0978885,0.475651,-1.68498,-0.171656,-0.0155679,nan,nan,0,0.0138686,-0.454545,0.11968,-4.32234,-0.303066,-0.504951,nan,nan,0,-0.139131,0.427891,0.420414,-12.6252,0.420435,0.344887,nan,nan,0,-0.259722,-0.190366,-1.38432,-6.20149,-0.339861,nan,-3.15585,-6.62913,1,1.15569,0.19507,1.84764,9.96192,0.577847,nan,8.71185,11.0896,1,-0.576518,-0.595481,-1.53129,3.39439,-0.688259,-0.550546,nan,nan,0,-0.329303,-0.159632,-0.0398932,1.53846,-0.214652,-0.146429,nan,nan,0,0.085093,0.365572,-1.33489,2.0757,0.352546,0.299231,nan,nan,0,0.203433,0.858755,-0.880719,-19.2186,0.591717,0.540849,nan,nan,0,0.0596066,-0.298393,0.77949,0.569487,-0.180197,nan,2.96765,1.48396,1,0.0336829,0.0555002,-0.617409,-0.736055,0.0168414,nan,-0.23365,-0.25464,1,0,0.956275,-0.031893,0.006269,-0.290656,-0.499533,-0.180145,-0.0268718,0.049935,-2.31948,7.64653
1787123397732398265,0.996429,0.0844313,0.68409,0.572727,0.6,-0,0,-0.069225,-0.00657205,-0.588944,-0.326383,-0.128165,0.218342,0.111569,0.455312,-0.991194,6.71551,0.455785,0.585786,nan,nan,0,-0.785252,-0.0929031,0.518612,-0.561661,-0.342626,-0.0765819,nan,nan,0,0.0204566,-0.45512,-0.0767183,-1.24542,-0.299772,-0.398727,nan,nan,0,-0.125356,0.431918,0.359039,-9.84127,0.427322,0.377193,nan,nan,0,-0.186561,-0.199661,-1.30315,-6.34032,-0.303281,nan,-1.67195,-5.41344,1,1.15581,0.218238,2.96,10.0413,0.577905,nan,6.35,9.64018,1,-0.744555,-0.609863,-1.37785,3.5409,-0.772277,-0.600313,nan,nan,0,-0.364513,-0.159632,0.00920582,0.21978,-0.232256,-0.178952,nan,nan,0,0.0799391,0.354259,-1.04029,1.97802,0.34997,0.321289,nan,nan,0,0.306528,0.845524,-1.34103,-15.3602,0.643264,0.572998,nan,nan,0,0.0823347,-0.290535,0.764909,1.48811,-0.168833,nan,3.11222,2.29608,1,0.0434022,0.0484767,-0.68499,-0.32104,0.0217011,nan,0.224215,-0.0787424,1,0,0.956344,-0.034069,0.006901,-0.290168,-0.326383,-0.128165,0.218342,-3.70652,-2.29351,4.15309
1787123397742403763,1,-0.000739356,0.684409,0.573272,0.6,-0,0,-0.0725305,-0.00812902,-0.585986,-0.207367,-0.367309,0.297474,0.488967,0.445149,-0.90527,4.95727,0.644483,0.519223,nan,nan,0,-1.03184,-0.0873423,0.5002,-0.952377,-0.465918,-0.194285,nan,nan,0,0.00731152,-0.454928,0.0828552,1.24542,-0.306344,-0.324593,nan,nan,0,-0.19331,0.436328,0.457238,-10.0855,0.393345,0.408564,nan,nan,0,-0.39044,-0.210014,-1.18869,-5.93412,-0.40522,nan,-5.04917,-3.48716,1,1.16549,0.255354,3.58148,8.91219,0.582744,nan,4.44949,7.53569,1,-0.766914,-0.62386,-1.21214,2.02686,-0.783457,-0.683205,nan,nan,0,-0.274887,-0.159632,-0.00306892,-0.65934,-0.187444,-0.210115,nan,nan,0,0.0822372,0.345438,-0.647498,1.3431,0.351119,0.341252,nan,nan,0,0.390024,0.828842,-1.60494,-9.05983,0.685012,0.606934,nan,nan,0,0.0786245,-0.282584,0.843126,2.02848,-0.170688,nan,2.6517,2.81115,1,0.0631489,0.0398505,-0.730951,-0.229,0.0315744,nan,0.848144,0.131482,1,0,0.956703,-0.035885,0.006583,-0.288768,-0.207367,-0.367309,0.297474,-3.27092,-0.022717,3.30216
1787123397752267790,0.996299,-0.0859574,0.68472,0.573807,0.6,-0,0,-0.0729727,-0.011163,-0.584485,0.197302,-0.257047,-0.0683495,0.730684,0.437095,-0.892995,4.51771,0.765342,0.533389,nan,nan,0,-1.30219,-0.0829325,0.475651,-3.00366,-0.601094,-0.336595,nan,nan,0,-0.232725,-0.451669,0.5002,1.8315,-0.426362,-0.296714,nan,nan,0,-0.227173,0.441697,0.66591,-11.6484,0.376414,0.414364,nan,nan,0,-0.55769,-0.216545,-0.91956,-4.93248,-0.488845,nan,-8.15117,-3.21572,1,1.16759,0.284609,3.45482,8.45126,0.583793,nan,3.79329,5.47966,1,-0.664367,-0.634215,-1.10781,-0.21978,-0.732184,-0.750869,nan,nan,0,-0.00800525,-0.159632,-0.00920582,-1.14774,-0.0540026,-0.213737,nan,nan,0,0.0259841,0.341987,-0.273115,0.903542,0.322992,0.350723,nan,nan,0,0.492619,0.817145,-1.71541,-6.47131,0.736309,0.646832,nan,nan,0,0.0797174,-0.274602,0.955906,2.09772,-0.170141,nan,2.22228,2.85553,1,0.0147216,0.0312148,-0.776418,0.150794,0.00736082,nan,0.449006,0.502353,1,0,0.956889,-0.036538,0.005168,-0.288099,0.197302,-0.257047,-0.0683495,-2.40947,0.426745,5.30316
1787123397762395949,0.98534,-0.170602,0.685026,0.57433,0.6,-0,0,-0.069847,-0.0138147,-0.58506,0.375938,-0.341705,-0.056349,0.931894,0.42885,-0.90527,6.71551,0.865947,0.631238,nan,nan,0,-1.60606,-0.0794806,0.359039,-8.37607,-0.753028,-0.479412,nan,nan,0,-0.293955,-0.443615,1.04029,0.610504,-0.456978,-0.333806,nan,nan,0,-0.209613,0.449175,0.874582,-12.9182,0.385194,0.399911,nan,nan,0,-0.647347,-0.222521,-0.531507,-4.27401,-0.533674,nan,-10.0931,-5.14538,1,1.12119,0.319994,2.75495,6.54282,0.560594,nan,3.08557,4.15915,1,-0.503671,-0.643803,-1.03416,-0.903542,-0.651836,-0.766554,nan,nan,0,0.183748,-0.159824,-0.0276184,-2.75946,0.0418742,-0.157995,nan,nan,0,0.154228,0.34122,-0.046031,0.65934,0.387114,0.344221,nan,nan,0,0.503878,0.797395,-1.80133,-1.68498,0.741939,0.692096,nan,nan,0,0.080306,-0.266458,1.11512,2.1335,-0.169847,nan,1.70869,2.52625,1,-0.0448237,0.0225741,-0.738968,0.413427,-0.0224119,nan,-0.241128,0.685518,1,0,0.95684,-0.035423,0.003459,-0.288424,0.375938,-0.341705,-0.056349,-2.70135,1.98059,7.73001
1787123397772385674,0.96719,-0.254054,0.685326,0.574844,0.6,-0,0,-0.065267,-0.0166535,-0.585711,0.520865,-0.2406,-0.129825,0.875638,0.418495,-0.825483,5.83639,0.837819,0.753925,nan,nan,0,-1.74785,-0.0771799,0.0889931,-12.967,-0.823927,-0.623845,nan,nan,0,-0.300155,-0.427891,1.43309,-2.61295,-0.460078,-0.398493,nan,nan,0,-0.180096,0.459914,1.01574,-13.9438,0.399952,0.387685,nan,nan,0,-0.649856,-0.224836,-0.485404,-5.75658,-0.534928,nan,-10.1251,-7.81516,1,1.05656,0.340938,1.51379,5.63675,0.528279,nan,3.34955,3.53316,1,-0.358105,-0.655499,-0.972781,-1.05006,-0.579053,-0.727091,nan,nan,0,0.30286,-0.160207,0.00306892,-0.708183,0.10143,-0.061756,nan,nan,0,0.26815,0.341604,0.0214815,0.170937,0.444075,0.353156,nan,nan,0,0.427,0.77611,-1.78906,4.95727,0.7035,0.726681,nan,nan,0,0.0529206,-0.254252,1.25222,1.94147,-0.18354,nan,0.596591,1.99093,1,-0.115307,0.0149548,-0.649288,0.536574,-0.0576537,nan,-1.20432,0.401733,1,0,0.956801,-0.03364,0.001451,-0.288784,0.520865,-0.2406,-0.129825,-2.85348,1.53075,6.58531
1787123397782429451,0.941968,-0.335702,0.685619,0.575347,0.6,-0,0,-0.0605322,-0.0183547,-0.587149,0.45654,-0.197504,-0.156129,0.769031,0.412359,-0.635223,7.69231,0.784516,0.829809,nan,nan,0,-1.45531,-0.0779467,-0.131955,-17.5092,-0.677657,-0.7455,nan,nan,0,-0.311526,-0.416194,1.16304,-3.34554,-0.465763,-0.44413,nan,nan,0,-0.138819,0.468159,1.01574,-13.7485,0.42059,0.38833,nan,nan,0,-0.64367,-0.23033,-0.669409,-6.93732,-0.531835,nan,-9.54857,-9.60097,1,0.93137,0.34866,0.322012,5.22663,0.465685,nan,3.02772,3.48207,1,-0.20596,-0.664128,-0.960506,0.463982,-0.50298,-0.656476,nan,nan,0,0.403603,-0.159824,0.0644436,1.92918,0.151801,0.0323213,nan,nan,0,0.333697,0.341987,0.09513,0.122101,0.476849,0.390705,nan,nan,0,0.120901,0.760386,-1.72768,6.61783,0.55045,0.729767,nan,nan,0,-0.014497,-0.244038,1.31689,1.98538,-0.217248,nan,-1.03771,1.22903,1,-0.183228,0.010676,-0.588216,0.421061,-0.0916138,nan,-2.18637,-0.30451,1,0,0.956656,-0.03162,-2.4e-05,-0.289497,0.45654,-0.197504,-0.156129,-1.62568,0.186509,5.50647
1787123397792478857,0.909846,-0.414946,0.685907,0.57584,0.6,-0,0,-0.056949,-0.019902,-0.5894,0.266382,-0.234396,-0.360438,0.710913,0.407182,-0.340627,9.40171,0.755457,0.834821,nan,nan,0,-0.709013,-0.0815902,-0.426551,-21.0745,-0.304506,-0.765361,nan,nan,0,-0.373655,-0.407757,0.69046,-3.10134,-0.496828,-0.465033,nan,nan,0,-0.231668,0.481006,0.966643,-17.1673,0.374166,0.400831,nan,nan,0,-0.717424,-0.238526,-1.02453,-8.60724,-0.568712,nan,-10.0197,-10.0116,1,0.848894,0.341537,-1.10867,5.4077,0.424447,nan,4.15032,3.70415,1,-0.0170449,-0.674483,-0.899132,1.78266,-0.408522,-0.576095,nan,nan,0,0.519125,-0.158673,0.138092,5.78754,0.209563,0.10586,nan,nan,0,0.277808,0.344288,0.303802,0.21978,0.448904,0.43679,nan,nan,0,-0.225658,0.744088,-1.55584,6.61783,0.377171,0.667346,nan,nan,0,-0.173421,-0.22765,1.347,0.39064,-0.296711,nan,-4.43762,0.0532365,1,-0.222575,0.00543719,-0.632645,0.0708073,-0.111288,nan,-2.55278,-1.23128,1,0,0.956371,-0.030131,-0.001249,-0.290592,0.266382,-0.234396,-0.360438,-2.03678,1.02425,6.34978
1787123397802288840,0.871047,-0.4912,0.686189,0.576323,0.6,-0,0,-0.0549051,-0.0232687,-0.593325,0.104836,-0.295579,-0.413369,0.680841,0.40584,-0.107405,9.10867,0.74042,0.801718,nan,nan,0,0.0199373,-0.0865755,-0.616811,-20.6349,0.0599686,-0.604631,nan,nan,0,-0.255597,-0.403923,0.309939,-3.19902,-0.437799,-0.480452,nan,nan,0,-0.378477,0.489443,0.966643,-15.8486,0.300762,0.398351,nan,nan,0,-0.748454,-0.24962,-1.32645,-8.26957,-0.584227,nan,-9.72156,-9.84879,1,0.749477,0.328353,-2.15485,5.41464,0.374738,nan,4.62383,4.27852,1,0.181877,-0.681769,-0.825483,2.95483,-0.309062,-0.48947,nan,nan,0,0.519085,-0.156756,0.26084,7.00854,0.209542,0.165233,nan,nan,0,0.256247,0.348698,0.487926,0.805862,0.438124,0.458663,nan,nan,0,-0.450216,0.729898,-1.42695,4.0293,0.264892,0.537803,nan,nan,0,-0.347341,-0.217357,1.32601,0.353203,-0.383671,nan,-7.80999,-1.98324,1,-0.224341,-2.8764e-05,-0.722628,-0.857319,-0.112171,nan,-2.28031,-1.99447,1,0,0.955798,-0.029648,-0.003098,-0.292506,0.104836,-0.295579,-0.413369,2.26866,-0.129129,8.5509
1787123397812274400,0.825843,-0.5639,0.686465,0.576797,0.6,-0,0,-0.0535911,-0.0265764,-0.597547,0.0220776,-0.168675,-0.476753,0.484353,0.406223,0.0889931,8.96215,0.642176,0.765703,nan,nan,0,0.515308,-0.0938621,-0.751834,-14.3346,0.307654,-0.29818,nan,nan,0,-0.0843564,-0.400855,0.297665,-3.93163,-0.352178,-0.472882,nan,nan,0,-0.481313,0.498072,0.935957,-18.2906,0.249344,0.361803,nan,nan,0,-0.627738,-0.267844,-1.78323,-5.35502,-0.523869,nan,-6.28603,-9.50674,1,0.648664,0.301907,-3.26886,3.65477,0.324332,nan,5.57603,5.09112,1,0.391881,-0.689823,-0.770247,6.27595,-0.204059,-0.395817,nan,nan,0,0.471137,-0.152921,0.444963,8.47375,0.185569,0.201505,nan,nan,0,0.258114,0.353876,0.494062,1.88034,0.439057,0.455664,nan,nan,0,-0.53069,0.715517,-1.46378,-3.2967,0.224655,0.390349,nan,nan,0,-0.479309,-0.207078,1.20218,-0.983002,-0.449655,nan,-10.2935,-4.87278,1,-0.234983,-0.0117613,-1.03121,-1.71941,-0.117491,nan,-1.62508,-2.24177,1,0,0.955165,-0.029513,-0.004809,-0.294557,0.0220776,-0.168675,-0.476753,2.95529,0.049204,7.94466
1787123397822299153,0.774555,-0.632507,0.686735,0.577261,0.6,-0,0,-0.0540664,-0.0289572,-0.602413,-0.141447,-0.16549,-0.490806,0.400487,0.407566,0.162642,9.40171,0.600244,0.71239,nan,nan,0,0.920781,-0.10134,-0.702735,-5.54334,0.510391,0.034275,nan,nan,0,0.0804492,-0.398553,0.217878,-2.85714,-0.269775,-0.425668,nan,nan,0,-0.592151,0.508427,0.923681,-21.1233,0.193924,0.305915,nan,nan,0,-0.50542,-0.290762,-2.13188,-8.48302,-0.46271,nan,-2.82036,-8.07834,1,0.562176,0.260084,-4.05575,6.03749,0.281088,nan,6.71373,6.00739,1,0.483031,-0.696917,-0.622948,9.79243,-0.158484,-0.295922,nan,nan,0,0.437594,-0.147169,0.592261,11.6972,0.168797,0.206461,nan,nan,0,0.303632,0.358669,0.524749,1.19658,0.461816,0.446632,nan,nan,0,-0.546805,0.698834,-1.73996,-13.4554,0.216597,0.279416,nan,nan,0,-0.65631,-0.194824,0.918189,-3.26794,-0.538155,nan,-13.3939,-7.89391,1,-0.247711,-0.0230436,-1.4045,-1.96636,-0.123855,nan,-0.917601,-1.93871,1,0,0.954414,-0.030104,-0.005803,-0.296907,-0.141447,-0.16549,-0.490806,2.35282,-1.43401,7.33858
1787123397832335876,0.717549,-0.696508,0.687001,0.577716,0.6,-0,0,-0.0555631,-0.0305757,-0.607201,-0.232242,-0.0593622,-0.451634,0.339661,0.408716,0.0889931,10.6227,0.56983,0.651038,nan,nan,0,1.08941,-0.106517,-0.414276,-0.317459,0.594705,0.316313,nan,nan,0,0.173437,-0.397212,0.113543,-1.24542,-0.223281,-0.350977,nan,nan,0,-0.751539,0.516288,0.892995,-25.7631,0.114231,0.246167,nan,nan,0,-0.444212,-0.31375,-2.21699,-8.07906,-0.432106,nan,-0.816992,-5.44143,1,0.485327,0.212371,-4.41,5.98721,0.242663,nan,7.52376,6.93021,1,0.52481,-0.701711,-0.420414,10.4762,-0.137595,-0.211382,nan,nan,0,0.383098,-0.1418,0.530887,12.4786,0.141549,0.191834,nan,nan,0,0.332495,0.363463,0.426551,2.17339,0.476248,0.448134,nan,nan,0,-0.428019,0.678509,-2.21254,-13.602,0.27599,0.222898,nan,nan,0,-0.726739,-0.188718,0.477538,-6.14192,-0.57337,nan,-14.1791,-10.7775,1,-0.270168,-0.0390088,-1.75407,-1.46794,-0.135084,nan,-0.251153,-1.24707,1,0,0.953659,-0.031073,-0.006279,-0.299213,-0.232242,-0.0593622,-0.451634,2.51376,-1.03965,8.0355
1787123397842353165,0.655234,-0.755426,0.687261,0.578161,0.6,-0,0,-0.0563501,-0.0327058,-0.609418,0.0549088,-0.114603,0.0407261,0.268608,0.408716,-0.0214806,8.96215,0.534304,0.601051,nan,nan,0,0.788006,-0.108052,-0.0337563,10.6227,0.444003,0.507851,nan,nan,0,0.50654,-0.395294,0.273115,0.0244217,-0.0567299,-0.277196,nan,nan,0,-0.725315,0.525109,0.751834,-32.0635,0.127343,0.179933,nan,nan,0,-0.373733,-0.334317,-2.02894,-6.25204,-0.396866,nan,0.854186,-2.6887,1,0.42576,0.175923,-4.38976,7.01086,0.21288,nan,7.69335,7.65102,1,0.48432,-0.704587,-0.21174,11.6484,-0.15784,-0.157942,nan,nan,0,0.117053,-0.136239,0.586123,9.25519,0.00852633,0.167725,nan,nan,0,0.593485,0.363655,-0.113543,3.34554,0.606743,0.460253,nan,nan,0,-0.49846,0.653007,-2.67898,-14.4322,0.24077,0.225276,nan,nan,0,-0.792828,-0.190853,-0.203222,-7.94354,-0.606414,nan,-14.2398,-12.8578,1,-0.29538,-0.0616878,-1.88156,-1.27361,-0.14769,nan,0.242278,-0.453384,1,0,0.953289,-0.031774,-0.007142,-0.300296,0.0549088,-0.114603,0.0407261,2.94516,1.52676,7.18347
1787123397852246288,0.588061,-0.808817,0.687516,0.578598,0.6,-0,0,-0.0540684,-0.0331426,-0.608172,0.294424,0.0777901,0.12329,0.10342,0.407949,-0.113543,7.39927,0.45171,0.56172,nan,nan,0,0.658307,-0.105558,0.383589,17.265,0.379154,0.548158,nan,nan,0,0.538782,-0.389542,0.702735,0.805862,-0.0406092,-0.17839,nan,nan,0,-0.683302,0.531436,0.567711,-34.9939,0.148349,0.135694,nan,nan,0,-0.212424,-0.350304,-1.50368,-4.68098,-0.316212,nan,3.44875,-0.504036,1,0.35324,0.132794,-4.14614,7.24973,0.17662,nan,7.53398,8.05688,1,0.442478,-0.704587,0.0889931,10.7692,-0.178761,-0.141527,nan,nan,0,0.0578135,-0.129719,0.696597,7.64347,-0.0210932,0.105582,nan,nan,0,0.660474,0.365572,0.340627,1.53846,0.640237,0.513639,nan,nan,0,-0.479939,0.626737,-3.02268,-11.2088,0.25003,0.23945,nan,nan,0,-0.913706,-0.197094,-1.13801,-9.537,-0.666853,nan,-14.7346,-13.7785,1,-0.346224,-0.077643,-1.79438,-0.478547,-0.173112,nan,-0.172511,0.137719,1,0,0.953507,-0.030747,-0.007712,-0.299698,0.294424,0.0777901,0.12329,-0.290174,0.708908,7.14114
1787123397862329868,0.516516,-0.856278,0.687765,0.579026,0.6,-0,0,-0.0501571,-0.0311389,-0.606877,0.514243,0.254893,0.201374,-0.219717,0.406032,-0.224015,7.69231,0.290141,0.511361,nan,nan,0,0.523958,-0.0986557,0.819346,15.3114,0.311979,0.485296,nan,nan,0,0.502414,-0.380721,0.985056,3.44322,-0.0587931,-0.0890811,nan,nan,0,-0.616977,0.535463,0.316077,-39.7314,0.181512,0.127716,nan,nan,0,0.0693544,-0.361741,-0.68505,-2.83419,-0.175323,nan,7.55223,1.45609,1,0.237214,0.0975708,-3.75144,7.74046,0.118607,nan,6.25825,8.11917,1,0.491224,-0.701711,0.359039,11.453,-0.154388,-0.152335,nan,nan,0,0.100253,-0.121858,0.813209,4.66422,0.000126594,0.0329568,nan,nan,0,0.749929,0.371325,0.659773,2.36874,0.684965,0.583596,nan,nan,0,-0.431349,0.594906,-3.23135,-6.12943,0.274326,0.246621,nan,nan,0,-0.947627,-0.213651,-2.0907,-10.3222,-0.683814,nan,-13.3196,-14.0133,1,-0.447345,-0.0943034,-1.71569,-0.121209,-0.223672,nan,-1.30753,0.343909,1,0,0.953781,-0.028578,-0.007361,-0.299046,0.514243,0.254893,0.201374,-2.82511,1.51277,7.30367
1787123397872285970,0.44112,-0.897448,0.68801,0.579446,0.6,-0,0,-0.0441743,-0.028297,-0.604651,0.728935,0.149014,0.216844,-0.321592,0.40258,-0.402001,8.52259,0.239204,0.416965,nan,nan,0,0.412188,-0.0886846,1.06484,17.1184,0.256094,0.395611,nan,nan,0,0.382166,-0.368832,1.27351,4.90842,-0.118917,-0.0494722,nan,nan,0,-0.503537,0.536997,0.101268,-37.6801,0.238231,0.146882,nan,nan,0,0.153392,-0.360234,0.330917,-1.80994,-0.133304,nan,7.44617,3.9786,1,0.15978,0.0612085,-3.17133,6.99528,0.07989,nan,5.31745,7.57496,1,0.279231,-0.696534,0.567711,10.7692,-0.260384,-0.160327,nan,nan,0,0.107386,-0.11342,0.862308,2.61295,0.00369288,-0.00448847,nan,nan,0,0.789105,0.380529,1.07712,2.51526,0.704552,0.643184,nan,nan,0,-0.553055,0.558665,-3.3541,-4.07815,0.213473,0.257814,nan,nan,0,-1.20657,-0.238424,-3.00094,-10.4318,-0.813287,nan,-15.6188,-13.511,1,-0.491046,-0.111897,-1.63497,0.0086438,-0.245523,nan,-1.55632,-0.0933346,1,0,0.954225,-0.025293,-0.006928,-0.297937,0.728935,0.149014,0.216844,-1.78708,0.788987,6.8465
1787123397882277511,0.362425,-0.932013,0.68825,0.579857,0.6,-0,0,-0.0357674,-0.0256017,-0.603503,0.994264,0.331027,0.0253487,-0.304288,0.396828,-0.672048,7.49695,0.247856,0.314829,nan,nan,0,0.472512,-0.0779467,1.05871,25.4701,0.286256,0.314383,nan,nan,0,0.16638,-0.355026,1.4024,5.25031,-0.22681,-0.0642476,nan,nan,0,-0.179131,0.536806,-0.0398932,-35.7753,0.400434,0.187476,nan,nan,0,0.302327,-0.350203,1.4102,-0.329645,-0.0588365,nan,8.08252,5.93733,1,0.0715937,0.0336074,-2.53947,6.79405,0.0357968,nan,3.8749,6.5201,1,0.215389,-0.690206,0.592261,25.0305,-0.292306,-0.193905,nan,nan,0,0.349428,-0.104792,0.843896,2.02686,0.124714,-0.00988238,nan,nan,0,0.711299,0.393185,1.18759,4.85959,0.66565,0.684596,nan,nan,0,-0.640112,0.526451,-2.89993,-34.4078,0.169944,0.248786,nan,nan,0,-1.31731,-0.26522,-2.07493,-25.1251,-0.868654,nan,-18.0078,-13.5647,1,-0.542409,-0.123304,-0.56452,-3.20401,-0.271204,nan,-3.59024,-0.813154,1,0,0.954518,-0.020877,-0.006906,-0.29734,0.994264,0.331027,0.0253487,-2.85602,3.10414,6.14666
1787123397892298310,0.281006,-0.959706,0.688485,0.58026,0.6,-0,0,-0.0259716,-0.0236523,-0.603463,0.515563,-0.343102,0.0904307,0.0153846,0.387048,-0.991194,6.42247,0.407692,0.255825,nan,nan,0,0.506993,-0.0739198,0.00306892,31.7216,0.303497,0.275693,nan,nan,0,0.154647,-0.345822,0.242428,12.967,-0.232677,-0.129952,nan,nan,0,0.2026,0.537764,0.181053,-32.3565,0.5913,0.275636,nan,nan,0,0.226586,-0.325513,2.83281,1.9812,-0.096707,nan,3.75901,6.84532,1,0.0372212,0.00408088,-2.7978,7.0809,0.0186106,nan,4.63259,5.25922,1,-0.358213,-0.686179,0.346765,14.0904,-0.579107,-0.24595,nan,nan,0,0.675056,-0.0973134,0.481788,16.9231,0.287528,0.035265,nan,nan,0,0.788579,0.403347,0.76411,8.42491,0.70429,0.691958,nan,nan,0,-0.830535,0.507084,-1.31648,-37.2894,0.0747327,0.214771,nan,nan,0,-1.71657,-0.257078,2.02753,-23.7326,-1.06828,nan,-31.4335,-15.9652,1,-0.613469,-0.113377,1.56863,-3.1306,-0.306735,nan,-8.15368,-2.43038,1,0,0.95463,-0.015912,-0.007432,-0.297275,0.515563,-0.343102,0.0904307,1.96856,-3.14741,15.7726
1787123397902222271,0.197463,-0.98031,0.688715,0.580654,0.6,-0,0,-0.0346569,-0.0266967,-0.598112,-1.32642,0.19315,0.56638,0.11275,0.375544,-1.36558,5.39683,0.456375,0.289653,nan,nan,0,0.902242,-0.0769882,-0.389727,14.6764,0.501121,0.27756,nan,nan,0,0.609455,-0.353108,-0.819346,8.91331,-0.00527274,-0.195137,nan,nan,0,-0.183582,0.537764,-0.09513,-16.2882,0.398209,0.420357,nan,nan,0,0.0815583,-0.29849,3.19104,6.45956,-0.169221,nan,-0.262121,5.77285,1,-0.170554,-0.0179016,-2.14483,3.86296,-0.0852769,nan,1.19599,4.62186,1,0.116202,-0.68292,0.420414,7.25275,-0.341899,-0.374272,nan,nan,0,1.29342,-0.0965462,-0.0521679,12.674,0.596712,0.144109,nan,nan,0,1.32898,0.406223,0.162642,9.40171,0.974491,0.693966,nan,nan,0,-0.311252,0.49999,-0.696597,-26.0073,0.334374,0.153987,nan,nan,0,-0.820177,-0.228189,3.48807,-18.5974,-0.620088,nan,-18.9486,-23.043,1,-0.720589,-0.0913111,2.28396,-2.95773,-0.360295,nan,-11.4954,-5.50412,1,0,0.955318,-0.020489,-0.007649,-0.294769,-1.32642,0.19315,0.56638,-4.77411,-7.6339,33.7713
1787123397912442990,0.112411,-0.993662,0.688941,0.581041,0.6,-0,0,-0.0400172,-0.0193415,-0.595769,0.0491626,0.724973,0.31378,0.365359,0.36097,-1.24897,-0.561661,0.582679,0.372291,nan,nan,0,0.850422,-0.0794806,-0.09513,7.93651,0.475211,0.355064,nan,nan,0,0.451378,-0.349274,0.935957,0.122101,-0.0843108,-0.155722,nan,nan,0,-0.0612213,0.53508,-0.316077,-5.25031,0.459389,0.477278,nan,nan,0,0.0341297,-0.265198,3.08788,6.39579,-0.192935,nan,-2.10262,2.91742,1,-0.14708,-0.0308975,-1.13917,3.49217,-0.0735401,nan,0.42947,3.22118,1,1.2166,-0.676784,0.616811,4.66422,0.2083,-0.428152,nan,nan,0,2.0364,-0.0975051,-0.0153437,7.4481,0.968202,0.342871,nan,nan,0,1.57599,0.407566,0.224015,8.08303,1.09799,0.787761,nan,nan,0,-0.29355,0.491936,-0.911407,-21.3187,0.343225,0.184576,nan,nan,0,-0.52449,-0.199178,2.37069,-18.202,-0.472245,nan,-13.1134,-25.254,1,-1.04003,-0.0745549,1.74155,-5.28721,-0.520017,nan,-15.9762,-8.86731,1,0,0.955666,-0.021963,-0.003371,-0.293611,0.0491626,0.724973,0.31378,-3.20376,6.96068,20.6016
1787123397922346175,0.02648,-0.999649,0.689162,0.58142,0.6,-0,0,-0.0375304,-0.0169817,-0.590709,0.376263,0.0516582,0.474513,0.645824,0.35004,-1.03416,0.415138,0.722912,0.475338,nan,nan,0,0.527989,-0.0769882,0.377452,8.52259,0.313995,0.437221,nan,nan,0,0.208699,-0.332975,2.01001,-1.44078,-0.205651,-0.0978624,nan,nan,0,-0.144745,0.531245,-0.328352,-3.44322,0.417628,0.471912,nan,nan,0,-0.220959,-0.242245,2.53985,5.18946,-0.32048,nan,-6.548,-0.0657863,1,-0.0137554,-0.0341007,-0.181185,1.66881,-0.00687769,nan,1.08847,1.39377,1,1.16748,-0.670073,0.696597,4.46886,0.18374,-0.219714,nan,nan,0,1.48096,-0.0957794,0.273115,13.895,0.690478,0.636791,nan,nan,0,1.60374,0.416003,1.18759,7.59463,1.11187,0.942988,nan,nan,0,-0.465238,0.480814,-1.21214,-14.188,0.257381,0.268647,nan,nan,0,-0.948751,-0.186714,0.609272,-18.7367,-0.684375,nan,-18.3321,-20.5629,1,-1.06512,-0.063179,0.371268,-7.41882,-0.532562,nan,-14.6384,-12.2366,1,0,0.956449,-0.020422,-0.00266,-0.29117,0.376263,0.0516582,0.474513,-4.32355,7.33086,3.97148
1787123397932281173,-0.0596934,-0.998217,0.689379,0.581792,0.6,-0,0,-0.0320341,-0.0145245,-0.589784,0.715896,-0.0495828,-0.291966,0.799834,0.340645,-0.880719,2.36874,0.799917,0.599218,nan,nan,0,0.266155,-0.0708518,0.708872,12.3321,0.183077,0.423208,nan,nan,0,-0.241393,-0.311882,1.73996,0.122101,-0.430696,-0.117097,nan,nan,0,0.153232,0.528368,-0.316077,-3.24786,0.566616,0.451182,nan,nan,0,-0.145,-0.221606,1.57709,3.05127,-0.2825,nan,-4.49693,-3.18565,1,-0.0159226,-0.0342487,0.123433,0.691659,-0.00796128,nan,0.603475,0.478027,1,0.607631,-0.662594,0.800934,11.16,-0.0961844,0.0336604,nan,nan,0,1.36144,-0.0906019,0.659773,20.5372,0.630719,0.78142,nan,nan,0,1.19531,0.436712,2.20027,8.86447,0.907655,1.06133,nan,nan,0,-0.51873,0.468926,-1.14463,-15.0672,0.230635,0.297929,nan,nan,0,-1.27213,-0.188791,-0.152372,-19.3144,-0.846065,nan,-22.776,-17.0387,1,-1.0174,-0.0739519,-1.30287,-10.7456,-0.508701,nan,-11.0882,-13.9878,1,0,0.956651,-0.017435,-0.002293,-0.290703,0.715896,-0.0495828,-0.291966,-3.05767,-8.7811,3.80151
1787123397942516634,-0.145468,-0.989363,0.689591,0.582156,0.6,-0,0,-0.0243619,-0.0138415,-0.595107,0.852476,0.291297,-0.649195,1.09426,0.333167,-0.69046,6.61783,0.947132,0.715831,nan,nan,0,0.0681949,-0.0626063,0.862308,15.0672,0.0840975,0.323055,nan,nan,0,-0.450973,-0.295775,1.61107,0.0244217,-0.535486,-0.238965,nan,nan,0,0.569592,0.524725,-0.346765,-3.68742,0.774796,0.478538,nan,nan,0,-0.00075895,-0.213311,0.665707,0.313424,-0.210379,nan,-0.895965,-4.74699,1,-0.0265174,-0.0333098,0.0974359,0.6435,-0.0132587,nan,0.45538,0.285402,1,0.372661,-0.653582,0.935957,16.1416,-0.21367,0.0780582,nan,nan,0,1.7195,-0.0819736,0.90527,32.8449,0.809752,0.752703,nan,nan,0,0.650117,0.461639,2.53169,11.1111,0.635059,1.048,nan,nan,0,-0.447136,0.459914,-0.635223,-20.5861,0.266432,0.276421,nan,nan,0,-1.34823,-0.186658,0.482373,-22.0665,-0.884116,nan,-25.1346,-18.1635,1,-0.877566,-0.0922505,-2.26962,-12.9952,-0.438783,nan,-6.99155,-13.0304,1,0,0.955937,-0.013674,-0.003045,-0.293234,0.852476,0.291297,-0.649195,3.80459,3.02691,10.4155
1787123397952423058,-0.230206,-0.973142,0.689799,0.582513,0.6,-0,0,-0.0172814,-0.0114057,-0.602914,0.547097,0.0359802,-0.792649,1.46247,0.327797,-0.475651,11.0134,1.13124,0.834056,nan,nan,0,-0.0294657,-0.0532107,0.972781,7.78999,0.0352672,0.197258,nan,nan,0,-0.433,-0.282928,0.948232,-1.63614,-0.5265,-0.397351,nan,nan,0,1.06448,0.521466,-0.303802,-1.44078,1.02224,0.596992,nan,nan,0,0.00476811,-0.211238,0.0325002,-2.46927,-0.207616,nan,0.0780365,-3.59702,1,0.0356745,-0.0343009,-0.0314209,0.28641,0.0178372,nan,1.61128,0.380392,1,0.143512,-0.643419,1.04029,17.1673,-0.328244,-0.0356435,nan,nan,0,2.58432,-0.0735359,0.782521,34.652,1.24216,0.744761,nan,nan,0,0.492002,0.483307,1.86884,13.4554,0.556001,0.886587,nan,nan,0,-0.343941,0.456462,-0.309939,-19.4628,0.318029,0.260353,nan,nan,0,-1.22322,-0.176139,1.58374,-20.4955,-0.821609,nan,-24.9671,-21.8184,1,-0.951416,-0.121164,-2.6104,-12.1173,-0.475708,nan,-6.72073,-10.0889,1,0,0.954838,-0.009944,-0.00288,-0.296943,0.547097,0.0359802,-0.792649,-0.360858,-2.09689,16.477
1787123397962620331,-0.313272,-0.949664,0.690003,0.582863,0.6,-0,0,-0.0107311,-0.0134963,-0.607856,0.607782,-0.085445,-0.228126,1.39651,0.324346,-0.28539,12.8205,1.09825,0.978481,nan,nan,0,-0.153821,-0.0430479,1.04029,5.29915,-0.0269103,0.0947438,nan,nan,0,-0.338549,-0.281777,-0.162642,-3.24786,-0.479274,-0.501058,nan,nan,0,1.07525,0.518973,-0.199466,8.22955,1.02762,0.794126,nan,nan,0,-0.100236,-0.215343,-0.292819,-2.6234,-0.260118,nan,-1.12791,-1.48849,1,0.0553084,-0.0303523,0.0440575,0.333547,0.0276542,nan,1.67411,0.828267,1,0.143878,-0.633256,1.00961,16.7766,-0.328061,-0.188481,nan,nan,0,2.3547,-0.0675921,0.537024,34.652,1.12735,0.915346,nan,nan,0,0.608063,0.490977,0.217878,13.895,0.614032,0.697546,nan,nan,0,-0.449617,0.453203,-0.359039,-12.2344,0.265191,0.276109,nan,nan,0,-1.08466,-0.159262,1.56399,-21.1469,-0.752328,nan,-23.1033,-24.6369,1,-0.924133,-0.14902,-2.98234,-9.56057,-0.462067,nan,-4.9179,-7.40205,1,0,0.954121,-0.007139,-0.004833,-0.299294,0.607782,-0.085445,-0.228126,5.58618,5.51804,17.4509
1787123397972439446,-0.394044,-0.919092,0.690203,0.583206,0.6,-0,0,-0.00418809,-0.0134626,-0.608378,0.600475,0.213169,0.151883,1.12556,0.323195,-0.00920582,14.4811,0.962778,1.07799,nan,nan,0,-0.00386809,-0.0325017,1.04029,2.3199,0.048066,0.0203738,nan,nan,0,-0.268496,-0.287913,-0.76411,-4.12698,-0.444248,-0.523411,nan,nan,0,0.804953,0.51974,0.248566,20.1954,0.892477,0.956152,nan,nan,0,-0.153543,-0.219492,-0.410009,-1.01669,-0.286771,nan,-1.73974,-0.498468,1,0.0202233,-0.0285576,0.141953,0.45206,0.0101116,nan,0.947149,1.32199,1,0.388606,-0.624244,0.85617,12.9182,-0.205697,-0.29433,nan,nan,0,1.98863,-0.0624146,0.555436,35.9219,0.944317,1.08041,nan,nan,0,0.989242,0.484266,-0.90527,10.8181,0.804621,0.600987,nan,nan,0,-0.563706,0.4486,-0.494062,-11.5507,0.208147,0.283311,nan,nan,0,-0.987303,-0.146455,0.923225,-21.6005,-0.703651,nan,-20.8867,-24.9145,1,-0.931093,-0.175414,-2.77503,-8.34436,-0.465547,nan,-4.54144,-5.58657,1,0,0.954061,-0.004014,-0.005795,-0.299526,0.600475,0.213169,0.151883,1.99672,1.32006,7.11145
1787123397982335283,-0.471916,-0.881644,0.690399,0.583541,0.6,-0,0,0.0033583,-0.0128825,-0.604696,0.779576,0.0477023,0.601786,0.923125,0.325305,0.303802,16.1416,0.861563,1.0679,nan,nan,0,0.297549,-0.0221472,1.06484,-1.0989,0.198774,0.00367851,nan,nan,0,-0.157506,-0.298652,-1.18145,-2.51526,-0.388753,-0.495538,nan,nan,0,0.59616,0.527218,0.960506,24.1026,0.78808,0.986652,nan,nan,0,-0.126797,-0.221646,-0.444826,-0.546047,-0.273399,nan,-1.14409,-0.730563,1,-0.0646929,-0.0301172,0.230593,0.879951,-0.0323464,nan,-0.412766,1.37985,1,0.612373,-0.616765,0.708872,8.37607,-0.0938134,-0.296668,nan,nan,0,1.4005,-0.0551286,0.813209,39.536,0.650249,1.08352,nan,nan,0,1.26161,0.474295,-0.978919,8.03419,0.940806,0.646258,nan,nan,0,-0.767204,0.443231,-0.537024,-11.8926,0.106398,0.257321,nan,nan,0,-0.907441,-0.141949,0.276477,-22.183,-0.663721,nan,-18.6767,-23.2129,1,-0.86993,-0.199795,-2.1691,-6.35448,-0.434965,nan,-3.80144,-4.62085,1,0,0.954621,-0.000315,-0.006649,-0.297746,0.779576,0.0477023,0.601786,0.776632,1.13727,6.70094
1787123397992415149,-0.546301,-0.837589,0.690591,0.583871,0.6,-0,0,0.0096673,-0.0126521,-0.595771,0.413838,-0.00357316,1.1808,0.836025,0.330674,0.629086,13.5043,0.818013,0.980513,nan,nan,0,0.544097,-0.0114088,1.06484,-1.44078,0.322049,0.0708531,nan,nan,0,-0.18264,-0.311499,-1.31648,-0.708183,-0.40132,-0.445406,nan,nan,0,0.553829,0.541408,1.61721,19.5116,0.766915,0.913568,nan,nan,0,-0.0836303,-0.225851,-0.453189,-0.93524,-0.251815,nan,-0.228968,-1.06048,1,-0.127041,-0.0267411,0.426552,0.973835,-0.0635207,nan,-1.74322,0.692912,1,0.676919,-0.610054,0.678185,8.42491,-0.0615407,-0.215849,nan,nan,0,1.4042,-0.0455408,1.00961,36.801,0.6521,0.919874,nan,nan,0,1.64548,0.468159,-0.481788,8.81563,1.13274,0.780211,nan,nan,0,-0.839387,0.438437,-0.530887,-16.1905,0.0703064,0.193528,nan,nan,0,-0.790201,-0.141566,-0.219982,-21.2912,-0.6051,nan,-15.8937,-20.7539,1,-1.03517,-0.214412,-1.29313,-6.17091,-0.517583,nan,-7.15545,-4.18454,1,0,0.955937,0.002764,-0.007466,-0.293461,0.413838,-0.00357316,1.1808,1.65228,-1.88376,7.70724
1787123398002443512,-0.616636,-0.787248,0.690779,0.584193,0.6,-0,0,0.0117821,-0.0137413,-0.581034,0.0801287,-0.0689275,1.71886,0.691064,0.33796,0.90527,11.16,0.745532,0.886185,nan,nan,0,0.51934,-0.00201321,1.02188,-0.122101,0.30967,0.190434,nan,nan,0,-0.197307,-0.322237,-1.12622,-0.268623,-0.408653,-0.409344,nan,nan,0,0.587915,0.556556,1.97318,14.188,0.783958,0.826986,nan,nan,0,-0.036273,-0.230076,-0.44437,-1.12989,-0.228136,nan,0.734424,-0.836614,1,-0.122013,-0.0209924,0.644777,0.521487,-0.0610063,nan,-2.16758,-0.569916,1,0.559499,-0.603918,0.696597,9.01099,-0.120251,-0.125571,nan,nan,0,1.6564,-0.0357614,1.10781,32.4542,0.778199,0.747842,nan,nan,0,1.94017,0.465475,-0.199466,12.8205,1.28009,0.95489,nan,nan,0,-0.8248,0.434219,-0.463376,-23.0769,0.0775998,0.123263,nan,nan,0,-0.693198,-0.145594,-0.41004,-20.1226,-0.556599,nan,-13.7701,-18.084,1,-1.19258,-0.221448,-0.320324,-5.86069,-0.596289,nan,-10.7648,-5.18403,1,0,0.958068,0.003676,-0.00827,-0.286397,0.0801287,-0.0689275,1.71886,3.63654,-0.032183,7.97853
1787123398012255006,-0.682389,-0.730989,0.690964,0.584509,0.6,-0,0,0.0125674,-0.0151669,-0.563348,0.0494569,-0.0347457,1.74963,0.618449,0.348506,1.10167,7.78999,0.709225,0.805903,nan,nan,0,0.403751,0.00795746,1.01574,4.07815,0.251876,0.280348,nan,nan,0,-0.275286,-0.3324,-0.948232,0.415138,-0.447643,-0.399082,nan,nan,0,0.535624,0.577456,2.10207,9.54823,0.757812,0.781743,nan,nan,0,-0.05622,-0.234292,-0.458455,-1.05287,-0.23811,nan,0.554061,-0.131529,1,-0.0801407,-0.0138515,0.724319,-0.380654,-0.0400703,nan,-1.87304,-1.71241,1,0.512535,-0.59644,0.794796,9.59707,-0.143732,-0.091148,nan,nan,0,1.67926,-0.0246401,1.09553,29.7192,0.789629,0.699765,nan,nan,0,1.94686,0.465666,0.11968,17.5092,1.28343,1.13315,nan,nan,0,-0.798422,0.429425,-0.414276,-28.6447,0.0907888,0.0824225,nan,nan,0,-0.678268,-0.149811,-0.283296,-18.0253,-0.549134,nan,-13.5514,-15.6329,1,-1.19534,-0.219821,0.699447,-6.54232,-0.59767,nan,-12.3847,-7.91615,1,0,0.960557,0.003928,-0.009031,-0.277905,0.0494569,-0.0347457,1.74963,2.96537,1.58167,7.91682
1787123398022186577,-0.743061,-0.669224,0.691144,0.584819,0.6,-0,0,0.0133765,-0.0154428,-0.547633,0.134403,0.0284643,1.36767,0.794674,0.360587,1.24283,7.4481,0.797337,0.744952,nan,nan,0,0.399756,0.0185041,1.10167,4.90842,0.249878,0.297898,nan,nan,0,-0.403302,-0.339878,-0.653635,0.268623,-0.511651,-0.414145,nan,nan,0,0.546147,0.600467,2.08979,3.44322,0.763073,0.763328,nan,nan,0,-0.135931,-0.23851,-0.445332,-0.392162,-0.277965,nan,-0.712943,0.447207,1,-0.061786,-0.00768473,0.570011,-1.16223,-0.030893,nan,-1.55126,-2.17431,1,0.50439,-0.587428,0.954369,8.27839,-0.147805,-0.104786,nan,nan,0,1.72969,-0.0148611,0.90527,31.0378,0.814843,0.730559,nan,nan,0,1.66527,0.469693,0.616811,20.7814,1.14263,1.24984,nan,nan,0,-0.742081,0.425399,-0.414276,-32.1123,0.118959,0.0744583,nan,nan,0,-0.583481,-0.152074,-0.1918,-16.439,-0.501741,nan,-11.9506,-14.0721,1,-1.20117,-0.20916,1.08623,-8.02504,-0.600584,nan,-13.3721,-10.876,1,0,0.962709,0.004351,-0.009242,-0.270344,0.134403,0.0284643,1.36767,-2.46297,1.71287,7.912
1787123398032223901,-0.798187,-0.602409,0.691322,0.585123,0.6,-0,0,0.0159137,-0.017648,-0.537303,0.3948,-0.293948,0.689603,0.977962,0.373242,1.26124,7.25275,0.888981,0.741364,nan,nan,0,0.205841,0.0305843,1.22441,4.27351,0.152921,0.278575,nan,nan,0,-0.490654,-0.34448,-0.395864,-0.65934,-0.555327,-0.455277,nan,nan,0,0.649121,0.621176,2.08979,-0.463982,0.81456,0.757955,nan,nan,0,-0.200083,-0.242688,-0.366338,-0.0815249,-0.310041,nan,-1.80787,0.249119,1,-0.0805369,-0.00407526,0.162286,-1.39802,-0.0402685,nan,-1.32923,-1.96653,1,-0.0888843,-0.576882,1.08325,8.42491,-0.444442,-0.129347,nan,nan,0,1.4891,-0.00776577,0.653635,33.3333,0.69455,0.775137,nan,nan,0,1.01774,0.481198,1.36558,20.7326,0.818872,1.24825,nan,nan,0,-0.764838,0.421372,-0.377452,-32.5519,0.107581,0.0897211,nan,nan,0,-0.842628,-0.150222,0.284111,-16.4891,-0.631314,nan,-17.2644,-13.0297,1,-1.07637,-0.19571,1.17364,-10.9282,-0.538185,nan,-12.0347,-12.8804,1,0,0.96408,0.005329,-0.010619,-0.265345,0.3948,-0.293948,0.689603,-0.012184,4.05476,8.65661
1787123398042176337,-0.847347,-0.53104,0.691495,0.58542,0.6,-0,0,0.0209769,-0.0197373,-0.532302,0.511728,-0.0560192,0.385367,1.10435,0.385514,1.21214,7.88766,0.952174,0.798089,nan,nan,0,0.0446645,0.0432396,1.3042,4.32234,0.0723323,0.227969,nan,nan,0,-0.46232,-0.34774,-0.346765,-2.46642,-0.54116,-0.507296,nan,nan,0,0.814321,0.641693,2.01614,-3.88278,0.89716,0.77612,nan,nan,0,-0.169552,-0.244756,-0.242547,-0.23793,-0.294776,nan,-1.38687,-0.633266,1,-0.0429535,-0.00681374,-0.299807,-1.49246,-0.0214767,nan,0.00982056,-1.49143,1,-0.427714,-0.565376,1.16304,7.54578,-0.613857,-0.241356,nan,nan,0,1.46116,-0.00278044,0.444963,33.8217,0.680581,0.766413,nan,nan,0,0.575083,0.497113,1.61721,19.6581,0.597542,1.08986,nan,nan,0,-0.61424,0.418112,-0.365176,-29.8657,0.18288,0.104342,nan,nan,0,-0.794079,-0.144266,0.830997,-14.3015,-0.60704,nan,-17.4436,-14.1755,1,-1.04719,-0.18492,0.998675,-12.2338,-0.523594,nan,-11.6582,-13.2775,1,0,0.964717,0.007523,-0.012279,-0.262893,0.511728,-0.0560192,0.385367,-0.516173,3.04289,10.0281
1787123398052265544,-0.890161,-0.455646,0.691665,0.585712,0.6,-0,0,0.0261959,-0.020002,-0.529179,0.587583,-0.091253,0.23837,1.14315,0.398362,1.1569,9.69475,0.971573,0.877372,nan,nan,0,-0.0500925,0.0578127,1.34103,2.71062,0.0249537,0.152271,nan,nan,0,-0.349856,-0.352917,-0.555436,-3.19902,-0.484928,-0.538927,nan,nan,0,0.938915,0.663361,1.95477,-2.66178,0.959457,0.82654,nan,nan,0,-0.126846,-0.246775,-0.203403,-0.704126,-0.273423,nan,-0.627561,-1.29331,1,-0.0230775,-0.0129147,-0.64801,-1.11385,-0.0115388,nan,1.01329,-0.709814,1,-0.565981,-0.552338,1.17532,5.88522,-0.68299,-0.424158,nan,nan,0,1.46862,0.000863075,0.273115,31.6728,0.684308,0.724278,nan,nan,0,0.339282,0.512261,1.23055,13.7973,0.479641,0.845245,nan,nan,0,-0.555465,0.41351,-0.414276,-25.4701,0.212267,0.13407,nan,nan,0,-0.806979,-0.132051,1.15714,-14.6898,-0.613489,nan,-18.586,-16.2493,1,-0.993061,-0.174764,0.491826,-12.1534,-0.496531,nan,-10.3907,-12.6425,1,0,0.965103,0.010026,-0.013077,-0.261351,0.587583,-0.091253,0.23837,-2.94689,1.7091,10.0421
1787123398062438244,-0.926299,-0.376789,0.691832,0.585998,0.6,-0,0,0.0322201,-0.0207653,-0.527085,0.614255,-0.121134,0.238164,1.09404,0.408716,1.17532,9.35287,0.947018,0.93985,nan,nan,0,-0.0820042,0.0700846,1.3533,0.21978,0.00899788,0.078931,nan,nan,0,-0.252031,-0.35982,-0.850034,-2.36874,-0.436016,-0.529317,nan,nan,0,0.90243,0.680619,1.94249,-0.21978,0.941215,0.893902,nan,nan,0,-0.107226,-0.248765,-0.216362,-1.13103,-0.263613,nan,-0.195139,-1.24095,1,-0.0317007,-0.0194138,-0.815771,-0.759464,-0.0158504,nan,1.33056,0.285994,1,-0.607072,-0.542174,1.11394,1.48962,-0.703536,-0.584839,nan,nan,0,1.30908,0.00278044,0.21174,27.7167,0.604538,0.693479,nan,nan,0,0.240521,0.519357,0.598398,8.42491,0.43026,0.624948,nan,nan,0,-0.564888,0.409291,-0.481788,-21.6606,0.207556,0.174952,nan,nan,0,-0.862042,-0.123899,1.13723,-16.332,-0.641021,nan,-19.8051,-17.8538,1,-0.92625,-0.177896,-0.169592,-11.8163,-0.463125,nan,-8.3025,-11.4452,1,0,0.965339,0.012848,-0.014219,-0.260293,0.614255,-0.121134,0.238164,-2.55768,4.32052,8.89272
1787123398072340867,-0.955479,-0.295058,0.691995,0.586278,0.6,-0,0,0.0383078,-0.0219649,-0.52387,0.594565,-0.137697,0.416553,0.928058,0.42233,1.28579,10.4762,0.864029,0.962534,nan,nan,0,-0.0632195,0.0846581,1.28579,-1.78266,0.0183902,0.0292644,nan,nan,0,-0.19208,-0.369791,-0.917544,-1.29426,-0.40604,-0.48908,nan,nan,0,0.797741,0.702095,1.96091,3.34554,0.888871,0.936601,nan,nan,0,-0.070227,-0.250729,-0.279504,-0.661302,-0.245113,nan,0.615785,-0.744903,1,-0.0537314,-0.0294763,-0.799485,-0.048879,-0.0268657,nan,1.27755,1.07974,1,-0.644111,-0.530478,1.04029,-1.48962,-0.722055,-0.67913,nan,nan,0,1.00564,0.00546503,0.279252,24.4933,0.452819,0.655145,nan,nan,0,0.242777,0.51974,-0.193328,3.39439,0.431388,0.483532,nan,nan,0,-0.603199,0.404306,-0.4511,-19.707,0.1884,0.201745,nan,nan,0,-0.881082,-0.111504,0.925442,-17.0842,-0.650541,nan,-20.2545,-19.0689,1,-0.893456,-0.181861,-0.804639,-10.7241,-0.446728,nan,-6.73904,-9.6899,1,0,0.965709,0.015655,-0.015565,-0.258684,0.594565,-0.137697,0.416553,-1.49875,1.775,7.97886
1787123398082579081,-0.977471,-0.211067,0.692155,0.586552,0.6,-0,0,0.0429832,-0.0236774,-0.518403,0.339409,-0.240969,0.711815,0.673198,0.436137,1.43923,8.03419,0.736599,0.933095,nan,nan,0,0.0284953,0.0963545,1.12622,-1.97802,0.0642476,0.0103339,nan,nan,0,-0.183047,-0.379953,-0.997331,-0.122101,-0.401523,-0.443327,nan,nan,0,0.763324,0.720119,2.03456,4.66422,0.871662,0.932199,nan,nan,0,0.0114546,-0.254742,-0.360885,-0.812966,-0.204273,nan,2.30777,-0.0366875,1,-0.081801,-0.0343798,-0.545447,0.423305,-0.0409005,nan,0.622548,1.40369,1,-0.798186,-0.521082,0.923681,-3.7851,-0.799093,-0.720334,nan,nan,0,0.966972,0.00910807,0.420414,20.5372,0.433486,0.571419,nan,nan,0,0.434606,0.514179,-0.684322,1.73382,0.527303,0.423404,nan,nan,0,-0.700125,0.401046,-0.33449,-20.928,0.139938,0.204789,nan,nan,0,-0.973476,-0.105277,0.629208,-17.5897,-0.696738,nan,-21.6449,-19.8769,1,-0.912269,-0.194143,-1.08716,-9.59797,-0.456135,nan,-6.22901,-7.83117,1,0,0.966369,0.017737,-0.016948,-0.255986,0.339409,-0.240969,0.711815,-1.36294,0.566181,7.89065
1787123398092450041,-0.9921,-0.125447,0.692312,0.586821,0.6,-0,0,0.0441185,-0.0272989,-0.510016,-0.0203439,-0.417096,0.989553,0.415871,0.45186,1.60494,5.73871,0.607935,0.850071,nan,nan,0,0.0230325,0.106134,0.911407,-1.88034,0.0615162,0.0246185,nan,nan,0,-0.140687,-0.388582,-0.788659,0.708183,-0.380343,-0.412265,nan,nan,0,0.768987,0.743129,2.09593,1.68498,0.874494,0.904146,nan,nan,0,0.056726,-0.256794,-0.359644,0.00786953,-0.181637,nan,3.16995,1.0464,1,-0.0500016,-0.0402957,-0.25038,0.874618,-0.0250008,nan,0.834419,1.16981,1,-0.998097,-0.512645,0.794796,-7.4481,-0.899048,-0.756514,nan,nan,0,1.15043,0.0142851,0.561574,17.1673,0.525217,0.486417,nan,nan,0,0.727398,0.504016,-1.12622,2.12454,0.673699,0.444261,nan,nan,0,-0.751083,0.398937,-0.168778,-20.7326,0.114459,0.181611,nan,nan,0,-1.09005,-0.101103,0.335278,-18.3902,-0.755023,nan,-23.3901,-20.6698,1,-0.906893,-0.203108,-0.719981,-8.43472,-0.453447,nan,-6.43019,-6.59285,1,0,0.967411,0.0179,-0.018768,-0.251877,-0.0203439,-0.417096,0.989553,0.282929,-0.450015,8.23507
1787123398102364912,-0.999245,-0.0388404,0.692466,0.587085,0.6,-0,0,0.0429007,-0.0303581,-0.499517,-0.122598,-0.0962035,1.09445,0.354808,0.468543,1.70313,4.27351,0.577404,0.731911,nan,nan,0,0.0744319,0.11342,0.66591,-1.24542,0.0872159,0.0468289,nan,nan,0,-0.119309,-0.396636,-0.850034,2.95483,-0.369654,-0.392485,nan,nan,0,0.62799,0.763263,1.96704,1.05006,0.803995,0.88204,nan,nan,0,0.00244995,-0.260885,-0.287537,0.746304,-0.208775,nan,2.25515,2.23819,1,-0.0040536,-0.0386697,0.0344849,0.853071,-0.0020268,nan,1.04756,0.81334,1,-0.685575,-0.505934,0.64136,-5.64103,-0.742788,-0.8185,nan,nan,0,1.26241,0.0206132,0.653635,15.7998,0.581204,0.469578,nan,nan,0,0.920702,0.490786,-1.34716,3.98046,0.770351,0.538192,nan,nan,0,-0.681857,0.39817,-0.0398932,-23.6142,0.149072,0.147188,nan,nan,0,-0.983079,-0.0990124,-0.042229,-19.0451,-0.70154,nan,-21.0251,-21.8443,1,-0.906073,-0.203513,-0.0140337,-7.70392,-0.453037,nan,-7.46465,-6.30748,1,0,0.968718,0.01703,-0.020005,-0.246769,-0.122598,-0.0962035,1.09445,0.542711,0.096281,8.635
1787123398112238508,-0.998843,0.0480974,0.692617,0.587343,0.6,-0,0,0.0408303,-0.0315847,-0.488526,-0.209254,-0.187436,1.10455,0.283402,0.485991,1.77065,1.97802,0.541701,0.631933,nan,nan,0,0.135178,0.11879,0.475651,-1.24542,0.117589,0.0679186,nan,nan,0,-0.15742,-0.403155,-0.481788,1.73382,-0.38871,-0.378243,nan,nan,0,0.410426,0.781863,1.81975,-2.41758,0.695213,0.84974,nan,nan,0,-0.0768723,-0.262969,-0.129956,1.59945,-0.248436,nan,0.703596,2.67534,1,0.0235211,-0.0366667,0.185297,0.76142,0.0117605,nan,1.17487,0.72352,1,-0.451888,-0.500565,0.481788,-8.32722,-0.625944,-0.822231,nan,nan,0,1.09001,0.0275164,0.71501,14.3834,0.495005,0.510962,nan,nan,0,0.963506,0.480239,-0.880719,5.9829,0.791753,0.659447,nan,nan,0,-0.708922,0.397978,-0.00920582,-26.2515,0.135539,0.133884,nan,nan,0,-1.02673,-0.103163,-0.451285,-20.3431,-0.723364,nan,-21.0301,-21.9933,1,-0.858001,-0.199481,0.743746,-7.49386,-0.429,nan,-8.00118,-6.88809,1,0,0.97007,0.015987,-0.020256,-0.241448,-0.209254,-0.187436,1.10455,-1.55984,-0.511091,6.78935
1787123398122189140,-0.990885,0.134709,0.692764,0.587596,0.6,-0,0,0.0385183,-0.0338035,-0.478158,-0.135534,-0.104752,0.945057,0.215546,0.501907,1.7461,-0.0244217,0.507773,0.568984,nan,nan,0,0.200029,0.122049,0.359039,-0.854698,0.150015,0.0925366,nan,nan,0,-0.200358,-0.404498,-0.0337563,1.14774,-0.410179,-0.376787,nan,nan,0,0.192152,0.797011,1.62335,-2.3199,0.586076,0.783646,nan,nan,0,-0.130619,-0.263012,0.0338623,2.21791,-0.27531,nan,-0.481207,2.02171,1,0.0226625,-0.034488,0.256692,0.527183,0.0113313,nan,0.98954,0.859175,1,-0.363288,-0.497305,0.328352,-8.47375,-0.581644,-0.745799,nan,nan,0,0.714184,0.0344191,0.782521,16.5324,0.307092,0.527222,nan,nan,0,0.822876,0.476213,-0.279252,7.59463,0.721438,0.750507,nan,nan,0,-0.729496,0.397978,0.00306892,-26.6423,0.125252,0.133716,nan,nan,0,-1.09583,-0.10941,-0.830394,-20.2403,-0.757915,nan,-21.4521,-21.3998,1,-0.777239,-0.187989,1.40012,-8.03712,-0.38862,nan,-8.11911,-7.76815,1,0,0.971314,0.014706,-0.020977,-0.236414,-0.135534,-0.104752,0.945057,1.81593,0.587756,8.58235
1787123398132249648,-0.975423,0.220338,0.692909,0.587844,0.6,-0,0,0.0374062,-0.035097,-0.469536,-0.107279,-0.0211759,0.803116,0.0849395,0.518781,1.66631,-1.14774,0.44247,0.529001,nan,nan,0,0.160048,0.124926,0.266977,-0.757019,0.130024,0.1214,nan,nan,0,-0.230671,-0.403155,0.168778,0.317459,-0.425335,-0.38934,nan,nan,0,-0.0105099,0.81005,1.36558,-6.81319,0.484745,0.688155,nan,nan,0,-0.17497,-0.261011,0.199726,1.36434,-0.297485,nan,-1.57619,0.761448,1,0.0775281,-0.0321347,0.312307,0.618525,0.038764,nan,1.6585,0.954596,1,-0.476282,-0.495004,0.21174,-6.2271,-0.638141,-0.653747,nan,nan,0,0.40225,0.0424724,0.813209,17.265,0.151125,0.453767,nan,nan,0,0.56815,0.476596,0.150368,9.10867,0.594075,0.769856,nan,nan,0,-0.605668,0.39817,0.0214806,-27.1795,0.187166,0.131372,nan,nan,0,-1.09031,-0.119854,-1.19895,-19.5852,-0.755157,nan,-20.4372,-21.0225,1,-0.657491,-0.168676,2.0667,-9.00828,-0.328745,nan,-7.90213,-8.46041,1,0,0.972324,0.014105,-0.021413,-0.232222,-0.107279,-0.0211759,0.803116,0.712528,0.337355,9.20822
1787123398142195730,-0.952565,0.304335,0.693051,0.588087,0.6,-0,0,0.0358764,-0.0347934,-0.462572,-0.0936527,0.0547953,0.582401,-0.0274875,0.534504,1.53742,-2.0757,0.386256,0.48741,nan,nan,0,0.118608,0.127226,0.21174,-0.463982,0.109304,0.135998,nan,nan,0,-0.197019,-0.400855,0.254703,-0.366302,-0.408509,-0.407575,nan,nan,0,-0.190374,0.821939,0.923681,-12.7228,0.394813,0.58134,nan,nan,0,-0.26436,-0.258995,0.263224,0.587972,-0.34218,nan,-3.30631,-0.576302,1,0.149844,-0.0285939,0.410203,0.710593,0.074922,nan,2.49017,1.17905,1,-0.646787,-0.493279,0.162642,-4.61539,-0.723394,-0.614331,nan,nan,0,0.177174,0.0499511,0.71501,15.6044,0.0385868,0.312471,nan,nan,0,0.224482,0.478897,0.242428,9.35287,0.422241,0.708821,nan,nan,0,-0.426503,0.398746,0.0705805,-28.7912,0.276748,0.148135,nan,nan,0,-1.02245,-0.134533,-1.44374,-20.196,-0.721225,nan,-18.3686,-20.5863,1,-0.503838,-0.14478,2.73789,-9.48971,-0.251919,nan,-7.32102,-8.7655,1,0,0.97314,0.01347,-0.021041,-0.228854,-0.0936527,0.0547953,0.582401,-0.681025,-0.603793,9.60631
1787123398152124974,-0.922474,0.386059,0.69319,0.588326,0.6,-0,0,0.0349779,-0.0343347,-0.457685,-0.0540228,0.0345691,0.415605,-0.0649723,0.548886,1.37785,-2.46642,0.367514,0.436767,nan,nan,0,0.011403,0.129336,0.217878,-0.21978,0.0557015,0.129735,nan,nan,0,-0.19602,-0.397978,0.28539,-1.3431,-0.40801,-0.415304,nan,nan,0,-0.365817,0.826924,0.33449,-19.4139,0.307091,0.47819,nan,nan,0,-0.450055,-0.256983,0.272763,-0.110212,-0.435028,nan,-6.64072,-2.00315,1,0.183114,-0.0226791,0.533954,0.945248,0.091557,nan,2.62615,1.68163,1,-0.762016,-0.491552,0.174916,-4.12698,-0.781008,-0.644365,nan,nan,0,-0.127727,0.055512,0.487926,12.2833,-0.113864,0.161457,nan,nan,0,-0.112246,0.479664,-0.046031,8.08303,0.253877,0.581016,nan,nan,0,-0.293754,0.399896,0.11968,-26.2027,0.343123,0.200787,nan,nan,0,-0.859857,-0.149238,-1.57903,-20.4951,-0.639928,nan,-14.8056,-19.5379,1,-0.317303,-0.112486,3.32094,-9.23993,-0.158651,nan,-6.36638,-8.61688,1,0,0.973705,0.013136,-0.020683,-0.22649,-0.0540228,0.0345691,0.415605,-0.147925,2.58526,10.2743
1787123398162201323,-0.88537,0.464887,0.693326,0.588559,0.6,-0,0,0.034698,-0.0333867,-0.454053,-0.00596292,0.209604,0.294879,-0.101121,0.561158,1.17532,-3.00366,0.349439,0.393365,nan,nan,0,-0.0506888,0.131637,0.230153,-0.415138,0.0246556,0.100611,nan,nan,0,-0.134307,-0.394719,0.371314,-1.92918,-0.377153,-0.413597,nan,nan,0,-0.543548,0.825965,-0.297665,-22.9792,0.218226,0.383173,nan,nan,0,-0.557855,-0.255,0.170407,-1.54511,-0.488927,nan,-8.44308,-4.10336,1,0.205657,-0.0161725,0.683622,1.43925,0.102829,nan,2.5446,2.17718,1,-0.466655,-0.489827,0.168778,-4.85959,-0.633327,-0.709091,nan,nan,0,-0.475198,0.0583882,0.21174,7.59463,-0.287599,0.0140351,nan,nan,0,-0.252131,0.476021,-0.506338,5.34798,0.183934,0.416582,nan,nan,0,-0.280249,0.402005,0.242428,-23.663,0.349875,0.272714,nan,nan,0,-0.661407,-0.165955,-1.63924,-19.3991,-0.540704,nan,-10.6574,-17.3737,1,-0.211053,-0.0793051,3.5237,-8.61454,-0.105527,nan,-6.0722,-8.00152,1,0,0.974122,0.013144,-0.020166,-0.224734,-0.00596292,0.209604,0.294879,-0.696483,1.20729,10.2614
1787123398172133672,-0.841526,0.540217,0.69346,0.588788,0.6,-0,0,0.0339916,-0.0304653,-0.451482,-0.104221,0.286925,0.248428,0.0160209,0.571512,0.960506,-3.34554,0.40801,0.364295,nan,nan,0,-0.0875098,0.133554,0.181053,-0.415138,0.00624512,0.0612078,nan,nan,0,-0.147329,-0.392226,0.181053,-1.0989,-0.383664,-0.400398,nan,nan,0,-0.785029,0.819446,-0.880719,-27.0818,0.0974854,0.293291,nan,nan,0,-0.832159,-0.25509,-0.0381663,-3.36845,-0.62608,nan,-12.9274,-6.44057,1,0.195028,-0.00607798,0.944636,1.7917,0.0975139,nan,1.6908,2.38675,1,-0.197064,-0.488293,0.14423,-6.66666,-0.498532,-0.711978,nan,nan,0,-0.71195,0.0585799,-0.046031,2.51526,-0.405975,-0.141792,nan,nan,0,-0.390568,0.467967,-0.942094,1.5873,0.114716,0.273321,nan,nan,0,-0.18215,0.405457,0.408138,-20.0977,0.398925,0.327289,nan,nan,0,-0.428449,-0.182485,-1.67996,-17.2879,-0.424224,nan,-5.94096,-14.0794,1,-0.0726681,-0.0453741,3.40669,-7.58704,-0.0363341,nan,-4.83883,-7.23761,1,0,0.974432,0.013153,-0.018647,-0.223518,-0.104221,0.286925,0.248428,-1.6863,0.664733,9.239
1787123398182189504,-0.791267,0.61147,0.69359,0.589012,0.6,-0,0,0.0321119,-0.0271788,-0.448183,-0.180846,0.226001,0.391899,0.0813927,0.579374,0.727284,-3.5409,0.440696,0.369021,nan,nan,0,-0.322763,0.134705,0.107406,-1.63614,-0.111382,0.0273087,nan,nan,0,-0.0651061,-0.392226,-0.0583057,-0.122101,-0.342553,-0.387734,nan,nan,0,-0.812724,0.806215,-1.53742,-27.2283,0.083638,0.195038,nan,nan,0,-1.0285,-0.257277,-0.380198,-4.29999,-0.724248,nan,-15.7737,-9.38599,1,0.197913,0.00523877,1.31684,1.46081,0.0989564,nan,0.836263,2.08513,1,-0.121996,-0.487143,0.125817,-6.47131,-0.460998,-0.629906,nan,nan,0,-0.833701,0.0572376,-0.168779,-3.58974,-0.46685,-0.290358,nan,nan,0,-0.35108,0.456271,-1.24897,-0.170937,0.13446,0.171848,nan,nan,0,-0.115941,0.411017,0.610673,-14.6276,0.432029,0.36776,nan,nan,0,-0.214073,-0.196766,-1.64218,-14.1736,-0.317036,nan,-1.74618,-9.93213,1,-0.0223041,-0.0121039,2.97003,-6.50049,-0.011152,nan,-4.42649,-6.25255,1,0,0.974828,0.012633,-0.016815,-0.221959,-0.180846,0.226001,0.391899,-1.94467,0.653996,8.41668
1787123398192327787,-0.734969,0.678101,0.693719,0.589232,0.6,-0,0,0.0295815,-0.0245878,-0.443166,-0.311962,0.28949,0.619039,0.0694052,0.585127,0.506338,-3.7851,0.434703,0.40004,nan,nan,0,-0.538196,0.135088,0.00306892,-1.78266,-0.219098,-0.0298665,nan,nan,0,0.025613,-0.39261,0.00306892,0.0732574,-0.297193,-0.369159,nan,nan,0,-0.698664,0.783588,-2.3046,-27.4237,0.140668,0.118594,nan,nan,0,-1.12116,-0.263586,-0.935143,-6.6218,-0.770578,nan,-16.342,-12.6181,1,0.206289,0.0190156,1.67644,1.55595,0.103145,nan,0.00920721,1.33785,1,-0.0386302,-0.485992,0.125817,-4.95727,-0.419315,-0.532768,nan,nan,0,-0.794447,0.0543613,-0.346765,-8.66911,-0.447223,-0.403355,nan,nan,0,-0.170204,0.441314,-1.66017,-2.51526,0.224898,0.125582,nan,nan,0,-0.140428,0.418495,0.794796,-14.0415,0.419786,0.403739,nan,nan,0,-0.114186,-0.210893,-1.41491,-11.4268,-0.267093,nan,0.155356,-5.50019,1,0.00524374,0.0131415,2.33239,-5.53469,0.00262187,nan,-3.81417,-5.21087,1,0,0.97541,0.011726,-0.015242,-0.219556,-0.311962,0.28949,0.619039,-1.27431,-0.000457,7.84982
1787123398202191167,-0.673052,0.739595,0.693844,0.589447,0.6,-0,0,0.0250071,-0.0210443,-0.436172,-0.489289,0.316636,0.734626,0.00591184,0.588578,0.28539,-3.10134,0.402956,0.425635,nan,nan,0,-0.724964,0.13413,-0.11968,-3.5409,-0.312482,-0.11929,nan,nan,0,-0.0640993,-0.392417,0.00920582,0.805862,-0.34205,-0.336849,nan,nan,0,-0.65316,0.755209,-3.03496,-25.5678,0.16342,0.101342,nan,nan,0,-1.19311,-0.278105,-1.70624,-9.55001,-0.806553,nan,-15.9363,-14.8703,1,0.209298,0.0391365,1.94198,0.714869,0.104649,nan,-0.947595,0.421916,1,-0.120628,-0.48465,0.14423,-2.46642,-0.460314,-0.460228,nan,nan,0,-0.621073,0.0491843,-0.586123,-12.5763,-0.360536,-0.455615,nan,nan,0,-0.100226,0.422522,-1.93022,-2.36874,0.259887,0.148212,nan,nan,0,-0.0527794,0.427316,0.923681,-12.5763,0.46361,0.42258,nan,nan,0,0.00151002,-0.220865,-0.97233,-7.56333,-0.209245,nan,1.86519,-1.9446,1,0.0446126,0.0324045,1.607,-3.94187,0.0223063,nan,-2.71345,-4.30016,1,0,0.976211,0.00993,-0.012977,-0.216204,-0.489289,0.316636,0.734626,-1.99213,-1.36271,7.18553
1787123398212290626,-0.605983,0.795477,0.693967,0.589658,0.6,-0,0,0.0192698,-0.0173286,-0.427939,-0.584272,0.405962,0.927027,-0.181881,0.590112,0.101268,-2.27106,0.309059,0.425792,nan,nan,0,-0.971805,0.131828,-0.291528,-5.78754,-0.435903,-0.220999,nan,nan,0,-0.117756,-0.392417,-0.00306892,1.78266,-0.368878,-0.324068,nan,nan,0,-0.622715,0.720119,-3.70393,-23.9072,0.178642,0.123994,nan,nan,0,-1.15367,-0.300755,-2.65387,-10.4601,-0.786833,nan,-13.0319,-15.5943,1,0.214866,0.0612771,2.10295,0.314859,0.107433,nan,-1.76975,-0.525408,1,-0.33725,-0.483116,0.156505,-0.561661,-0.568625,-0.435968,nan,nan,0,-0.497163,0.0415139,-0.850034,-12.8694,-0.298582,-0.435841,nan,nan,0,-0.0619196,0.402772,-1.94863,-0.903542,0.27904,0.203006,nan,nan,0,0.0917978,0.436328,0.997331,-9.59707,0.535899,0.440215,nan,nan,0,0.117169,-0.226787,-0.335037,-4.88992,-0.151416,nan,3.14057,0.419524,1,0.064439,0.0418627,0.607036,-3.08032,0.0322195,nan,-1.19985,-3.29409,1,0,0.977131,0.007575,-0.010512,-0.212241,-0.584272,0.405962,0.927027,-0.803109,0.487765,5.04197
1787123398222262326,-0.534267,0.845316,0.694088,0.589865,0.6,-0,0,0.0129241,-0.0133026,-0.417551,-0.627867,0.371979,1.11034,-0.205666,0.589921,-0.0583057,-2.0757,0.297167,0.383976,nan,nan,0,-1.24345,0.127802,-0.481788,-8.18071,-0.571726,-0.331392,nan,nan,0,-0.133229,-0.392034,0.0889931,1.88034,-0.376614,-0.338581,nan,nan,0,-0.573931,0.680427,-4.17038,-16.5324,0.203035,0.15398,nan,nan,0,-1.14431,-0.331323,-3.71239,-11.6803,-0.782157,nan,-10.2106,-14.4642,1,0.262584,0.0815895,2.06618,-0.714091,0.131292,nan,-1.60819,-1.36546,1,-0.657909,-0.481581,0.156505,0.122101,-0.728955,-0.477699,nan,nan,0,-0.369473,0.0317349,-1.03416,-13.4554,-0.234737,-0.373546,nan,nan,0,-0.018586,0.384364,-1.81361,0.170937,0.300707,0.250704,nan,nan,0,0.2416,0.446491,1.03416,-10.9157,0.6108,0.479753,nan,nan,0,0.163521,-0.22672,0.229113,-1.67541,-0.128239,nan,3.10314,1.96542,1,0.10558,0.0418627,-0.00836997,-2.56367,0.0527899,nan,0.34037,-2.04217,1,0,0.978252,0.004943,-0.007846,-0.207211,-0.627867,0.371979,1.11034,-0.082973,-0.835167,5.29753
1787123398232186137,-0.458446,0.888722,0.694206,0.590068,0.6,-0,0,0.00580434,-0.0092804,-0.406017,-0.774174,0.425618,1.17911,-0.21988,0.58877,-0.131955,-4.0293,0.29006,0.33293,nan,nan,0,-1.45405,0.120515,-0.813209,-9.20635,-0.677023,-0.454294,nan,nan,0,-0.1391,-0.390117,0.217878,0.805862,-0.37955,-0.359593,nan,nan,0,-0.517959,0.640159,-4.42815,-7.54578,0.231021,0.181455,nan,nan,0,-1.07388,-0.373743,-4.83889,-10.9607,-0.74694,nan,-5.80353,-11.9113,1,0.352239,0.0975102,1.62224,-1.00694,0.17612,nan,-0.0750738,-1.75546,1,-0.897907,-0.480047,0.181053,-0.366302,-0.848954,-0.585191,nan,nan,0,-0.246579,0.0211887,-1.01574,-13.6508,-0.173289,-0.30046,nan,nan,0,0.0282801,0.370174,-1.10781,-0.415138,0.32414,0.283407,nan,nan,0,0.343029,0.458188,1.07098,-5.25031,0.661515,0.541583,nan,nan,0,0.174527,-0.22064,0.703562,-0.112122,-0.122736,nan,2.37128,2.7134,1,0.140673,0.0408591,-0.312926,-1.95069,0.0703366,nan,1.35372,-0.657052,1,0,0.979452,0.001907,-0.00513,-0.201601,-0.774174,0.425618,1.17911,0.715321,-4.96941,3.31223
1787123398242203932,-0.379095,0.925358,0.694322,0.590266,0.6,-0,0,-0.00374274,-0.00392779,-0.394564,-1.02534,0.554891,1.10177,-0.384683,0.587044,-0.0889931,-16.6789,0.207659,0.300347,nan,nan,0,-1.43427,0.110352,-1.06484,-23.5165,-0.667135,-0.576418,nan,nan,0,-0.127404,-0.388007,0.168778,-0.0244217,-0.373702,-0.374052,nan,nan,0,-0.48249,0.592988,-3.6978,-56.2882,0.248755,0.207943,nan,nan,0,-0.889886,-0.411386,-3.24817,-25.5462,-0.654943,nan,-3.65223,-8.5071,1,0.403227,0.113477,0.574754,0.65958,0.201614,nan,1.78197,-1.26339,1,-1.05975,-0.47813,0.242428,-5.05495,-0.929876,-0.721558,nan,nan,0,-0.152863,0.0114088,-0.923681,-20.293,-0.126432,-0.230123,nan,nan,0,0.0195748,0.364806,-0.359039,-1.92918,0.319787,0.307522,nan,nan,0,0.404205,0.469309,1.09553,-3.10134,0.692102,0.607375,nan,nan,0,0.183819,-0.210384,1.26423,0.550547,-0.11809,nan,1.33393,2.61264,1,0.134253,0.0376677,-0.229999,-1.07294,0.0671267,nan,1.22877,0.56942,1,0,0.980598,-0.00222,-0.001559,-0.196008,-1.02534,0.554891,1.10177,-0.689966,-3.26505,4.10979
1787123398252279426,-0.296818,0.954934,0.694436,0.590461,0.6,-0,0,-0.0132309,-0.00113332,-0.383959,-0.412079,-0.701148,0.758673,0.4824,0.585127,-0.291528,-2.0757,0.6412,0.261535,nan,nan,0,-1.34755,0.101532,-0.733422,-36.3126,-0.623776,-0.652488,nan,nan,0,-0.326877,-0.378803,1.47605,-8.42491,-0.473438,-0.378615,nan,nan,0,-0.727637,0.572855,-1.75223,-60.2442,0.126181,0.231268,nan,nan,0,-1.43478,-0.409465,1.58443,-22.2116,-0.927388,nan,-20.5039,-6.47306,1,0.480148,0.109941,-0.543307,0.498738,0.240074,nan,4.71894,0.416064,1,-1.11178,-0.476404,0.131955,-5.25031,-0.955892,-0.84403,nan,nan,0,-0.0737559,0.00738239,-0.14423,-22.4908,-0.0868779,-0.169608,nan,nan,0,-0.073903,0.370558,1.14463,-10.232,0.273049,0.32007,nan,nan,0,0.485094,0.481965,1.59266,-7.64347,0.732547,0.660162,nan,nan,0,0.0959107,-0.193717,2.1971,-0.755922,-0.162045,nan,-2.18714,1.81211,1,0.208743,0.0379365,0.539487,-0.720514,0.104371,nan,1.18382,1.12269,1,0,0.981606,-0.006602,0.000706,-0.190802,-0.412079,-0.701148,0.758673,5.53843,2.90318,9.95593
1787123398262223597,-0.212239,0.977218,0.694547,0.590652,0.6,-0,0,-0.000130514,-0.0102637,-0.389842,2.05022,0.678523,-1.40857,-0.10855,0.57899,-0.739559,0.708183,0.345725,0.365877,nan,nan,0,-3.14555,0.095396,-0.616811,-21.2698,-1.52278,-0.666219,nan,nan,0,-1.97913,-0.352533,3.01654,-14.9695,-1.29956,-0.411678,nan,nan,0,-0.756587,0.564993,-0.402001,-36.0684,0.111706,0.205659,nan,nan,0,-1.13583,-0.381958,3.74114,-10.6996,-0.777914,nan,-19.4702,-11.4384,1,1.03798,0.0973881,-1.55232,1.3701,0.518989,nan,14.9765,2.9765,1,-0.492329,-0.475445,0.0521679,-8.76679,-0.646164,-0.923961,nan,nan,0,-0.120327,0.00949144,0.23629,-7.20391,-0.110163,-0.120748,nan,nan,0,-0.393288,0.391075,2.18799,-10.4762,0.113356,0.307404,nan,nan,0,1.1072,0.499414,1.46378,9.64591,1.0436,0.702662,nan,nan,0,-0.19345,-0.170971,2.43798,1.6476,-0.306725,nan,-8.40836,-0.147552,1,0.291011,0.0421363,0.562087,1.06962,0.145506,nan,2.25795,1.14952,1,0,0.981049,-0.001058,-0.005022,-0.193687,2.05022,0.678523,-1.40857,14.9981,12.1406,13.5364
1787123398272187637,-0.126005,0.99203,0.694656,0.590839,0.6,-0,0,0.0107742,0.000196341,-0.400365,-0.0048646,1.4698,-0.592021,-1.53052,0.568828,-1.07098,1.3431,-0.365261,0.429381,nan,nan,0,-3.3927,0.0865755,-1.02188,-19.5116,-1.64635,-0.941429,nan,nan,0,-2.04726,-0.32588,2.07752,-7.64347,-1.33363,-0.71911,nan,nan,0,-0.484482,0.560774,-0.518612,-24.884,0.247759,0.155799,nan,nan,0,-0.50173,-0.345702,3.57509,-8.77132,-0.460865,nan,-9.39334,-17.5087,1,1.19844,0.0774639,-1.54702,2.25389,0.599221,nan,17.9732,8.14776,1,-0.771158,-0.476979,-0.205604,-9.20635,-0.785579,-0.85872,nan,nan,0,-0.227322,0.0110254,0.101268,-3.58974,-0.163661,-0.0998376,nan,nan,0,-0.0963954,0.402772,0.573849,-2.5641,0.261802,0.235744,nan,nan,0,1.01478,0.51207,1.41468,6.52015,0.997388,0.828867,nan,nan,0,-0.00829558,-0.14429,2.25796,0.631065,-0.214148,nan,-5.83198,-3.89772,1,0.104882,0.0499187,0.39605,1.26872,0.0524408,nan,-0.518411,1.48505,1,0,0.980015,0.005299,-0.000975,-0.198846,-0.0048646,1.4698,-0.592021,-2.26234,-18.9485,18.8873
1787123398282243062,-0.0387754,0.999248,0.694763,0.591022,0.6,-0,0,0.00510178,0.0138006,-0.396853,-0.626626,0.369174,1.31102,-0.980624,0.556748,-1.06484,-1.73382,-0.0903118,0.172831,nan,nan,0,-2.4654,0.0708518,-1.63562,-25.7143,-1.1827,-1.33452,nan,nan,0,-0.0945925,-0.32588,-0.862308,-12.1367,-0.357296,-1.08928,nan,nan,0,-0.307042,0.55042,-1.14463,-20.3419,0.336479,0.166375,nan,nan,0,-0.336447,-0.319224,2.35181,-13.7013,-0.378224,nan,-5.59269,-16.7591,1,0.812725,0.0710075,-0.300562,6.73799,0.406363,nan,10.5115,13.7082,1,-1.30975,-0.481198,-0.444963,-7.49695,-1.05487,-0.783907,nan,nan,0,-0.269553,0.0106421,-0.11968,0.463982,-0.184776,-0.117302,nan,nan,0,0.424571,0.395102,-1.07712,-0.366302,0.522286,0.206797,nan,nan,0,0.37364,0.528752,1.61107,14.2369,0.67682,0.949801,nan,nan,0,0.000439538,-0.127726,1.64052,-1.56125,-0.20978,nan,-5.33266,-6.25264,1,0.0557608,0.0496812,0.195008,1.867,0.0278804,nan,-0.946534,1.0803,1,0,0.980347,0.003861,0.006262,-0.197139,-0.626626,0.369174,1.31102,-13.1348,-1.90592,-5.2284
1787123398292173867,0.0487828,0.998809,0.694868,0.591202,0.6,-0,0,-0.003748,0.0169484,-0.384334,-0.979625,0.0663569,0.860828,-0.404138,0.547735,-0.837758,-16.3858,0.197931,-0.0650973,nan,nan,0,-1.27483,0.049376,-2.31688,-43.5897,-0.587415,-1.43188,nan,nan,0,-0.107178,-0.344096,-2.15117,-17.558,-0.363589,-0.982325,nan,nan,0,-0.482474,0.53623,-1.48219,-19.5604,0.248763,0.237788,nan,nan,0,-0.690514,-0.302566,1.3627,-14.1718,-0.555257,nan,-10.8882,-11.5297,1,0.689628,0.0786268,1.67248,10.7981,0.344814,nan,5.47688,14.3029,1,-1.2723,-0.4858,-0.469513,-6.32478,-1.03615,-0.854106,nan,nan,0,-0.174436,0.0060401,-0.567711,2.12454,-0.137218,-0.151197,nan,nan,0,0.065676,0.378612,-1.87498,1.78266,0.342838,0.311246,nan,nan,0,0.527042,0.550036,2.10207,16.4835,0.753521,0.898595,nan,nan,0,0.11447,-0.117518,0.74989,-1.85134,-0.152765,nan,-2.35848,-6.35251,1,0.0699082,0.0486198,-0.226475,1.69711,0.0349541,nan,-0.0702585,0.126162,1,0,0.981558,-0.000221,0.008676,-0.190964,-0.979625,0.0663569,0.860828,-9.10246,2.43941,1.74172
1787123398302179903,0.135997,0.990709,0.69497,0.591378,0.6,-0,0,-0.0105985,0.01366,-0.375544,-0.579745,-0.356122,1.05179,0.322049,0.541216,-0.659773,-20.3419,0.561025,-0.0408189,nan,nan,0,-1.33741,0.0284748,-2.27391,-60.1465,-0.618707,-1.13894,nan,nan,0,0.188431,-0.356751,-0.708872,-22.735,-0.215785,-0.649457,nan,nan,0,-0.503209,0.522616,-1.48219,-19.6581,0.238396,0.275321,nan,nan,0,-0.940575,-0.289709,1.6856,-15.9978,-0.680288,nan,-16.1986,-8.98584,1,0.868633,0.102206,3.01517,13.1958,0.434317,nan,5.44057,10.3072,1,-1.09835,-0.490211,-0.506338,-8.86447,-0.949177,-0.964004,nan,nan,0,-0.038634,0.000863075,-0.555436,-3.44322,-0.069317,-0.16039,nan,nan,0,0.103514,0.362313,-1.57425,3.68742,0.361757,0.382499,nan,nan,0,0.506734,0.568253,2.34756,8.62027,0.743367,0.80159,nan,nan,0,0.126942,-0.115533,-0.0275711,-3.24522,-0.146529,nan,-1.04352,-4.71405,1,0.126821,0.0470359,-0.303724,0.131748,0.0634103,nan,0.946816,-0.289148,1,0,0.982392,-0.003931,0.007699,-0.186628,-0.579745,-0.356122,1.05179,10.7633,16.7767,6.24372
1787123398312571182,0.222199,0.975001,0.695071,0.59155,0.6,-0,0,-0.0142705,0.0089492,-0.366253,-0.598831,-0.422773,0.628314,0.636712,0.535272,-0.494062,-16.2882,0.718356,0.201462,nan,nan,0,-1.53871,0.00834084,-1.58652,-47.3016,-0.719354,-0.805802,nan,nan,0,0.0956876,-0.339878,2.55624,-22.149,-0.262156,-0.379333,nan,nan,0,-0.504921,0.510727,-0.997331,-28.9866,0.23754,0.267972,nan,nan,0,-0.909241,-0.257781,3.42945,-13.9145,-0.66462,nan,-19.3836,-11.4751,1,0.895988,0.140398,3.04639,11.351,0.447994,nan,4.65829,6.41418,1,-1.07433,-0.496538,-0.579986,-11.2088,-0.937166,-0.998039,nan,nan,0,0.0810561,-0.00565672,-0.622948,-2.0757,-0.00947194,-0.128955,nan,nan,0,-0.189368,0.353492,-0.402001,1.24542,0.215316,0.386079,nan,nan,0,0.708669,0.597399,2.41508,1.8315,0.844334,0.751181,nan,nan,0,0.140297,-0.119652,-0.51975,-3.37391,-0.139851,nan,0.0726529,-2.51161,1,0.182479,0.0444883,-0.270554,-0.284872,0.0912394,nan,1.80836,0.0337043,1,0,0.983249,-0.006201,0.005699,-0.182067,-0.598831,-0.422773,0.628314,2.17588,-3.59974,10.0388
1787123398322252881,0.306722,0.951799,0.695169,0.591719,0.6,-0,0,-0.0224679,0.00119892,-0.362211,-1.01935,-0.55321,0.0565741,0.711438,0.531053,-0.475651,-5.93407,0.755719,0.48921,nan,nan,0,-1.11635,-0.00354719,-1.21828,-30.8425,-0.508175,-0.664615,nan,nan,0,-0.132573,-0.30728,3.74076,-15.5067,-0.376286,-0.248205,nan,nan,0,-0.586757,0.504591,-0.592261,-24.9817,0.196621,0.251209,nan,nan,0,-0.851243,-0.222333,4.37263,-13.3657,-0.635622,nan,-21.024,-16.118,1,0.853619,0.151052,1.88473,7.72879,0.42681,nan,5.44564,4.70233,1,-1.11497,-0.502674,-0.721148,-9.74359,-0.957483,-0.978342,nan,nan,0,0.136027,-0.0116005,-0.672048,-2.02686,0.0180135,-0.0723267,nan,nan,0,-0.352761,0.354067,0.107406,0.512817,0.133619,0.327103,nan,nan,0,0.772955,0.616574,2.38439,-2.22222,0.876478,0.767983,nan,nan,0,0.109622,-0.125824,-0.687717,-1.98042,-0.155189,nan,0.00379601,-0.738601,1,0.134948,0.0419812,-0.316767,0.0278131,0.0674742,nan,1.23994,0.848638,1,0,0.983584,-0.010942,0.002613,-0.180099,-1.01935,-0.55321,0.0565741,11.4648,-10.0305,16.6217
1787123398332234361,0.388917,0.921273,0.695266,0.591885,0.6,-0,0,-0.0334293,-0.00135586,-0.362729,-1.28863,0.264548,0.0218056,0.178779,0.526068,-0.494062,-0.366302,0.48939,0.683902,nan,nan,0,-0.529764,-0.0150528,-1.18145,-19.8046,-0.214882,-0.58787,nan,nan,0,-0.0750547,-0.274491,2.94289,-8.37607,-0.347527,-0.260245,nan,nan,0,-0.531179,0.499414,-0.5002,-20,0.22441,0.227131,nan,nan,0,-0.575506,-0.180601,4.03862,-14.0398,-0.497753,nan,-17.1583,-19.831,1,0.730135,0.172378,1.30187,5.15202,0.365068,nan,3.82787,4.66482,1,-1.08253,-0.511302,-0.923681,-7.88766,-0.941264,-0.959795,nan,nan,0,-0.0777611,-0.0186958,-0.727284,-0.366302,-0.0888806,-0.018821,nan,nan,0,-0.36573,0.3533,-0.224015,0.366302,0.127135,0.230967,nan,nan,0,0.619663,0.639584,2.2555,-4.56654,0.799832,0.820043,nan,nan,0,0.12437,-0.132053,-0.752811,-1.07993,-0.147815,nan,0.577547,0.160462,1,0.132286,0.0406017,-0.186376,0.331605,0.0661431,nan,1.04581,1.34902,1,0,0.983458,-0.016562,0.002348,-0.180358,-1.28863,0.264548,0.0218056,4.49687,-0.954151,12.1734
1787123398342275940,0.468148,0.88365,0.695361,0.592047,0.6,-0,0,-0.0456801,0.00198555,-0.361331,-1.05801,0.333399,0.221862,-0.148936,0.521466,-0.420414,2.61295,0.325532,0.679698,nan,nan,0,-0.467444,-0.0273247,-1.23669,-18.3883,-0.183722,-0.434341,nan,nan,0,-0.000201643,-0.254165,1.67245,-5.68987,-0.310101,-0.311012,nan,nan,0,-0.444158,0.494045,-0.573849,-20.0488,0.267921,0.215354,nan,nan,0,-0.431187,-0.151821,2.357,-11.5791,-0.425594,nan,-13.1175,-20.1088,1,0.750952,0.17495,0.549426,6.56222,0.375476,nan,5.19164,4.59859,1,-1.06724,-0.521657,-1.07712,-6.81319,-0.933621,-0.948844,nan,nan,0,-0.28406,-0.0257907,-0.672048,0.854698,-0.19203,-0.0226376,nan,nan,0,-0.222197,0.349657,-0.414276,-2.17339,0.198901,0.15757,nan,nan,0,0.514826,0.663553,2.1573,0.366302,0.747413,0.835511,nan,nan,0,0.135737,-0.14022,-0.738596,-0.424098,-0.142132,nan,1.04097,0.559232,1,0.138601,0.0388665,0.0695605,0.775762,0.0693004,nan,0.808677,1.31885,1,0,0.983471,-0.022288,0.00508,-0.179615,-1.05801,0.333399,0.221862,-2.90888,-0.671448,6.25786
1787123398352302378,0.543802,0.839214,0.695454,0.592206,0.6,-0,0,-0.0536178,0.00469123,-0.359931,-0.447881,0.199934,0.0908804,-0.249585,0.518014,-0.303802,3.5409,0.275207,0.531296,nan,nan,0,-0.893076,-0.0380626,-0.948232,-18.8767,-0.396538,-0.278994,nan,nan,0,-0.221002,-0.243427,0.972781,-5.73871,-0.420501,-0.329473,nan,nan,0,-0.412392,0.486567,-0.684322,-21.7094,0.283804,0.231153,nan,nan,0,-0.477107,-0.145785,-0.111385,-10.7407,-0.448553,nan,-10.4298,-16.8432,1,0.934576,0.166618,-1.1963,6.45886,0.467288,nan,10.8145,5.13379,1,-1.01879,-0.533354,-1.21828,-5.25031,-0.909394,-0.939893,nan,nan,0,-0.34956,-0.0319266,-0.573849,0.805862,-0.22478,-0.0899072,nan,nan,0,-0.170129,0.342562,-0.880719,-2.0757,0.224936,0.148094,nan,nan,0,0.478347,0.684837,2.12048,-2.02686,0.729173,0.804564,nan,nan,0,0.0674296,-0.146355,-0.671311,-0.0585978,-0.176285,nan,-0.0405911,0.848924,1,0.135195,0.0422664,0.344525,0.99579,0.0675974,nan,0.243141,0.990097,1,0,0.983504,-0.025953,0.007105,-0.178869,-0.447881,0.199934,0.0908804,-2.62216,5.01381,8.83419
1787123398362269259,0.615292,0.7883,0.695544,0.592362,0.6,-0,0,-0.0551612,0.00749748,-0.358726,0.0569,0.076733,0.199448,-0.205382,0.514946,-0.340627,2.8083,0.297309,0.377278,nan,nan,0,-1.84056,-0.044198,-0.438826,-18.486,-0.870278,-0.264505,nan,nan,0,-0.437266,-0.235949,0.616811,-5.34798,-0.528633,-0.36058,nan,nan,0,-0.415794,0.480623,-0.647498,-17.8022,0.282103,0.258313,nan,nan,0,-0.575835,-0.16049,-1.96596,-10.7617,-0.497918,nan,-8.86104,-12.4958,1,1.09494,0.150159,-1.85574,6.24215,0.547469,nan,14.7029,7.66795,1,-0.967775,-0.546202,-1.28579,-6.42247,-0.883888,-0.926676,nan,nan,0,-0.306925,-0.0371037,-0.475651,-2.46642,-0.203463,-0.1673,nan,nan,0,-0.0770933,0.331058,-1.19987,-1.68498,0.271453,0.179448,nan,nan,0,0.623566,0.705546,2.04069,-3.7851,0.801783,0.763054,nan,nan,0,0.0117698,-0.152408,-0.558311,0.613252,-0.204115,nan,-0.97229,0.678136,1,0.137495,0.0470227,0.620275,0.586785,0.0687475,nan,-0.278667,0.503882,1,0,0.983594,-0.026466,0.008607,-0.178232,0.0569,0.076733,0.199448,-2.61376,-2.44033,10.4714
1787123398372236834,0.682063,0.731294,0.695634,0.592515,0.6,-0,0,-0.0549288,0.0108121,-0.356168,-0.0409676,0.51873,0.31553,-0.535779,0.510919,-0.414276,0.170937,0.132111,0.29621,nan,nan,0,-2.2026,-0.0455408,-0.0398932,-14.5788,-1.0513,-0.480729,nan,nan,0,-0.434829,-0.230963,0.395864,-5.29915,-0.527414,-0.432913,nan,nan,0,-0.362495,0.474295,-0.487926,-22.5885,0.308753,0.277016,nan,nan,0,-0.354056,-0.18572,-2.74003,-13.3487,-0.387028,nan,-2.93574,-9.21513,1,1.09558,0.131468,-2.90965,9.13037,0.547788,nan,16.8541,11.4868,1,-1.09981,-0.55924,-1.32261,-7.20391,-0.949903,-0.906782,nan,nan,0,-0.235215,-0.0411305,-0.402001,-5.68987,-0.167608,-0.207492,nan,nan,0,-0.0275323,0.322045,-0.739559,-2.02686,0.296234,0.224728,nan,nan,0,0.800299,0.724529,1.7952,-4.12698,0.890149,0.760058,nan,nan,0,0.0175112,-0.156388,-0.429865,0.571194,-0.201244,nan,-0.925188,-0.02595,1,0.111179,0.053098,0.677055,0.512956,0.0555895,nan,-0.940837,-0.026488,1,0,0.983825,-0.026069,0.010183,-0.176929,-0.0409676,0.51873,0.31553,-3.39798,-2.93151,4.63314
1787123398382436703,0.743595,0.66863,0.695721,0.592664,0.6,-0,0,-0.0586233,0.0176112,-0.352653,-0.368737,0.297532,0.495756,-0.535076,0.506125,-0.524749,-1.5873,0.132462,0.223266,nan,nan,0,-1.90583,-0.0447736,0.0889931,-18.9744,-0.902914,-0.784213,nan,nan,0,-0.184705,-0.23173,-0.242428,-6.37363,-0.402353,-0.497083,nan,nan,0,-0.312211,0.472377,-0.0828552,-28.254,0.333894,0.29281,nan,nan,0,-0.211577,-0.211207,-1.96492,-13.2096,-0.315789,nan,-0.712983,-6.00208,1,1.03239,0.0886199,-3.22538,10.8762,0.516197,nan,17.6654,15.2502,1,-1.32477,-0.572855,-1.36558,-5.59219,-1.06239,-0.912381,nan,nan,0,-0.192852,-0.044198,-0.230153,-10.2808,-0.146426,-0.203569,nan,nan,0,0.0360141,0.31706,-0.346765,-2.41758,0.328007,0.266953,nan,nan,0,0.800663,0.740445,1.54356,-4.7619,0.890332,0.80868,nan,nan,0,0.0360091,-0.160329,-0.375859,0.199221,-0.191995,nan,-0.544521,-0.653979,1,0.0851658,0.0595722,0.704538,-0.046881,0.0425829,nan,-1.56648,-0.575408,1,0,0.984078,-0.027308,0.013806,-0.175078,-0.368737,0.297532,0.495756,-3.64724,-1.05133,6.89329
1787123398392232537,0.799409,0.600788,0.695806,0.592811,0.6,-0,0,-0.0596713,0.0202926,-0.349253,0.0949133,0.0775808,0.114631,-0.304493,0.499798,-0.672048,-4.12698,0.247754,0.160896,nan,nan,0,-2.00154,-0.0453491,-0.11968,-25.7631,-0.950771,-0.941755,nan,nan,0,-0.326727,-0.234415,-0.199466,-8.76679,-0.473364,-0.487146,nan,nan,0,-0.330616,0.47487,0.359039,-26.7888,0.324692,0.312684,nan,nan,0,-0.403246,-0.221845,-0.782063,-9.82041,-0.411623,nan,-5.46913,-3.13261,1,1.12137,0.0708475,-1.6268,12.0425,0.560685,nan,17.1353,17.3641,1,-1.36072,-0.586853,-1.43923,-3.88278,-1.08036,-0.968909,nan,nan,0,-0.127576,-0.0451574,-0.046031,-8.03419,-0.113788,-0.177894,nan,nan,0,0.00153361,0.31706,0.138092,-2.22222,0.310767,0.301983,nan,nan,0,0.777085,0.754634,1.35944,-3.00366,0.878542,0.860763,nan,nan,0,-0.00683307,-0.164249,-0.316824,-0.804015,-0.213417,nan,-1.24563,-0.808994,1,0.0927227,0.065671,0.570667,-0.175076,0.0463613,nan,-1.43529,-1.14592,1,0,0.984355,-0.027614,0.01517,-0.173356,0.0949133,0.0775808,0.114631,-3.12695,-1.25485,11.5557
1787123398402148468,0.849067,0.528285,0.69589,0.592955,0.6,-0,0,-0.0589876,0.0205977,-0.349776,0.0299989,0.0775596,-0.128088,-0.178491,0.491936,-0.800934,-5.93407,0.310754,0.169341,nan,nan,0,-2.08368,-0.0486088,-0.420414,-30.6471,-0.991841,-0.976596,nan,nan,0,-0.636434,-0.234799,0.0214815,-8.71795,-0.628217,-0.466337,nan,nan,0,-0.345549,0.479472,0.494062,-22.2955,0.317226,0.32498,nan,nan,0,-0.514702,-0.22182,0.33074,-6.15435,-0.467351,nan,-9.08971,-3.14078,1,1.20005,0.0738003,1.09372,13.7529,0.600026,nan,14.1462,17.1899,1,-1.23087,-0.601809,-1.48833,-4.90842,-1.01543,-1.03451,nan,nan,0,-0.000358149,-0.0453491,-0.0276184,-4.85959,-0.0501791,-0.145342,nan,nan,0,-0.0622559,0.318977,0.156505,-1.0989,0.278872,0.317672,nan,nan,0,0.717785,0.76614,1.23055,0.708183,0.848893,0.884131,nan,nan,0,-0.0417005,-0.166225,-0.290882,-0.737798,-0.23085,nan,-1.82555,-0.938713,1,0.0906146,0.072504,0.362609,-0.898337,0.0453073,nan,-1.35982,-1.45789,1,0,0.984318,-0.027247,0.015268,-0.173614,0.0299989,0.0775596,-0.128088,0.33139,-2.0378,13.1441
1787123398412625892,0.892181,0.451679,0.695973,0.593096,0.6,-0,0,-0.0600727,0.0221688,-0.349676,-0.214032,0.174777,0.198136,-0.225456,0.48254,-0.85617,-6.86203,0.287272,0.230549,nan,nan,0,-1.76385,-0.054553,-0.567711,-32.8449,-0.831926,-0.98532,nan,nan,0,-0.240032,-0.233648,0.224015,-9.98779,-0.430016,-0.514668,nan,nan,0,-0.310103,0.484841,0.481788,-17.8999,0.334948,0.325442,nan,nan,0,-0.318592,-0.211035,1.20627,-5.22169,-0.369296,nan,-7.34852,-5.84808,1,1.066,0.103153,3.26924,15.6414,0.533,nan,7.99155,15.1377,1,-1.23683,-0.618683,-1.53742,-6.42247,-1.01841,-1.05199,nan,nan,0,-0.0472364,-0.0459247,-0.0583057,-2.75946,-0.0736182,-0.101199,nan,nan,0,-0.0963272,0.319936,0.0705805,-0.317459,0.261836,0.307664,nan,nan,0,0.622485,0.778411,1.07712,2.12454,0.801243,0.877301,nan,nan,0,0.0260002,-0.168273,-0.309645,-0.498168,-0.197,nan,-0.540986,-1.29162,1,0.0922083,0.0766291,0.0926609,-0.991873,0.0461041,nan,-1.05474,-1.46129,1,0,0.984307,-0.027645,0.016134,-0.173532,-0.214032,0.174777,0.198136,-0.477101,-2.11913,7.73922
1787123398422516745,0.92841,0.371558,0.696053,0.593234,0.6,-0,0,-0.0624343,0.0231286,-0.348203,-0.168952,-0.134787,0.0769921,0.064215,0.474679,-0.721148,-8.62027,0.432108,0.277736,nan,nan,0,-1.42554,-0.0603056,-0.537024,-38.2662,-0.662771,-0.938233,nan,nan,0,-0.0725884,-0.228662,0.604536,-13.3577,-0.346294,-0.517795,nan,nan,0,-0.3578,0.489635,0.481788,-17.6068,0.3111,0.32721,nan,nan,0,-0.36462,-0.200115,1.08335,-3.49282,-0.39231,nan,-8.35187,-7.81482,1,1.00307,0.138219,2.91611,17.0331,0.501535,nan,6.52533,11.4957,1,-1.07824,-0.634407,-1.58652,-7.59463,-0.939119,-1.03899,nan,nan,0,-0.0878353,-0.0468831,-0.0889931,-1.5873,-0.0939176,-0.0729434,nan,nan,0,-0.150556,0.320127,0.00306892,-0.366302,0.234722,0.285409,nan,nan,0,0.59493,0.788958,1.05871,0.463982,0.787465,0.846078,nan,nan,0,0.0928378,-0.17238,-0.345777,-1.21667,-0.163581,nan,0.826615,-1.18727,1,0.100711,0.0738238,-0.193359,-1.0914,0.0503556,nan,-0.414007,-1.23567,1,0,0.984399,-0.028736,0.01679,-0.172772,-0.168952,-0.134787,0.0769921,0.883927,0.640666,7.97951
1787123398432541600,0.957468,0.288539,0.696132,0.593369,0.6,-0,0,-0.0627493,0.0203101,-0.347099,0.0207254,-0.157382,0.146968,0.358532,0.468926,-0.5002,-7.88766,0.579266,0.341401,nan,nan,0,-1.38168,-0.0637569,-0.254703,-38.3639,-0.640842,-0.819201,nan,nan,0,-0.00527205,-0.220993,0.819346,-12.381,-0.312636,-0.447904,nan,nan,0,-0.345775,0.49347,0.389727,-17.4115,0.317113,0.323714,nan,nan,0,-0.44458,-0.195521,-0.450124,-3.22419,-0.43229,nan,-7.61172,-8.26679,1,1.03607,0.147804,0.697122,13.3012,0.518035,nan,10.0613,8.58688,1,-0.901316,-0.650322,-1.56197,-7.54578,-0.850658,-0.999657,nan,nan,0,-0.0822146,-0.047842,-0.0828552,-1.78266,-0.0911073,-0.0729976,nan,nan,0,-0.110835,0.318018,-0.346765,0.170937,0.254582,0.259579,nan,nan,0,0.543064,0.800463,1.02802,-1.53846,0.761532,0.811802,nan,nan,0,0.118218,-0.17456,-0.358165,-1.13142,-0.150891,nan,1.36567,-0.362804,1,0.0733934,0.0725134,-0.427506,-0.94471,0.0366967,nan,-0.433243,-0.783737,1,0,0.984497,-0.029144,0.015414,-0.172272,0.0207254,-0.157382,0.146968,1.58807,1.59537,12.7348
1787123398442497687,0.979124,0.203262,0.696209,0.593502,0.6,-0,0,-0.0609107,0.0198026,-0.345343,0.237021,0.0943075,0.152602,0.194056,0.465475,-0.352901,-4.71307,0.497028,0.449366,nan,nan,0,-1.65442,-0.0645242,-0.0214806,-31.917,-0.777212,-0.706191,nan,nan,0,-0.0831606,-0.213898,0.757972,-10.0366,-0.35158,-0.369872,nan,nan,0,-0.275921,0.495579,0.187191,-14.2369,0.35204,0.318674,nan,nan,0,-0.379524,-0.20799,-1.47479,-5.19934,-0.399762,nan,-4.49984,-7.73083,1,1.0676,0.150769,-0.329115,9.56247,0.5338,nan,11.9846,8.45123,1,-0.806078,-0.663936,-1.50674,-7.20391,-0.803039,-0.931304,nan,nan,0,-0.0762329,-0.0486088,-0.0767183,-1.05006,-0.0881165,-0.0824162,nan,nan,0,-0.0812218,0.313992,-0.438826,-0.0244217,0.269389,0.247518,nan,nan,0,0.487643,0.808324,0.972781,-4.12698,0.733822,0.782942,nan,nan,0,0.112681,-0.178767,-0.351053,-0.327075,-0.15366,nan,1.40533,0.633634,1,0.0562259,0.0663832,-0.547173,-0.650641,0.028113,nan,-0.327349,-0.395938,1,0,0.984675,-0.028296,0.014981,-0.17143,0.237021,0.0943075,0.152602,-0.405684,0.393583,13.3361
1787123398452309055,0.993204,0.116386,0.696285,0.593632,0.6,-0,0,-0.0599238,0.0213102,-0.345011,-0.0684492,0.16028,-0.0712237,-0.14204,0.462407,-0.242428,-1.44078,0.32898,0.512618,nan,nan,0,-1.51279,-0.064332,0.0214815,-24.2002,-0.706395,-0.690634,nan,nan,0,-0.309572,-0.208721,0.33449,-5.83639,-0.464786,-0.335561,nan,nan,0,-0.269828,0.496155,-0.0153437,-15.7509,0.355086,0.328049,nan,nan,0,-0.250419,-0.228783,-2.22942,-6.41416,-0.33521,nan,-0.380796,-6.03561,1,1.09501,0.146595,-0.768984,9.20165,0.547507,nan,13.1809,10.1051,1,-0.79175,-0.679468,-1.36558,-5.39683,-0.795875,-0.859345,nan,nan,0,-0.0882632,-0.0495677,-0.0889931,-0.463982,-0.0941316,-0.0880398,nan,nan,0,-0.144596,0.309581,-0.408138,-0.268623,0.237702,0.252814,nan,nan,0,0.413541,0.818295,0.837758,-6.52015,0.696771,0.756246,nan,nan,0,0.0880025,-0.183012,-0.308612,0.472493,-0.165999,nan,1.05839,1.27407,1,0.0390548,0.0588692,-0.595669,-0.40633,0.0195274,nan,-0.286752,-0.201144,1,0,0.984714,-0.027683,0.015634,-0.17125,-0.0684492,0.16028,-0.0712237,-1.32126,-0.096268,8.66301
1787123398462495239,0.999591,0.028584,0.696359,0.593759,0.6,-0,0,-0.0621763,0.0237635,-0.347141,-0.332499,0.372008,-0.336903,-0.681758,0.460489,-0.168779,0.21978,0.0591209,0.465007,nan,nan,0,-1.14125,-0.064332,-0.0214806,-24.2491,-0.520627,-0.706109,nan,nan,0,-0.328469,-0.207762,0.0644436,-4.61539,-0.474234,-0.371976,nan,nan,0,-0.27255,0.495771,-0.00920582,-18.6813,0.353725,0.343161,nan,nan,0,0.0204217,-0.251862,-2.06099,-7.35886,-0.199789,nan,4.91405,-3.21346,1,1.02256,0.135429,-1.1581,11.1907,0.511281,nan,13.0127,12.0159,1,-0.822616,-0.692507,-1.26124,-2.41758,-0.811308,-0.81174,nan,nan,0,-0.229643,-0.0505266,-0.107405,-0.561661,-0.164822,-0.0915684,nan,nan,0,-0.21169,0.305171,-0.438826,-0.122101,0.204155,0.251896,nan,nan,0,0.316911,0.825773,0.598398,-7.78999,0.648455,0.726509,nan,nan,0,0.0907581,-0.185211,-0.205351,0.830289,-0.164621,nan,1.02869,1.37668,1,0.037768,0.0530576,-0.631758,-0.33299,0.018884,nan,-0.0775713,-0.15086,1,0,0.984492,-0.028563,0.017065,-0.172241,-0.332499,0.372008,-0.336903,-0.012602,-1.86523,6.4178
1787123398472508364,0.99823,-0.0594647,0.696432,0.593884,0.6,-0,0,-0.0654014,0.0267081,-0.351901,-0.217157,0.175994,-0.54885,-0.598118,0.458955,-0.14423,-0.21978,0.100941,0.298557,nan,nan,0,-0.947963,-0.0650992,-0.101268,-23.4188,-0.423981,-0.649344,nan,nan,0,-0.487211,-0.207378,0.0337563,-6.32478,-0.553605,-0.429913,nan,nan,0,-0.334213,0.49673,0.11968,-17.265,0.322894,0.352212,nan,nan,0,-0.171562,-0.266583,-1.29075,-5.19868,-0.295781,nan,0.914208,0.607032,1,1.04762,0.124614,-0.928704,11.6828,0.523812,nan,13.369,13.1734,1,-0.743477,-0.704587,-1.19987,-0.317459,-0.771739,-0.797251,nan,nan,0,-0.295592,-0.0520606,-0.162642,-0.366302,-0.197796,-0.116772,nan,nan,0,-0.216589,0.300377,-0.487926,0.170937,0.201705,0.233744,nan,nan,0,0.221399,0.829609,0.352901,-8.81563,0.600699,0.688758,nan,nan,0,0.0598968,-0.185398,-0.0792862,0.788236,-0.180052,nan,0.306052,1.20668,1,0.0721155,0.0485745,-0.586413,-0.54924,0.0360578,nan,0.504119,-0.0998999,1,0,0.984022,-0.029851,0.018863,-0.174505,-0.217157,0.175994,-0.54885,0.119103,2.37489,8.37955
1787123398482549439,0.989125,-0.147077,0.696504,0.594006,0.6,-0,0,-0.0655999,0.0267078,-0.358105,0.0979578,0.182646,-0.636372,-0.485454,0.457229,-0.205604,-2.0757,0.157273,0.153587,nan,nan,0,-1.13908,-0.0662498,-0.113543,-22.0513,-0.51954,-0.540762,nan,nan,0,-0.562432,-0.207187,0.0214815,-8.57143,-0.591216,-0.491809,nan,nan,0,-0.314654,0.498647,0.205604,-17.1673,0.332673,0.345152,nan,nan,0,-0.263119,-0.272855,-0.425152,-2.72954,-0.34156,nan,-1.76692,2.17229,1,1.09641,0.12242,-0.118455,12.1311,0.548203,nan,12.9512,13.4462,1,-0.660084,-0.716476,-1.16304,-0.512817,-0.730042,-0.78769,nan,nan,0,-0.309368,-0.0535946,-0.168779,-1.63614,-0.204684,-0.157371,nan,nan,0,-0.17626,0.294624,-0.672048,0.708183,0.22187,0.213969,nan,nan,0,0.190061,0.830951,-0.00920582,-9.01099,0.58503,0.644098,nan,nan,0,0.0311902,-0.185506,0.0184174,0.790856,-0.194405,nan,-0.339099,0.809105,1,0.08048,0.044286,-0.437396,-0.213411,0.04024,nan,0.534715,0.11732,1,0,0.983473,-0.02989,0.018973,-0.177555,0.0979578,0.182646,-0.636372,3.50297,2.05723,8.8747
1787123398492227641,0.97234,-0.233571,0.696574,0.594126,0.6,-0,0,-0.0648464,0.0287576,-0.363777,0.0114672,0.316312,-0.421567,-0.771698,0.454545,-0.322214,-5.34798,0.0141508,0.110309,nan,nan,0,-1.24081,-0.0672083,-0.0583057,-20.2442,-0.570406,-0.487898,nan,nan,0,-0.418521,-0.206995,-0.00306892,-10.3297,-0.51926,-0.54945,nan,nan,0,-0.301662,0.500757,0.303802,-19.4139,0.339169,0.335643,nan,nan,0,-0.0505158,-0.270704,0.413686,-0.443107,-0.235258,nan,0.620075,0.803067,1,1.04015,0.124938,0.483724,12.4273,0.520073,nan,11.1284,13.145,1,-0.68269,-0.726638,-1.09553,0.561661,-0.741345,-0.763947,nan,nan,0,-0.383085,-0.0553203,-0.174916,-2.66178,-0.241543,-0.189536,nan,nan,0,-0.196979,0.287722,-0.751834,0.366302,0.21151,0.20964,nan,nan,0,0.250429,0.829226,-0.28539,-11.2088,0.615214,0.606776,nan,nan,0,0.0534078,-0.185568,0.0521505,0.633301,-0.183296,nan,0.0012983,0.239811,1,0.0668061,0.0403874,-0.343952,-0.0699992,0.0334031,nan,0.306398,0.372789,1,0,0.982969,-0.02928,0.019997,-0.180315,0.0114672,0.316312,-0.421567,0.112702,-2.09741,6.0281
1787123398502189818,0.947998,-0.318275,0.696642,0.594244,0.6,-0,0,-0.065085,0.0316661,-0.366542,0.00735557,0.207046,-0.090253,-0.754102,0.450326,-0.481788,-6.12943,0.0229491,0.0764071,nan,nan,0,-1.19364,-0.0668249,0.0521679,-18.3883,-0.546821,-0.507147,nan,nan,0,-0.0362882,-0.207187,-0.00920582,-11.9414,-0.328144,-0.560239,nan,nan,0,-0.306049,0.504783,0.389727,-20.7326,0.336976,0.333971,nan,nan,0,0.0461509,-0.262133,0.59671,1.8882,-0.186925,nan,1.73723,-0.293508,1,0.967021,0.127459,0.698036,13.2406,0.483511,nan,9.63451,12.1518,1,-0.767268,-0.736993,-1.01574,0.366302,-0.783634,-0.745208,nan,nan,0,-0.461514,-0.0574293,-0.224015,-3.58974,-0.280757,-0.216928,nan,nan,0,-0.116546,0.280818,-0.672048,0.268623,0.251727,0.211346,nan,nan,0,0.247347,0.823281,-0.653635,-10.9646,0.613674,0.596775,nan,nan,0,0.0759999,-0.18361,0.0954003,0.159503,-0.172,nan,0.263252,-0.0891443,1,0.0495772,0.0395834,-0.266188,0.120509,0.0247886,nan,-0.0445624,0.443861,1,0,0.982702,-0.029104,0.021488,-0.181621,0.00735557,0.207046,-0.090253,-1.75127,-1.10651,6.87647
1787123398513697307,0.916284,-0.400528,0.696709,0.594359,0.6,-0,0,-0.0647868,0.0337863,-0.365815,0.125876,0.141423,0.26361,-0.591044,0.443231,-0.629086,-7.30159,0.104478,0.0404761,nan,nan,0,-1.29033,-0.0654826,0.156505,-20.8791,-0.595163,-0.535497,nan,nan,0,0.235844,-0.20757,-0.00920582,-11.4042,-0.192078,-0.480131,nan,nan,0,-0.280113,0.509193,0.402001,-20.7814,0.349943,0.335446,nan,nan,0,0.0801697,-0.262128,-0.185546,1.54822,-0.169915,nan,3.50575,0.283887,1,0.919897,0.131819,-0.145829,12.5523,0.459948,nan,10.0626,10.9224,1,-0.796404,-0.748306,-0.892995,0.805862,-0.798202,-0.752534,nan,nan,0,-0.477793,-0.060689,-0.297665,-4.56654,-0.288896,-0.248525,nan,nan,0,-0.0409275,0.272382,-0.727284,0.757019,0.289536,0.225017,nan,nan,0,0.261166,0.812735,-1.00347,-9.59707,0.620583,0.602958,nan,nan,0,0.114562,-0.183598,0.0967273,0.27776,-0.152719,nan,0.935672,-0.0563318,1,0.0117787,0.0358812,-0.081985,0.0489212,0.00588934,nan,-0.776777,0.25767,1,0,0.982762,-0.028772,0.022492,-0.18123,0.125876,0.141423,0.26361,-1.0604,-1.84804,9.56592
1787123398522370670,0.877438,-0.479689,0.696775,0.594472,0.6,-0,0,-0.0623954,0.0355167,-0.361415,0.326277,0.0752212,0.620457,-0.37793,0.436903,-0.733422,-7.93651,0.211035,0.0498557,nan,nan,0,-1.62399,-0.0633736,0.279252,-23.956,-0.761995,-0.564107,nan,nan,0,0.411446,-0.207187,0.113543,-8.86447,-0.104277,-0.341126,nan,nan,0,-0.223023,0.512645,0.309939,-16.8742,0.378488,0.340847,nan,nan,0,0.0780579,-0.26635,-0.534189,1.71565,-0.170971,nan,4.13953,1.90382,1,0.922988,0.130167,-0.444173,11.2205,0.461494,nan,10.6061,10.2697,1,-0.813163,-0.755401,-0.745697,-0.610504,-0.806581,-0.774429,nan,nan,0,-0.451984,-0.0637569,-0.352901,-6.32478,-0.275992,-0.274745,nan,nan,0,0.0593456,0.266437,-0.610673,0.757019,0.339673,0.253949,nan,nan,0,0.308762,0.80238,-1.206,-7.00854,0.644381,0.612056,nan,nan,0,0.129386,-0.183586,0.0283505,0.358278,-0.145307,nan,1.29725,0.335849,1,-0.00766374,0.0351016,0.00599247,0.193277,-0.00383187,nan,-1.17699,-0.20887,1,0,0.983182,-0.02749,0.023065,-0.179065,0.326277,0.0752212,0.620457,-1.48616,-0.159456,10.5592
1787123398532441812,0.831757,-0.55514,0.69684,0.594582,0.6,-0,0,-0.0586972,0.0371614,-0.354589,0.378831,0.108706,0.715026,-0.371916,0.429234,-0.776384,-8.47375,0.214042,0.113783,nan,nan,0,-1.79593,-0.0599222,0.371314,-22.8327,-0.847965,-0.640888,nan,nan,0,0.429373,-0.202585,0.622948,-6.47131,-0.0953136,-0.205125,nan,nan,0,-0.165783,0.514562,0.181053,-15.5067,0.407108,0.356007,nan,nan,0,0.145338,-0.272723,-0.750033,2.40673,-0.137331,nan,5.86375,3.43716,1,0.877151,0.120634,-0.886912,11.1636,0.438576,nan,10.8686,10.3303,1,-0.824226,-0.761537,-0.573849,-1.78266,-0.812113,-0.794233,nan,nan,0,-0.350952,-0.0672083,-0.340627,-6.66666,-0.225476,-0.283796,nan,nan,0,0.0869982,0.263369,-0.138092,0.21978,0.353499,0.294905,nan,nan,0,0.308273,0.790683,-1.32261,-6.56898,0.644136,0.626223,nan,nan,0,0.152019,-0.18359,-0.0112567,0.435406,-0.133991,nan,1.75287,0.867316,1,-0.0490318,0.0351016,-0.0279882,-0.0465955,-0.0245159,nan,-1.74654,-0.744355,1,0,0.983826,-0.025604,0.023455,-0.175724,0.378831,0.108706,0.715026,-1.34591,-1.9763,8.91833
1787123398542536271,0.779591,-0.62629,0.696903,0.594691,0.6,-0,0,-0.0553585,0.0395883,-0.348594,0.261791,0.212933,0.456623,-0.672885,0.421371,-0.794796,-6.2271,0.0635576,0.177978,nan,nan,0,-1.66927,-0.056087,0.352901,-22.5885,-0.784634,-0.747187,nan,nan,0,0.361725,-0.192997,1.04029,-3.19902,-0.129137,-0.119401,nan,nan,0,-0.165044,0.515521,0.0398932,-13.9438,0.407478,0.380108,nan,nan,0,0.297325,-0.28132,-0.750106,3.30667,-0.0613374,nan,8.82456,4.82306,1,0.801168,0.11332,-1.25081,10.5052,0.400584,nan,10.4941,10.7574,1,-0.84456,-0.76614,-0.408138,-2.71062,-0.82228,-0.806973,nan,nan,0,-0.303844,-0.0708518,-0.383589,-6.27595,-0.201922,-0.265654,nan,nan,0,-0.0012312,0.265479,0.340627,-0.268623,0.309384,0.331369,nan,nan,0,0.284255,0.775918,-1.37171,-4.32234,0.632128,0.638527,nan,nan,0,0.164814,-0.183602,0.0325035,0.471439,-0.127593,nan,1.91157,1.36385,1,-0.115686,0.0343225,-0.106387,-0.454695,-0.0578428,nan,-2.60538,-1.26088,1,0,0.984373,-0.02382,0.024284,-0.172776,0.261791,0.212933,0.456623,-1.71248,-2.76694,8.33596
1787123398552457630,0.721341,-0.69258,0.696965,0.594797,0.6,-0,0,-0.053156,0.0419792,-0.345908,0.254271,0.156935,0.108676,-0.807659,0.413318,-0.794796,-3.93163,-0.00382963,0.162282,nan,nan,0,-1.43577,-0.053978,0.14423,-24.7863,-0.667884,-0.801929,nan,nan,0,0.218891,-0.182067,1.17532,-2.17339,-0.200555,-0.0978175,nan,nan,0,-0.182188,0.515521,-0.00306892,-12.9182,0.398906,0.399403,nan,nan,0,0.307643,-0.287749,-0.60959,4.17183,-0.0561787,nan,9.01934,6.67392,1,0.759323,0.103148,-0.936623,9.8826,0.379662,nan,9.70033,10.8947,1,-0.796521,-0.769399,-0.297665,-1.68498,-0.79826,-0.815863,nan,nan,0,-0.278046,-0.0750699,-0.432689,-4.61539,-0.189023,-0.23371,nan,nan,0,-0.0884697,0.270848,0.573849,0.0244217,0.265765,0.336713,nan,nan,0,0.141108,0.763646,-1.36558,-1.97802,0.560554,0.640217,nan,nan,0,0.120345,-0.181619,0.114299,1.13906,-0.149828,nan,0.941235,1.69604,1,-0.142198,0.0344952,-0.253724,-1.14911,-0.0710989,nan,-2.78724,-1.87871,1,0,0.984611,-0.022562,0.02524,-0.171445,0.254271,0.156935,0.108676,-0.501015,-1.4294,8.63598
1787123398562538011,0.657457,-0.753492,0.697025,0.594901,0.6,-0,0,-0.0493653,0.0426781,-0.346975,0.448906,0.16486,-0.299079,-0.909528,0.405265,-0.813209,-3.7851,-0.0547639,0.0876816,nan,nan,0,-1.26293,-0.0541697,-0.0644426,-27.2283,-0.581464,-0.768525,nan,nan,0,-0.0522354,-0.169219,1.3533,-3.05251,-0.336118,-0.131579,nan,nan,0,-0.236371,0.515521,0.0337563,-12.4298,0.371815,0.405233,nan,nan,0,0.223004,-0.289817,-0.425346,6.11239,-0.0984978,nan,7.33418,8.22538,1,0.743011,0.0942542,-0.248773,9.73703,0.371506,nan,8.6907,10.3871,1,-0.671423,-0.772084,-0.254703,-1.63614,-0.735711,-0.813233,nan,nan,0,-0.245106,-0.0796723,-0.463376,-3.63858,-0.172553,-0.206008,nan,nan,0,-0.176195,0.275641,0.457238,0.268623,0.221903,0.310227,nan,nan,0,0.0183528,0.74984,-1.37171,-0.122101,0.499176,0.613202,nan,nan,0,0.0170206,-0.181633,0.224819,1.49096,-0.20149,nan,-1.03222,1.53067,1,-0.1728,0.0272897,-0.479126,-1.60504,-0.0864001,nan,-2.69201,-2.34894,1,0,0.984555,-0.020622,0.02527,-0.172008,0.448906,0.16486,-0.299079,1.87742,1.82972,8.94134
1787123398572348194,0.588432,-0.808546,0.697085,0.595003,0.6,-0,0,-0.0442836,0.0437255,-0.351371,0.548038,0.143057,-0.539506,-1.00886,0.396636,-0.868444,-6.32478,-0.104428,0.00766058,nan,nan,0,-1.16243,-0.0551286,-0.0767183,-28.5959,-0.531216,-0.682477,nan,nan,0,-0.245926,-0.154455,1.50674,-5.44566,-0.432963,-0.218183,nan,nan,0,-0.274869,0.51648,0.131955,-14.3834,0.352566,0.394669,nan,nan,0,0.208509,-0.293953,-0.349384,8.72177,-0.105746,nan,7.11133,8.43478,1,0.700666,0.0969374,0.165821,10.2765,0.350333,nan,7.35313,9.38135,1,-0.49912,-0.774384,-0.21174,-1.14774,-0.64956,-0.784648,nan,nan,0,-0.227379,-0.0844665,-0.469513,-3.2967,-0.163689,-0.1855,nan,nan,0,-0.211149,0.279668,0.365176,-0.170937,0.204425,0.267519,nan,nan,0,-0.0630497,0.734693,-1.40854,-1.0989,0.458475,0.560571,nan,nan,0,-0.0792304,-0.177655,0.363777,1.0918,-0.249615,nan,-3.06429,0.5049,1,-0.210981,0.022389,-0.763532,-1.94448,-0.10549,nan,-2.69108,-2.51529,1,0,0.984214,-0.017974,0.025388,-0.174222,0.548038,0.143057,-0.539506,0.450714,-0.358851,9.23676
1787123398582214618,0.514803,-0.857309,0.697143,0.595103,0.6,-0,0,-0.0387642,0.0446954,-0.357264,0.601127,0.156585,-0.610008,-1.0365,0.388391,-0.942094,-6.91087,-0.118248,-0.0588247,nan,nan,0,-0.815542,-0.0553203,0.0214815,-25.4701,-0.357771,-0.594914,nan,nan,0,-0.139969,-0.141416,1.39626,-8.03419,-0.379984,-0.328869,nan,nan,0,-0.146289,0.518014,0.193329,-15.5556,0.416856,0.374702,nan,nan,0,0.341857,-0.298074,-0.503607,8.94987,-0.0390715,nan,9.82051,7.90921,1,0.587768,0.0984254,-0.00612648,9.74941,0.293884,nan,5.87295,8.26852,1,-0.121126,-0.775918,-0.156505,-0.757019,-0.460563,-0.72506,nan,nan,0,-0.0974242,-0.0886846,-0.463376,-2.51526,-0.0987121,-0.171082,nan,nan,0,0.0296879,0.282736,0.328352,-1.39194,0.324844,0.229199,nan,nan,0,-0.354034,0.721653,-1.47605,-2.71062,0.312983,0.503871,nan,nan,0,-0.221893,-0.173674,0.444227,0.298835,-0.320947,nan,-5.82088,-1.23171,1,-0.307278,0.0141927,-1.10575,-1.99752,-0.153639,nan,-3.37631,-2.47544,1,0,0.983733,-0.015098,0.025429,-0.17718,0.601127,0.156585,-0.610008,-0.231456,-0.237601,9.27349
1787123398592230183,0.437139,-0.899394,0.6972,0.595201,0.6,-0,0,-0.0330123,0.0462246,-0.363156,0.578142,0.107028,-0.489529,-0.976524,0.377269,-1.04029,-8.03419,-0.0882618,-0.101946,nan,nan,0,-0.01016,-0.053978,0.150368,-23.8584,0.04492,-0.484781,nan,nan,0,0.164426,-0.130678,0.788659,-9.74359,-0.227787,-0.389602,nan,nan,0,-0.0256627,0.520507,0.217878,-14.7253,0.477169,0.379975,nan,nan,0,0.545269,-0.304293,-0.790016,8.92776,0.0626346,nan,14.0275,8.38256,1,0.314862,0.0933924,-0.48324,8.40675,0.157431,nan,2.64601,7.14901,1,0.260812,-0.777261,-0.107405,0.512817,-0.269594,-0.611343,nan,nan,0,0.200884,-0.0932865,-0.414276,-2.51526,0.0504421,-0.142432,nan,nan,0,0.308506,0.283695,-0.046031,-1.29426,0.464253,0.247151,nan,nan,0,-0.573681,0.70593,-1.63562,-5.64103,0.203159,0.420062,nan,nan,0,-0.397202,-0.169721,0.435747,-1.12531,-0.408601,nan,-9.01441,-3.50442,1,-0.474248,-0.00427188,-1.52306,-1.81234,-0.237124,nan,-4.70098,-2.58769,1,0,0.983232,-0.012057,0.025707,-0.180134,0.578142,0.107028,-0.489529,-0.140985,-0.75641,10.8375
1787123398602257120,0.356045,-0.934469,0.697256,0.595297,0.6,-0,0,-0.0279364,0.0467767,-0.366497,0.472898,0.0892436,-0.20709,-0.609235,0.365956,-1.13235,-8.96215,0.0953824,-0.110304,nan,nan,0,0.967643,-0.0514851,0.303802,-18.3883,0.533822,-0.263104,nan,nan,0,0.477576,-0.127226,0.174916,-9.01099,-0.071212,-0.349748,nan,nan,0,0.076208,0.522233,0.181053,-13.8462,0.528104,0.419208,nan,nan,0,0.592964,-0.31265,-1.02751,9.06249,0.0864821,nan,15.5109,10.7379,1,-0.00088191,0.0848132,-0.84097,7.25382,-0.000440955,nan,-1.29617,5.32863,1,0.812691,-0.777644,-0.00306892,2.85714,0.00634534,-0.44645,nan,nan,0,0.722495,-0.09693,-0.346765,-2.17339,0.311247,-0.0647353,nan,nan,0,0.793766,0.282161,-0.162642,-0.512817,0.706883,0.335801,nan,nan,0,-0.755961,0.686179,-1.88726,-10.2808,0.112019,0.310856,nan,nan,0,-0.488092,-0.16781,0.263781,-2.67102,-0.454046,nan,-10.4139,-6.25366,1,-0.677971,-0.0215381,-1.88331,-2.32373,-0.338986,nan,-6.69846,-3.24087,1,0,0.982951,-0.009469,0.025537,-0.181836,0.472898,0.0892436,-0.20709,0.692992,-2.07002,10.788
1787123398612470065,0.272151,-0.962254,0.697311,0.595391,0.6,-0,0,-0.0239714,0.0476076,-0.367629,0.342985,0.0852543,-0.00780405,-0.0333237,0.35541,-1.19373,-8.66911,0.383338,-0.0410299,nan,nan,0,1.36859,-0.0476503,0.512474,-14.0415,0.734296,0.102459,nan,nan,0,0.42358,-0.126843,0.0398932,-7.25275,-0.0982099,-0.228957,nan,nan,0,0.268793,0.523959,0.181053,-10.3297,0.624396,0.474168,nan,nan,0,0.435005,-0.323134,-1.00607,10.4674,0.0075023,nan,13.0814,13.549,1,-0.227073,0.0794457,-0.967932,6.11281,-0.113536,nan,-4.33756,2.37549,1,1.4561,-0.776877,0.138092,6.52015,0.328052,-0.228472,nan,nan,0,1.62623,-0.0996141,-0.266977,-0.122101,0.763116,0.09695,nan,nan,0,1.48446,0.281777,0.0398932,1.19658,1.05223,0.500543,nan,nan,0,-0.756779,0.667387,-2.18185,-12.1367,0.11161,0.201454,nan,nan,0,-0.382171,-0.167947,-0.0493916,-4.32762,-0.401086,nan,-8.08577,-8.69361,1,-0.995499,-0.0417126,-2.29422,-2.66177,-0.497749,nan,-10.2398,-4.5643,1,0,0.982856,-0.00743,0.025589,-0.182436,0.342985,0.0852543,-0.00780405,0.52477,-1.9506,10.5577
1787123398622433366,0.186112,-0.982529,0.697365,0.595483,0.6,-0,0,-0.0208901,0.0473563,-0.366815,0.273431,-0.0398077,0.17795,0.498319,0.341987,-1.22441,-7.49695,0.649159,0.137489,nan,nan,0,1.04773,-0.0395966,0.850033,-2.27106,0.573866,0.469235,nan,nan,0,0.0980924,-0.124734,0.322214,-4.37119,-0.260954,-0.130851,nan,nan,0,0.420594,0.525876,0.205604,-6.52015,0.700297,0.54568,nan,nan,0,0.144243,-0.333618,-0.66722,11.9181,-0.137878,nan,7.85171,14.4547,1,-0.199882,0.0686951,-1.187,2.26118,-0.0999411,nan,-3.27859,-1.0386,1,1.8682,-0.773234,0.426551,10.8669,0.5341,0.0456611,nan,nan,0,2.21696,-0.101532,-0.107405,5.20146,1.05848,0.389814,nan,nan,0,1.97058,0.287147,0.788659,5.39683,1.29529,0.75544,nan,nan,0,-0.690636,0.639967,-2.65444,-17.0208,0.144682,0.130621,nan,nan,0,-0.38656,-0.172182,-0.610143,-6.64185,-0.40328,nan,-7.17322,-9.23885,1,-1.2015,-0.0712836,-2.98767,-3.78481,-0.600748,nan,-11.4024,-6.76619,1,0,0.982943,-0.005949,0.025182,-0.182077,0.273431,-0.0398077,0.17795,1.67009,-2.00142,9.33746
1787123398632233197,0.0985985,-0.995127,0.697418,0.595573,0.6,-0,0,-0.0176883,0.0471658,-0.364617,0.376707,0.0878656,0.211575,0.938981,0.331058,-1.19373,-3.39439,0.869491,0.389312,nan,nan,0,0.578793,-0.0300088,1.1569,10.0855,0.339397,0.636605,nan,nan,0,-0.220115,-0.11994,0.616811,-3.05251,-0.420058,-0.144185,nan,nan,0,0.538648,0.528368,0.266977,-1.48962,0.759324,0.626779,nan,nan,0,-0.132899,-0.335774,-0.252498,12.7682,-0.27645,nan,2.4551,12.2049,1,-0.0691606,0.0569964,-1.40626,-0.990351,-0.0345803,nan,-0.637906,-2.98084,1,2.16015,-0.76729,0.770247,15.5067,0.680077,0.319172,nan,nan,0,2.41811,-0.100956,0.162642,15.0672,1.15905,0.741719,nan,nan,0,2.03393,0.300186,1.7461,9.40171,1.32697,1.04315,nan,nan,0,-0.597023,0.61389,-2.96744,-18.7302,0.191488,0.114866,nan,nan,0,-0.225892,-0.180386,-1.2196,-7.04727,-0.322946,nan,-3.1602,-8.26078,1,-1.19311,-0.10222,-3.8281,-5.18561,-0.596555,nan,-9.08791,-8.95096,1,0,0.983153,-0.00442,0.024792,-0.181038,0.376707,0.0878656,0.211575,0.714841,-0.158388,8.9466
1787123398642281227,0.0102944,-0.999947,0.697469,0.595662,0.6,-0,0,-0.0124289,0.0481395,-0.362946,0.590373,0.093293,0.153205,1.30191,0.318977,-1.05871,2.5641,1.05095,0.650995,nan,nan,0,0.134854,-0.0140939,1.55584,13.2601,0.117427,0.569562,nan,nan,0,-0.51233,-0.113612,0.469513,-2.71062,-0.566165,-0.257184,nan,nan,0,0.601845,0.532012,0.371314,4.32234,0.790923,0.702091,nan,nan,0,-0.28479,-0.333807,0.0499355,11.1917,-0.352395,nan,-0.72548,7.59722,1,0.0217729,0.0352738,-1.7401,-2.48497,0.0108865,nan,1.87853,-2.50633,1,2.08847,-0.754826,1.33489,23.8584,0.644234,0.53926,nan,nan,0,2.34918,-0.0952039,0.696597,23.5165,1.12459,1.01639,nan,nan,0,1.72448,0.329523,3.14543,10.6227,1.17224,1.2476,nan,nan,0,-0.445682,0.580717,-2.80173,-45.641,0.267159,0.141156,nan,nan,0,-0.0754939,-0.19017,-0.506622,-17.7056,-0.247747,nan,-1.25525,-5.89801,1,-1.0988,-0.148226,-4.39772,-10.1594,-0.549398,nan,-5.43859,-9.30188,1,0,0.983301,-0.001767,0.024793,-0.180276,0.590373,0.093293,0.153205,0.167549,0.230675,7.78995
1787123398652236917,-0.0781098,-0.996945,0.69752,0.595749,0.6,-0,0,-0.00546798,0.0494143,-0.362028,0.742544,0.012736,-0.000531139,1.54315,0.31054,-0.837758,5.93407,1.17158,0.881876,nan,nan,0,-0.108388,-0.000287533,1.44536,29.0354,-0.00419378,0.367114,nan,nan,0,-0.612223,-0.113612,-0.224015,-2.41758,-0.616111,-0.412748,nan,nan,0,0.6276,0.536806,0.635223,6.2271,0.8038,0.758987,nan,nan,0,-0.349921,-0.335852,-0.101495,9.35894,-0.38496,nan,-1.56653,2.85581,1,0.0467832,0.0217904,-1.94539,-2.10696,0.0233916,nan,2.96611,-0.455921,1,1.60112,-0.73987,1.81975,19.4628,0.40056,0.650112,nan,nan,0,2.15537,-0.0871506,0.929819,49.5971,1.02769,1.14223,nan,nan,0,1.12383,0.361162,3.28659,20.1954,0.871917,1.28549,nan,nan,0,-0.391579,0.563076,-1.68472,-49.1575,0.294211,0.197087,nan,nan,0,-0.132448,-0.179279,2.16638,-18.1484,-0.276224,nan,-6.64263,-3.74475,1,-0.911,-0.183434,-3.19817,-10.965,-0.4555,nan,-3.36472,-7.7907,1,0,0.983369,0.001759,0.024793,-0.179905,0.742544,0.012736,-0.000531139,-0.985916,1.17831,8.32424
1787123398662327203,-0.165922,-0.986139,0.69757,0.595834,0.6,-0,0,-0.00721224,0.0473731,-0.359973,-0.780482,-0.148462,0.573151,1.73579,0.303637,-0.530887,15.5067,1.2679,1.06101,nan,nan,0,0.0566361,0.013135,1.206,9.79243,0.078318,0.1552,nan,nan,0,-0.730041,-0.134896,-2.75263,0.805862,-0.675021,-0.542735,nan,nan,0,0.855145,0.545626,0.868444,12.381,0.917572,0.793055,nan,nan,0,-0.22391,-0.337798,-0.487688,3.34619,-0.321955,nan,1.28602,-0.222028,1,0.0256393,-0.00142943,-1.55373,-1.02224,0.0128197,nan,2.75807,1.67829,1,1.03145,-0.714366,2.56237,24.1514,0.115727,0.594239,nan,nan,0,3.44756,-0.0789056,0.702735,52.7717,1.67378,1.13413,nan,nan,0,1.72928,0.386857,1.6479,26.6911,1.17464,1.14179,nan,nan,0,-0.298572,0.552721,-0.831621,-39.2918,0.340714,0.254202,nan,nan,0,-0.148577,-0.135787,4.61853,-9.07399,-0.284288,nan,-12.1253,-4.78622,1,-1.37328,-0.20168,-1.13786,-9.92727,-0.68664,nan,-12.842,-5.84903,1,0,0.983578,0.000693,0.023947,-0.178881,-0.780482,-0.148462,0.573151,-3.16408,-6.38389,30.6216
1787123398672248173,-0.252453,-0.967609,0.697618,0.595917,0.6,-0,0,-0.00394953,0.0466402,-0.353281,1.02986,0.0773871,0.436962,1.60225,0.300952,-0.150367,16.337,1.20112,1.19038,nan,nan,0,-0.040351,0.0244484,1.12008,1.63614,0.0298245,0.0516719,nan,nan,0,-0.647379,-0.163275,-2.74036,-3.63858,-0.633689,-0.629669,nan,nan,0,0.791212,0.556172,1.13849,11.6484,0.885606,0.843599,nan,nan,0,-0.305456,-0.343757,-0.515986,0.286693,-0.362728,nan,0.11,-0.583737,1,0.0699135,-0.0116275,-1.14618,1.08276,0.0349568,nan,3.1168,2.74225,1,1.17151,-0.685412,3.00427,20.6838,0.185754,0.392512,nan,nan,0,2.59608,-0.0727692,0.616811,49.304,1.24804,1.28886,nan,nan,0,1.40301,0.392801,0.242428,23.9072,1.01151,1.07172,nan,nan,0,-0.443319,0.546202,-0.604536,-20,0.268341,0.302817,nan,nan,0,-0.0507234,-0.0888419,4.869,-3.0892,-0.235362,nan,-12.4317,-8.56024,1,-1.07033,-0.204575,0.432647,-9.70089,-0.535163,nan,-10.5666,-7.61045,1,0,0.984178,0.002154,0.023302,-0.17563,1.02986,0.0773871,0.436962,3.79238,7.33814,22.4728
1787123398683035927,-0.337026,-0.941495,0.697666,0.595999,0.6,-0,0,0.00801685,0.0477683,-0.351045,1.15088,0.297725,0.101749,1.47944,0.30172,0.168778,20.7814,1.13972,1.23826,nan,nan,0,0.196114,0.0351863,1.26738,-5.68987,0.148057,0.0241219,nan,nan,0,-0.550965,-0.186094,-2.51327,-5.73871,-0.585482,-0.659655,nan,nan,0,0.515143,0.567869,1.36558,11.5507,0.747572,0.881694,nan,nan,0,-0.228503,-0.347727,-0.54802,-0.349781,-0.324251,nan,1.64369,-0.0712945,1,-0.00951225,-0.0200722,-0.722585,1.90179,-0.00475613,nan,1.54336,3.03878,1,1.41192,-0.656841,3.2068,17.9976,0.305962,0.229846,nan,nan,0,1.33812,-0.0672083,0.635223,49.9389,0.619059,1.37653,nan,nan,0,0.572774,0.400855,1.34103,15.0183,0.596387,1.05142,nan,nan,0,-0.408611,0.540449,-0.751834,-14.188,0.285695,0.309848,nan,nan,0,0.411717,-0.0566716,3.08643,1.06808,-0.00414146,nan,-2.79109,-11.4621,1,-0.736318,-0.192542,2.55866,-11.4721,-0.368159,nan,-9.10651,-10.4446,1,0,0.984329,0.008116,0.022815,-0.174666,1.15088,0.297725,0.101749,-4.74737,14.0649,11.5656
1787123398692592920,-0.418975,-0.907998,0.697713,0.596079,0.6,-0,0,0.0176388,0.0510621,-0.350824,0.671328,-0.486209,0.0716467,1.37189,0.305938,0.518612,19.8046,1.08594,1.21148,nan,nan,0,0.31583,0.0501428,1.32875,-3.49207,0.207915,0.0588427,nan,nan,0,-0.377569,-0.213898,-2.56237,-5.05495,-0.498784,-0.638248,nan,nan,0,0.628712,0.586661,1.88726,8.03419,0.804356,0.848114,nan,nan,0,-0.0780221,-0.35375,-0.520117,-0.105203,-0.249011,nan,4.44603,0.703974,1,-0.0833751,-0.0230986,-0.21821,2.2797,-0.0416875,nan,-0.230352,2.50479,1,0.427635,-0.622135,3.09633,24.1026,-0.186182,0.206455,nan,nan,0,1.13609,-0.0589633,0.776384,53.4066,0.518047,1.12954,nan,nan,0,0.262246,0.42233,1.93022,14.1392,0.441123,0.891336,nan,nan,0,-0.503846,0.529519,-1.02802,-9.69475,0.238077,0.296606,nan,nan,0,-0.0654015,-0.0406808,0.889371,-3.85281,-0.242701,nan,-8.40476,-9.10278,1,-0.837375,-0.158889,2.8537,-9.74087,-0.418687,nan,-12.0745,-11.3953,1,0,0.984256,0.013136,0.023597,-0.174672,0.671328,-0.486209,0.0716467,-14.7535,-3.82693,8.24002
1787123398702368187,-0.497656,-0.867375,0.697758,0.596157,0.6,-0,0,0.0179433,0.0452387,-0.347878,-0.243937,-0.518186,0.533582,1.29836,0.312266,0.745697,21.4164,1.04918,1.15195,nan,nan,0,0.108869,0.0614562,1.2551,-3.44322,0.104434,0.13057,nan,nan,0,-0.460243,-0.239593,-2.99813,-1.14774,-0.540122,-0.578876,nan,nan,0,0.943003,0.603151,2.09593,4.61539,0.961502,0.809153,nan,nan,0,0.0134738,-0.357843,-0.414124,0.306832,-0.203263,nan,6.0315,2.29642,1,-0.0587939,-0.0212098,0.368976,1.69538,-0.029397,nan,-0.799079,1.13825,1,-0.552802,-0.595481,2.94903,18.2906,-0.676401,0.088598,nan,nan,0,2.17839,-0.0518684,0.788659,41.685,1.0392,0.785776,nan,nan,0,0.661604,0.437479,1.60494,8.27839,0.640802,0.656716,nan,nan,0,-0.449998,0.517822,-1.44536,-2.22222,0.265001,0.272565,nan,nan,0,-0.53098,-0.0407117,-0.547963,-3.06637,-0.47549,nan,-14.3953,-6.72066,1,-1.13697,-0.136514,1.85964,-9.78426,-0.568486,nan,-15.7486,-11.6413,1,0,0.984584,0.012748,0.020723,-0.173212,-0.243937,-0.518186,0.533582,4.92074,-7.91705,13.4502
1787123398712430370,-0.572449,-0.81994,0.697803,0.596234,0.6,-0,0,0.0182982,0.0409404,-0.340537,0.239332,-0.159282,0.903185,1.27865,0.321853,0.985056,15.7998,1.03933,1.09289,nan,nan,0,0.0843562,0.0750704,1.23669,-0.415138,0.0921781,0.152508,nan,nan,0,-0.290301,-0.274107,-2.97972,0.65934,-0.455151,-0.538141,nan,nan,0,1.06986,0.629421,2.21254,-0.122101,1.02493,0.848584,nan,nan,0,-0.0383208,-0.362027,-0.3327,1.56543,-0.22916,nan,5.14937,4.26643,1,0.00161961,-0.0135703,0.694501,1.11592,0.000809807,nan,-0.610347,-0.260952,1,-0.0357394,-0.564034,2.80787,9.20635,-0.41787,-0.234643,nan,nan,0,2.47617,-0.0434313,0.770247,28.4982,1.18809,0.739867,nan,nan,0,1.0459,0.450901,0.899132,3.63858,0.83295,0.558606,nan,nan,0,-0.481333,0.500565,-1.83816,-3.05251,0.249334,0.258413,nan,nan,0,-0.179364,-0.0569143,-1.75997,-3.215,-0.299682,nan,-5.85691,-8.34653,1,-1.18931,-0.12408,0.537251,-9.80467,-0.594656,nan,-14.9231,-12.835,1,0,0.985259,0.012483,0.018622,-0.169589,0.239332,-0.159282,0.903185,3.06529,2.49924,4.92196
1787123398722409293,-0.642766,-0.766063,0.697847,0.596309,0.6,-0,0,0.0225145,0.0374049,-0.329791,0.442776,-0.303462,1.23453,1.1645,0.333934,1.29193,13.602,0.982251,1.0536,nan,nan,0,0.172942,0.0871506,1.19373,0.317459,0.136471,0.130232,nan,nan,0,-0.282796,-0.29846,-2.20027,-0.170937,-0.451398,-0.501546,nan,nan,0,0.812928,0.649555,2.22482,1.00122,0.896464,0.934262,nan,nan,0,-0.133741,-0.362193,-0.0462193,3.35861,-0.27687,nan,3.05563,5.30416,1,-0.0373311,-0.00940576,0.621697,-0.122049,-0.0186655,nan,-1.21034,-0.924439,1,0.616449,-0.537381,2.59306,3.15018,-0.0917756,-0.446505,nan,nan,0,1.66492,-0.035378,0.862308,26.5934,0.782458,0.923955,nan,nan,0,1.26451,0.454736,0.248566,3.39439,0.942257,0.638079,nan,nan,0,-0.635803,0.478322,-2.08979,-3.34554,0.172098,0.252942,nan,nan,0,0.075134,-0.0792697,-2.66334,-4.72476,-0.172433,nan,0.734288,-8.43665,1,-1.08274,-0.128674,-0.623808,-11.4819,-0.541371,nan,-11.4452,-13.8845,1,0,0.986165,0.014172,0.016599,-0.164318,0.442776,-0.303462,1.23453,1.44511,-1.10452,4.89969
1787123398732205438,-0.708051,-0.706161,0.69789,0.596383,0.6,-0,0,0.0284373,0.0341527,-0.317709,0.57593,-0.134184,1.12531,1.1736,0.346781,1.46378,14.0415,0.986802,1.01843,nan,nan,0,0.29662,0.0975051,1.12622,-0.757019,0.19831,0.120582,nan,nan,0,-0.346077,-0.313608,-1.83202,0.0732574,-0.483039,-0.468589,nan,nan,0,0.63005,0.671989,2.26164,6.81319,0.805025,0.957859,nan,nan,0,-0.231873,-0.360221,0.271605,3.816,-0.325937,nan,0.792542,4.71224,1,-0.0986448,-0.00588541,0.39754,-0.545846,-0.0493224,nan,-1.89942,-1.14364,1,0.767576,-0.515713,2.29233,2.12454,-0.0162121,-0.377653,nan,nan,0,1.19631,-0.0263658,1.04029,36.801,0.548156,0.966613,nan,nan,0,1.15502,0.455887,0.0828552,7.93651,0.88751,0.789059,nan,nan,0,-0.653362,0.461448,-2.07138,-8.86447,0.163319,0.224677,nan,nan,0,0.199062,-0.105814,-3.00357,-9.94682,-0.110469,nan,4.34243,-4.58958,1,-1.10346,-0.135588,-0.531604,-15.0841,-0.551729,nan,-11.6868,-13.2099,1,0,0.987126,0.016738,0.01461,-0.158388,0.57593,-0.134184,1.12531,3.06202,0.55688,4.12273
1787123398742216725,-0.767789,-0.640703,0.697932,0.596455,0.6,-0,0,0.0334084,0.0312983,-0.308034,0.216327,-0.443846,0.850803,1.17952,0.361738,1.53129,14.9206,0.989762,0.993497,nan,nan,0,0.206549,0.106517,0.807072,5.39683,0.153274,0.146094,nan,nan,0,-0.441541,-0.331824,-1.65403,1.00122,-0.530771,-0.462488,nan,nan,0,0.692331,0.695767,2.42735,4.7619,0.836165,0.903615,nan,nan,0,-0.216213,-0.356155,0.628571,3.54211,-0.318106,nan,0.388857,2.86505,1,-0.138495,-0.00260781,0.103781,-0.713269,-0.0692475,nan,-2.15486,-1.40344,1,0.00411669,-0.496538,1.80747,8.52259,-0.397942,-0.196076,nan,nan,0,1.35149,-0.0162029,1.02188,36.9963,0.625743,0.810031,nan,nan,0,0.905399,0.453777,-0.352901,15.116,0.7627,0.883327,nan,nan,0,-0.666509,0.442848,-1.53742,-18.8278,0.156746,0.18897,nan,nan,0,-0.28234,-0.126378,-1.63042,-10.9087,-0.35117,nan,-5.42211,0.228518,1,-1.13228,-0.131575,0.784952,-14.8218,-0.566138,nan,-14.2143,-12.4463,1,0,0.987863,0.018904,0.012899,-0.153627,0.216327,-0.443846,0.850803,1.27715,-3.27135,11.0945
1787123398752291799,-0.821507,-0.570199,0.697974,0.596526,0.6,-0,0,0.0328934,0.0255713,-0.297974,-0.222917,-0.242527,1.2803,1.15808,0.377461,1.5988,13.2601,0.979038,0.985062,nan,nan,0,0.0983747,0.112654,0.561574,2.27106,0.0991874,0.163299,nan,nan,0,-0.462124,-0.349274,-1.83202,4.0293,-0.541062,-0.486703,nan,nan,0,0.828612,0.720503,2.501,1.14774,0.904306,0.852036,nan,nan,0,-0.118876,-0.349999,0.892274,2.4125,-0.269438,nan,1.48121,1.10421,1,-0.0726401,-0.000564038,-0.0934351,-1.44672,-0.0363201,nan,-0.932528,-1.71682,1,-0.190919,-0.480047,1.6479,5.0061,-0.49546,-0.187532,nan,nan,0,2.07088,-0.00680685,0.886857,31.3309,0.985442,0.668731,nan,nan,0,1.24776,0.448792,-0.469513,17.0208,0.933882,0.868124,nan,nan,0,-0.513102,0.429809,-1.23669,-20.293,0.233449,0.165656,nan,nan,0,-0.300643,-0.132649,-0.273789,-3.4716,-0.360322,nan,-7.55787,-0.104492,1,-1.283,-0.121111,0.996739,-11.3914,-0.641502,nan,-17.1069,-13.0928,1,0,0.988676,0.01816,0.010201,-0.148612,-0.222917,-0.242527,1.2803,4.40742,-5.48364,15.0461
1787123398762280529,-0.868779,-0.4952,0.698014,0.596596,0.6,-0,0,0.0334911,0.0219819,-0.285537,0.346474,-0.19403,0.989047,1.34304,0.393952,1.697,11.0623,1.07152,0.982055,nan,nan,0,0.0536931,0.118022,0.530887,1.14774,0.0768466,0.144887,nan,nan,0,-0.506899,-0.365764,-1.43923,0.65934,-0.56345,-0.517752,nan,nan,0,0.890287,0.744855,2.36598,-4.81075,0.935144,0.853891,nan,nan,0,-0.191145,-0.339776,1.0075,1.60708,-0.305572,nan,-0.314131,0.533672,1,-0.0246939,-0.00456504,-0.289365,-1.09773,-0.0123469,nan,0.200591,-1.53448,1,-0.0383586,-0.463557,1.6479,4.12698,-0.419179,-0.320872,nan,nan,0,1.96113,0.00124645,0.776384,26.4469,0.930563,0.730034,nan,nan,0,0.927656,0.445916,-0.138092,13.9927,0.773828,0.867711,nan,nan,0,-0.509296,0.419646,-1.07712,-19.4628,0.235352,0.180546,nan,nan,0,-0.159234,-0.130634,0.575248,-3.31379,-0.289617,nan,-6.42728,-3.88528,1,-1.20378,-0.119307,0.10174,-11.8935,-0.601892,nan,-14.6302,-14.7076,1,0,0.9896,0.018137,0.008495,-0.142438,0.346474,-0.19403,0.989047,1.28405,7.90546,10.9498
1787123398772352755,-0.90923,-0.416295,0.698054,0.596664,0.6,-0,0,0.0406681,0.0212801,-0.280783,0.874418,-0.0111158,0.063639,1.49099,0.413702,1.81975,8.81563,1.14549,1.0101,nan,nan,0,0.0786322,0.12435,0.64136,-1.97802,0.0893161,0.110606,nan,nan,0,-0.380315,-0.372283,-0.389727,-4.22466,-0.500157,-0.543953,nan,nan,0,0.758289,0.767481,2.15117,-4.17583,0.869145,0.88911,nan,nan,0,-0.226631,-0.327411,0.997503,0.44887,-0.323316,nan,-1.35292,0.18491,1,-0.056737,-0.0139718,-0.730686,-1.05575,-0.0283685,nan,0.664128,-0.722811,1,0.0887798,-0.445341,1.62949,-0.0244217,-0.35561,-0.414541,nan,nan,0,1.22764,0.00910807,0.696597,28.5958,0.563818,0.852323,nan,nan,0,0.0858823,0.448025,0.303802,13.0647,0.352941,0.847213,nan,nan,0,-0.448289,0.408716,-0.935957,-17.5092,0.265856,0.210976,nan,nan,0,0.0179212,-0.120295,0.990349,-4.37949,-0.201039,nan,-4.31156,-6.52012,1,-0.883801,-0.124249,-0.675074,-14.682,-0.4419,nan,-8.51692,-15.1785,1,0,0.98987,0.02162,0.007688,-0.140108,0.874418,-0.0111158,0.063639,-2.50078,4.87931,6.67552
1787123398782402845,-0.942537,-0.334101,0.698093,0.596731,0.6,-0,0,0.0495863,0.0217625,-0.281774,0.857403,-0.203059,-0.168458,1.40306,0.430192,1.91794,9.40171,1.10153,1.07121,nan,nan,0,0.0352992,0.130486,0.69046,-2.3199,0.0676496,0.0896038,nan,nan,0,-0.274117,-0.375544,-0.365176,-3.93163,-0.447058,-0.539236,nan,nan,0,0.73739,0.78704,1.97318,-2.66178,0.858695,0.898906,nan,nan,0,-0.14463,-0.323161,0.93736,0.263281,-0.282315,nan,0.0235522,-0.514911,1,-0.0775767,-0.0154478,-0.986202,-0.468589,-0.0387883,nan,0.779087,0.196845,1,-0.309103,-0.431535,1.55584,-1.92918,-0.554551,-0.419409,nan,nan,0,0.798668,0.0150523,0.696597,31.4774,0.349334,0.800874,nan,nan,0,-0.299454,0.45186,0.395864,11.7949,0.160273,0.668595,nan,nan,0,-0.420872,0.400663,-0.76411,-15.3114,0.279564,0.240373,nan,nan,0,-0.216292,-0.114078,0.605915,-3.49132,-0.318146,nan,-8.05127,-6.53929,1,-0.81155,-0.132172,-0.783422,-14.844,-0.405775,nan,-7.03295,-12.8409,1,0,0.98969,0.026071,0.007289,-0.140637,0.857403,-0.203059,-0.168458,-5.73944,0.122291,6.35548
1787123398792308909,-0.968436,-0.249264,0.698131,0.596796,0.6,-0,0,0.0552792,0.0199389,-0.284364,0.367286,-0.303289,-0.334201,1.2708,0.446107,2.03456,9.25519,1.0354,1.1083,nan,nan,0,-0.0657844,0.135472,0.598398,-1.68498,0.0171078,0.0771818,nan,nan,0,-0.167787,-0.380146,-0.659773,-2.46642,-0.393894,-0.501395,nan,nan,0,0.994344,0.800271,1.88726,-2.5641,0.987172,0.883498,nan,nan,0,0.00128579,-0.314801,0.921961,-0.27195,-0.209357,nan,2.30761,-0.700046,1,-0.0713209,-0.0257495,-1.05108,-0.095668,-0.0356604,nan,1.27929,0.8166,1,-0.950273,-0.42003,1.45764,-1.3431,-0.875137,-0.454582,nan,nan,0,1.12541,0.0206132,0.702735,30.4029,0.512707,0.60192,nan,nan,0,-0.440918,0.453777,0.138092,7.69231,0.089541,0.406442,nan,nan,0,-0.422871,0.395869,-0.672048,-12.5763,0.278565,0.264566,nan,nan,0,-0.601116,-0.114034,-0.127263,-3.52059,-0.510558,nan,-13.6874,-6.48271,1,-0.794642,-0.138448,-0.675234,-14.1279,-0.397321,nan,-6.75333,-9.55679,1,0,0.989442,0.028768,0.005949,-0.141915,0.367286,-0.303289,-0.334201,-3.03914,-0.859691,9.51263
1787123398802422215,-0.986717,-0.162449,0.698168,0.59686,0.6,-0,0,0.0576159,0.0183205,-0.288957,0.228025,-0.332011,-0.51047,1.2552,0.472186,2.20027,12.6252,1.0276,1.09245,nan,nan,0,-0.099423,0.140841,0.377452,-0.463982,0.000288497,0.0529675,nan,nan,0,-0.0742656,-0.390308,-0.954369,-0.0244217,-0.347133,-0.447953,nan,nan,0,1.1321,0.82213,1.75223,-3.58974,1.05605,0.90947,nan,nan,0,0.0753787,-0.304263,0.777292,-0.260325,-0.172311,nan,3.45239,0.300344,1,-0.0248378,-0.0396524,-0.947827,0.562752,-0.0124189,nan,2.23874,1.20218,1,-1.06437,-0.403539,1.3042,-3.34554,-0.932184,-0.616942,nan,nan,0,1.50973,0.0280914,0.537024,23.663,0.704863,0.482416,nan,nan,0,-0.558038,0.447258,-1.04029,3.44322,0.0309808,0.197962,nan,nan,0,-0.313127,0.388391,-0.524749,-9.84127,0.333437,0.277661,nan,nan,0,-0.509773,-0.12017,-0.73578,-5.16855,-0.464887,nan,-10.9614,-8.75503,1,-0.785763,-0.141029,-0.115031,-10.3233,-0.392881,nan,-7.38301,-7.52507,1,0,0.98909,0.029821,0.004914,-0.144172,0.228025,-0.332011,-0.51047,-3.65203,0.26648,9.85521
1787123398812425205,-0.997233,-0.074341,0.698205,0.596923,0.6,-0,0,0.0600802,0.0161489,-0.292996,0.304854,-0.225015,-0.196653,1.24622,0.495196,2.3046,8.42491,1.02311,1.05788,nan,nan,0,0.056805,0.144101,0.291528,-2.12454,0.0784025,0.024081,nan,nan,0,-0.0685648,-0.40143,-1.06484,2.02686,-0.344282,-0.393037,nan,nan,0,0.934359,0.840155,1.57425,-1.97802,0.957179,0.97633,nan,nan,0,0.124603,-0.297926,0.682367,0.28559,-0.147699,nan,4.23442,1.88843,1,-0.0340225,-0.0469076,-0.735955,0.754981,-0.0170113,nan,2.00082,1.66249,1,-0.62204,-0.391267,1.16918,-8.76679,-0.71102,-0.801963,nan,nan,0,1.33395,0.0319266,0.322214,19.2674,0.616976,0.530603,nan,nan,0,-0.438763,0.427891,-2.16344,1.05006,0.0906185,0.0747796,nan,nan,0,-0.283414,0.383789,-0.408138,-10.4274,0.348293,0.299184,nan,nan,0,-0.32358,-0.128408,-1.02741,-7.62342,-0.37179,nan,-6.97728,-10.5972,1,-0.754139,-0.136065,0.466862,-8.36939,-0.37707,nan,-7.93044,-7.08305,1,0,0.988774,0.030891,0.0036,-0.146144,0.304854,-0.225015,-0.196653,-3.17028,3.75851,7.12989
1787123398822362579,-0.999897,0.0143682,0.698241,0.596984,0.6,-0,0,0.0634681,0.0151448,-0.293856,0.381341,-0.167832,0.0225068,1.16286,0.518781,2.37825,6.17827,0.981432,1.03296,nan,nan,0,0.195374,0.146018,0.162642,-2.8083,0.147687,0.0308843,nan,nan,0,-0.0398627,-0.408908,-0.592261,2.8083,-0.329931,-0.356049,nan,nan,0,0.702534,0.855111,1.48833,0.366302,0.841267,0.999515,nan,nan,0,0.0941127,-0.291635,0.667682,1.64817,-0.162944,nan,3.50266,3.28172,1,-0.0989823,-0.0515698,-0.385058,1.07073,-0.0494911,nan,0.639946,1.91938,1,-0.259194,-0.381104,0.923681,-9.59707,-0.529597,-0.838892,nan,nan,0,0.927057,0.0349946,0.352901,16.5812,0.413529,0.599281,nan,nan,0,-0.281441,0.403539,-2.501,-0.463982,0.169279,0.0427647,nan,nan,0,-0.378081,0.381104,-0.224015,-8.62027,0.300959,0.326055,nan,nan,0,-0.295543,-0.140857,-1.17744,-9.55057,-0.357772,nan,-5.82585,-9.75561,1,-0.683034,-0.130848,0.852793,-7.50521,-0.341517,nan,-7.59928,-7.49903,1,0,0.988663,0.032494,0.002842,-0.14656,0.381341,-0.167832,0.0225068,-2.77169,2.43072,6.68025
1787123398832304964,-0.994684,0.102979,0.698276,0.597045,0.6,-0,0,0.0664161,0.0127798,-0.291774,0.144262,-0.293447,0.463179,0.877124,0.543133,2.48872,5.88522,0.838562,1.00814,nan,nan,0,0.246291,0.146785,0.046031,-2.85714,0.173146,0.0786012,nan,nan,0,-0.059271,-0.411592,-0.14423,2.27106,-0.339636,-0.33659,nan,nan,0,0.489025,0.869685,1.45764,1.78266,0.734513,0.946294,nan,nan,0,0.0493041,-0.285401,0.778537,2.46874,-0.185348,nan,2.33405,3.78891,1,-0.13249,-0.0512608,0.0309224,1.47603,-0.066245,nan,-0.495911,1.46884,1,-0.278451,-0.373626,0.678185,-11.0134,-0.539226,-0.725747,nan,nan,0,0.772435,0.0395966,0.530887,16.5812,0.336217,0.558352,nan,nan,0,0.124616,0.377844,-2.58079,-1.5873,0.372308,0.0846632,nan,nan,0,-0.46442,0.380146,-0.0521679,-9.40171,0.25779,0.328071,nan,nan,0,-0.400191,-0.153323,-1.34847,-9.25678,-0.410096,nan,-6.96433,-7.65809,1,-0.771597,-0.122474,0.776207,-7.07418,-0.385799,nan,-9.06404,-7.85262,1,0,0.98878,0.033777,0.001492,-0.145497,0.144262,-0.293447,0.463179,0.555755,-1.45045,6.07571
1787123398842190332,-0.98163,0.190794,0.698311,0.597104,0.6,-0,0,0.0665174,0.0104659,-0.285631,-0.0540415,-0.111944,0.770304,0.705947,0.568444,2.59306,4.71307,0.752973,0.942224,nan,nan,0,0.412527,0.146594,-0.0276184,-1.39194,0.256264,0.132797,nan,nan,0,-0.0302022,-0.411592,0.0153437,2.61295,-0.325101,-0.331691,nan,nan,0,0.385262,0.883682,1.37171,-0.805862,0.682631,0.846636,nan,nan,0,0.073521,-0.277221,0.947846,2.8044,-0.17324,nan,2.2176,3.28211,1,-0.128046,-0.0477964,0.446865,0.745885,-0.0640232,nan,-1.1571,0.439615,1,-0.0462345,-0.368449,0.494062,-9.35287,-0.423117,-0.604242,nan,nan,0,0.922615,0.0463076,0.733422,13.5531,0.411307,0.451917,nan,nan,0,0.532222,0.354067,-2.29846,-0.366302,0.576111,0.203171,nan,nan,0,-0.529949,0.381104,0.156505,-9.98779,0.225025,0.301055,nan,nan,0,-0.411655,-0.16579,-1.22724,-8.20208,-0.415827,nan,-6.91043,-6.49858,1,-0.822254,-0.116339,0.58541,-7.49166,-0.411127,nan,-9.72176,-8.3153,1,0,0.989233,0.033658,0.000444,-0.142422,-0.0540415,-0.111944,0.770304,-1.03478,-0.154436,4.48544
1787123398852356339,-0.960836,0.277119,0.698344,0.597162,0.6,-0,0,0.0659461,0.00850668,-0.276759,-0.0907683,-0.159558,0.973133,0.590238,0.597207,2.6974,0.21978,0.695119,0.847024,nan,nan,0,0.445938,0.145826,-0.0828552,0.268623,0.272969,0.192991,nan,nan,0,-0.0423448,-0.410442,0.156505,1.92918,-0.331172,-0.329705,nan,nan,0,0.334516,0.89653,1.07098,-7.30159,0.657258,0.750089,nan,nan,0,0.108156,-0.265011,1.15098,2.71959,-0.155922,nan,2.09166,2.51539,1,-0.121031,-0.0427854,0.695004,0.0818073,-0.0605153,nan,-1.5744,-0.634155,1,0.0368195,-0.363655,0.402001,-6.61783,-0.38159,-0.504695,nan,nan,0,0.856688,0.0553203,0.837758,12.2344,0.378344,0.393254,nan,nan,0,0.671399,0.329906,-2.08979,4.27351,0.645699,0.381987,nan,nan,0,-0.593431,0.383789,0.33449,-15.8486,0.193284,0.262386,nan,nan,0,-0.519704,-0.174109,-0.759436,-8.34509,-0.469852,nan,-9.21183,-6.43651,1,-0.793466,-0.10515,0.644386,-8.97121,-0.396733,nan,-9.71406,-9.04506,1,0,0.989874,0.033238,-0.000337,-0.138001,-0.0907683,-0.159558,0.973133,0.844713,-1.21935,4.91563
1787123398862447446,-0.93246,0.361272,0.698377,0.597218,0.6,-0,0,0.0646167,0.00708125,-0.267289,-0.171271,0.00681869,0.928725,0.543822,0.622135,2.74036,-1.19658,0.671911,0.758545,nan,nan,0,0.373359,0.144868,-0.101268,1.88034,0.236679,0.244228,nan,nan,0,-0.153971,-0.408333,0.248566,2.02686,-0.386985,-0.329054,nan,nan,0,0.198074,0.903049,0.708872,-11.9414,0.589037,0.684874,nan,nan,0,0.0721266,-0.254746,1.26268,2.21057,-0.173937,nan,0.934306,2.0044,1,-0.0401419,-0.0355666,0.652308,-0.655653,-0.0200709,nan,-0.513593,-1.41061,1,0.0569334,-0.360204,0.383589,-5.88522,-0.371533,-0.426659,nan,nan,0,0.83803,0.0626068,0.782521,15.0183,0.369015,0.377139,nan,nan,0,0.541122,0.31706,-1.13849,5.9829,0.580561,0.543831,nan,nan,0,-0.419287,0.388199,0.475651,-20.293,0.280356,0.224406,nan,nan,0,-0.428316,-0.178307,-0.403624,-6.92167,-0.424158,nan,-7.99935,-7.47982,1,-0.799976,-0.0994344,0.815166,-9.06123,-0.399988,nan,-10.2394,-9.64491,1,0,0.990544,0.032486,-0.000797,-0.13329,-0.171271,0.00681869,0.928725,0.819311,0.144939,6.79818
1787123398872283636,-0.896725,0.442589,0.69841,0.597274,0.6,-0,0,0.0631124,0.00652829,-0.25886,-0.164125,0.101518,0.764864,0.441425,0.648788,2.61761,-4.37119,0.620712,0.698028,nan,nan,0,0.199892,0.143909,-0.0705805,3.00366,0.149946,0.258876,nan,nan,0,-0.2531,-0.406223,0.199466,1.8315,-0.43655,-0.348218,nan,nan,0,0.0929356,0.906309,0.0889931,-13.895,0.536468,0.633047,nan,nan,0,-0.052088,-0.242419,1.33286,1.62921,-0.236044,nan,-1.77617,1.43106,1,0.0357369,-0.0297555,0.492976,-1.20537,0.0178684,nan,0.689255,-1.38443,1,-0.0775719,-0.355985,0.414276,-3.63858,-0.438786,-0.382301,nan,nan,0,0.761094,0.0687423,0.5002,17.265,0.330547,0.370686,nan,nan,0,0.327001,0.314183,0.0521679,7.49695,0.473501,0.612066,nan,nan,0,-0.274598,0.39376,0.555436,-22.149,0.352701,0.2283,nan,nan,0,-0.421769,-0.182499,-0.425478,-7.3142,-0.420884,nan,-7.70526,-8.22823,1,-0.71661,-0.093119,0.663641,-9.48513,-0.358305,nan,-8.95104,-10.0318,1,0,0.991123,0.031708,-0.000837,-0.129106,-0.164125,0.101518,0.764864,0.823571,1.68968,9.66624
1787123398882373854,-0.853907,0.520426,0.698442,0.597329,0.6,-0,0,0.0620565,0.00694061,-0.2521,-0.0899547,0.163657,0.565404,0.219098,0.676208,2.39666,-1.24542,0.509549,0.653487,nan,nan,0,0.198108,0.143717,0.00306892,3.5409,0.149054,0.22326,nan,nan,0,-0.214772,-0.402964,0.297665,0.757019,-0.417386,-0.388103,nan,nan,0,-0.0719617,0.902857,-0.469513,-16.5812,0.454019,0.581409,nan,nan,0,-0.0942086,-0.227942,1.38403,1.01229,-0.257104,nan,-3.09671,0.0443781,1,0.0445305,-0.026725,0.179583,-1.06823,0.0222653,nan,1.20033,-0.533508,1,-0.263593,-0.351383,0.414276,-1.97802,-0.531796,-0.388289,nan,nan,0,0.38336,0.0708518,0.0398932,19.2674,0.14168,0.355333,nan,nan,0,0.0420154,0.31821,0.402001,8.76679,0.331008,0.577954,nan,nan,0,-0.233696,0.400471,0.635223,-20.9768,0.373152,0.278533,nan,nan,0,-0.402314,-0.188763,-0.674152,-7.23043,-0.411157,nan,-6.77256,-8.11898,1,-0.561127,-0.0854707,0.75251,-10.0949,-0.280564,nan,-6.98156,-9.83725,1,0,0.991569,0.031213,-0.000459,-0.125762,-0.0899547,0.163657,0.565404,1.77494,2.93761,11.0007
1787123398892516149,-0.804341,0.594168,0.698473,0.597382,0.6,-0,0,0.061505,0.00826192,-0.247701,-0.0723892,0.211343,0.29519,-0.0274599,0.697876,2.08979,-1.3431,0.38627,0.590007,nan,nan,0,0.213506,0.143909,0.00920582,3.19902,0.156753,0.178128,nan,nan,0,-0.22782,-0.399896,0.340627,-0.463982,-0.42391,-0.415506,nan,nan,0,-0.261778,0.894996,-0.929819,-17.9976,0.359111,0.519606,nan,nan,0,-0.168542,-0.215483,1.37104,0.195539,-0.294271,nan,-4.81415,-1.73233,1,0.0776528,-0.0248507,-0.00983244,-0.476443,0.0388264,nan,1.92506,0.493506,1,-0.383914,-0.347548,0.365176,-1.63614,-0.591957,-0.445079,nan,nan,0,-0.0773668,0.0689344,-0.273115,15.8486,-0.0886834,0.277368,nan,nan,0,-0.303541,0.320703,0.138092,8.18071,0.158229,0.47132,nan,nan,0,-0.125627,0.407182,0.708872,-19.6093,0.427186,0.334153,nan,nan,0,-0.262421,-0.199173,-1.0258,-6.90397,-0.341211,nan,-3.4326,-7.41788,1,-0.335864,-0.0817983,0.551378,-9.25633,-0.167932,nan,-3.41108,-8.74958,1,0,0.991846,0.031022,0.000299,-0.123601,-0.0723892,0.211343,0.29519,-0.79053,2.72211,11.7396
1787123398902492232,-0.748417,0.663229,0.698503,0.597434,0.6,-0,0,0.0608415,0.0113083,-0.245814,-0.059278,0.295054,0.0880741,-0.269766,0.716284,1.7461,-2.5641,0.265117,0.494442,nan,nan,0,0.194152,0.143909,0.00306892,1.88034,0.147076,0.155273,nan,nan,0,-0.365842,-0.396828,0.297665,-1.63614,-0.492921,-0.425388,nan,nan,0,-0.436436,0.882723,-1.36558,-19.2674,0.271782,0.4411,nan,nan,0,-0.229214,-0.203027,1.24666,-0.6283,-0.324607,nan,-6.12529,-3.47671,1,0.147707,-0.0257129,-0.0543792,0.167647,0.0738537,nan,3.06857,1.36347,1,-0.24696,-0.34448,0.297665,-2.3199,-0.52348,-0.521125,nan,nan,0,-0.518928,0.0645242,-0.481788,12.4298,-0.309464,0.115937,nan,nan,0,-0.56725,0.319552,-0.205604,5.10378,0.0263751,0.319573,nan,nan,0,-0.0337991,0.414852,0.800934,-16.0928,0.4731,0.384632,nan,nan,0,-0.0529156,-0.209566,-1.28519,-6.69294,-0.236458,nan,0.986567,-5.66226,1,-0.0916501,-0.077319,0.107194,-8.11191,-0.045825,nan,0.784027,-6.40364,1,0,0.99196,0.030879,0.00188,-0.12271,-0.059278,0.295054,0.0880741,-3.19564,3.23283,12.0821
1787123398912363546,-0.686572,0.727061,0.698533,0.597486,0.6,-0,0,0.0602742,0.0146555,-0.245038,-0.0342645,0.244873,0.0396341,-0.443984,0.73009,1.44536,-5.34798,0.178008,0.378158,nan,nan,0,0.059762,0.143909,0.00920582,1.00122,0.079881,0.147136,nan,nan,0,-0.43919,-0.394719,0.26084,-1.92918,-0.529595,-0.449605,nan,nan,0,-0.474967,0.869685,-1.71541,-20.3419,0.252516,0.353057,nan,nan,0,-0.284373,-0.194694,1.00215,-2.2076,-0.352187,nan,-7.01547,-5.02117,1,0.240619,-0.0232123,0.119055,1.41574,0.120309,nan,4.12707,2.21157,1,-0.155338,-0.342371,0.187191,-3.49207,-0.477669,-0.552212,nan,nan,0,-0.903444,0.0595388,-0.598398,4.66422,-0.501722,-0.0966536,nan,nan,0,-0.632046,0.315909,-0.524749,2.3199,-0.00602299,0.160011,nan,nan,0,-0.0624459,0.421947,0.880719,-10.525,0.458777,0.432832,nan,nan,0,0.0900845,-0.219949,-1.34766,-5.42923,-0.164958,nan,3.94617,-2.54757,1,0.0806103,-0.0763565,-0.147178,-5.76104,0.0403052,nan,3.72062,-2.8812,1,0,0.991999,0.030801,0.003587,-0.122373,-0.0342645,0.244873,0.0396341,-2.66101,2.33196,10.5921
1787123398922165913,-0.619294,0.785159,0.698563,0.597536,0.6,-0,0,0.0595525,0.0175733,-0.244285,-0.130006,0.230683,0.10014,-0.559386,0.742362,1.13235,-9.01099,0.120307,0.265573,nan,nan,0,-0.144398,0.143909,-0.00306892,0.366302,-0.0221988,0.123023,nan,nan,0,-0.45979,-0.392993,0.101268,-2.22222,-0.539895,-0.488839,nan,nan,0,-0.400671,0.846291,-2.28619,-23.956,0.289664,0.285324,nan,nan,0,-0.346858,-0.18646,0.643201,-3.71148,-0.383429,nan,-7.85871,-6.22157,1,0.369683,-0.0218859,0.380481,1.56561,0.184842,nan,5.6311,3.13281,1,-0.149067,-0.341412,0.0705805,-4.46886,-0.474533,-0.530681,nan,nan,0,-1.07319,0.053019,-0.66591,-0.170937,-0.586595,-0.316208,nan,nan,0,-0.485412,0.307281,-0.899132,-0.170937,0.0672941,0.0448339,nan,nan,0,-0.141798,0.43211,0.948232,-9.20635,0.419101,0.459689,nan,nan,0,0.117756,-0.232426,-1.18947,-3.11766,-0.151122,nan,4.62983,1.02079,1,0.16224,-0.07839,-0.0714745,-3.11093,0.08112,nan,4.89251,0.811279,1,0,0.992039,0.030619,0.00509,-0.12204,-0.130006,0.230683,0.10014,-1.6758,0.340178,8.15548
1787123398932268481,-0.547111,0.83706,0.698591,0.597585,0.6,-0,0,0.0579178,0.0199527,-0.24282,-0.153039,0.228418,0.176739,-0.742533,0.751566,0.696597,-11.0623,0.0287336,0.175955,nan,nan,0,-0.402706,0.143909,0.00920582,-0.805862,-0.151353,0.0623399,nan,nan,0,-0.559041,-0.394719,-0.279252,-1.97802,-0.589521,-0.521975,nan,nan,0,-0.281444,0.81657,-2.90607,-22.4908,0.349278,0.264869,nan,nan,0,-0.331282,-0.184442,0.136291,-4.34783,-0.375641,nan,-6.89638,-7.10482,1,0.519458,-0.0117574,0.911632,2.81636,0.259729,nan,6.77714,4.21176,1,-0.115626,-0.341412,-0.0276184,-4.51771,-0.457813,-0.498213,nan,nan,0,-1.09287,0.0447736,-0.800934,-9.74359,-0.596436,-0.488866,nan,nan,0,-0.319648,0.294433,-1.34716,-3.15018,0.150176,0.0157443,nan,nan,0,-0.2077,0.443039,1.00347,-7.15507,0.38615,0.452789,nan,nan,0,0.114361,-0.242824,-0.827515,0.116183,-0.15282,nan,4.39142,3.5834,1,0.268751,-0.076631,0.437333,-0.37904,0.134376,nan,5.6742,3.48374,1,0,0.992138,0.029948,0.006392,-0.121342,-0.153039,0.228418,0.176739,-0.631265,-0.273444,6.33081
1787123398942295559,-0.470593,0.882351,0.69862,0.597634,0.6,-0,0,0.0557184,0.0220502,-0.239233,-0.309486,0.267757,0.486386,-0.878132,0.755593,0.346765,-11.5995,-0.0390661,0.096716,nan,nan,0,-0.710801,0.143717,-0.0153437,-2.36874,-0.3054,-0.0365471,nan,nan,0,-0.496131,-0.39817,-0.408138,-2.71062,-0.558065,-0.554961,nan,nan,0,-0.235958,0.790875,-3.31728,-17.0208,0.372021,0.291581,nan,nan,0,-0.36079,-0.184547,-0.319956,-5.48504,-0.390395,nan,-6.72475,-7.26056,1,0.613049,-0.00220448,1.40978,2.98312,0.306524,nan,7.1472,5.36309,1,-0.215109,-0.341604,-0.0214806,-4.61539,-0.507555,-0.473296,nan,nan,0,-1.09568,0.035953,-1.04643,-12.6252,-0.597839,-0.58234,nan,nan,0,-0.109593,0.281202,-1.48833,-3.10134,0.255203,0.0613245,nan,nan,0,-0.115195,0.452052,0.991194,-7.00854,0.432403,0.423865,nan,nan,0,0.170335,-0.246987,-0.594464,2.68033,-0.124833,nan,5.16709,4.62037,1,0.287837,-0.0668277,0.97809,2.46294,0.143918,nan,4.85524,4.90946,1,0,0.992372,0.02897,0.007618,-0.119583,-0.309486,0.267757,0.486386,0.161026,-2.09971,4.53509
1787123398952297415,-0.390342,0.92067,0.698647,0.597681,0.6,-0,0,0.0519349,0.0247136,-0.23335,-0.439873,0.300961,0.679464,-1.09568,0.75636,-0.0214806,-14.2369,-0.147838,0.021555,nan,nan,0,-1.25321,0.143334,-0.0521679,-5.78754,-0.576604,-0.168047,nan,nan,0,-0.660846,-0.40258,-0.518612,-2.95483,-0.640423,-0.570006,nan,nan,0,-0.220776,0.754634,-3.73462,-10.6715,0.379612,0.333982,nan,nan,0,-0.460257,-0.190857,-0.853106,-4.99699,-0.440128,nan,-7.44484,-6.87051,1,0.778819,0.0164141,2.2095,4.02876,0.389409,nan,7.8756,6.15828,1,-0.508224,-0.341795,0.00306892,-4.46886,-0.654112,-0.476115,nan,nan,0,-0.98544,0.0234895,-1.34716,-14.3834,-0.54272,-0.612379,nan,nan,0,0.0350419,0.267396,-1.31034,-2.17339,0.327521,0.150623,nan,nan,0,0.174389,0.461639,0.942094,-10.9157,0.577195,0.413595,nan,nan,0,0.249046,-0.251121,-0.398637,4.06973,-0.0854769,nan,6.39548,4.98643,1,0.30002,-0.0512746,1.78552,3.78375,0.15001,nan,3.36025,5.08283,1,0,0.992753,0.027224,0.009246,-0.116681,-0.439873,0.300961,0.679464,-0.570176,-2.05014,3.76111
1787123398962253139,-0.306991,0.951712,0.698674,0.597727,0.6,-0,0,0.0466313,0.0270925,-0.225125,-0.668167,0.238474,0.914726,-1.18788,0.754251,-0.279252,-17.5092,-0.193938,-0.0621657,nan,nan,0,-1.70609,0.141799,-0.199466,-8.96215,-0.803047,-0.356634,nan,nan,0,-0.769998,-0.411017,-0.892995,-1.63614,-0.694999,-0.5947,nan,nan,0,-0.326755,0.711491,-3.96784,-1.78266,0.326622,0.365427,nan,nan,0,-0.683556,-0.203307,-1.36922,-5.0551,-0.551778,nan,-10.1426,-6.68781,1,0.889851,0.0458107,3.18362,4.58722,0.444926,nan,7.19802,6.62961,1,-1.12613,-0.341604,0.0337563,-4.71307,-0.963067,-0.54073,nan,nan,0,-0.698462,0.00795746,-1.63562,-15.116,-0.399231,-0.594243,nan,nan,0,0.217613,0.258,-0.757972,-1.24542,0.418806,0.247728,nan,nan,0,0.493333,0.470843,0.923681,-13.4066,0.736666,0.467866,nan,nan,0,0.175381,-0.257165,-0.482648,5.91507,-0.122309,nan,5.44393,5.5766,1,0.231699,-0.0325657,2.42307,4.48102,0.11585,nan,0.817854,4.1768,1,0,0.993274,0.024685,0.010838,-0.112598,-0.668167,0.238474,0.914726,1.72801,-2.66932,5.62489
1787123398972279508,-0.221201,0.975228,0.698701,0.597773,0.6,-0,0,0.0391123,0.0284787,-0.215578,-0.887242,0.241365,0.942724,-1.20979,0.74984,-0.512475,-18.8278,-0.204897,-0.139861,nan,nan,0,-1.93951,0.137964,-0.494062,-12.4298,-0.919754,-0.585078,nan,nan,0,-0.750402,-0.421372,-1.08325,-1.63614,-0.685201,-0.641017,nan,nan,0,-0.372086,0.671031,-4.06604,-0.366302,0.303957,0.362788,nan,nan,0,-0.67458,-0.219612,-1.86427,-4.9338,-0.54729,nan,-8.6723,-7.61161,1,0.968966,0.0857433,4.29537,4.73871,0.484483,nan,5.51913,6.57243,1,-1.57546,-0.341028,0.0767183,-7.15507,-1.18773,-0.713483,nan,nan,0,-0.349782,-0.00949144,-1.78906,-14.3834,-0.224891,-0.517298,nan,nan,0,0.345595,0.255699,-0.00306892,-0.952377,0.482797,0.340606,nan,nan,0,0.691365,0.480431,1.00347,-11.3553,0.835682,0.587166,nan,nan,0,0.0577734,-0.265127,-1.04952,8.17825,-0.181113,nan,4.51476,5.94489,1,0.165177,-0.00989528,2.07251,5.19048,0.0825883,nan,-0.334259,2.46746,1,0,0.993875,0.020971,0.01205,-0.107826,-0.887242,0.241365,0.942724,2.0181,-2.30788,8.05201
1787123398982337577,-0.133647,0.991029,0.698727,0.597817,0.6,-0,0,0.028721,0.0313368,-0.206864,-1.21786,0.402723,0.757019,-1.31444,0.742938,-0.745697,-21.9536,-0.25722,-0.189155,nan,nan,0,-1.84819,0.129911,-0.960506,-18.0464,-0.874097,-0.78615,nan,nan,0,-0.723372,-0.435561,-1.58039,-0.512817,-0.671686,-0.675719,nan,nan,0,-0.389072,0.629613,-4.20106,8.03419,0.295464,0.336898,nan,nan,0,-0.49758,-0.241437,-2.41228,-5.12744,-0.45879,nan,-3.98893,-8.2828,1,0.970175,0.140189,5.5156,4.63527,0.485087,nan,2.07355,5.61448,1,-1.72291,-0.340261,0.0521679,-11.5995,-1.26146,-0.952011,nan,nan,0,-0.126123,-0.0280914,-1.87498,-11.9902,-0.113062,-0.383297,nan,nan,0,0.356384,0.257617,0.205604,1.53846,0.488192,0.42265,nan,nan,0,0.751697,0.492128,1.24897,-4.7619,0.865849,0.722293,nan,nan,0,0.00958422,-0.277323,-1.55672,7.34671,-0.205208,nan,4.8591,5.73511,1,0.100858,0.00462294,0.833024,4.34704,0.0504291,nan,0.124648,0.930278,1,0,0.994407,0.015899,0.0141,-0.103448,-1.21786,0.402723,0.757019,0.934269,-1.56986,10.3182
1787123398992253607,-0.0450241,0.998986,0.698752,0.597861,0.6,-0,0,0.015446,0.0356367,-0.199784,-1.39839,0.262015,0.636064,-1.11884,0.734692,-0.886857,-22.9304,-0.159421,-0.225722,nan,nan,0,-1.5319,0.11668,-1.48219,-20.8303,-0.715949,-0.885819,nan,nan,0,-0.518302,-0.454161,-1.86884,-0.561661,-0.569151,-0.68421,nan,nan,0,-0.418809,0.587236,-4.18879,8.27839,0.280596,0.311537,nan,nan,0,-0.408887,-0.263633,-2.83222,-9.25039,-0.414443,nan,-1.03001,-6.75972,1,0.880181,0.200733,6.49953,5.52532,0.440091,nan,-2.56857,3.42639,1,-1.68589,-0.340645,-0.0583057,-16.337,-1.24294,-1.15038,nan,nan,0,-0.0349924,-0.046308,-1.76451,-10.6227,-0.0674962,-0.23599,nan,nan,0,0.326757,0.261643,0.530887,3.2967,0.473379,0.474032,nan,nan,0,0.686848,0.507659,1.68472,-0.366302,0.833424,0.820897,nan,nan,0,0.0105519,-0.29385,-1.80855,6.10565,-0.204724,nan,5.83224,5.45751,1,0.0637793,0.00399347,-0.509386,2.92661,0.0318897,nan,1.60096,0.463892,1,0,0.994813,0.00946,0.016958,-0.099844,-1.39839,0.262015,0.636064,-1.79908,-0.938093,7.82788
1787123399002297451,0.0439674,0.999033,0.698777,0.597904,0.6,-0,0,0.00272208,0.0366523,-0.197295,-1.19759,0.259389,-0.130508,-1.06015,0.72683,-0.66591,-27.1795,-0.130077,-0.218279,nan,nan,0,-1.08901,0.10019,-1.58652,-40.7082,-0.494505,-0.852316,nan,nan,0,-0.692661,-0.466433,-0.592261,-8.86447,-0.65633,-0.646933,nan,nan,0,-0.543983,0.552146,-2.98586,-33.138,0.218009,0.292446,nan,nan,0,-0.418192,-0.270908,-0.101002,-20.3041,-0.419096,nan,-5.03507,-4.28136,1,0.843023,0.250662,4.38391,6.74424,0.421512,nan,-1.45039,0.504453,1,-1.54226,-0.342179,-0.193328,-23.956,-1.17113,-1.2473,nan,nan,0,-0.0413924,-0.0604973,-1.17532,-22.5885,-0.0706962,-0.124634,nan,nan,0,0.0612048,0.269506,0.991194,1.00122,0.340602,0.488399,nan,nan,0,0.702582,0.52741,2.13275,1.19658,0.841291,0.856555,nan,nan,0,-0.00933278,-0.310583,-1.77748,5.22673,-0.214666,nan,6.0233,5.60205,1,0.0702334,-0.0078119,-1.46855,1.68292,0.0351167,nan,3.49069,1.13575,1,0,0.994967,0.003159,0.018102,-0.098496,-1.19759,0.259389,-0.130508,2.69148,1.48908,8.64991
1787123399012324010,0.132622,0.991167,0.698802,0.597946,0.6,-0,0,-0.00209316,0.0333962,-0.201108,0.704705,-0.990791,-0.992612,-0.226877,0.718969,-0.850034,-20.3419,0.286562,-0.176894,nan,nan,0,-2.00061,0.0881095,-0.972781,-47.9365,-0.950303,-0.70585,nan,nan,0,-1.47871,-0.459914,1.19373,-12.7717,-1.04935,-0.628747,nan,nan,0,-0.760195,0.533546,-1.70927,-33.5775,0.109902,0.261332,nan,nan,0,-1.16697,-0.243428,3.72217,-15.7351,-0.793487,nan,-24.8353,-4.62015,1,1.20547,0.272331,0.995117,4.7543,0.602736,nan,8.41947,-0.599839,1,-1.16388,-0.345247,-0.359039,-22.1978,-0.981941,-1.24493,nan,nan,0,0.0504565,-0.0656743,-0.291528,-12.6252,-0.0247718,-0.0702578,nan,nan,0,0.0866086,0.292132,2.77718,-6.27595,0.353304,0.441306,nan,nan,0,0.781342,0.553488,2.7465,6.27595,0.880671,0.856468,nan,nan,0,-0.109989,-0.325297,-1.56445,4.41996,-0.264994,nan,4.45726,5.92319,1,0.140735,-0.0234015,-1.82679,1.34016,0.0703677,nan,5.55326,2.51501,1,0,0.994811,0.000635,0.016718,-0.100353,0.704705,-0.990791,-0.992612,-0.929238,7.58838,34.3072
1787123399022270160,0.220238,0.975446,0.698826,0.597987,0.6,-0,0,0.0101962,0.0312688,-0.216014,1.28776,0.57485,-1.58793,-0.853617,0.707464,-1.27351,-13.1136,-0.0268085,-0.00886753,nan,nan,0,-3.41222,0.0812068,-0.629086,-27.8633,-1.65611,-0.715831,nan,nan,0,-2.21044,-0.440163,2.17572,-14.4322,-1.41522,-0.766677,nan,nan,0,-0.635338,0.520315,-1.07712,-21.0256,0.172331,0.197341,nan,nan,0,-0.768914,-0.19989,5.15391,-7.76898,-0.594457,nan,-21.5407,-12.638,1,1.36627,0.259502,-1.35335,1.46841,0.683137,nan,14.7391,3.04213,1,-0.794262,-0.350999,-0.66591,-15.2625,-0.797131,-1.14593,nan,nan,0,-0.188278,-0.0656743,0.046031,-2.12454,-0.144139,-0.0425732,nan,nan,0,0.0133453,0.321853,2.70967,-4.56654,0.316673,0.38418,nan,nan,0,1.11496,0.582059,2.85697,5.68987,1.04748,0.862157,nan,nan,0,-0.119726,-0.339831,-1.11204,4.10705,-0.269863,nan,4.11695,5.57892,1,0.12409,-0.0469627,-1.83403,1.96062,0.0620452,nan,6.02129,4.27754,1,0,0.994029,0.006753,0.014993,-0.107862,1.28776,0.57485,-1.58793,0.276223,0.03734,29.9987
1787123399032396710,0.306119,0.951993,0.698849,0.598027,0.6,-0,0,0.0145012,0.0366216,-0.230764,-0.142505,0.409018,-1.14771,-1.56431,0.690781,-1.5988,-12.3321,-0.382155,0.0750685,nan,nan,0,-3.01568,0.0721941,-0.985056,-21.0745,-1.45784,-1.06321,nan,nan,0,-2.0855,-0.428275,0.230153,-10.6227,-1.35275,-1.05869,nan,nan,0,-0.479161,0.50881,-1.2551,-14.4811,0.25042,0.159098,nan,nan,0,-0.393925,-0.144232,4.66807,-11.4748,-0.406963,nan,-16.1977,-20.1916,1,1.42955,0.229968,-1.7794,3.38841,0.714774,nan,17.2133,9.36816,1,-0.928702,-0.361546,-1.07712,-12.0391,-0.864351,-0.980904,nan,nan,0,-0.321107,-0.065866,-0.0214806,1.53846,-0.210554,-0.0660435,nan,nan,0,0.2357,0.34007,1.23669,-2.27106,0.42785,0.343373,nan,nan,0,0.804676,0.609863,2.72808,6.12943,0.892338,0.926599,nan,nan,0,-0.105791,-0.346094,-0.494672,4.3083,-0.262896,nan,3.65394,4.74034,1,0.104406,-0.0588187,-0.852736,3.12144,0.052203,nan,4.60975,5.50406,1,0,0.993142,0.009309,0.017353,-0.115236,-0.142505,0.409018,-1.14771,-2.14936,-15.8558,11.6942
1787123399042429808,0.389584,0.920991,0.698872,0.598066,0.6,-0,0,0.00980014,0.0432478,-0.23731,-0.568736,0.433617,-0.244252,-1.7818,0.675058,-1.7461,-9.93895,-0.490901,-0.0706726,nan,nan,0,-2.14897,0.0599222,-1.50674,-33.6264,-1.02449,-1.37491,nan,nan,0,-1.20872,-0.442464,-2.2555,-10.0855,-0.914362,-1.28442,nan,nan,0,-0.317644,0.494812,-1.61721,-10.6715,0.331178,0.18192,nan,nan,0,-0.147939,-0.110021,3.49961,-14.7041,-0.283969,nan,-11.3376,-21.0727,1,1.30677,0.223152,-0.866921,7.22865,0.653385,nan,14.2073,14.474,1,-1.36353,-0.373434,-1.35944,-7.93651,-1.08177,-0.872397,nan,nan,0,-0.379772,-0.0681672,-0.377452,9.20635,-0.239886,-0.131986,nan,nan,0,0.421335,0.342946,-0.156505,1.78266,0.520667,0.356653,nan,nan,0,0.509433,0.637091,2.72195,7.25275,0.744717,0.95113,nan,nan,0,-0.0898645,-0.348142,-0.122464,3.11326,-0.254932,nan,3.44604,3.9421,1,0.0536954,-0.0612457,0.012475,3.99302,0.0268477,nan,2.62409,5.34894,1,0,0.992712,0.007424,0.02089,-0.118453,-0.568736,0.433617,-0.244252,-2.12741,0.74217,-2.53819
1787123399052276569,0.469971,0.882682,0.698895,0.598105,0.6,-0,0,0.00434274,0.0430204,-0.237432,-0.429465,-0.340219,0.271617,-1.04846,0.657609,-1.77678,-18.7302,-0.124228,-0.294437,nan,nan,0,-1.89659,0.0443902,-1.88726,-44.5177,-0.898297,-1.35042,nan,nan,0,-0.801236,-0.472952,-3.73462,-13.7973,-0.710618,-1.22997,nan,nan,0,-0.347655,0.476596,-1.95477,-6.71551,0.316173,0.247532,nan,nan,0,-0.525446,-0.0880094,2.08355,-18.2236,-0.472723,nan,-16.5903,-17.078,1,1.28014,0.224353,0.79892,13.2097,0.640071,nan,11.2732,15.6316,1,-1.35245,-0.388199,-1.51287,-8.86447,-1.07623,-0.912747,nan,nan,0,-0.337229,-0.0739198,-0.757972,6.61783,-0.218615,-0.196316,nan,nan,0,0.526147,0.333742,-1.29806,7.30159,0.573073,0.425355,nan,nan,0,0.434632,0.661443,2.80173,0.610504,0.707316,0.879956,nan,nan,0,-0.0957274,-0.348081,0.243737,2.67759,-0.257864,nan,2.79201,3.39863,1,0.0688991,-0.0544896,1.23579,3.44799,0.0344495,nan,0.814496,3.91887,1,0,0.992723,0.004703,0.0211,-0.118456,-0.429465,-0.340219,0.271617,5.12201,9.7081,1.45944
1787123399062432313,0.54664,0.837368,0.698917,0.598143,0.6,-0,0,0.00289311,0.0386094,-0.233289,-0.101453,-0.172408,0.420017,-0.542739,0.642652,-1.58039,-28.2051,0.12863,-0.325981,nan,nan,0,-2.31951,0.0252151,-1.75223,-62.3443,-1.10975,-1.14299,nan,nan,0,-0.6722,-0.499414,-1.38399,-24.1026,-0.6461,-0.994472,nan,nan,0,-0.314908,0.456079,-2.00387,-7.10622,0.332546,0.299949,nan,nan,0,-0.614481,-0.0719435,1.67961,-16.9893,-0.51724,nan,-18.1048,-14.7866,1,1.33463,0.233319,0.41688,17.0623,0.667316,nan,12.3946,13.9234,1,-1.33669,-0.401238,-1.41468,-15.2625,-1.06835,-1.00418,nan,nan,0,-0.107126,-0.0827403,-0.843896,-0.268623,-0.103563,-0.226292,nan,nan,0,0.460421,0.323387,-0.727284,4.56654,0.540211,0.506103,nan,nan,0,0.546649,0.693082,2.8447,-1.88034,0.763325,0.783834,nan,nan,0,-0.121173,-0.341782,0.540629,2.39209,-0.270587,nan,1.6809,2.90332,1,0.104677,-0.0328961,2.15595,2.90296,0.0523384,nan,-0.676892,1.84585,1,0,0.993015,0.003683,0.019004,-0.116386,-0.101453,-0.172408,0.420017,4.53126,7.89515,2.96182
1787123399072320214,0.618982,0.785405,0.698938,0.59818,0.6,-0,0,0.00225335,0.0341324,-0.229611,-0.228041,-0.65417,0.140285,-0.150317,0.625586,-1.35944,-27.1306,0.324842,-0.151331,nan,nan,0,-2.51617,0.0119843,-0.917544,-59.8535,-1.20809,-1.04075,nan,nan,0,-0.726824,-0.494812,1.02188,-21.7582,-0.673412,-0.7761,nan,nan,0,-0.369492,0.435178,-1.51901,-11.7949,0.305254,0.32598,nan,nan,0,-0.621853,-0.050224,2.17283,-14.699,-0.520927,nan,-19.7338,-15.7375,1,1.36737,0.218926,-2.19885,18.0649,0.683683,nan,17.241,12.9404,1,-1.32338,-0.415619,-1.26738,-17.8022,-1.06169,-1.05942,nan,nan,0,0.105469,-0.0925198,-0.800934,-3.7851,0.00273451,-0.192114,nan,nan,0,0.247393,0.325305,0.512474,3.58974,0.433696,0.547875,nan,nan,0,0.755501,0.724913,2.86925,-11.8437,0.867751,0.741133,nan,nan,0,-0.122548,-0.333121,0.878002,1.6689,-0.271274,nan,0.847657,2.21071,1,0.109316,-0.00350754,2.76159,1.37282,0.0546581,nan,-2.39741,-0.0832155,1,0,0.993269,0.003074,0.016824,-0.114556,-0.228041,-0.65417,0.140285,-1.91903,0.10581,12.75
1787123399082250094,0.68642,0.727205,0.69896,0.598217,0.6,-0,0,-0.00155937,0.027161,-0.232091,-0.440901,-0.580397,-0.507011,0.100945,0.613314,-1.36558,-16.4347,0.450473,0.0935182,nan,nan,0,-2.15169,0.00680685,-0.420414,-42.0757,-1.02584,-1.0815,nan,nan,0,-0.926185,-0.477746,1.76451,-15.5556,-0.773092,-0.667893,nan,nan,0,-0.435966,0.425399,-1.15077,-7.49695,0.272017,0.3266,nan,nan,0,-0.712554,-0.034512,1.75204,-12.6315,-0.566277,nan,-21.2398,-17.8505,1,1.4258,0.185881,-4.14868,15.3383,0.712898,nan,22.0335,14.9173,1,-1.26661,-0.428467,-1.29806,-13.4554,-1.0333,-1.07504,nan,nan,0,0.226851,-0.0998058,-0.788659,-2.27106,0.0634255,-0.105353,nan,nan,0,0.0750305,0.334701,1.09553,2.61295,0.347515,0.519399,nan,nan,0,0.793098,0.749074,2.58079,-12.9182,0.886549,0.775718,nan,nan,0,-0.129246,-0.32424,1.09884,0.92358,-0.274623,nan,0.0883203,1.36313,1,0.0629188,0.0213012,2.86049,0.201414,0.0314594,nan,-3.98599,-1.69005,1,0,0.993183,0.000798,0.013579,-0.115764,-0.440901,-0.580397,-0.507011,3.50381,-2.42274,22.7251
1787123399092300750,0.748419,0.663226,0.69898,0.598252,0.6,-0,0,-0.00592299,0.0261306,-0.239387,-0.407739,0.26286,-0.817356,-0.551577,0.598549,-1.5006,-6.47131,0.124211,0.307425,nan,nan,0,-2.0508,0.00162983,-0.622948,-32.7473,-0.975399,-1.09449,nan,nan,0,-1.0377,-0.465091,0.813209,-7.49695,-0.828849,-0.676845,nan,nan,0,-0.313407,0.41466,-0.892995,-4.32234,0.333297,0.305541,nan,nan,0,-0.422738,-0.0266076,0.507766,-12.5977,-0.421369,nan,-14.5783,-19.6553,1,1.4441,0.147372,-3.74584,13.7947,0.722051,nan,22.8591,18.7437,1,-1.23501,-0.443039,-1.5006,-10.3297,-1.0175,-1.06298,nan,nan,0,0.102245,-0.107284,-0.721148,0.317459,0.00112254,-0.0112751,nan,nan,0,0.0425257,0.346972,1.206,0.854698,0.331263,0.442081,nan,nan,0,0.699059,0.771892,2.13889,-9.25519,0.83953,0.835574,nan,nan,0,-0.113991,-0.313028,1.24394,1.28564,-0.266996,nan,-0.254789,0.512836,1,0.0213659,0.0469187,2.6159,-1.16846,0.0106829,nan,-5.01092,-3.10597,1,0,0.99276,-0.00138,0.013325,-0.119359,-0.407739,0.26286,-0.817356,-4.35007,-0.094075,17.6174
1787123399102310873,0.804484,0.593975,0.699001,0.598287,0.6,-0,0,-0.0113186,0.0283887,-0.245127,-0.548077,-0.0769645,-0.348369,-0.573388,0.58321,-1.52515,-3.00366,0.113306,0.323916,nan,nan,0,-1.80568,-0.00814915,-1.13849,-29.6215,-0.85284,-1.04706,nan,nan,0,-0.880358,-0.465666,-0.322214,-5.78754,-0.750179,-0.744494,nan,nan,0,-0.240634,0.407374,-0.794796,-4.7619,0.369683,0.303891,nan,nan,0,-0.385047,-0.0306263,-1.08686,-15.3988,-0.402524,nan,-11.3861,-18.2749,1,1.41456,0.120198,-1.61289,15.4845,0.70728,nan,20.0318,21.455,1,-1.20962,-0.45953,-1.70313,-9.35287,-1.00481,-1.04022,nan,nan,0,-0.10164,-0.113804,-0.616811,2.12454,-0.10082,0.0279883,nan,nan,0,0.201275,0.358286,1.08939,-0.268623,0.410637,0.371477,nan,nan,0,0.435784,0.790875,1.80747,-6.47131,0.707892,0.8597,nan,nan,0,-0.11099,-0.299892,1.31737,0.552911,-0.265495,nan,-0.77216,-0.153041,1,0.0677593,0.0693482,2.03981,-2.24214,0.0338796,nan,-4.12377,-4.24769,1,0,0.992392,-0.003881,0.014779,-0.122163,-0.548077,-0.0769645,-0.348369,-5.72785,-2.07979,8.88575
1787123399112230114,0.854167,0.52,0.699021,0.598321,0.6,-0,0,-0.016759,0.0281032,-0.248588,-0.483626,-0.136401,-0.379508,-0.475527,0.568636,-1.44536,-4.66422,0.162236,0.225914,nan,nan,0,-1.5453,-0.0221472,-1.46991,-33.7241,-0.722651,-0.959961,nan,nan,0,-0.724205,-0.469884,-0.414276,-8.57143,-0.672103,-0.77682,nan,nan,0,-0.214987,0.399896,-0.71501,-5.05495,0.382507,0.329875,nan,nan,0,-0.311022,-0.048743,-2.04769,-15.6252,-0.365511,nan,-8.01535,-14.5096,1,1.37611,0.116491,-0.0420668,18.98,0.688054,nan,17.21,21.3395,1,-1.11571,-0.477746,-1.87498,-6.91087,-0.957856,-1.01923,nan,nan,0,-0.232343,-0.118981,-0.444963,2.75946,-0.166171,-0.00904057,nan,nan,0,0.147075,0.365956,0.739559,-1.88034,0.383537,0.360205,nan,nan,0,0.292199,0.807365,1.5988,-3.63858,0.636099,0.812614,nan,nan,0,-0.111315,-0.288936,1.22174,0.224989,-0.265657,nan,-1.01787,-0.644304,1,0.106617,0.0811799,1.2246,-2.96936,0.0533084,nan,-2.67305,-4.49789,1,0,0.992167,-0.006572,0.014981,-0.123841,-0.483626,-0.136401,-0.379508,-0.191817,2.55731,4.42573
1787123399122475007,0.897071,0.441886,0.69904,0.598355,0.6,-0,0,-0.020697,0.0257583,-0.252154,-0.279785,-0.311299,-0.312211,-0.177768,0.554063,-1.27351,-10.9157,0.311116,0.162741,nan,nan,0,-1.59619,-0.0376787,-1.37171,-37.9243,-0.748095,-0.843577,nan,nan,0,-0.640791,-0.470843,0.205604,-12.8694,-0.630396,-0.746035,nan,nan,0,-0.215692,0.393568,-0.395864,-10.6715,0.382154,0.360022,nan,nan,0,-0.401908,-0.0709772,-2.0523,-17.0466,-0.410954,nan,-8.82075,-10.5212,1,1.35451,0.119047,0.383012,21.5436,0.677253,nan,16.1717,19.282,1,-0.960991,-0.499031,-1.97932,-8.32722,-0.880496,-0.991542,nan,nan,0,-0.203666,-0.121858,-0.193328,1.29426,-0.151833,-0.0845909,nan,nan,0,0.129651,0.370366,0.254703,-1.24542,0.374826,0.373518,nan,nan,0,0.28135,0.822897,1.34716,-6.08059,0.630675,0.726085,nan,nan,0,-0.0770724,-0.276523,1.05653,-0.0937827,-0.248536,nan,-0.605252,-0.980843,1,0.123309,0.0876304,0.17675,-3.20435,0.0616546,nan,-1.0444,-3.65692,1,0,0.991944,-0.008646,0.014077,-0.125594,-0.279785,-0.311299,-0.312211,-1.00079,-1.41294,7.98968
1787123399132385749,0.932854,0.360254,0.69906,0.598388,0.6,-0,0,-0.0223996,0.0207686,-0.25496,-0.0421988,-0.643427,-0.323446,0.486214,0.542366,-1.13849,-9.84127,0.643107,0.196333,nan,nan,0,-1.66964,-0.0484171,-0.917544,-38.022,-0.78482,-0.76392,nan,nan,0,-0.562268,-0.462982,1.07712,-14.3346,-0.591134,-0.688383,nan,nan,0,-0.243335,0.392417,-0.0153437,-9.40171,0.368333,0.378312,nan,nan,0,-0.638769,-0.0852047,-1.13384,-13.493,-0.529385,nan,-13.8455,-8.51624,1,1.34761,0.117124,-0.0958111,19.2206,0.673805,nan,16.8442,17.3715,1,-0.808015,-0.518781,-1.95477,-11.1111,-0.804008,-0.942824,nan,nan,0,-0.0648893,-0.122049,0.046031,-1.68498,-0.0824446,-0.138424,nan,nan,0,0.167919,0.375735,0.659773,-3.00366,0.39396,0.378914,nan,nan,0,0.340575,0.833252,1.04029,-12.1367,0.660288,0.658907,nan,nan,0,-0.0615267,-0.268499,0.875217,-0.445801,-0.240763,nan,-0.342085,-0.975367,1,0.121149,0.0813441,-0.805471,-2.40244,0.0605747,nan,0.585123,-2.14082,1,0,0.991784,-0.009788,0.011723,-0.127005,-0.0421988,-0.643427,-0.323446,0.58798,0.347624,12.0731
1787123399142259442,0.961229,0.275751,0.699078,0.59842,0.6,-0,0,-0.0224634,0.0154641,-0.259368,-0.0240617,-0.270564,-0.543431,0.384981,0.532395,-1.09553,-7.30159,0.592491,0.369081,nan,nan,0,-1.74717,-0.053978,-0.518612,-31.7216,-0.823583,-0.748759,nan,nan,0,-0.64888,-0.44975,1.49446,-13.1624,-0.63444,-0.633051,nan,nan,0,-0.161275,0.394335,0.242428,-6.17827,0.409363,0.380259,nan,nan,0,-0.536779,-0.0934004,-0.520073,-11.41,-0.47839,nan,-12.6945,-9.95996,1,1.33068,0.121004,-0.127648,16.4838,0.665341,nan,16.5216,16.6407,1,-0.731866,-0.53623,-1.92408,-6.86203,-0.765933,-0.87522,nan,nan,0,0.118764,-0.121474,0.0644436,-0.952377,0.00938201,-0.135354,nan,nan,0,0.101209,0.381296,0.549299,-1.68498,0.360604,0.384358,nan,nan,0,0.420807,0.839963,0.622948,-15.6044,0.700404,0.638348,nan,nan,0,-0.0338927,-0.262807,0.746767,-0.439968,-0.226946,nan,0.134957,-0.717804,1,0.036814,0.0685096,-1.43389,-1.38993,0.018407,nan,0.647758,-0.394833,1,0,0.991521,-0.010137,0.009119,-0.129223,-0.0240617,-0.270564,-0.543431,1.99504,-4.24253,14.0038
1787123399152384451,0.981968,0.189047,0.699097,0.598452,0.6,-0,0,-0.024822,0.0128582,-0.264335,-0.391267,-0.277729,-0.429171,0.324128,0.520699,-1.02188,-1.92918,0.562064,0.529857,nan,nan,0,-1.34681,-0.0587716,-0.414276,-26.1538,-0.623407,-0.775017,nan,nan,0,-0.537165,-0.435369,1.04643,-8.76679,-0.578583,-0.612852,nan,nan,0,-0.158102,0.397978,0.395864,-5.83639,0.410949,0.3882,nan,nan,0,-0.504903,-0.0953983,-0.162748,-10.2427,-0.462451,nan,-12.6027,-12.0159,1,1.29206,0.124901,0.70859,15.2614,0.646028,nan,14.5709,16.3663,1,-0.68553,-0.557323,-1.86884,-4.27351,-0.742765,-0.811169,nan,nan,0,0.132491,-0.121282,0.0153437,0.317459,0.0162455,-0.0785928,nan,nan,0,0.0769974,0.38283,-0.0889931,0.463982,0.348499,0.379541,nan,nan,0,0.290844,0.843031,0.0828552,-15.6044,0.635422,0.657076,nan,nan,0,-0.0256747,-0.253342,0.680167,-0.345324,-0.222837,nan,0.0474212,-0.345995,1,0.00164202,0.0556854,-1.63408,-0.423572,0.000821009,nan,0.805188,0.774894,1,0,0.991192,-0.011455,0.008008,-0.131691,-0.391267,-0.277729,-0.429171,0.001261,-6.63933,10.2872
1787123399162269447,0.994904,0.100831,0.699115,0.598483,0.6,-0,0,-0.0298425,0.0114972,-0.268464,-0.464967,-0.0935017,-0.447895,0.178025,0.512261,-0.892995,-0.805862,0.489013,0.589838,nan,nan,0,-0.959471,-0.0627985,-0.494062,-24.4444,-0.429735,-0.739795,nan,nan,0,-0.366738,-0.429617,0.537024,-7.74115,-0.493369,-0.600218,nan,nan,0,-0.100857,0.402389,0.457238,-5.29915,0.439571,0.401163,nan,nan,0,-0.388223,-0.0973277,-0.450845,-9.91715,-0.404112,nan,-10.0612,-12.838,1,1.23017,0.133713,1.37268,15.165,0.615087,nan,12.3822,15.4956,1,-0.61641,-0.573813,-1.81361,-3.05251,-0.708205,-0.765629,nan,nan,0,0.0800339,-0.121282,0.00306892,1.73382,-0.00998305,-0.0191769,nan,nan,0,0.050723,0.379954,-0.328352,1.0989,0.335362,0.365051,nan,nan,0,0.126528,0.842456,-0.138092,-12.6252,0.553264,0.661687,nan,nan,0,-0.00588314,-0.249543,0.690268,-0.273419,-0.212942,nan,0.245656,-0.0804719,1,-0.0137893,0.036132,-1.46118,0.00115052,-0.00689463,nan,0.900976,1.17602,1,0,0.990889,-0.014017,0.007693,-0.133727,-0.464967,-0.0935017,-0.447895,-1.77171,-1.93757,6.42942
1787123399172285100,0.99993,0.0118053,0.699133,0.598513,0.6,-0,0,-0.033996,0.0105573,-0.273167,-0.286696,-0.199383,-0.479854,0.20414,0.504783,-0.708872,0.122101,0.50207,0.566988,nan,nan,0,-0.908891,-0.0687423,-0.604536,-23.4676,-0.404445,-0.610689,nan,nan,0,-0.434402,-0.426549,0.248566,-6.76434,-0.527201,-0.558813,nan,nan,0,-0.115455,0.406799,0.524749,-4.95727,0.432273,0.418445,nan,nan,0,-0.44328,-0.105287,-1.08331,-10.6741,-0.43164,nan,-9.79739,-11.9273,1,1.20165,0.151111,1.84613,15.188,0.600826,nan,10.7222,13.8213,1,-0.467381,-0.590879,-1.6479,-2.61295,-0.633691,-0.731839,nan,nan,0,0.049285,-0.12109,0.0214815,3.19902,-0.0253575,0.0042006,nan,nan,0,0.0462161,0.377844,-0.174916,0.463982,0.333108,0.349073,nan,nan,0,0.0418771,0.838813,-0.389727,-11.5995,0.510939,0.623011,nan,nan,0,-0.0128532,-0.243683,0.685178,0.0345203,-0.216427,nan,-0.0738068,0.0678007,1,-0.00511306,0.0248951,-1.2088,0.521031,-0.00255653,nan,0.989651,1.14877,1,0,0.990542,-0.01612,0.007543,-0.136049,-0.286696,-0.199383,-0.479854,-2.37931,-0.35226,7.91951
1787123399182442965,0.997006,-0.0773238,0.69915,0.598543,0.6,-0,0,-0.0348112,0.00841875,-0.278169,0.14006,-0.362309,-0.523111,0.493915,0.499031,-0.5002,0.512817,0.646957,0.527521,nan,nan,0,-1.02013,-0.0741115,-0.512475,-21.7582,-0.460067,-0.481839,nan,nan,0,-0.541971,-0.422139,0.573849,-7.25275,-0.580985,-0.527564,nan,nan,0,-0.14385,0.412935,0.653635,-7.00854,0.418075,0.430673,nan,nan,0,-0.630922,-0.121265,-1.57947,-10.4803,-0.525461,nan,-11.7776,-10.4326,1,1.13845,0.17726,2.19372,13.783,0.569224,nan,8.46835,11.8453,1,-0.294818,-0.606411,-1.53129,-0.366302,-0.547409,-0.6875,nan,nan,0,0.0813131,-0.120515,0.0767183,3.24786,-0.00934343,-0.00207616,nan,nan,0,0.107549,0.375544,-0.279252,0.268623,0.363774,0.337754,nan,nan,0,-0.104283,0.834019,-0.610673,-11.5507,0.437858,0.565225,nan,nan,0,-0.106092,-0.237697,0.671626,0.503895,-0.263046,nan,-1.89465,0.0275788,1,0.0201705,0.0148545,-0.874342,0.615478,0.0100853,nan,1.16844,1.00578,1,0,0.990194,-0.016653,0.006581,-0.138542,0.14006,-0.362309,-0.523111,-2.66087,1.97979,7.24786
1787123399192468828,0.986152,-0.165847,0.699167,0.598572,0.6,-0,0,-0.0329923,0.0048211,-0.282819,0.209906,-0.38277,-0.427094,0.60127,0.495004,-0.359039,-0.0244217,0.700635,0.552622,nan,nan,0,-0.970968,-0.077755,-0.266977,-20.2442,-0.435484,-0.430313,nan,nan,0,-0.464221,-0.412551,1.09553,-8.18071,-0.54211,-0.537189,nan,nan,0,-0.152143,0.421563,0.868444,-9.49939,0.413929,0.429809,nan,nan,0,-0.6446,-0.135142,-1.67015,-10.8203,-0.5323,nan,-11.3953,-10.191,1,1.02185,0.195638,1.92979,12.3661,0.510924,nan,6.5639,9.92221,1,-0.129538,-0.621176,-1.44536,-0.463982,-0.464769,-0.621877,nan,nan,0,0.0949116,-0.119173,0.162642,3.00366,-0.0025442,-0.00986971,nan,nan,0,0.124175,0.372476,-0.316077,0.21978,0.372087,0.342703,nan,nan,0,-0.192326,0.825773,-0.935957,-13.3089,0.393837,0.500479,nan,nan,0,-0.153772,-0.229651,0.612595,-0.12035,-0.286886,nan,-2.92212,-0.678956,1,0.0139186,0.00995913,-0.625459,0.76011,0.00695932,nan,0.848194,0.959448,1,0,0.989886,-0.015991,0.004711,-0.14088,0.209906,-0.38277,-0.427094,-1.22028,-1.30472,7.68513
1787123399202603075,0.967451,-0.253059,0.699184,0.5986,0.6,-0,0,-0.0312277,0.00143922,-0.286225,0.167525,-0.343488,-0.253779,0.591853,0.491553,-0.291528,0.903542,0.695926,0.622754,nan,nan,0,-0.689035,-0.0785222,0.00306892,-15.7998,-0.294517,-0.424132,nan,nan,0,-0.194339,-0.400855,0.966643,-8.27839,-0.407169,-0.548187,nan,nan,0,-0.158968,0.431726,1.07098,-12.1856,0.410516,0.422449,nan,nan,0,-0.617982,-0.151015,-1.53124,-11.1766,-0.518991,nan,-10.5823,-10.6752,1,0.91056,0.208916,1.14515,9.93553,0.45528,nan,5.6732,8.19573,1,-0.0191733,-0.635749,-1.3042,1.5873,-0.409587,-0.542125,nan,nan,0,0.118296,-0.117064,0.217878,2.75946,0.00914783,-0.00926725,nan,nan,0,0.199474,0.369408,-0.26084,0.0244217,0.409737,0.357102,nan,nan,0,-0.265833,0.811201,-1.39626,-14.2857,0.357084,0.439398,nan,nan,0,-0.201437,-0.225534,0.547728,-0.196974,-0.310718,nan,-3.80305,-1.82276,1,-0.0200956,0.00308389,-0.405253,0.570711,-0.0100478,nan,0.213929,0.895942,1,0,0.989657,-0.015351,0.002939,-0.142596,0.167525,-0.343488,-0.253779,-0.1309,-2.52784,8.18334
1787123399212474626,0.94105,-0.338266,0.6992,0.598628,0.6,-0,0,-0.0302782,-0.000973811,-0.287653,0.0609158,-0.180906,-0.0769411,0.318506,0.48906,-0.21174,2.8083,0.559253,0.676419,nan,nan,0,-0.326538,-0.0783305,0.00920582,-12.7717,-0.113269,-0.381939,nan,nan,0,0.0695171,-0.394719,0.543161,-6.17827,-0.275241,-0.503648,nan,nan,0,-0.104412,0.443423,1.19373,-11.8437,0.437794,0.415405,nan,nan,0,-0.431954,-0.162883,-1.43678,-10.596,-0.425977,nan,-7.05312,-10.8178,1,0.798678,0.214745,0.582089,8.67181,0.399339,nan,4.66468,6.82477,1,0.0941954,-0.648213,-1.15077,3.10134,-0.352902,-0.466439,nan,nan,0,0.142891,-0.114571,0.26084,2.75946,0.0214457,-0.00196868,nan,nan,0,0.313355,0.36749,-0.181053,0.366302,0.466677,0.380388,nan,nan,0,-0.382889,0.795669,-1.80747,-15.8486,0.298555,0.389944,nan,nan,0,-0.236156,-0.221434,0.367592,-0.940416,-0.328078,nan,-4.28394,-2.94184,1,-0.0805083,0.000543273,-0.210438,0.833278,-0.0402541,nan,-0.908265,0.594615,1,0,0.98956,-0.015052,0.001688,-0.143322,0.0609158,-0.180906,-0.0769411,-0.316344,-1.05668,8.5144
1787123399222377242,0.907158,-0.420789,0.699216,0.598656,0.6,-0,0,-0.0295737,-0.00270176,-0.288253,0.10133,-0.203763,-0.0692687,0.20684,0.487526,-0.101268,3.58974,0.50342,0.654508,nan,nan,0,0.00897293,-0.0783305,0.00306892,-11.3065,0.0544865,-0.269146,nan,nan,0,0.0942599,-0.39261,0.14423,-3.58974,-0.26287,-0.402224,nan,nan,0,-0.0808755,0.455312,1.19373,-12.3321,0.449562,0.42018,nan,nan,0,-0.33043,-0.179049,-1.51116,-10.6174,-0.375215,nan,-4.5991,-9.49227,1,0.650614,0.222628,0.228346,6.8542,0.325307,nan,2.73785,5.67099,1,0.153823,-0.658375,-0.960506,4.51771,-0.323089,-0.401438,nan,nan,0,0.20543,-0.112078,0.28539,3.2967,0.0527148,0.00936986,nan,nan,0,0.3356,0.366531,-0.0583057,0.854698,0.4778,0.419098,nan,nan,0,-0.645356,0.77496,-2.22482,-13.5531,0.167322,0.342335,nan,nan,0,-0.389884,-0.217357,0.139687,-2.07607,-0.404942,nan,-6.775,-3.78294,1,-0.0715862,0.00370518,0.0127573,0.334169,-0.0357931,nan,-1.20408,-0.102878,1,0,0.989519,-0.014827,0.000787,-0.143632,0.10133,-0.203763,-0.0692687,-0.786395,0.066663,7.75956
1787123399232984250,0.866042,-0.499971,0.699232,0.598683,0.6,-0,0,-0.028465,-0.00457421,-0.28923,0.112263,-0.168701,-0.145064,0.117708,0.487334,0.00306892,3.5409,0.458854,0.583882,nan,nan,0,0.379607,-0.0783305,0.00306892,-7.00854,0.239804,-0.109727,nan,nan,0,0.0745513,-0.391267,0.181053,-0.854698,-0.272724,-0.310851,nan,nan,0,-0.111815,0.46605,1.17532,-13.895,0.434093,0.433831,nan,nan,0,-0.21561,-0.189207,-1.56483,-9.47365,-0.317805,nan,-2.15367,-7.04767,1,0.491763,0.220265,-0.0777331,6.2179,0.245881,nan,0.885086,4.33044,1,0.224661,-0.665662,-0.76411,6.52015,-0.28767,-0.351873,nan,nan,0,0.273035,-0.10901,0.322214,3.34554,0.0865174,0.0283444,nan,nan,0,0.267386,0.366723,0.0705805,1.14774,0.443693,0.455547,nan,nan,0,-0.87185,0.755401,-2.53782,-14.9206,0.0540749,0.266169,nan,nan,0,-0.590249,-0.217354,-0.0956566,-2.70223,-0.505125,nan,-9.92849,-5.00241,1,-0.0530572,0.00449156,0.0282095,-0.141684,-0.0265286,nan,-0.972919,-0.811141,1,0,0.989453,-0.014413,-0.000212,-0.144129,0.112263,-0.168701,-0.145064,0.358929,0.161151,5.99695
1787123399242226688,0.818027,-0.575179,0.699247,0.598709,0.6,-0,0,-0.0271652,-0.00663824,-0.291361,0.144785,-0.225246,-0.302487,0.0426088,0.487718,0.0337563,3.15018,0.421304,0.512383,nan,nan,0,0.637331,-0.0783305,0.0153437,-2.0757,0.368665,0.0707403,nan,nan,0,0.109524,-0.388391,0.402001,0.170937,-0.255238,-0.268091,nan,nan,0,-0.170102,0.477363,1.16304,-12.6252,0.404949,0.439817,nan,nan,0,-0.0801363,-0.203595,-1.51165,-7.69199,-0.250068,nan,0.640916,-4.31674,1,0.377819,0.216355,-0.619228,5.10337,0.188909,nan,0.105487,2.75812,1,0.187031,-0.671031,-0.543161,6.08059,-0.306484,-0.314118,nan,nan,0,0.406746,-0.105942,0.346765,4.42002,0.153373,0.056148,nan,nan,0,0.182769,0.368832,0.291528,1.5873,0.401385,0.464207,nan,nan,0,-0.869598,0.724721,-2.94289,-17.3626,0.0552009,0.161988,nan,nan,0,-0.825384,-0.221444,-0.344707,-4.02947,-0.622692,nan,-13.5266,-7.09686,1,-0.0822079,0.00192028,0.0088527,-0.568529,-0.041104,nan,-1.30401,-1.09279,1,0,0.989304,-0.01392,-0.001312,-0.145196,0.144785,-0.225246,-0.302487,0.524722,0.951925,6.00553
1787123399252310884,0.763494,-0.645814,0.699262,0.598735,0.6,-0,0,-0.0252209,-0.00904367,-0.295323,0.228308,-0.119302,-0.47685,-0.041098,0.487526,-0.0276184,1.88034,0.379451,0.45624,nan,nan,0,0.765689,-0.0775633,0.0889931,3.58974,0.432845,0.240203,nan,nan,0,0.2188,-0.381487,0.672048,1.00122,-0.2006,-0.254153,nan,nan,0,-0.0819189,0.491745,1.19373,-13.6996,0.449041,0.429068,nan,nan,0,0.124906,-0.220561,-1.18513,-5.33702,-0.147547,nan,4.33318,-1.5746,1,0.268732,0.204782,-1.47111,3.64964,0.134366,nan,0.0941908,1.45524,1,0.0860998,-0.67525,-0.224015,7.30159,-0.35695,-0.298112,nan,nan,0,0.58902,-0.10134,0.408138,4.42002,0.24451,0.0998739,nan,nan,0,0.129578,0.37401,0.469513,1.29426,0.374789,0.44236,nan,nan,0,-0.766773,0.687905,-3.45844,-16.9719,0.106614,0.0838458,nan,nan,0,-1.01526,-0.229731,-0.800256,-6.01242,-0.71763,nan,-15.8761,-10.0271,1,-0.127953,-0.00048293,-0.179282,-0.824278,-0.0639763,nan,-1.63588,-1.15013,1,0,0.98902,-0.013138,-0.002617,-0.147169,0.228308,-0.119302,-0.47685,0.024567,0.93033,5.99204
1787123399262336048,0.702876,-0.711312,0.699277,0.59876,0.6,-0,0,-0.0221602,-0.0103346,-0.300887,0.35869,-0.111212,-0.650493,-0.00639661,0.486951,-0.101268,1.29426,0.396802,0.41175,nan,nan,0,0.713792,-0.0760288,0.230153,9.74359,0.406896,0.365689,nan,nan,0,0.256822,-0.374585,0.76411,1.48962,-0.181589,-0.233473,nan,nan,0,0.150427,0.502291,1.14463,-14.1392,0.565213,0.429163,nan,nan,0,0.228823,-0.229428,-0.883279,-2.86127,-0.0955885,nan,6.00929,1.39271,1,0.17646,0.187495,-2.06179,2.0275,0.0882299,nan,0.114743,0.790503,1,-0.266067,-0.675825,-0.00920582,7.15507,-0.533033,-0.315181,nan,nan,0,0.858729,-0.09693,0.481788,5.39683,0.379364,0.166896,nan,nan,0,0.0667275,0.378228,0.438826,0.708183,0.343364,0.408088,nan,nan,0,-0.668142,0.65339,-3.92488,-17.851,0.155929,0.0675298,nan,nan,0,-1.27479,-0.240128,-1.34077,-7.7507,-0.847396,nan,-19.2432,-13.0558,1,-0.200946,-0.0033155,-0.323037,-0.98108,-0.100473,nan,-2.43017,-1.26712,1,0,0.988622,-0.011729,-0.003448,-0.149922,0.35869,-0.111212,-0.650493,0.075179,0.99228,5.65917
1787123399272305643,0.636653,-0.77115,0.699291,0.598785,0.6,-0,0,-0.0180348,-0.0111486,-0.307783,0.440258,-0.0484367,-0.700793,0.0909125,0.485225,-0.199466,0.65934,0.445456,0.390736,nan,nan,0,0.489229,-0.0723858,0.426551,12.8694,0.294614,0.420678,nan,nan,0,0.217224,-0.367298,0.745697,1.68498,-0.201388,-0.206072,nan,nan,0,0.365402,0.51322,1.07712,-13.7485,0.672701,0.477051,nan,nan,0,0.274759,-0.23645,-0.552894,-0.255172,-0.0726205,nan,6.56337,4.08081,1,0.104708,0.163126,-2.62709,1.77865,0.052354,nan,0.617455,0.648875,1,-0.439316,-0.674675,0.168778,7.30159,-0.619658,-0.397453,nan,nan,0,1.09965,-0.0915608,0.586123,7.64347,0.499827,0.265684,nan,nan,0,0.0515259,0.382446,0.420414,-0.0732574,0.335763,0.373065,nan,nan,0,-0.621323,0.611205,-4.36678,-15.3602,0.179338,0.0989531,nan,nan,0,-1.40798,-0.256876,-2.13336,-10.1714,-0.913988,nan,-19.7989,-15.9994,1,-0.259589,-0.00900669,-0.669563,-0.893134,-0.129795,nan,-2.61929,-1.65774,1,0,0.988118,-0.009765,-0.004126,-0.153326,0.440258,-0.0484367,-0.700793,-1.47033,1.59975,4.57924
1787123399282358676,0.565353,-0.824849,0.699305,0.598809,0.6,-0,0,-0.0130608,-0.0109238,-0.314963,0.555522,0.0634325,-0.752246,0.261997,0.481965,-0.346765,2.95483,0.530999,0.404647,nan,nan,0,0.30656,-0.0660582,0.635223,16.2393,0.20328,0.390511,nan,nan,0,0.161724,-0.358861,0.770247,2.3199,-0.229138,-0.193824,nan,nan,0,0.505763,0.524534,1.03416,-11.4042,0.742881,0.567367,nan,nan,0,0.273772,-0.239489,-0.0127103,2.01596,-0.0731138,nan,5.84218,5.75898,1,0.0544079,0.13043,-3.2323,1.81773,0.0272039,nan,1.75166,0.937412,1,-0.241456,-0.671607,0.309939,13.0159,-0.520728,-0.512362,nan,nan,0,1.3475,-0.0840826,0.708872,16.5324,0.623748,0.385333,nan,nan,0,0.106199,0.384555,0.0398932,-0.805862,0.363099,0.347469,nan,nan,0,-0.575605,0.558282,-4.21334,-41.8803,0.202198,0.142398,nan,nan,0,-1.37626,-0.279768,-1.66289,-25.5206,-0.89813,nan,-19.1484,-18.1263,1,-0.310288,-0.0192153,-1.59034,1.22341,-0.155144,nan,-1.69236,-2.10922,1,0,0.987584,-0.007306,-0.00437,-0.156861,0.555522,0.0634325,-0.752246,-2.29423,2.66424,4.06587
1787123399292286714,0.489541,-0.87198,0.699319,0.598833,0.6,-0,0,-0.00665177,-0.0104769,-0.321756,0.568616,-0.150687,-0.555553,0.328282,0.476788,-0.475651,0.170937,0.564141,0.45609,nan,nan,0,0.193959,-0.0620313,0.266977,32.6007,0.146979,0.305979,nan,nan,0,0.152593,-0.356176,-0.0828552,8.22955,-0.233703,-0.203617,nan,nan,0,0.526169,0.534888,1.27351,-12.1856,0.753085,0.664207,nan,nan,0,0.214111,-0.236155,0.648576,3.14675,-0.102945,nan,3.68951,6.1447,1,0.034108,0.0935574,-4.02335,2.1759,0.017054,nan,3.73992,1.64927,1,-0.237126,-0.669689,0.23629,1.53846,-0.518563,-0.561101,nan,nan,0,1.34074,-0.0771799,0.727284,23.2234,0.620371,0.51129,nan,nan,0,0.287167,0.373434,-2.04069,9.79243,0.453583,0.344566,nan,nan,0,-0.643293,0.529519,-2.42121,-49.9878,0.168353,0.178567,nan,nan,0,-1.51769,-0.273856,1.64345,-30.2946,-0.968847,nan,-26.7899,-19.6675,1,-0.340016,-0.0411463,-2.55944,-1.31502,-0.170008,nan,-0.026681,-1.83009,1,0,0.987065,-0.004122,-0.004638,-0.160199,0.568616,-0.150687,-0.555553,-1.47722,4.09377,6.6845
1787123399302464220,0.409821,-0.912166,0.699333,0.598857,0.6,-0,0,-0.00778111,-0.0203504,-0.316032,-0.893811,-0.0224578,1.30625,0.0380996,0.471611,-0.592261,2.61295,0.41905,0.516036,nan,nan,0,0.330785,-0.0639486,-0.309939,15.7509,0.215393,0.216547,nan,nan,0,0.622017,-0.36749,-1.56811,13.3089,0.0010083,-0.219537,nan,nan,0,0.0733934,0.54831,1.26738,1.14774,0.526697,0.729408,nan,nan,0,0.132966,-0.226166,1.00162,5.06762,-0.143517,nan,1.39027,5.18379,1,-0.0420499,0.0471242,-4.23321,0.497026,-0.0210249,nan,4.30535,2.97874,1,0.292597,-0.666237,0.408138,-0.903542,-0.253702,-0.551713,nan,nan,0,1.44228,-0.0706601,0.64136,20.7814,0.671139,0.596482,nan,nan,0,1.98528,0.34448,-3.04109,11.746,1.30264,0.384429,nan,nan,0,-0.73482,0.515522,-1.07712,-36.9475,0.12259,0.187917,nan,nan,0,-1.16368,-0.242831,3.72285,-23.5092,-0.791839,nan,-24.7995,-23.3117,1,-0.90008,-0.0716899,-3.11757,-2.04252,-0.45004,nan,-6.67414,-0.791897,1,0,0.987476,-0.005443,-0.009436,-0.157389,-0.893811,-0.0224578,1.30625,4.95511,-13.0014,13.8714
1787123399312184388,0.326829,-0.945084,0.699346,0.598879,0.6,-0,0,-0.0167408,-0.0115813,-0.311921,-0.260303,0.650563,-0.202276,0.638252,0.466241,-0.549299,1.63614,0.719126,0.50786,nan,nan,0,0.68752,-0.0668249,-0.248566,6.52015,0.39376,0.183114,nan,nan,0,0.081407,-0.377844,-0.635223,5.20146,-0.269296,-0.154661,nan,nan,0,0.284892,0.560583,1.2551,5.59219,0.632446,0.683547,nan,nan,0,0.0195806,-0.217866,1.29691,3.82709,-0.20021,nan,-1.3274,3.30349,1,-0.0591411,0.0166488,-3.55922,2.02378,-0.0295706,nan,3.95225,4.05934,1,1.07284,-0.659909,0.782521,-3.83395,0.136421,-0.445971,nan,nan,0,2.83863,-0.064332,0.76411,16.7277,1.36931,0.647157,nan,nan,0,1.59705,0.322237,-2.08979,9.93895,1.10852,0.704097,nan,nan,0,-0.465697,0.508043,-0.794796,-25.9585,0.257152,0.165957,nan,nan,0,-0.956329,-0.211559,3.3908,-19.7961,-0.688165,nan,-21.7674,-25.8556,1,-1.03679,-0.0991614,-2.91458,-1.31389,-0.518394,nan,-8.20509,-2.083,1,0,0.987804,-0.009168,-0.00442,-0.155369,-0.260303,0.650563,-0.202276,-5.24665,11.6353,25.5039
1787123399322192582,0.241223,-0.97047,0.699359,0.598902,0.6,-0,0,-0.0145512,-0.00466906,-0.315638,0.919262,0.512764,-0.638365,0.885421,0.461639,-0.420414,1.29426,0.84271,0.559962,nan,nan,0,0.20662,-0.0670166,0.14423,0.708183,0.15331,0.24839,nan,nan,0,-0.180701,-0.369983,1.46991,0.122101,-0.40035,-0.150287,nan,nan,0,0.230839,0.571896,1.24897,2.71062,0.60542,0.629304,nan,nan,0,-0.122749,-0.20312,1.66024,2.11388,-0.271375,nan,-4.87928,0.807671,1,-0.0144959,-0.0137619,-2.84188,2.93789,-0.00724796,nan,4.45824,4.30254,1,1.50396,-0.651281,0.886857,0.65934,0.351982,-0.197875,nan,nan,0,1.89431,-0.0537863,1.1569,20.9768,0.897156,0.897414,nan,nan,0,0.794996,0.313992,-0.0583057,12.7717,0.707498,1.01327,nan,nan,0,-0.408106,0.499798,-0.837758,-25.6166,0.285947,0.183057,nan,nan,0,-0.817156,-0.188507,2.03565,-22.0543,-0.618578,nan,-18.1059,-24.9394,1,-0.409239,-0.126665,-2.52697,-2.63314,-0.204619,nan,1.45183,-5.07303,1,0,0.98754,-0.007552,-0.001162,-0.157177,0.919262,0.512764,-0.638365,-3.94704,18.6349,6.69162
1787123399332298623,0.153688,-0.988119,0.699372,0.598924,0.6,-0,0,-0.00373197,0.000705845,-0.325939,0.898596,0.147708,-1.15294,0.874273,0.457805,-0.377452,3.15018,0.837137,0.691414,nan,nan,0,0.224136,-0.0612645,0.702735,1.29426,0.162068,0.257818,nan,nan,0,-0.250622,-0.346972,2.46418,-3.10134,-0.435311,-0.250696,nan,nan,0,0.315159,0.585127,1.17532,-2.3199,0.64758,0.608956,nan,nan,0,0.0161672,-0.186268,1.7127,0.336828,-0.201916,nan,-3.11673,-2.21634,1,-0.0308943,-0.0370988,-2.06093,3.40735,-0.0154471,nan,3.74094,4.33399,1,0.635416,-0.641693,1.00961,9.10867,-0.082292,0.0966649,nan,nan,0,1.07146,-0.040555,1.39013,36.3126,0.485729,1.03668,nan,nan,0,0.0552219,0.326647,1.61721,17.558,0.337611,1.00419,nan,nan,0,-0.357914,0.490977,-0.911407,-23.37,0.311043,0.233224,nan,nan,0,-1.14268,-0.175818,1.03284,-22.055,-0.781338,nan,-22.7425,-21.722,1,-0.477738,-0.148786,-2.01558,-5.49446,-0.238869,nan,0.320879,-4.20109,1,0,0.986748,-0.001784,0.000651,-0.162248,0.898596,0.147708,-1.15294,-8.44595,-3.72903,0.000574
1787123399342231258,0.0649198,-0.99789,0.699385,0.598945,0.6,-0,0,-0.00110381,0.00156521,-0.336632,-0.0914662,0.0343086,-1.20254,1.09158,0.454161,-0.359039,8.66911,0.945789,0.796535,nan,nan,0,0.110976,-0.053019,0.886857,7.10622,0.105488,0.211242,nan,nan,0,-0.367973,-0.325305,1.92408,-4.12698,-0.493986,-0.360523,nan,nan,0,0.77864,0.595865,1.05257,-3.19902,0.87932,0.616516,nan,nan,0,0.0754531,-0.169544,1.5268,-1.13991,-0.172273,nan,-2.38573,-3.82124,1,0.0386147,-0.0530003,-1.15315,2.82526,0.0193073,nan,3.89896,4.04459,1,-0.455934,-0.630763,1.12008,16.4347,-0.627967,0.15181,nan,nan,0,2.23084,-0.0280914,1.17532,44.8107,1.06542,0.869177,nan,nan,0,-0.128595,0.341795,1.12622,20.0977,0.245702,0.73495,nan,nan,0,-0.225305,0.483883,-0.708872,-26.6911,0.377347,0.279781,nan,nan,0,-1.33002,-0.167333,0.849698,-23.2273,-0.87501,nan,-26.0433,-20.5112,1,-0.703642,-0.163945,-0.915286,-6.05041,-0.351821,nan,-4.26335,-1.6727,1,0,0.985867,-0.000413,0.000864,-0.167522,-0.0914662,0.0343086,-1.20254,-0.496998,-9.86327,7.52243
1787123399352201756,-0.0243729,-0.999703,0.699397,0.598966,0.6,-0,0,6.41983e-05,0.00171107,-0.348651,0.507013,-0.218774,-0.952096,1.14135,0.451093,-0.266977,8.86447,0.970677,0.877578,nan,nan,0,-0.22043,-0.0434313,1.00347,6.71551,-0.0602149,0.156834,nan,nan,0,-0.178745,-0.31495,0.653635,-3.05251,-0.399372,-0.443046,nan,nan,0,1.11696,0.604685,0.954369,-3.39439,1.04848,0.709492,nan,nan,0,0.0750203,-0.159103,1.15934,-2.03072,-0.17249,nan,-2.20753,-3.64349,1,0.01404,-0.0527278,-0.176022,2.79429,0.00702001,nan,2.05647,3.61089,1,-0.544661,-0.618875,1.21828,19.1697,-0.67233,-0.127992,nan,nan,0,2.74599,-0.0190792,0.770247,37.1429,1.323,0.828351,nan,nan,0,0.145625,0.338727,-1.02802,20.1465,0.382813,0.443686,nan,nan,0,-0.422914,0.479856,-0.224015,-23.9072,0.278543,0.32789,nan,nan,0,-1.28297,-0.154986,1.36355,-22.4294,-0.851485,nan,-26.4228,-22.5166,1,-0.738536,-0.155979,1.05847,-4.99479,-0.369268,nan,-7.98638,-2.03016,1,0,0.984843,0.00018,0.000837,-0.173444,0.507013,-0.218774,-0.952096,0.488369,0.971579,10.4917
1787123399362322340,-0.113478,-0.993541,0.699409,0.598987,0.6,-0,0,0.00598712,-0.000563097,-0.354521,0.522911,-0.13231,-0.350928,1.18063,0.449751,-0.046031,9.49939,0.990315,0.93912,nan,nan,0,-0.159856,-0.0319266,1.03416,2.66178,-0.029928,0.064396,nan,nan,0,-0.0549014,-0.314183,-0.156505,-3.44322,-0.337451,-0.457348,nan,nan,0,1.05535,0.615232,0.862308,3.10134,1.01768,0.870929,nan,nan,0,0.0887157,-0.148886,0.729812,-1.95583,-0.165642,nan,-1.68119,-2.87464,1,0.0062592,-0.0512835,0.733161,2.51172,0.0031296,nan,0.53265,2.74169,1,0.00675115,-0.605835,1.15077,10.3297,-0.396624,-0.456697,nan,nan,0,2.21032,-0.0127511,0.537024,33.6752,1.05516,1.01863,nan,nan,0,0.251301,0.313992,-2.51327,12.1856,0.43565,0.319797,nan,nan,0,-0.485506,0.479664,0.0153437,-14.8718,0.247247,0.331791,nan,nan,0,-1.00495,-0.140854,1.28672,-20.5625,-0.712475,nan,-21.9368,-25.0953,1,-0.627286,-0.12931,2.88667,-3.65555,-0.313643,nan,-9.86001,-5.27355,1,0,0.984326,0.002897,-0.000805,-0.176332,0.522911,-0.13231,-0.350928,3.60413,5.74001,12.943
1787123399372350757,-0.201685,-0.979451,0.699421,0.599007,0.6,-0,0,0.0126462,-0.00151178,-0.358462,0.748513,0.139834,-0.318951,1.12144,0.450709,0.168778,10.9646,0.960721,0.975999,nan,nan,0,0.0310704,-0.0215721,1.02188,1.0989,0.0655352,-0.00953881,nan,nan,0,-0.0153016,-0.318977,-0.586123,-1.63614,-0.317651,-0.412015,nan,nan,0,0.781076,0.625203,1.08939,13.7973,0.880538,0.987527,nan,nan,0,-0.0299716,-0.142846,0.439167,-1.58796,-0.224986,nan,-3.53365,-2.13597,1,-0.0182144,-0.042182,1.23231,2.0027,-0.00910719,nan,-0.856214,1.43024,1,0.524196,-0.595289,1.00347,2.22222,-0.137902,-0.552834,nan,nan,0,1.6799,-0.0060401,0.782521,31.4286,0.78995,1.12742,nan,nan,0,0.352215,0.292515,-1.85043,6.81319,0.486108,0.338059,nan,nan,0,-0.464028,0.479472,-0.0767183,-12.5763,0.257986,0.296297,nan,nan,0,-0.665655,-0.132778,0.508408,-21.2039,-0.542828,nan,-15.1143,-24.9197,1,-0.628363,-0.0983068,2.81685,-5.14791,-0.314181,nan,-10.7015,-8.56792,1,0,0.983961,0.006087,-0.001871,-0.178265,0.748513,0.139834,-0.318951,4.68401,1.22789,11.0211
1787123399382306194,-0.288288,-0.957544,0.699433,0.599027,0.6,-0,0,0.0208959,-0.000964286,-0.358864,0.760849,0.07022,0.221031,0.967172,0.453777,0.371314,10.525,0.883586,0.982233,nan,nan,0,0.268293,-0.0116005,0.991194,-0.903542,0.184146,-0.00626027,nan,nan,0,-0.0274324,-0.326072,-0.733422,-0.21978,-0.323716,-0.357744,nan,nan,0,0.512003,0.637091,1.4515,15.8974,0.746002,0.985853,nan,nan,0,-0.0689806,-0.140905,0.259537,-1.28842,-0.24449,nan,-4.0148,-2.27149,1,-0.107536,-0.0260232,1.55423,0.760178,-0.0537681,nan,-3.16369,-0.0344875,1,0.648552,-0.586661,0.788659,3.88278,-0.0757241,-0.414792,nan,nan,0,1.1038,0.00546503,1.32261,30.2076,0.501902,1.03126,nan,nan,0,0.643351,0.280818,-0.923681,5.05495,0.631676,0.407436,nan,nan,0,-0.616905,0.477938,-0.181053,-16.1416,0.181548,0.266761,nan,nan,0,-0.634144,-0.134903,-0.363786,-21.6435,-0.527072,nan,-13.1802,-20.9418,1,-0.710134,-0.0782311,1.73087,-7.01402,-0.355067,nan,-10.9014,-10.2671,1,0,0.983892,0.010194,-0.002339,-0.178456,0.760849,0.07022,0.221031,0.832852,1.07602,5.6168
1787123399392233978,-0.372597,-0.927993,0.699444,0.599047,0.6,-0,0,0.027005,-0.00238587,-0.35406,0.413832,-0.171519,0.699272,0.839226,0.458955,0.579986,9.69475,0.819613,0.947883,nan,nan,0,0.442874,-0.00258875,0.843896,0.0244217,0.271437,0.0687775,nan,nan,0,-0.0348626,-0.332592,-0.549299,0.854698,-0.327431,-0.326725,nan,nan,0,0.604749,0.654541,1.85043,11.5507,0.792375,0.889789,nan,nan,0,0.0318784,-0.140985,0.113439,-1.91744,-0.194061,nan,-2.02781,-3.03086,1,-0.135882,-0.00603473,1.52962,-0.213332,-0.0679411,nan,-4.15162,-1.73614,1,0.331907,-0.580142,0.604536,8.52259,-0.234046,-0.224645,nan,nan,0,1.27019,0.0208054,1.58039,33.0891,0.585096,0.7952,nan,nan,0,0.975476,0.273724,-0.721148,9.84127,0.797738,0.510912,nan,nan,0,-0.72474,0.476404,-0.162642,-22.0513,0.12763,0.230242,nan,nan,0,-0.747207,-0.141109,-0.497021,-21.6092,-0.583603,nan,-14.7418,-16.2293,1,-0.890211,-0.0751001,0.227374,-8.47298,-0.445105,nan,-11.4412,-10.6311,1,0,0.984283,0.013081,-0.003552,-0.176075,0.413832,-0.171519,0.699272,3.38218,-5.27106,5.62382
1787123399402221187,-0.453938,-0.891033,0.699455,0.599066,0.6,-0,0,0.0282386,-0.00629855,-0.344902,-0.163961,-0.29818,1.14672,0.82519,0.465858,0.733422,10.6227,0.812595,0.88695,nan,nan,0,0.296188,0.00450611,0.66591,4.12698,0.198094,0.172226,nan,nan,0,-0.128865,-0.336043,-0.352901,1.92918,-0.374433,-0.319008,nan,nan,0,0.795568,0.674291,1.99773,3.58974,0.887784,0.810739,nan,nan,0,0.0562148,-0.141058,-0.0612063,-2.14932,-0.181893,nan,-1.3374,-3.02615,1,-0.0967498,0.00607457,1.28264,-1.57891,-0.0483749,nan,-3.55744,-3.22709,1,0.034332,-0.575155,0.475651,11.7949,-0.382834,-0.156713,nan,nan,0,1.97777,0.035953,1.44536,29.3285,0.938884,0.620854,nan,nan,0,1.4276,0.263177,-1.21828,15.5556,1.0238,0.650275,nan,nan,0,-0.696283,0.475637,-0.0214815,-28.2051,0.141858,0.179804,nan,nan,0,-0.841111,-0.139035,0.0728259,-18.2465,-0.630556,nan,-17.3125,-14.1366,1,-1.13025,-0.0744806,-0.602741,-10.1747,-0.565127,nan,-13.8153,-10.62,1,0,0.985071,0.013369,-0.005525,-0.171536,-0.163961,-0.29818,1.14672,6.47234,-0.461544,9.60076
1787123399412254760,-0.531661,-0.846957,0.699466,0.599084,0.6,-0,0,0.0268748,-0.0102632,-0.332346,-0.12263,-0.0661868,1.31442,0.897285,0.473528,0.782521,8.96215,0.848643,0.836679,nan,nan,0,0.197911,0.0104504,0.579986,5.83639,0.148955,0.2224,nan,nan,0,-0.185851,-0.341028,-0.444963,1.92918,-0.402925,-0.336648,nan,nan,0,0.832042,0.695767,1.89339,-0.0244217,0.906021,0.813521,nan,nan,0,-0.0207546,-0.143155,-0.344432,-2.10801,-0.220377,nan,-2.18612,-2.24886,1,-0.0508799,0.0151371,0.796346,-2.33382,-0.0254399,nan,-2.41183,-3.79869,1,0.344963,-0.570554,0.481788,9.45055,-0.227519,-0.226406,nan,nan,0,2.28695,0.0476499,1.04029,27.033,1.09347,0.676247,nan,nan,0,1.75324,0.250522,-1.15077,19.7558,1.18662,0.830928,nan,nan,0,-0.668523,0.475829,0.0276184,-31.2332,0.155738,0.146434,nan,nan,0,-0.666999,-0.134892,0.671067,-16.5802,-0.5435,nan,-15.3079,-14.9748,1,-1.21961,-0.0832173,-0.826862,-10.0843,-0.609807,nan,-14.5574,-11.5644,1,0,0.986134,0.012403,-0.007283,-0.165324,-0.12263,-0.0661868,1.31442,4.58667,1.90045,9.61004
1787123399422208292,-0.605144,-0.796116,0.699477,0.599103,0.6,-0,0,0.0274727,-0.0123494,-0.320866,0.209625,-0.139953,0.918071,1.08072,0.481773,0.831621,8.66911,0.940362,0.824497,nan,nan,0,0.169146,0.0163946,0.622948,4.61539,0.134573,0.206591,nan,nan,0,-0.412029,-0.342754,-0.0398932,0.268623,-0.516014,-0.369128,nan,nan,0,0.739728,0.713791,1.78906,-0.805862,0.859864,0.856684,nan,nan,0,-0.138424,-0.147301,-0.539648,-1.66665,-0.279212,nan,-3.80743,-1.79408,1,-0.0294329,0.0167348,0.00475173,-2.7441,-0.0147165,nan,-0.950667,-3.25908,1,0.336424,-0.565185,0.555436,6.61783,-0.231788,-0.270059,nan,nan,0,1.96584,0.0557036,0.721148,28.7424,0.932918,0.869305,nan,nan,0,1.37387,0.246495,-0.0214806,20.928,0.996937,1.02265,nan,nan,0,-0.616929,0.476404,0.0644426,-34.4078,0.181536,0.14063,nan,nan,0,-0.651584,-0.126611,1.12273,-16.1543,-0.535792,nan,-16.0054,-15.9064,1,-1.17303,-0.0998413,-1.27991,-11.5919,-0.586517,nan,-12.6804,-12.9562,1,0,0.987059,0.012573,-0.008289,-0.159644,0.209625,-0.139953,0.918071,1.03586,5.34397,9.35699
1787123399432341662,-0.6738,-0.738914,0.699487,0.599121,0.6,-0,0,0.031096,-0.0144143,-0.313793,0.419129,-0.129966,0.510104,1.15614,0.490019,0.831621,7.64347,0.97807,0.863384,nan,nan,0,0.169155,0.0229144,0.684322,3.88278,0.134577,0.169612,nan,nan,0,-0.422461,-0.341028,0.230153,-2.02686,-0.521231,-0.430529,nan,nan,0,0.703959,0.73124,1.73382,0.805862,0.84198,0.876483,nan,nan,0,-0.193454,-0.153495,-0.601862,-1.46433,-0.306727,nan,-4.46031,-2.32625,1,-0.0660526,0.0127698,-0.694214,-2.22913,-0.0330263,nan,-0.332562,-1.96624,1,-0.00244673,-0.55924,0.604536,6.52015,-0.401223,-0.261469,nan,nan,0,1.4964,0.0614562,0.543161,36.8498,0.698198,0.974164,nan,nan,0,0.887699,0.253015,0.991194,22.7839,0.753849,1.08797,nan,nan,0,-0.628118,0.477363,0.0828552,-34.0171,0.175941,0.155056,nan,nan,0,-0.704287,-0.112137,1.42393,-16.8194,-0.562144,nan,-17.8861,-16.2813,1,-1.07084,-0.106995,-1.25529,-13.4473,-0.53542,nan,-10.9698,-13.3367,1,0,0.987589,0.01423,-0.009547,-0.15612,0.419129,-0.129966,0.510104,-0.388242,3.23214,9.59802
1787123399442251616,-0.73708,-0.675806,0.699497,0.599138,0.6,-0,0,0.0350117,-0.0148661,-0.310855,0.344663,-0.0754794,0.111956,1.21274,0.498072,0.794796,9.79243,1.00637,0.923185,nan,nan,0,0.124884,0.0300088,0.708872,3.83395,0.112442,0.143265,nan,nan,0,-0.35984,-0.340261,-0.0705805,-2.5641,-0.48992,-0.489297,nan,nan,0,0.858056,0.748498,1.73996,-0.0732574,0.919028,0.867459,nan,nan,0,-0.143799,-0.159666,-0.689215,-1.77982,-0.2819,nan,-3.24437,-3.32381,1,-0.0696447,0.00163026,-1.23885,-1.44878,-0.0348223,nan,0.764704,-0.659604,1,-0.382081,-0.553296,0.604536,7.30159,-0.591041,-0.300302,nan,nan,0,1.56443,0.0654826,0.352901,39.7802,0.732216,0.903029,nan,nan,0,0.523834,0.267396,1.51287,22.149,0.571917,0.979407,nan,nan,0,-0.592509,0.478513,0.125817,-34.5543,0.193746,0.16986,nan,nan,0,-0.853607,-0.0977179,1.37565,-14.9291,-0.636803,nan,-20.9315,-17.0251,1,-1.00336,-0.116878,-0.856356,-14.5259,-0.501678,nan,-10.2595,-12.5156,1,0,0.987786,0.016143,-0.010052,-0.154646,0.344663,-0.0754794,0.111956,-2.21185,2.36537,10.8568
1787123399452226531,-0.794475,-0.607296,0.699507,0.599155,0.6,-0,0,0.0377894,-0.0156778,-0.310667,0.257859,-0.161109,-0.0427381,1.20968,0.505742,0.757972,9.89011,1.00484,0.974038,nan,nan,0,0.0461573,0.0371037,0.708872,2.46642,0.0730786,0.125269,nan,nan,0,-0.27265,-0.344096,-0.469513,-3.19902,-0.446325,-0.509075,nan,nan,0,1.00842,0.765947,1.72768,-2.02686,0.99421,0.877931,nan,nan,0,-0.0639872,-0.167857,-0.856114,-2.21559,-0.241994,nan,-1.3106,-3.63142,1,-0.0502746,-0.0112845,-1.41456,-0.550236,-0.0251373,nan,1.70626,0.40989,1,-0.687467,-0.547544,0.549299,6.12943,-0.743734,-0.421694,nan,nan,0,1.76206,0.0672083,0.0767183,36.7033,0.831031,0.795902,nan,nan,0,0.265922,0.279477,1.00961,19.1209,0.442961,0.782139,nan,nan,0,-0.541566,0.479856,0.11968,-30.2564,0.219217,0.182318,nan,nan,0,-0.983004,-0.091574,0.240483,-11.1632,-0.701502,nan,-21.7082,-18.5631,1,-0.955569,-0.118891,0.260706,-14.2143,-0.477784,nan,-11.1579,-11.4863,1,0,0.987776,0.017453,-0.010666,-0.154531,0.257859,-0.161109,-0.0427381,-2.78576,1.91298,11.2976
1787123399462279402,-0.845528,-0.533931,0.699517,0.599172,0.6,-0,0,0.0398328,-0.0166237,-0.312082,0.154935,-0.186404,-0.267126,1.25731,0.513604,0.819346,9.93895,1.02866,1.00193,nan,nan,0,-0.0529521,0.0438147,0.678185,1.63614,0.0235239,0.101633,nan,nan,0,-0.227532,-0.349465,-0.561574,-3.00366,-0.423766,-0.490196,nan,nan,0,1.11901,0.781096,1.65403,-0.903542,1.04951,0.92536,nan,nan,0,-0.0263805,-0.178067,-1.07828,-2.65228,-0.22319,nan,0.0381132,-2.75535,1,-0.0266273,-0.0281474,-1.47062,0.583678,-0.0133137,nan,2.65094,1.30206,1,-0.799108,-0.542366,0.518612,1.5873,-0.799554,-0.584653,nan,nan,0,1.96332,0.0670166,-0.00920582,27.619,0.93166,0.770777,nan,nan,0,0.082416,0.286571,0.635223,13.3089,0.351208,0.588174,nan,nan,0,-0.464915,0.480239,0.00306892,-27.7167,0.257542,0.199369,nan,nan,0,-0.954158,-0.0977494,-0.982029,-15.3969,-0.687079,nan,-19.1535,-19.9591,1,-0.944521,-0.110458,0.956019,-12.3554,-0.472261,nan,-12.2881,-11.2394,1,0,0.987645,0.018381,-0.011304,-0.155209,0.154935,-0.186404,-0.267126,-4.92618,4.57558,13.2365
1787123399472223126,-0.889829,-0.456294,0.699527,0.599189,0.6,-0,0,0.0411903,-0.0165245,-0.316665,0.192404,-0.163632,-0.582432,1.28444,0.522233,0.911407,9.54823,1.04222,1.01794,nan,nan,0,-0.0714908,0.0507183,0.69046,-0.21978,0.0142546,0.0656376,nan,nan,0,-0.165148,-0.356368,-0.76411,-1.29426,-0.392574,-0.456531,nan,nan,0,1.15549,0.798737,1.58039,1.68498,1.06774,0.988927,nan,nan,0,0.00692072,-0.188278,-1.25634,-2.33231,-0.20654,nan,1.24534,-1.25977,1,-0.0358367,-0.0404155,-1.2906,0.916212,-0.0179183,nan,2.61081,2.12493,1,-0.783198,-0.537381,0.475651,-1.0989,-0.791599,-0.720991,nan,nan,0,1.96622,0.0670166,0.00306892,28.4493,0.933109,0.827153,nan,nan,0,-0.135685,0.289064,0.0705805,9.20635,0.242157,0.439169,nan,nan,0,-0.428229,0.480047,-0.046031,-26.2027,0.275885,0.225831,nan,nan,0,-0.871518,-0.112165,-1.59441,-18.8362,-0.645759,nan,-16.2842,-19.8897,1,-0.872902,-0.0990127,1.22967,-12.099,-0.436451,nan,-11.9677,-11.7369,1,0,0.987275,0.019033,-0.011404,-0.157465,0.192404,-0.163632,-0.582432,-5.02496,1.94947,10.6081
1787123399482432235,-0.927022,-0.375007,0.699536,0.599205,0.6,-0,0,0.0432724,-0.017386,-0.322455,0.213524,-0.194946,-0.562938,1.23031,0.531245,1.03416,9.25519,1.01516,1.03148,nan,nan,0,-0.116121,0.0570459,0.696597,-0.757019,-0.00806071,0.0330192,nan,nan,0,-0.162173,-0.363272,-0.71501,-0.512817,-0.391087,-0.422009,nan,nan,0,1.13913,0.811201,1.58652,5.29915,1.05957,1.04022,nan,nan,0,0.0134187,-0.198505,-1.31822,-1.46068,-0.203291,nan,1.80981,0.261061,1,-0.0379959,-0.0548896,-1.00383,1.19745,-0.018998,nan,2.5825,2.5899,1,-0.828325,-0.533546,0.408138,-3.19902,-0.814162,-0.790422,nan,nan,0,1.90711,0.0674005,0.0767183,28.1563,0.903553,0.892866,nan,nan,0,-0.146615,0.287722,-0.174916,5.73871,0.236692,0.323982,nan,nan,0,-0.406037,0.479664,-0.0153437,-26.3492,0.286981,0.25392,nan,nan,0,-0.858092,-0.128696,-1.70656,-18.8947,-0.639046,nan,-15.3024,-18.3064,1,-0.870039,-0.085555,1.39603,-11.7892,-0.435019,nan,-12.578,-12.1824,1,0,0.986792,0.019958,-0.012051,-0.160301,0.213524,-0.194946,-0.562938,-1.36955,1.43269,8.52437
1787123399492208436,-0.956809,-0.290717,0.699546,0.599221,0.6,-0,0,0.0448084,-0.0193547,-0.327872,0.0398182,-0.239738,-0.429382,1.14441,0.542558,1.19373,8.42491,0.972206,1.03117,nan,nan,0,-0.109713,0.0633736,0.622948,-0.708183,-0.00485648,0.00856294,nan,nan,0,-0.192831,-0.369024,-0.487926,-0.366302,-0.406415,-0.398628,nan,nan,0,1.07371,0.827499,1.6479,6.2271,1.02686,1.06355,nan,nan,0,0.0220853,-0.212839,-1.33433,-0.0788069,-0.198957,nan,2.48736,1.42472,1,-0.0271072,-0.0564788,-0.55349,1.69256,-0.0135536,nan,2.11799,2.64584,1,-0.846412,-0.530286,0.28539,-6.61783,-0.823206,-0.815266,nan,nan,0,1.94977,0.0697012,0.309939,26.6423,0.924884,0.919159,nan,nan,0,-0.0397489,0.283695,-0.561574,4.22466,0.290126,0.253899,nan,nan,0,-0.376057,0.480239,0.0767183,-24.9328,0.301971,0.275246,nan,nan,0,-0.884315,-0.143173,-1.63149,-18.9429,-0.652157,nan,-15.3672,-16.4627,1,-0.904483,-0.0743738,1.15021,-11.4287,-0.452241,nan,-13.0613,-12.4542,1,0,0.986334,0.020522,-0.013201,-0.16294,0.0398182,-0.239738,-0.429382,0.407158,0.789411,8.33522
1787123399502097126,-0.97895,-0.204099,0.699555,0.599237,0.6,-0,0,0.0443398,-0.0212431,-0.32995,-0.125445,-0.10907,0.0488524,1.03794,0.555789,1.36558,6.91087,0.918969,1.00909,nan,nan,0,-0.0516308,0.0689344,0.524749,-1.44078,0.0241846,-0.00448563,nan,nan,0,-0.286551,-0.374201,-0.604536,1.29426,-0.453276,-0.394311,nan,nan,0,0.863911,0.846291,1.70313,9.45055,0.921955,1.05638,nan,nan,0,-0.00247933,-0.22316,-1.17816,0.788293,-0.21124,nan,2.18444,2.18553,1,-0.00804115,-0.0608019,-0.0124022,1.64166,-0.00402058,nan,1.72204,2.36004,1,-0.544481,-0.52856,0.156505,-6.81319,-0.67224,-0.82336,nan,nan,0,2.01727,0.0744948,0.573849,26.2515,0.958633,0.924875,nan,nan,0,0.352448,0.274683,-1.04029,3.98046,0.486224,0.24619,nan,nan,0,-0.340359,0.481581,0.181053,-25.0794,0.31982,0.291149,nan,nan,0,-0.81605,-0.157667,-1.3287,-18.7097,-0.618025,nan,-14.1195,-15.3833,1,-0.983616,-0.0675193,0.579548,-11.2389,-0.491808,nan,-13.598,-12.669,1,0,0.986162,0.020122,-0.014115,-0.163946,-0.125445,-0.10907,0.0488524,2.2114,-1.37731,9.08332
1787123399512569224,-0.993267,-0.115844,0.699564,0.599252,0.6,-0,0,0.0426776,-0.021869,-0.32784,-0.185775,-0.0216149,0.306078,0.965212,0.570554,1.53742,6.27595,0.882606,0.9681,nan,nan,0,0.0956148,0.0733442,0.414276,-1.8315,0.0978074,0.00177654,nan,nan,0,-0.356831,-0.380721,-0.567711,1.29426,-0.488416,-0.414566,nan,nan,0,0.585606,0.86144,1.697,4.90842,0.782803,1.0056,nan,nan,0,-0.0241292,-0.233581,-0.971299,1.57253,-0.222065,nan,1.86004,2.44604,1,-0.0173158,-0.0572368,0.608358,1.68795,-0.00865792,nan,0.544831,1.85514,1,-0.101735,-0.527793,0.0337563,-6.91087,-0.450867,-0.775614,nan,nan,0,1.91933,0.0821652,0.831621,26.4469,0.909666,0.937138,nan,nan,0,0.677077,0.261643,-1.36558,4.90842,0.648539,0.33019,nan,nan,0,-0.337419,0.484075,0.297665,-22.9304,0.32129,0.306174,nan,nan,0,-0.691347,-0.168033,-0.880462,-17.1437,-0.555673,nan,-12.2467,-14.7187,1,-1.02135,-0.067322,-0.0864207,-11.9732,-0.510677,nan,-13.171,-12.9079,1,0,0.986349,0.019266,-0.014267,-0.16291,-0.185775,-0.0216149,0.306078,0.128552,-0.173496,8.22126
1787123399522403434,-0.999645,-0.0266582,0.699572,0.599267,0.6,-0,0,0.0407253,-0.0236992,-0.324591,-0.160742,-0.205403,0.346802,0.804111,0.58877,1.70313,3.49207,0.802056,0.921851,nan,nan,0,0.145582,0.0769877,0.291528,-1.5873,0.122791,0.038377,nan,nan,0,-0.388236,-0.383213,-0.11968,-0.366302,-0.504118,-0.450075,nan,nan,0,0.374464,0.881381,1.64176,1.44078,0.677232,0.906424,nan,nan,0,-0.0348714,-0.242065,-0.736523,1.72273,-0.227436,nan,1.61682,2.27872,1,-0.0196583,-0.0475293,0.982135,1.07041,-0.00982913,nan,-0.342197,1.09385,1,-0.128881,-0.527985,-0.0276184,-6.27595,-0.464441,-0.640962,nan,nan,0,1.58805,0.0930948,1.08939,25.0305,0.744026,0.934414,nan,nan,0,0.682384,0.248413,-1.05871,7.25275,0.651192,0.480483,nan,nan,0,-0.367699,0.489252,0.512475,-25.3236,0.306151,0.31701,nan,nan,0,-0.738849,-0.174257,-0.38509,-16.1569,-0.579425,nan,-13.6032,-13.7354,1,-0.972093,-0.0740455,-0.709329,-12.4773,-0.486046,nan,-11.296,-12.9163,1,0,0.986624,0.018178,-0.014981,-0.161301,-0.160742,-0.205403,0.346802,1.61161,0.843237,8.28506
1787123399532275387,-0.99803,0.0627463,0.699581,0.599281,0.6,-0,0,0.0404715,-0.024971,-0.321374,0.0351947,0.0878834,0.31978,0.704249,0.604494,1.78292,4.0293,0.752124,0.864893,nan,nan,0,0.217766,0.0792885,0.254703,-1.68498,0.158883,0.0848364,nan,nan,0,-0.345566,-0.38398,-0.101268,-1.73382,-0.482783,-0.482705,nan,nan,0,0.272027,0.894996,1.44536,-4.0293,0.626013,0.786789,nan,nan,0,-0.0068262,-0.246427,-0.566875,1.13582,-0.213413,nan,2.00581,1.94378,1,-0.0192926,-0.0390052,1.19388,0.997201,-0.0096463,nan,-0.910055,0.178789,1,-0.0699722,-0.527985,0.00920582,-4.17583,-0.434986,-0.518697,nan,nan,0,1.24915,0.104024,1.26124,27.4237,0.574575,0.867241,nan,nan,0,0.552352,0.242469,-0.481788,10.525,0.586176,0.600735,nan,nan,0,-0.335222,0.495196,0.69046,-24.9817,0.322389,0.316872,nan,nan,0,-0.679007,-0.174248,-0.0363006,-14.9211,-0.549503,nan,-13.0795,-13.3207,1,-0.920912,-0.0794889,-0.852562,-12.7363,-0.460456,nan,-10.1502,-12.2694,1,0,0.986878,0.017975,-0.015559,-0.159702,0.0351947,0.0878834,0.31978,1.70264,2.61293,8.21195
1787123399542225254,-0.988434,0.151654,0.699589,0.599296,0.6,-0,0,0.0407044,-0.0246242,-0.318345,0.0428534,-0.00852558,0.23718,0.546354,0.622326,1.75837,2.75946,0.673177,0.803579,nan,nan,0,0.282759,0.0817819,0.266977,-1.29426,0.191379,0.126701,nan,nan,0,-0.28184,-0.384939,-0.0767183,-3.24786,-0.45092,-0.494201,nan,nan,0,0.199624,0.907076,1.05871,-13.4066,0.589812,0.686837,nan,nan,0,0.0216539,-0.25279,-0.409656,1.01296,-0.199173,nan,2.49106,1.80993,1,-0.0123114,-0.0235197,1.21274,0.451672,-0.00615568,nan,-1.29818,-0.635215,1,-0.307796,-0.527793,0.0214815,-0.610504,-0.553898,-0.452847,nan,nan,0,0.904071,0.11668,1.23055,27.4725,0.402036,0.734527,nan,nan,0,0.258239,0.241318,-0.00306892,12.967,0.43912,0.633414,nan,nan,0,-0.359338,0.503057,0.831621,-26.3004,0.310331,0.316802,nan,nan,0,-0.762379,-0.17215,0.234609,-14.2859,-0.591189,nan,-15.0183,-13.3283,1,-0.785905,-0.0868254,-0.705462,-12.9797,-0.392953,nan,-8.12562,-11.1826,1,0,0.987119,0.018141,-0.015379,-0.158209,0.0428534,-0.00852558,0.23718,-0.064918,0.353115,8.73001
1787123399552408440,-0.970932,0.239354,0.699597,0.59931,0.6,-0,0,0.0414808,-0.0244104,-0.317057,0.104219,0.0642825,0.0613848,0.447163,0.640351,1.58039,4.17583,0.623581,0.73745,nan,nan,0,0.280723,0.0848498,0.297665,-0.366302,0.190361,0.163349,nan,nan,0,-0.275958,-0.384939,0.0521679,-3.83395,-0.447979,-0.480988,nan,nan,0,0.154003,0.914554,0.481788,-20.0488,0.567001,0.62065,nan,nan,0,0.0204065,-0.255043,-0.239303,1.35748,-0.199797,nan,2.29259,1.99994,1,0.0223943,-0.0132035,0.996361,-0.233913,0.0111971,nan,-0.762522,-1.15606,1,-0.445754,-0.527793,-0.00306892,2.22222,-0.622877,-0.466856,nan,nan,0,0.674021,0.128185,0.929819,27.3748,0.287011,0.566854,nan,nan,0,-0.073295,0.241318,-0.0153437,13.5043,0.273353,0.569812,nan,nan,0,-0.335062,0.512836,0.899132,-27.3748,0.322469,0.315647,nan,nan,0,-0.708434,-0.167983,0.181776,-12.2006,-0.564217,nan,-14.1409,-13.9151,1,-0.651365,-0.0871115,-0.0151139,-12.0527,-0.325682,nan,-7.13446,-9.81116,1,0,0.987214,0.018551,-0.015323,-0.15757,0.104219,0.0642825,0.0613848,-0.277565,1.63476,8.09942
1787123399562343983,-0.945664,0.325145,0.699606,0.599324,0.6,-0,0,0.0429594,-0.022984,-0.316186,0.199907,0.161897,0.125812,0.280864,0.654541,1.34103,3.39439,0.540432,0.673294,nan,nan,0,0.269854,0.0881095,0.340627,0.708183,0.184927,0.185762,nan,nan,0,-0.207659,-0.384364,0.0644436,-3.15018,-0.41383,-0.461893,nan,nan,0,0.0675403,0.915513,-0.0521679,-20.5861,0.52377,0.581794,nan,nan,0,0.0459116,-0.255142,-0.0570198,1.31704,-0.187044,nan,2.46896,2.17815,1,0.0293167,-0.00746365,0.653086,-0.589084,0.0146583,nan,-0.315969,-1.15483,1,-0.373179,-0.528177,-0.046031,2.3199,-0.586589,-0.535594,nan,nan,0,0.293729,0.134705,0.543161,22.1978,0.0968644,0.406809,nan,nan,0,-0.148883,0.240168,-0.187191,11.2576,0.235558,0.435789,nan,nan,0,-0.343636,0.521082,0.911407,-27.9609,0.318182,0.316682,nan,nan,0,-0.637397,-0.170084,-0.162528,-12.3627,-0.528699,nan,-12.3077,-14.2527,1,-0.579748,-0.0854155,0.649197,-10.6029,-0.289874,nan,-7.10755,-8.50625,1,0,0.987275,0.0194,-0.014727,-0.157145,0.199907,0.161897,0.125812,-1.98191,2.71548,8.13579
1787123399572321086,-0.91283,0.408339,0.699613,0.599337,0.6,-0,0,0.0447534,-0.021394,-0.314607,0.135353,0.0987862,0.199577,0.119418,0.666237,1.10167,2.0757,0.459709,0.605894,nan,nan,0,0.276321,0.0913692,0.33449,2.71062,0.188161,0.191727,nan,nan,0,-0.126143,-0.384939,-0.107405,-2.02686,-0.373071,-0.439169,nan,nan,0,-0.00478562,0.911486,-0.549299,-22.6374,0.487607,0.550882,nan,nan,0,0.043409,-0.255163,0.165718,1.08339,-0.188296,nan,2.09177,2.28894,1,0.0415546,-0.00251503,0.275112,-0.826108,0.0207773,nan,0.286102,-0.768815,1,-0.374047,-0.528752,-0.0521679,0.708183,-0.587024,-0.583604,nan,nan,0,0.0778545,0.136814,0.113543,14.188,-0.0110728,0.246592,nan,nan,0,-0.14119,0.236333,-0.444963,7.4481,0.239405,0.310693,nan,nan,0,-0.364868,0.529519,0.788659,-24.2002,0.307566,0.318371,nan,nan,0,-0.610979,-0.178409,-0.824244,-12.2711,-0.515489,nan,-10.5615,-13.5016,1,-0.496005,-0.0756873,1.4608,-9.23858,-0.248002,nan,-7.36066,-7.73799,1,0,0.987387,0.020422,-0.014067,-0.156371,0.135353,0.0987862,0.199577,-1.18213,0.647815,9.31501
1787123399582786531,-0.872692,0.488272,0.699621,0.599351,0.6,-0,0,0.0454932,-0.0201181,-0.31154,0.0705293,0.10156,0.377923,0.0155887,0.675633,0.892995,-0.0244217,0.407794,0.530786,nan,nan,0,0.231725,0.0948205,0.328352,4.07815,0.165863,0.190823,nan,nan,0,-0.0361306,-0.385898,-0.09513,-1.19658,-0.328065,-0.407762,nan,nan,0,-0.0514534,0.903241,-0.960506,-19.5116,0.464273,0.518153,nan,nan,0,0.0226427,-0.253087,0.326293,1.82279,-0.198679,nan,1.41486,2.21848,1,0.0527172,0.000225081,0.0306264,-0.37626,0.0263586,nan,0.738065,-0.198124,1,-0.291479,-0.529327,-0.0521679,-1.24542,-0.545739,-0.596809,nan,nan,0,-0.0369132,0.13643,-0.0644426,4.81075,-0.0684566,0.0984273,nan,nan,0,-0.0456023,0.231922,-0.426551,3.58974,0.287199,0.244518,nan,nan,0,-0.392055,0.537189,0.647498,-22.6374,0.293972,0.315203,nan,nan,0,-0.557289,-0.186701,-1.3184,-11.6999,-0.488645,nan,-8.59045,-11.9304,1,-0.453446,-0.0563502,1.87218,-8.35628,-0.226723,nan,-7.91945,-7.56641,1,0,0.987622,0.020908,-0.013463,-0.154867,0.0705293,0.10156,0.377923,-0.637474,2.23439,8.38866
1787123399592319793,-0.825569,0.564301,0.699629,0.599364,0.6,-0,0,0.0460644,-0.0191927,-0.307846,-0.0192033,0.174385,0.373588,-0.093239,0.683303,0.696597,-2.27106,0.353381,0.460398,nan,nan,0,0.212356,0.0973134,0.224015,4.42002,0.156178,0.18201,nan,nan,0,-0.0116768,-0.388007,-0.242428,0.268623,-0.315838,-0.36832,nan,nan,0,-0.172199,0.890202,-1.44536,-19.2674,0.403901,0.487375,nan,nan,0,-0.0259113,-0.248941,0.438092,2.01848,-0.222956,nan,0.252362,1.84511,1,0.0978525,-0.000627186,-0.0772738,-0.352845,0.0489263,nan,1.60251,0.388659,1,-0.0991008,-0.529711,-0.0276184,-2.0757,-0.44955,-0.581535,nan,nan,0,-0.166473,0.135472,-0.11968,0.268623,-0.133237,-0.0105136,nan,nan,0,-0.0210452,0.228087,-0.371314,2.02686,0.299477,0.241467,nan,nan,0,-0.386397,0.542366,0.4511,-23.8584,0.296802,0.306245,nan,nan,0,-0.516255,-0.201152,-1.53887,-11.2295,-0.468128,nan,-7.03583,-10.0184,1,-0.381815,-0.0413002,2.00814,-7.48919,-0.190907,nan,-7.50043,-7.80899,1,0,0.987903,0.021286,-0.013011,-0.15305,-0.0192033,0.174385,0.373588,0.26103,0.218544,7.87221
1787123399602349069,-0.771838,0.63582,0.699636,0.599376,0.6,-0,0,0.0445794,-0.0175973,-0.302694,-0.213445,0.149282,0.670215,-0.224697,0.68848,0.524749,-3.88278,0.287652,0.399439,nan,nan,0,0.138545,0.0988474,0.14423,4.42002,0.119272,0.168657,nan,nan,0,0.100463,-0.391267,-0.389727,2.36874,-0.259769,-0.334739,nan,nan,0,-0.344757,0.874287,-1.86884,-16.0928,0.317622,0.448633,nan,nan,0,-0.125793,-0.244775,0.511021,1.51572,-0.272897,nan,-1.75081,1.09137,1,0.156238,-0.00128016,-0.0583001,0.00147188,0.0781192,nan,2.46943,1.02494,1,0.0609925,-0.529711,0.0276184,-2.51526,-0.369504,-0.528661,nan,nan,0,-0.421508,0.134321,-0.138092,-3.5409,-0.260754,-0.0870095,nan,nan,0,0.116859,0.225211,-0.297665,1.92918,0.36843,0.267455,nan,nan,0,-0.421064,0.545243,0.352901,-25.9585,0.279468,0.298887,nan,nan,0,-0.481379,-0.215497,-1.47627,-10.9549,-0.450689,nan,-6.01732,-8.1896,1,-0.295977,-0.0161314,2.00021,-7.64612,-0.147988,nan,-6.95602,-7.96689,1,0,0.988314,0.020706,-0.012056,-0.150533,-0.213445,0.149282,0.670215,0.364074,0.987596,5.71424
1787123399612319615,-0.711927,0.702254,0.699643,0.599389,0.6,-0,0,0.0416188,-0.0166336,-0.295045,-0.371033,0.121018,0.789977,-0.246643,0.692315,0.316077,-6.56898,0.276679,0.340452,nan,nan,0,0.0779032,0.0996141,0.0521679,5.05495,0.0889516,0.147167,nan,nan,0,0.154584,-0.394527,-0.303802,3.24786,-0.232708,-0.298927,nan,nan,0,-0.511541,0.852427,-2.3046,-16.044,0.234229,0.388853,nan,nan,0,-0.315854,-0.238564,0.579603,1.16875,-0.367927,nan,-5.39711,-0.232359,1,0.203216,-0.00215668,0.137829,0.688544,0.101608,nan,2.9062,1.72227,1,0.0777147,-0.529136,0.09513,-1.44078,-0.361143,-0.450673,nan,nan,0,-0.659373,0.13202,-0.248566,-6.42247,-0.379687,-0.170219,nan,nan,0,0.114384,0.223293,-0.162642,1.97802,0.367192,0.312022,nan,nan,0,-0.453079,0.548502,0.316077,-29.0843,0.26346,0.290389,nan,nan,0,-0.420687,-0.225624,-1.07162,-9.83052,-0.420344,nan,-5.20776,-6.80457,1,-0.171069,0.00170572,1.91084,-7.85811,-0.0855344,nan,-5.48347,-7.72814,1,0,0.988915,0.019359,-0.011283,-0.14678,-0.371033,0.121018,0.789977,-0.849022,-0.61423,6.25949
1787123399622162685,-0.646315,0.76307,0.699651,0.599401,0.6,-0,0,0.0370054,-0.0152954,-0.28787,-0.517906,0.211106,0.611407,-0.283708,0.693849,0.101268,-7.15507,0.258146,0.296416,nan,nan,0,-0.0691605,0.0990391,-0.0828552,4.0293,0.0154198,0.118129,nan,nan,0,-0.0579837,-0.395678,0.00920582,3.2967,-0.338992,-0.262322,nan,nan,0,-0.65624,0.82654,-2.72808,-11.9414,0.16188,0.311835,nan,nan,0,-0.552206,-0.234415,0.557993,0.429704,-0.486103,nan,-9.64606,-2.55718,1,0.291843,0.00331122,0.393971,1.04434,0.145922,nan,3.68736,2.32682,1,0.0119932,-0.527602,0.181053,-0.415138,-0.394003,-0.388978,nan,nan,0,-0.754929,0.128569,-0.389727,-8.32722,-0.427465,-0.273976,nan,nan,0,-0.0976059,0.223293,0.0398932,3.24786,0.261197,0.350065,nan,nan,0,-0.226128,0.552721,0.395864,-29.4261,0.376936,0.277985,nan,nan,0,-0.178039,-0.233561,-0.555435,-8.52371,-0.299019,nan,-1.4579,-5.88087,1,-0.0371361,0.015265,1.38013,-6.91453,-0.018568,nan,-3.08518,-6.84681,1,0,0.989481,0.017213,-0.010221,-0.14327,-0.517906,0.211106,0.611407,1.09353,-0.177619,8.35884
1787123399632323895,-0.575527,0.817783,0.699658,0.599413,0.6,-0,0,0.0311197,-0.0133696,-0.282258,-0.630172,0.276302,0.508784,-0.409165,0.693274,-0.107405,-8.57143,0.195418,0.269778,nan,nan,0,-0.40694,0.0973134,-0.193328,3.10134,-0.15347,0.0723374,nan,nan,0,-0.306697,-0.394144,0.193329,3.83395,-0.463348,-0.273668,nan,nan,0,-0.677559,0.792792,-3.24976,-13.3577,0.151221,0.231213,nan,nan,0,-0.736175,-0.230302,0.36527,-2.25819,-0.578087,nan,-12.7204,-5.9409,1,0.450322,0.010349,0.861177,1.92311,0.225161,nan,5.1526,2.89397,1,-0.122024,-0.524917,0.28539,0.268623,-0.461012,-0.371069,nan,nan,0,-0.855807,0.122624,-0.592261,-12.2833,-0.477903,-0.367078,nan,nan,0,-0.220872,0.223293,-0.00306892,4.56654,0.199564,0.333146,nan,nan,0,-0.0822325,0.557131,0.469513,-31.4286,0.448884,0.304888,nan,nan,0,-0.0192239,-0.233437,-0.130756,-6.77267,-0.219612,nan,0.680011,-4.23149,1,0.0480131,0.0276848,0.624504,-5.51326,0.0240066,nan,-1.0471,-5.08105,1,0,0.98993,0.014464,-0.008806,-0.140538,-0.630172,0.276302,0.508784,0.839435,1.26728,9.90743
1787123399642534443,-0.500129,0.865951,0.699664,0.599425,0.6,-0,0,0.0247103,-0.0106089,-0.27789,-0.67144,0.343623,0.311557,-0.527194,0.690973,-0.279252,-8.32722,0.136403,0.237003,nan,nan,0,-0.689022,0.0948205,-0.273115,1.14774,-0.294511,-0.0221897,nan,nan,0,-0.578832,-0.391842,0.248566,2.66178,-0.599416,-0.349458,nan,nan,0,-0.667319,0.756935,-3.7469,-17.265,0.15634,0.173907,nan,nan,0,-0.869592,-0.2262,0.0268875,-4.98987,-0.644796,nan,-14.6912,-9.56611,1,0.612548,0.0189522,1.3336,2.44815,0.306274,nan,6.61926,3.71471,1,-0.294584,-0.521274,0.402001,1.0989,-0.547292,-0.400037,nan,nan,0,-0.898388,0.115338,-0.794796,-13.1624,-0.499194,-0.436011,nan,nan,0,-0.267071,0.223485,0.0214815,3.34554,0.176465,0.273402,nan,nan,0,0.0940477,0.5625,0.494062,-27.8144,0.537024,0.370619,nan,nan,0,0.116219,-0.235349,0.163023,-4.62651,-0.15189,nan,2.67652,-1.87742,1,0.0969784,0.0249207,0.0704917,-4.45036,0.0484892,nan,0.601317,-2.7925,1,0,0.990282,0.011501,-0.006964,-0.138421,-0.67144,0.343623,0.311557,-0.0849,0.881826,9.99448
1787123399652239279,-0.420723,0.907189,0.699671,0.599436,0.6,-0,0,0.0176426,-0.0069452,-0.276265,-0.732033,0.375506,-0.01052,-0.719368,0.687905,-0.432689,-8.42491,0.0403158,0.18907,nan,nan,0,-0.816826,0.0921364,-0.340627,-0.463982,-0.358413,-0.156046,nan,nan,0,-0.948115,-0.389733,0.217878,0.805862,-0.784057,-0.468832,nan,nan,0,-0.741018,0.724146,-4.13355,-14.8718,0.119491,0.15034,nan,nan,0,-1.00599,-0.230355,-0.46318,-6.97384,-0.712993,nan,-16.1975,-12.5224,1,0.699651,0.0369659,1.85511,2.89921,0.349825,nan,6.60312,4.84419,1,-0.582546,-0.517056,0.481788,1.00122,-0.691273,-0.465598,nan,nan,0,-0.79141,0.107668,-0.997331,-13.895,-0.445705,-0.480272,nan,nan,0,-0.282365,0.223102,-0.0767183,2.41758,0.168818,0.214877,nan,nan,0,0.412252,0.567294,0.530887,-23.37,0.696126,0.454303,nan,nan,0,0.166677,-0.231297,0.260437,-1.94005,-0.126661,nan,3.27159,0.516092,1,0.128883,0.0284751,0.0425011,-3.05846,0.0644415,nan,1.01524,-0.729903,1,0,0.990434,0.008259,-0.004654,-0.137657,-0.732033,0.375506,-0.01052,-0.01751,0.935633,9.63602
1787123399662306541,-0.337945,0.941166,0.699678,0.599447,0.6,-0,0,0.00999763,-0.00327878,-0.277512,-0.818211,0.351434,-0.214287,-0.875685,0.681386,-0.659773,-8.71795,-0.0378423,0.119956,nan,nan,0,-0.888411,0.0877261,-0.463376,-5.68987,-0.394206,-0.277856,nan,nan,0,-1.21578,-0.389349,-0.0767183,-1.68498,-0.917889,-0.622743,nan,nan,0,-0.784386,0.680235,-4.5018,-13.6996,0.0978071,0.135524,nan,nan,0,-1.09991,-0.240608,-1.34942,-9.26851,-0.759954,nan,-16.153,-14.5524,1,0.802475,0.0614813,2.65463,3.73228,0.401237,nan,6.21074,5.66104,1,-0.828939,-0.512261,0.487926,0.757019,-0.81447,-0.569021,nan,nan,0,-0.666505,0.0946288,-1.27351,-15.0183,-0.383253,-0.482836,nan,nan,0,-0.149996,0.219459,-0.4511,1.88034,0.235002,0.179335,nan,nan,0,0.564448,0.573046,0.604536,-14.9695,0.772224,0.567455,nan,nan,0,0.12464,-0.229175,0.165182,0.673554,-0.14768,nan,2.60456,2.31604,1,0.144892,0.0310369,0.357422,-1.47365,0.0724462,nan,0.706149,0.514265,1,0,0.990376,0.004724,-0.002315,-0.138301,-0.818211,0.351434,-0.214287,-0.193952,-0.000519,9.73992
1787123399672486566,-0.252456,0.967608,0.699684,0.599458,0.6,-0,0,0.00115039,0.00093609,-0.280633,-0.914361,0.369793,-0.419302,-1.0417,0.672565,-0.813209,-11.9414,-0.120849,0.0381944,nan,nan,0,-1.0268,0.0810146,-0.629086,-11.5995,-0.463402,-0.359079,nan,nan,0,-1.43909,-0.395678,-0.831621,-7.00854,-1.02954,-0.783645,nan,nan,0,-0.765071,0.630764,-4.13355,-45.8852,0.107464,0.11697,nan,nan,0,-1.07882,-0.250601,-0.372856,-24.4343,-0.749412,nan,-16.8991,-15.5835,1,0.974345,0.0945907,2.99077,6.78911,0.487172,nan,7.2913,5.76508,1,-0.908463,-0.507084,0.481788,-1.0989,-0.854231,-0.694723,nan,nan,0,-0.585786,0.0789051,-1.4515,-21.6117,-0.342893,-0.444715,nan,nan,0,0.0145269,0.212555,-0.647498,2.22222,0.317263,0.18722,nan,nan,0,0.599688,0.579758,0.702735,-6.76434,0.789844,0.683317,nan,nan,0,0.0758241,-0.22898,-0.036608,2.86297,-0.172088,nan,2.04612,3.04334,1,0.168076,0.0377326,0.835952,-0.195548,0.0840381,nan,0.135236,0.819267,1,0,0.990171,0.000635,0.000383,-0.139857,-0.914361,0.369793,-0.419302,-1.38036,-1.60516,8.19278
1787123399682548895,-0.164943,0.986303,0.69969,0.599469,0.6,-0,0,-0.00733388,0.0028871,-0.285772,-0.384775,-0.343793,-0.69631,-0.676555,0.662402,-1.12008,-8.62027,0.0617227,-0.0458263,nan,nan,0,-1.35219,0.0754538,-0.444963,-23.7118,-0.626094,-0.419084,nan,nan,0,-1.6669,-0.399896,-0.113543,-17.0696,-1.14345,-0.925674,nan,nan,0,-0.82914,0.601233,-2.46418,-60.0488,0.0754298,0.106062,nan,nan,0,-1.30614,-0.231707,2.82977,-24.5625,-0.86307,nan,-26.3423,-16.8456,1,1.13937,0.102304,0.598602,7.52624,0.569683,nan,13.1235,6.49304,1,-0.821295,-0.503441,0.328352,-5.9829,-0.810647,-0.797268,nan,nan,0,-0.513008,0.0674005,-0.985056,-26.1538,-0.306504,-0.391878,nan,nan,0,0.157987,0.212939,0.586123,-4.85959,0.388993,0.239661,nan,nan,0,0.577308,0.589537,1.12008,-5.59219,0.778654,0.761113,nan,nan,0,0.0174809,-0.230669,-0.212232,3.45348,-0.20126,nan,1.34767,2.88419,1,0.20325,0.0499477,1.46311,0.110458,0.101625,nan,-0.644348,0.42453,1,0,0.989802,-0.003424,0.001951,-0.142394,-0.384775,-0.343793,-0.69631,4.4704,2.64176,12.865
1787123399692284145,-0.0761041,0.9971,0.699697,0.59948,0.6,-0,0,1.32495e-05,0.00173342,-0.299836,1.01414,1.03568,-1.72767,-1.32691,0.649171,-1.55584,-7.00854,-0.263453,-0.0446609,nan,nan,0,-2.63991,0.0729609,-0.242428,-22.0024,-1.26996,-0.510006,nan,nan,0,-2.38365,-0.397595,0.359039,-20.2442,-1.50182,-1.04942,nan,nan,0,-0.694218,0.585319,-1.60494,-44.0781,0.142891,0.0938325,nan,nan,0,-0.841855,-0.202702,3.87012,-18.5806,-0.630927,nan,-20.7931,-21.0953,1,1.35993,0.107352,-0.103504,7.44283,0.679963,nan,17.3336,9.33715,1,-0.656607,-0.500948,0.26084,-7.25275,-0.728304,-0.835973,nan,nan,0,-0.523341,0.0610728,-0.733422,-19.1697,-0.311671,-0.343008,nan,nan,0,-0.0328129,0.225786,1.73996,-7.20391,0.293594,0.313851,nan,nan,0,1.05661,0.599316,1.00347,12.6252,1.01831,0.791149,nan,nan,0,0.034771,-0.230388,-0.276013,3.17945,-0.192615,nan,1.7361,2.25356,1,0.180614,0.0670805,1.35552,0.749844,0.0903071,nan,-1.33648,-0.284308,1,0,0.988782,0.000136,0.000856,-0.149357,1.01414,1.03568,-1.72767,1.52622,2.97026,33.822
1787123399702179651,0.0133481,0.999911,0.699703,0.59949,0.6,-0,0,0.00158853,0.0156353,-0.313262,-0.455194,1.32739,-0.830743,-2.12398,0.630955,-1.96091,-9.01099,-0.661988,-0.0986019,nan,nan,0,-2.49232,0.0704684,-0.28539,-20.4396,-1.19616,-0.79878,nan,nan,0,-2.05025,-0.397212,-0.322214,-20,-1.33512,-1.24218,nan,nan,0,-0.489892,0.568444,-1.59266,-34.652,0.245054,0.103961,nan,nan,0,-0.221299,-0.169573,3.16358,-17.3402,-0.32065,nan,-10.033,-23.291,1,1.35448,0.109098,0.401884,8.42736,0.67724,nan,16.4415,13.3064,1,-0.93281,-0.49999,0.0153437,-5.29915,-0.866405,-0.80642,nan,nan,0,-0.634401,0.0537863,-0.69046,-10.5739,-0.367201,-0.314903,nan,nan,0,0.254946,0.242852,1.46378,-1.14774,0.437473,0.338295,nan,nan,0,0.888532,0.608904,0.972781,8.91331,0.934266,0.870078,nan,nan,0,0.00871596,-0.233958,-0.146531,1.57455,-0.205642,nan,1.21086,1.80508,1,0.0897169,0.0745901,1.09776,0.0182164,0.0448584,nan,-2.53858,-0.856864,1,0,0.987726,0.002004,0.007598,-0.155993,-0.455194,1.32739,-0.830743,-5.95006,-9.90128,15.6225
1787123399712371922,0.102697,0.994713,0.699709,0.599501,0.6,-0,0,-0.00730886,0.0277783,-0.315198,-1.14019,0.411414,0.594509,-1.50837,0.609862,-2.15117,-13.602,-0.354183,-0.322073,nan,nan,0,-1.5959,0.0662498,-0.469513,-31.917,-0.747949,-1.0766,nan,nan,0,-0.734408,-0.412359,-2.04069,-20.3907,-0.677204,-1.36149,nan,nan,0,-0.429724,0.551954,-1.71541,-26.7888,0.275138,0.158957,nan,nan,0,-0.180647,-0.14879,1.62264,-17.5204,-0.300323,nan,-7.73762,-18.9568,1,1.07208,0.118566,1.24807,11.9866,0.536042,nan,10.6522,15.6806,1,-1.39063,-0.50114,-0.168779,-5.0061,-1.09531,-0.806136,nan,nan,0,-0.485793,0.0457325,-0.862308,-7.15507,-0.292896,-0.324363,nan,nan,0,0.536774,0.251289,0.678185,0.170937,0.578387,0.369325,nan,nan,0,0.487023,0.620792,1.16918,11.9902,0.733511,0.934646,nan,nan,0,-0.0422393,-0.233675,-0.00229476,1.54415,-0.23112,nan,0.0928632,1.46537,1,0.0320639,0.0850295,0.884568,-0.575202,0.016032,nan,-3.39678,-1.59694,1,0,0.987513,-0.001429,0.01429,-0.156881,-1.14019,0.411414,0.594509,-7.3905,-11.2142,6.72534
1787123399722270406,0.191227,0.981546,0.699714,0.599511,0.6,-0,0,-0.0187175,0.0307413,-0.305138,-0.851003,0.0116899,1.19232,-0.669928,0.588195,-2.13889,-24.6886,0.0650362,-0.443126,nan,nan,0,-1.59899,0.0604973,-0.567711,-45.5922,-0.749495,-1.0574,nan,nan,0,-0.0406255,-0.434603,-2.01001,-25.2747,-0.330313,-1.16263,nan,nan,0,-0.393494,0.536038,-1.75223,-22.2466,0.293253,0.224675,nan,nan,0,-0.328442,-0.142436,0.165337,-15.0664,-0.374221,nan,-8.3605,-12.3385,1,0.968803,0.130175,0.855624,16.7511,0.484402,nan,9.34335,14.5418,1,-1.3923,-0.503633,-0.248566,-8.57143,-1.09615,-0.910306,nan,nan,0,-0.369464,0.0357614,-1.03416,-7.49695,-0.234732,-0.323498,nan,nan,0,0.403196,0.254549,0.230153,3.44322,0.511598,0.456215,nan,nan,0,0.554955,0.63479,1.48833,10.3785,0.767478,0.884929,nan,nan,0,0.0132603,-0.233345,0.101206,1.31571,-0.20337,nan,0.897331,0.845306,1,0.0249525,0.0911345,0.642365,-1.14384,0.0124762,nan,-3.32329,-2.51115,1,0,0.988245,-0.006913,0.016613,-0.151811,-0.851003,0.0116899,1.19232,-0.083415,-3.0765,8.36812
1787123399732503167,0.278229,0.960515,0.69972,0.59952,0.6,-0,0,-0.0239032,0.0311223,-0.293179,-0.33304,-0.0693616,1.19896,-0.202151,0.565376,-2.03456,-26.6911,0.298925,-0.291729,nan,nan,0,-1.98248,0.056087,-0.279252,-49.5482,-0.941238,-0.900921,nan,nan,0,0.153605,-0.443615,-0.00920582,-24.3956,-0.233198,-0.761495,nan,nan,0,-0.396195,0.516863,-1.73382,-13.7485,0.291902,0.271473,nan,nan,0,-0.421012,-0.142351,-0.0680018,-12.5679,-0.420506,nan,-9.63344,-8.35856,1,1.00509,0.132291,0.103024,15.0884,0.502545,nan,10.9531,12.0062,1,-1.46509,-0.505742,-0.168779,-13.8462,-1.13255,-1.02735,nan,nan,0,-0.122697,0.0229144,-1.24283,-7.25275,-0.111349,-0.288967,nan,nan,0,0.284107,0.260877,0.825483,3.00366,0.452053,0.515802,nan,nan,0,0.782101,0.651856,1.7952,3.24786,0.88105,0.8094,nan,nan,0,0.00428838,-0.231126,0.180775,0.889971,-0.207856,nan,0.543307,0.530555,1,0.06755,0.0956426,0.185053,-1.92552,0.033775,nan,-2.13361,-3.10573,1,0,0.989111,-0.009549,0.017138,-0.145853,-0.33304,-0.0693616,1.19896,-3.4447,4.8104,10.6783
1787123399742651376,0.363006,0.931787,0.699726,0.59953,0.6,-0,0,-0.0264094,0.0308562,-0.282098,-0.375628,0.0566445,0.951353,-0.232303,0.547927,-1.89339,-23.4188,0.283848,-0.00269458,nan,nan,0,-2.18597,0.055512,0.0153437,-38.9499,-1.04298,-0.850713,nan,nan,0,0.150097,-0.433644,1.48219,-16.7766,-0.234951,-0.419413,nan,nan,0,-0.333679,0.499223,-1.75837,-7.10622,0.32316,0.293249,nan,nan,0,-0.0644415,-0.142383,0.114987,-8.85991,-0.242221,nan,-3.6668,-7.77053,1,0.924666,0.132483,-0.144031,12.0021,0.462333,nan,10.1115,10.7586,1,-1.61971,-0.507084,-0.156505,-14.2369,-1.20985,-1.10182,nan,nan,0,0.0473835,0.0104504,-1.41468,-6.52015,-0.0263082,-0.213443,nan,nan,0,0.0572861,0.27219,1.34716,3.24786,0.338643,0.508591,nan,nan,0,1.0093,0.671607,2.01614,-1.8315,0.994652,0.807542,nan,nan,0,-0.00428818,-0.229177,0.218777,0.219662,-0.212144,nan,0.267991,0.484977,1,0.0401616,0.0946364,-0.335653,-2.27964,0.0200808,nan,-1.73319,-2.84828,1,0,0.989893,-0.010903,0.017129,-0.140351,-0.375628,0.0566445,0.951353,3.49474,2.28195,13.6861
1787123399752294917,0.444877,0.895592,0.699731,0.599539,0.6,-0,0,-0.0310479,0.0314974,-0.274847,-0.5975,0.307179,0.452923,-0.524912,0.53067,-1.6479,-13.2601,0.137544,0.211302,nan,nan,0,-1.9775,0.0553203,-0.0705805,-31.8681,-0.93875,-0.916043,nan,nan,0,0.0199187,-0.411401,2.39666,-7.59463,-0.300041,-0.244948,nan,nan,0,-0.284921,0.48139,-1.77065,-6.08059,0.347539,0.308112,nan,nan,0,0.260594,-0.142427,0.182113,-7.6555,-0.079703,nan,1.92218,-6.64359,1,0.794413,0.135177,0.0977009,9.99057,0.397207,nan,7.71434,10.294,1,-1.67724,-0.509385,-0.266977,-14.2369,-1.23862,-1.16034,nan,nan,0,0.0131174,-0.00450611,-1.50674,-2.71062,-0.0434413,-0.117031,nan,nan,0,-0.0600679,0.286571,1.5006,1.63614,0.279966,0.441887,nan,nan,0,1.00445,0.691932,2.02228,-1.19658,0.992226,0.880336,nan,nan,0,-0.00631071,-0.227411,0.255445,0.0956428,-0.213155,nan,0.115777,0.396219,1,0.0339963,0.0863503,-0.947648,-2.06654,0.0169982,nan,-0.659092,-2.05939,1,0,0.990363,-0.013218,0.017724,-0.136716,-0.5975,0.307179,0.452923,4.45885,-3.91042,10.7818
1787123399762358260,0.523186,0.852218,0.699737,0.599549,0.6,-0,0,-0.0366728,0.0338804,-0.274304,-0.59291,0.341203,-0.285503,-0.795288,0.515329,-1.46991,-7.00854,0.00235599,0.25128,nan,nan,0,-1.65256,0.0520606,-0.4511,-27.8144,-0.776279,-0.960312,nan,nan,0,-0.444109,-0.387815,2.29233,-2.36874,-0.532055,-0.219267,nan,nan,0,-0.29886,0.465858,-1.72155,-4.17583,0.34057,0.327075,nan,nan,0,0.156729,-0.140281,0.170737,-6.50025,-0.131636,nan,0.0464895,-3.09861,1,0.922076,0.140631,0.734333,9.19922,0.461038,nan,8.51072,9.15425,1,-1.54868,-0.513796,-0.524749,-12.4298,-1.17434,-1.20824,nan,nan,0,-0.105372,-0.0194631,-1.49446,-0.903542,-0.102686,-0.0544925,nan,nan,0,-0.118255,0.301528,1.48833,-0.170937,0.250872,0.355525,nan,nan,0,0.782338,0.711682,1.95477,1.78266,0.881169,0.953437,nan,nan,0,-0.0456173,-0.223832,0.30301,0.167368,-0.232809,nan,-0.768694,0.228615,1,0.0812563,0.0762786,-1.34786,-1.54491,0.0406282,nan,0.952276,-1.09498,1,0,0.990343,-0.015845,0.019284,-0.136372,-0.59291,0.341203,-0.285503,2.43964,3.81817,8.70459
1787123399772249931,0.597306,0.802013,0.699742,0.599558,0.6,-0,0,-0.0422649,0.0355509,-0.279036,-0.597052,0.232532,-0.588373,-0.923369,0.501332,-1.35944,-5.29915,-0.0616843,0.160728,nan,nan,0,-1.5044,0.0447736,-0.948232,-28.4005,-0.702198,-0.907403,nan,nan,0,-0.755414,-0.369983,1.83202,-1.19658,-0.687707,-0.328748,nan,nan,0,-0.333563,0.449559,-1.53129,-2.95483,0.323218,0.339484,nan,nan,0,0.0724202,-0.135958,0.277103,-3.67776,-0.17379,nan,-1.73976,-0.405236,1,1.02772,0.148249,1.12905,8.74555,0.51386,nan,9.27475,8.21982,1,-1.33862,-0.521274,-0.819346,-12.2833,-1.06931,-1.21373,nan,nan,0,-0.219348,-0.0342274,-1.42081,1.39194,-0.159674,-0.0532256,nan,nan,0,-0.0988895,0.313033,1.13235,-1.73382,0.260555,0.287761,nan,nan,0,0.600313,0.729323,1.96704,7.35043,0.790157,0.954028,nan,nan,0,-0.0827847,-0.222206,0.336521,0.0434161,-0.251392,nan,-1.52632,-0.188174,1,0.120389,0.0587612,-1.6089,-0.951246,0.0601946,nan,2.45635,0.136388,1,0,0.989957,-0.018451,0.020536,-0.138641,-0.597052,0.232532,-0.588373,2.8138,3.65279,4.93384
1787123399782435728,0.666641,0.745379,0.699747,0.599566,0.6,-0,0,-0.0472528,0.0357509,-0.28616,-0.420648,0.21722,-0.814994,-0.981666,0.488485,-1.3042,-8.08303,-0.0908331,0.0396025,nan,nan,0,-1.39686,0.0305843,-1.44536,-27.3748,-0.648431,-0.805566,nan,nan,0,-0.858596,-0.353492,1.44536,-5.73871,-0.739298,-0.506525,nan,nan,0,-0.379511,0.434794,-1.28579,-3.05251,0.300244,0.337341,nan,nan,0,0.0267922,-0.131667,0.401941,-0.553765,-0.196604,nan,-2.87571,-0.172998,1,1.02853,0.156413,1.03656,8.47185,0.514265,nan,9.18074,8.25537,1,-1.19321,-0.531053,-1.08325,-12.5275,-0.996604,-1.16128,nan,nan,0,-0.254041,-0.0474586,-1.31648,1.44078,-0.177021,-0.0959167,nan,nan,0,-0.103315,0.320511,0.481788,-2.46642,0.258343,0.256203,nan,nan,0,0.554774,0.750799,1.99159,4.81075,0.767387,0.888538,nan,nan,0,-0.0870188,-0.218576,0.335934,-0.156559,-0.253509,nan,-1.72657,-0.840308,1,0.13468,0.0441912,-1.64297,-0.261617,0.06734,nan,3.15892,1.53248,1,0,0.989407,-0.020831,0.021055,-0.142112,-0.420648,0.21722,-0.814994,3.76202,3.76746,6.87586
1787123399792381659,0.730636,0.682767,0.699752,0.599575,0.6,-0,0,-0.0502049,0.0367797,-0.294763,-0.199785,0.146955,-0.841094,-0.949901,0.475254,-1.32261,-8.71795,-0.0749505,-0.0493269,nan,nan,0,-1.62064,0.0150523,-1.5497,-29.768,-0.760318,-0.712517,nan,nan,0,-0.895367,-0.341987,1.04029,-9.84127,-0.757683,-0.656065,nan,nan,0,-0.351537,0.423481,-1.06484,-4.22466,0.314231,0.322405,nan,nan,0,0.00687529,-0.129538,0.305775,0.635433,-0.206562,nan,-3.15452,-1.28521,1,1.12266,0.166609,0.553445,9.32426,0.56133,nan,11.0115,8.71787,1,-1.07347,-0.543708,-1.32261,-11.5018,-0.936735,-1.07931,nan,nan,0,-0.198084,-0.0599222,-1.21828,1.00122,-0.149042,-0.14336,nan,nan,0,-0.00767354,0.321853,0.0276184,-1.88034,0.306163,0.250061,nan,nan,0,0.562876,0.77055,1.93022,-2.27106,0.771438,0.816633,nan,nan,0,-0.0786014,-0.216827,0.3086,-0.589941,-0.249301,nan,-1.59949,-1.41139,1,0.118097,0.0270893,-1.45666,0.809876,0.0590485,nan,3.14377,2.67278,1,0,0.988747,-0.022124,0.021869,-0.146321,-0.199785,0.146955,-0.841094,-1.12694,4.59263,6.05052
1787123399802313276,0.788776,0.614681,0.699757,0.599584,0.6,-0,0,-0.0524693,0.0365044,-0.30212,-0.284787,-0.0985445,-0.565195,-0.675303,0.460489,-1.3533,-11.5995,0.0623483,-0.0859739,nan,nan,0,-1.67789,-9.58443e-05,-1.23669,-33.0891,-0.788947,-0.694707,nan,nan,0,-0.712166,-0.333358,0.672048,-14.188,-0.666083,-0.73932,nan,nan,0,-0.320386,0.41351,-0.825483,-5.68987,0.329807,0.312418,nan,nan,0,-0.0177685,-0.129552,-0.183589,0.246519,-0.218884,nan,-2.85125,-2.35526,1,1.15776,0.165269,-0.419741,9.90631,0.578879,nan,13.0379,9.81861,1,-1.0065,-0.559432,-1.46991,-9.40171,-0.903248,-0.998975,nan,nan,0,-0.147962,-0.0727692,-1.13235,-0.415138,-0.123981,-0.162362,nan,nan,0,0.0869344,0.320127,-0.187191,-1.44078,0.353467,0.268325,nan,nan,0,0.582122,0.788574,1.72768,-5.0061,0.781061,0.776162,nan,nan,0,-0.0542083,-0.214985,0.190955,-1.37365,-0.237104,nan,-1.06061,-1.66457,1,0.100534,0.0131401,-0.852259,1.95392,0.0502668,nan,2.39219,3.18039,1,0,0.988179,-0.023183,0.021984,-0.149936,-0.284787,-0.0985445,-0.565195,0.067913,0.113056,6.72274
1787123399812377696,0.840595,0.541664,0.699762,0.599592,0.6,-0,0,-0.0567447,0.0353774,-0.305926,-0.525049,-0.0990385,-0.238016,-0.41056,0.447641,-1.37171,-12.1367,0.19472,-0.0444677,nan,nan,0,-1.40559,-0.00814915,-0.721148,-35.58,-0.652795,-0.731759,nan,nan,0,-0.353588,-0.328756,0.395864,-15.2625,-0.486794,-0.738426,nan,nan,0,-0.275025,0.407566,-0.672048,-6.95971,0.352488,0.316003,nan,nan,0,0.0406336,-0.133789,-0.537418,-0.648104,-0.189683,nan,-1.15016,-2.75797,1,1.0962,0.156936,-1.0859,10.9543,0.548099,nan,13.3637,11.6104,1,-1.04253,-0.573238,-1.49446,-9.98779,-0.921267,-0.937842,nan,nan,0,-0.13336,-0.0827403,-1.07098,-1.3431,-0.11668,-0.15224,nan,nan,0,0.0666952,0.318018,-0.242428,-0.561661,0.343348,0.306818,nan,nan,0,0.577178,0.802764,1.48219,-9.49939,0.778589,0.767104,nan,nan,0,-0.0138132,-0.213023,0.0802186,-1.02036,-0.216907,nan,-0.256258,-1.50859,1,0.0830165,0.0115708,-0.286116,2.02584,0.0415083,nan,1.3273,2.92362,1,0,0.987848,-0.025339,0.021796,-0.151786,-0.525049,-0.0990385,-0.238016,-0.947268,-1.79015,8.45298
1787123399822228732,0.885677,0.464302,0.699767,0.5996,0.6,-0,0,-0.0633704,0.0347684,-0.306832,-0.722262,-0.0383262,0.000875318,-0.357416,0.434603,-1.32261,-11.0623,0.221292,0.0614985,nan,nan,0,-0.901153,-0.0116005,-0.21174,-36.5079,-0.400577,-0.724117,nan,nan,0,-0.0191685,-0.326072,0.224015,-14.4322,-0.319584,-0.643768,nan,nan,0,-0.248482,0.402005,-0.512475,-6.47131,0.365759,0.331101,nan,nan,0,0.182923,-0.14223,-0.767225,-2.51396,-0.118538,nan,1.98004,-2.19349,1,0.953953,0.144601,-1.1704,11.0756,0.476976,nan,11.7268,13.1058,1,-1.08208,-0.58762,-1.43923,-7.15507,-0.941042,-0.911794,nan,nan,0,-0.20688,-0.0929031,-0.985056,-0.366302,-0.15344,-0.133536,nan,nan,0,-0.0179602,0.314183,-0.383589,0.805862,0.30102,0.335824,nan,nan,0,0.534645,0.816953,1.21214,-11.6972,0.757323,0.770935,nan,nan,0,0.0395655,-0.215003,-0.0764127,-0.902547,-0.190217,nan,0.982125,-0.944025,1,0.0611134,0.0103901,0.355355,2.19227,0.0305567,nan,0.0719644,2.03888,1,0,0.987693,-0.028648,0.022011,-0.152171,-0.722262,-0.0383262,0.000875318,-0.912737,-2.83067,10.5645
1787123399832317861,0.92366,0.383214,0.699771,0.599608,0.6,-0,0,-0.0702846,0.0357942,-0.307936,-0.617921,0.0215411,-0.207882,-0.456323,0.421947,-1.21828,-9.25519,0.171838,0.161585,nan,nan,0,-0.645609,-0.0117927,0.0337563,-29.0842,-0.272805,-0.604681,nan,nan,0,-0.0618173,-0.324921,0.131955,-10.9646,-0.340909,-0.48888,nan,nan,0,-0.243778,0.397595,-0.33449,-6.2271,0.368111,0.349657,nan,nan,0,0.250871,-0.148482,-0.761245,-2.69435,-0.0845644,nan,3.37898,-0.423694,1,0.924684,0.139386,-0.45364,11.4408,0.462342,nan,10.3691,13.0616,1,-1.09203,-0.601233,-1.28579,-8.62027,-0.946015,-0.916576,nan,nan,0,-0.237123,-0.102299,-0.917544,0.0732574,-0.168561,-0.13266,nan,nan,0,-0.110512,0.311115,-0.26084,1.53846,0.254744,0.332717,nan,nan,0,0.489693,0.827883,1.02802,-10.0366,0.734847,0.768674,nan,nan,0,0.032764,-0.214926,-0.139284,-0.628733,-0.193618,nan,0.95472,-0.0248714,1,0.0630277,0.0180508,0.735948,1.5487,0.0315139,nan,-0.700031,0.812031,1,0,0.987498,-0.031971,0.023061,-0.15262,-0.617921,0.0215411,-0.207882,-1.97191,-1.78727,10.7994
1787123399842314811,0.954237,0.299051,0.699776,0.599616,0.6,-0,0,-0.0770944,0.0366813,-0.309841,-0.606974,0.19433,-0.250721,-0.712292,0.409675,-1.04643,-6.61783,0.0438538,0.19903,nan,nan,0,-0.649341,-0.0110254,0.0705805,-21.1722,-0.27467,-0.433284,nan,nan,0,-0.100713,-0.319169,0.776384,-8.13187,-0.360357,-0.374593,nan,nan,0,-0.216075,0.394719,-0.23629,-3.98046,0.381962,0.36292,nan,nan,0,0.427471,-0.156612,-0.604765,0.440655,0.0037356,nan,6.51931,1.68585,1,0.88255,0.147206,1.05124,10.6798,0.441275,nan,7.2452,11.582,1,-1.11725,-0.614465,-1.18145,-5.68987,-0.958624,-0.931465,nan,nan,0,-0.326456,-0.111695,-0.825483,0.170937,-0.213228,-0.147729,nan,nan,0,-0.151152,0.310732,-0.00306892,0.708183,0.234424,0.301209,nan,nan,0,0.441883,0.837471,0.782521,-9.15751,0.710941,0.75515,nan,nan,0,0.019739,-0.216756,-0.18471,-0.0402865,-0.200131,nan,0.858941,0.706134,1,0.0830271,0.0290538,0.968989,0.809687,0.0415135,nan,-1.07969,-0.317284,1,0,0.987232,-0.035242,0.024052,-0.153463,-0.606974,0.19433,-0.250721,-2.26218,-2.94158,10.2201
1787123399852280204,0.977164,0.212487,0.69978,0.599624,0.6,-0,0,-0.0822253,0.0389503,-0.313344,-0.396648,0.132336,-0.295877,-0.718194,0.40143,-0.892995,-6.17827,0.0409031,0.153069,nan,nan,0,-0.818536,-0.0106421,0.046031,-14.9206,-0.359268,-0.313151,nan,nan,0,-0.141184,-0.308431,1.34716,-7.05739,-0.380592,-0.336522,nan,nan,0,-0.232691,0.393568,-0.131955,-4.07815,0.373655,0.373199,nan,nan,0,0.38698,-0.160419,-0.534264,1.17443,-0.0165099,nan,5.83821,4.0572,1,0.891675,0.160999,1.68397,11.0085,0.445837,nan,6.01919,9.20395,1,-1.10678,-0.624819,-1.16304,-6.03175,-0.953392,-0.946362,nan,nan,0,-0.379163,-0.118598,-0.727284,-0.952377,-0.239581,-0.176276,nan,nan,0,-0.121356,0.310156,-0.107405,0.268623,0.249322,0.264025,nan,nan,0,0.383403,0.842839,0.537024,-8.57143,0.681702,0.733989,nan,nan,0,0.00495427,-0.216628,-0.184327,0.432578,-0.207523,nan,0.595174,0.992913,1,0.116075,0.0404475,0.90623,-0.0955099,0.0580377,nan,-0.831641,-1.02462,1,0,0.986855,-0.037554,0.025631,-0.15508,-0.396648,0.132336,-0.295877,-2.20189,-1.35958,7.74799
1787123399862226078,0.992255,0.124216,0.699785,0.599631,0.6,-0,0,-0.0856465,0.0390271,-0.315273,-0.217245,-0.130259,-0.134771,-0.372067,0.392993,-0.800934,-5.83639,0.213966,0.0874124,nan,nan,0,-0.953275,-0.0104504,0.0276184,-11.6972,-0.426638,-0.292599,nan,nan,0,-0.0616012,-0.294049,1.42695,-6.32478,-0.340801,-0.345513,nan,nan,0,-0.295768,0.393185,0.0153437,-4.51771,0.342116,0.37725,nan,nan,0,0.207342,-0.166211,-0.467673,3.54947,-0.106329,nan,2.79738,5.63086,1,0.883066,0.180974,1.82341,9.26391,0.441533,nan,5.08167,7.01631,1,-1.01414,-0.636707,-1.19373,-4.95727,-0.90707,-0.95423,nan,nan,0,-0.379128,-0.125309,-0.610673,-2.95483,-0.239564,-0.210041,nan,nan,0,-0.0791066,0.308815,-0.150367,-0.610504,0.270447,0.245259,nan,nan,0,0.401344,0.846099,0.291528,-8.57143,0.690672,0.707968,nan,nan,0,0.0413356,-0.21844,-0.125113,0.905962,-0.189332,nan,1.20644,0.926507,1,0.122979,0.0473351,0.745941,-0.524349,0.0614893,nan,-0.694288,-1.15559,1,0,0.986638,-0.039211,0.025972,-0.155986,-0.217245,-0.130259,-0.134771,-0.995658,-0.501073,6.84669
1787123399872227855,0.999389,0.0349458,0.699789,0.599638,0.6,-0,0,-0.0869532,0.037831,-0.315422,-0.0278917,-0.12454,0.0871944,-0.188262,0.385131,-0.782521,-6.56898,0.305869,0.105001,nan,nan,0,-1.21315,-0.0100665,0.0398932,-12.1856,-0.556573,-0.342731,nan,nan,0,0.199992,-0.282544,1.21214,-7.00854,-0.210004,-0.351765,nan,nan,0,-0.31512,0.39376,0.0889931,-3.19902,0.33244,0.366176,nan,nan,0,0.21015,-0.167778,-0.373712,5.2215,-0.104925,nan,2.76043,5.1043,1,0.835874,0.194308,1.30678,8.06644,0.417937,nan,4.7487,5.63646,1,-0.987969,-0.64898,-1.21828,-4.66422,-0.893984,-0.940628,nan,nan,0,-0.35753,-0.130678,-0.512475,-3.15018,-0.228765,-0.232811,nan,nan,0,-0.0348499,0.307281,-0.205604,-1.00122,0.292575,0.249622,nan,nan,0,0.562935,0.846866,-0.0153437,-8.71795,0.771468,0.691775,nan,nan,0,0.111232,-0.220312,-0.0719745,0.867553,-0.154384,nan,2.41542,0.943331,1,0.085978,0.0504914,0.406064,-0.6909,0.042989,nan,-0.834168,-0.947702,1,0,0.986608,-0.039948,0.025487,-0.15607,-0.0278917,-0.12454,0.0871944,-0.975117,-2.28389,6.42994
1787123399882670448,0.998508,-0.0546076,0.699793,0.599646,0.6,-0,0,-0.0865208,0.0377573,-0.314121,0.0739713,0.0706495,0.160239,-0.308257,0.376886,-0.757972,-5.88522,0.245872,0.192836,nan,nan,0,-1.55668,-0.00910807,0.107406,-15.4579,-0.72834,-0.439034,nan,nan,0,0.226394,-0.270848,0.837758,-5.29915,-0.196803,-0.305283,nan,nan,0,-0.264429,0.39491,0.101268,-3.63858,0.357785,0.348514,nan,nan,0,0.357651,-0.16955,-0.304366,4.74382,-0.0311743,nan,5.2997,3.80138,1,0.8488,0.198532,0.282698,6.4917,0.4244,nan,6.35199,5.08772,1,-1.04149,-0.662402,-1.22441,-4.95727,-0.920746,-0.916556,nan,nan,0,-0.222473,-0.135855,-0.438826,-3.63858,-0.161237,-0.238016,nan,nan,0,0.00354225,0.304979,-0.131955,-1.3431,0.311771,0.268209,nan,nan,0,0.71057,0.844373,-0.303802,-9.10867,0.845285,0.713752,nan,nan,0,0.122011,-0.220284,0.00570669,0.82768,-0.148995,nan,2.48656,1.45725,1,0.0216349,0.0526534,-0.00628127,-0.429145,0.0108174,nan,-1.24566,-0.728731,1,0,0.986719,-0.039757,0.025391,-0.155435,0.0739713,0.0706495,0.160239,-0.411381,0.568736,6.80236
1787123399892457251,0.989618,-0.143726,0.699797,0.599653,0.6,-0,0,-0.0859523,0.0385754,-0.311971,0.038017,-0.0257594,0.265021,-0.289291,0.369408,-0.702735,-3.73627,0.255355,0.250512,nan,nan,0,-1.62019,-0.00814915,0.0828552,-17.9487,-0.760094,-0.576462,nan,nan,0,0.229256,-0.264328,0.76411,-4.0293,-0.195372,-0.242637,nan,nan,0,-0.268905,0.395678,0.0705805,-4.46886,0.355547,0.344523,nan,nan,0,0.3799,-0.173798,-0.312496,4.35476,-0.02005,nan,5.84992,3.80679,1,0.833138,0.197078,-0.561218,6.067,0.416569,nan,7.42656,5.57772,1,-1.11502,-0.674675,-1.22441,-5.0061,-0.95751,-0.908348,nan,nan,0,-0.125494,-0.139882,-0.383589,-2.8083,-0.112747,-0.21263,nan,nan,0,0.0222295,0.304404,0.0337563,-1.24542,0.321115,0.291029,nan,nan,0,0.693039,0.839963,-0.512474,-5.78754,0.836519,0.771591,nan,nan,0,0.100523,-0.220306,0.0683588,1.10299,-0.159738,nan,2.01734,2.06032,1,-0.0179869,0.0502949,-0.217105,-0.500783,-0.00899346,nan,-1.45299,-0.765712,1,0,0.986891,-0.03944,0.025708,-0.154363,0.038017,-0.0257594,0.265021,-0.815082,-1.25287,6.40746
1787123399902284929,0.972789,-0.231694,0.699802,0.59966,0.6,-0,0,-0.085595,0.0385079,-0.309624,0.0104809,0.00317425,0.188216,-0.31588,0.362888,-0.629086,-2.3199,0.24206,0.265315,nan,nan,0,-1.47944,-0.00795746,0.00306892,-22.2955,-0.689722,-0.695054,nan,nan,0,0.244958,-0.256083,0.770247,-2.36874,-0.187521,-0.204279,nan,nan,0,-0.297175,0.396253,0.0337563,-4.7619,0.341412,0.349337,nan,nan,0,0.34929,-0.176005,-0.507845,5.17322,-0.0353549,nan,5.68452,4.7654,1,0.774395,0.185549,-1.07329,6.42645,0.387197,nan,7.65938,6.65879,1,-1.13351,-0.686563,-1.18759,-3.63858,-0.966756,-0.924455,nan,nan,0,-0.147569,-0.143334,-0.346765,-2.12454,-0.123785,-0.165329,nan,nan,0,-0.0610448,0.304979,0.0214815,-0.512817,0.279478,0.309766,nan,nan,0,0.623266,0.833635,-0.592261,-1.29426,0.801633,0.819114,nan,nan,0,0.103177,-0.218365,0.186389,1.8112,-0.158411,nan,1.8188,2.22819,1,-0.0145671,0.0481208,-0.361624,-0.64408,-0.00728356,nan,-1.11969,-1.0121,1,0,0.987079,-0.039299,0.025601,-0.153211,0.0104809,0.00317425,0.188216,0.161936,-0.078617,7.09096
1787123399912367900,0.948156,-0.317807,0.699805,0.599667,0.6,-0,0,-0.0855748,0.0384739,-0.308113,-0.0221888,-0.00505222,0.10217,-0.288162,0.357519,-0.579986,-2.12454,0.255919,0.259707,nan,nan,0,-1.41544,-0.00834084,-0.0767183,-25.8608,-0.65772,-0.733053,nan,nan,0,0.216139,-0.24918,0.911407,-2.22222,-0.20193,-0.188025,nan,nan,0,-0.284601,0.396444,0.0276184,-5.10378,0.347699,0.348989,nan,nan,0,0.310818,-0.184678,-0.724659,5.33021,-0.0545908,nan,5.64005,5.58853,1,0.79789,0.177699,-1.43215,6.76114,0.398945,nan,8.78559,7.59388,1,-1.0185,-0.6973,-1.17532,-3.05251,-0.90925,-0.947567,nan,nan,0,-0.155583,-0.146402,-0.309939,-0.463982,-0.127792,-0.13146,nan,nan,0,-0.0916604,0.304979,-0.00920582,0.21978,0.26417,0.306345,nan,nan,0,0.509734,0.829033,-0.567711,0.0732574,0.744867,0.827789,nan,nan,0,0.123493,-0.216397,0.306475,1.88919,-0.148254,nan,1.92532,2.04133,1,-0.00874833,0.0433939,-0.503031,-0.691494,-0.00437417,nan,-0.678496,-1.11588,1,0,0.987195,-0.039311,0.025553,-0.152466,-0.0221888,-0.00505222,0.10217,-0.276878,0.142991,7.17102
1787123399922252995,0.915915,-0.401372,0.699809,0.599673,0.6,-0,0,-0.085395,0.0385599,-0.307924,0.0466689,0.0233719,-0.0672401,-0.40518,0.35215,-0.543161,-1.5873,0.19741,0.254005,nan,nan,0,-1.30777,-0.00968313,-0.107405,-30.2564,-0.603883,-0.710374,nan,nan,0,0.181196,-0.238059,1.03416,-2.36874,-0.219402,-0.188549,nan,nan,0,-0.303221,0.39702,0.0889931,-6.81319,0.338389,0.347189,nan,nan,0,0.312469,-0.191106,-0.803943,5.36268,-0.0537654,nan,6.01282,5.93926,1,0.763578,0.162835,-1.09559,6.74409,0.381789,nan,8.21201,8.34433,1,-0.917179,-0.708806,-1.16304,-5.64103,-0.858589,-0.943835,nan,nan,0,-0.183199,-0.149086,-0.26084,-0.268623,-0.141599,-0.120763,nan,nan,0,-0.142871,0.304979,0.0153437,-0.0244217,0.238565,0.287209,nan,nan,0,0.421725,0.823281,-0.512474,2.61295,0.700862,0.798415,nan,nan,0,0.140984,-0.212447,0.420942,1.41651,-0.139508,nan,1.92145,1.85362,1,-0.0116839,0.0378746,-0.697908,-0.881891,-0.00584194,nan,-0.264635,-0.918381,1,0,0.987213,-0.039218,0.025578,-0.152373,0.0466689,0.0233719,-0.0672401,-0.78208,1.00736,7.66282
1787123399932194988,0.876325,-0.48172,0.699813,0.59968,0.6,-0,0,-0.0843758,0.038455,-0.309495,0.161512,-0.0223978,-0.253957,-0.442428,0.346781,-0.524749,-1.63614,0.178786,0.234479,nan,nan,0,-1.29419,-0.0100665,0.0214815,-29.0842,-0.597097,-0.661327,nan,nan,0,0.02767,-0.22617,1.24897,-3.93163,-0.296165,-0.201146,nan,nan,0,-0.357529,0.398554,0.193329,-9.25519,0.311236,0.34391,nan,nan,0,0.236517,-0.199575,-0.689172,5.28818,-0.0917415,nan,4.80791,6.05095,1,0.767531,0.158978,-0.389292,7.07989,0.383765,nan,7.32757,8.48481,1,-0.793037,-0.720502,-1.13849,-3.39439,-0.796518,-0.909225,nan,nan,0,-0.157506,-0.151387,-0.199466,-0.21978,-0.128753,-0.126092,nan,nan,0,-0.200671,0.304979,-0.00920582,-0.415138,0.209665,0.262779,nan,nan,0,0.364127,0.819062,-0.469513,1.63614,0.672064,0.750446,nan,nan,0,0.12487,-0.208483,0.514734,1.57279,-0.147565,nan,1.36002,1.77088,1,-0.0215685,0.0284396,-0.889442,-0.738881,-0.0107842,nan,0.15745,-0.505368,1,0,0.987113,-0.038703,0.025479,-0.153164,0.161512,-0.0223978,-0.253957,-0.481207,0.607238,9.3019
1787123399942221584,0.829703,-0.558205,0.699817,0.599686,0.6,-0,0,-0.0824215,0.0380642,-0.313126,0.231165,0.0240357,-0.458168,-0.494908,0.341412,-0.537024,-1.00122,0.152546,0.205307,nan,nan,0,-1.24817,-0.00910807,0.14423,-29.8657,-0.574087,-0.618771,nan,nan,0,-0.161431,-0.213514,1.31034,-5.10378,-0.390716,-0.238423,nan,nan,0,-0.444737,0.401622,0.33449,-11.7949,0.267631,0.331449,nan,nan,0,0.116843,-0.205679,-0.633864,6.17526,-0.151579,nan,2.84432,5.6758,1,0.770853,0.16224,0.569652,7.37452,0.385426,nan,5.84112,7.84547,1,-0.648939,-0.731624,-1.11394,-2.8083,-0.724469,-0.85544,nan,nan,0,-0.120027,-0.152921,-0.138092,0.170937,-0.110014,-0.13082,nan,nan,0,-0.25638,0.304596,-0.0583057,-0.854698,0.18181,0.235411,nan,nan,0,0.325705,0.813885,-0.469513,-0.415138,0.652852,0.704878,nan,nan,0,0.0948006,-0.202507,0.58741,1.61266,-0.1626,nan,0.515651,1.56645,1,-0.0419707,0.0199909,-1.02711,-0.42849,-0.0209854,nan,0.311381,-0.0398936,1,0,0.986873,-0.037723,0.025205,-0.154989,0.231165,0.0240357,-0.458168,-0.347835,0.187655,10.711
1787123399952255840,0.776422,-0.630213,0.699821,0.599692,0.6,-0,0,-0.0801577,0.0373613,-0.317888,0.227925,-0.05709,-0.474312,-0.432663,0.335851,-0.579986,-1.14774,0.183669,0.176649,nan,nan,0,-1.17297,-0.00661516,0.28539,-25.4212,-0.536483,-0.590138,nan,nan,0,-0.15749,-0.201434,1.15077,-5.49451,-0.388745,-0.306762,nan,nan,0,-0.505596,0.405265,0.432689,-10.9157,0.237202,0.304179,nan,nan,0,0.0114591,-0.211522,-0.761993,6.43232,-0.20427,nan,1.3968,4.55475,1,0.7392,0.17159,1.1223,7.47694,0.3696,nan,4.25684,6.63089,1,-0.519158,-0.742554,-1.07712,-1.53846,-0.659579,-0.789667,nan,nan,0,-0.106351,-0.15388,-0.0828552,0.122101,-0.103176,-0.124837,nan,nan,0,-0.2475,0.303254,-0.199466,-1.3431,0.18625,0.206986,nan,nan,0,0.279477,0.808708,-0.567711,-4.17583,0.629739,0.671283,nan,nan,0,0.0907503,-0.196486,0.644651,1.22067,-0.164625,nan,0.14815,1.06998,1,-0.0647475,0.0096042,-1.0765,-0.0461708,-0.0323737,nan,0.355406,0.321105,1,0,0.986548,-0.036602,0.02477,-0.157382,0.227925,-0.05709,-0.474312,-0.219535,-1.42359,11.8525
1787123399962257266,0.716909,-0.697166,0.699824,0.599699,0.6,-0,0,-0.0784251,0.0370193,-0.322419,0.159422,0.0532474,-0.430779,-0.572405,0.329523,-0.647498,-1.00122,0.113798,0.167739,nan,nan,0,-0.924824,-0.00278044,0.432689,-28.547,-0.412412,-0.56272,nan,nan,0,-0.0406761,-0.192613,0.721148,-5.78754,-0.330338,-0.364061,nan,nan,0,-0.571884,0.410442,0.475651,-14.3834,0.204058,0.269521,nan,nan,0,0.0120083,-0.219342,-1.01096,5.10053,-0.203996,nan,2.05356,3.07053,1,0.592927,0.181652,1.00646,6.95746,0.296463,nan,1.93465,5.26329,1,-0.457406,-0.752908,-1.01574,0.757019,-0.628703,-0.720286,nan,nan,0,-0.14564,-0.154455,-0.0337563,0.757019,-0.12282,-0.113884,nan,nan,0,-0.252364,0.299611,-0.432689,-1.14774,0.183818,0.189079,nan,nan,0,0.241375,0.801997,-0.733422,-4.71307,0.610687,0.646442,nan,nan,0,0.106369,-0.190424,0.665341,1.0652,-0.156816,nan,0.178274,0.491134,1,-0.0808637,-0.00134113,-1.05341,0.241476,-0.0404318,nan,0.407397,0.503729,1,0,0.986222,-0.035719,0.024546,-0.159645,0.159422,0.0532474,-0.430779,-0.46134,-1.22483,12.3977
1787123399972323500,0.651642,-0.758527,0.699828,0.599705,0.6,-0,0,-0.0772373,0.0375115,-0.326192,0.116319,0.0341047,-0.305545,-0.713121,0.322428,-0.733422,-1.44078,0.0434394,0.150534,nan,nan,0,-0.709625,0.00239706,0.537024,-26.4957,-0.304813,-0.502472,nan,nan,0,0.144242,-0.189353,0.162642,-6.08059,-0.237879,-0.370972,nan,nan,0,-0.652889,0.41466,0.432689,-15.116,0.163555,0.234252,nan,nan,0,0.0605017,-0.231454,-1.22694,2.898,-0.179749,nan,3.6501,2.2582,1,0.435559,0.189767,0.485954,5.58409,0.21778,nan,0.111461,3.69075,1,-0.442522,-0.762688,-0.917544,1.68498,-0.621261,-0.663367,nan,nan,0,-0.243567,-0.154647,-0.00306892,1.0989,-0.171783,-0.112438,nan,nan,0,-0.213247,0.293283,-0.69046,-0.708183,0.203376,0.182578,nan,nan,0,0.224305,0.793367,-0.90527,-4.56654,0.602153,0.625931,nan,nan,0,0.132788,-0.184328,0.647675,0.593418,-0.143606,nan,0.453743,0.139875,1,-0.0756127,-0.0118672,-1.01745,0.337241,-0.0378064,nan,0.747993,0.569119,1,0,0.985937,-0.035047,0.02476,-0.16151,0.116319,0.0341047,-0.305545,-1.21609,-1.62502,11.1159
1787123399982188484,0.581143,-0.813802,0.699831,0.599711,0.6,-0,0,-0.0767618,0.0378423,-0.328572,0.0158035,0.063525,-0.167594,-0.801873,0.314567,-0.794796,-1.97802,-0.000936306,0.105214,nan,nan,0,-0.572884,0.00795746,0.586123,-21.7582,-0.236442,-0.408179,nan,nan,0,0.373644,-0.189737,-0.046031,-5.93407,-0.123178,-0.322243,nan,nan,0,-0.655941,0.418303,0.279252,-18.3883,0.162029,0.197579,nan,nan,0,0.204642,-0.241528,-1.25557,1.93638,-0.107679,nan,6.56808,2.62322,1,0.312395,0.190261,-0.062013,4.39199,0.156198,nan,-0.928884,1.98823,1,-0.386874,-0.770933,-0.782521,1.68498,-0.593437,-0.629915,nan,nan,0,-0.375288,-0.154455,0.0153437,1.44078,-0.237644,-0.133297,nan,nan,0,-0.146434,0.28542,-0.800934,-0.415138,0.236783,0.18805,nan,nan,0,0.147508,0.783205,-1.06484,-5.39683,0.563754,0.610547,nan,nan,0,0.150234,-0.178207,0.599298,0.120388,-0.134883,nan,0.617373,0.123051,1,-0.0616957,-0.0209987,-0.91267,0.385069,-0.0308479,nan,1.07353,0.672534,1,0,0.985751,-0.034756,0.024926,-0.162682,0.0158035,0.063525,-0.167594,-0.582207,-1.27134,9.94732
1787123399992236212,0.505977,-0.862547,0.699835,0.599716,0.6,-0,0,-0.0769589,0.0384104,-0.329724,-0.0214611,0.0451326,-0.0549731,-0.819039,0.306513,-0.831621,-2.61295,-0.00951934,0.0492291,nan,nan,0,-0.436563,0.0140934,0.610673,-16.63,-0.168282,-0.311796,nan,nan,0,0.495606,-0.189545,0.0521679,-4.56654,-0.0621972,-0.231272,nan,nan,0,-0.70046,0.419646,0.113543,-20.1465,0.13977,0.171309,nan,nan,0,0.265922,-0.254103,-1.06529,1.75368,-0.0770392,nan,7.79515,4.24736,1,0.169059,0.186454,-0.609852,2.46635,0.0845295,nan,-2.14296,0.521895,1,-0.335182,-0.777644,-0.635223,3.15018,-0.567591,-0.608386,nan,nan,0,-0.4581,-0.154455,0.00306892,0.610504,-0.27905,-0.1789,nan,nan,0,-0.132258,0.276984,-0.831621,-0.0244217,0.243871,0.207834,nan,nan,0,0.0850658,0.771508,-1.21214,-3.98046,0.532533,0.590091,nan,nan,0,0.148511,-0.174109,0.53969,0.633848,-0.135745,nan,0.533213,0.320939,1,-0.0393632,-0.0312811,-0.795837,0.266089,-0.0196816,nan,1.54174,0.888864,1,0,0.98565,-0.034792,0.025242,-0.163236,-0.0214611,0.0451326,-0.0549731,0.061887,-1.92832,8.24169
1787123400002275665,0.426749,-0.90437,0.699838,0.599722,0.6,-0,0,-0.0769888,0.0384012,-0.329842,0.0205554,-0.000315817,0.0186356,-0.741989,0.297692,-0.917544,-2.8083,0.0290057,0.00813535,nan,nan,0,-0.367163,0.0202298,0.635223,-13.3577,-0.133581,-0.228878,nan,nan,0,0.556975,-0.187244,0.346765,-3.15018,-0.0315124,-0.135855,nan,nan,0,-0.766482,0.419646,-0.0521679,-22.0024,0.106759,0.153014,nan,nan,0,0.223302,-0.260458,-0.738568,2.64035,-0.0983491,nan,6.78168,6.17723,1,0.0458836,0.177395,-0.985383,1.08663,0.0229418,nan,-3.15552,-0.732304,1,-0.286108,-0.782822,-0.463376,3.58974,-0.543054,-0.587299,nan,nan,0,-0.472212,-0.154647,-0.0153437,-0.170937,-0.286106,-0.232488,nan,nan,0,-0.108974,0.268739,-0.819346,0.854698,0.255513,0.229274,nan,nan,0,0.0673849,0.760195,-1.31034,-5.0061,0.523692,0.561931,nan,nan,0,0.152784,-0.170002,0.483856,0.437906,-0.133608,nan,0.548015,0.472686,1,-0.0359683,-0.0390166,-0.642101,0.579621,-0.0179841,nan,1.59413,1.19809,1,0,0.985639,-0.034806,0.025242,-0.163294,0.0205554,-0.000315817,0.0186356,0.293903,-0.292188,8.09101
1787123400012675787,0.344093,-0.938935,0.699841,0.599728,0.6,-0,0,-0.0760093,0.0384276,-0.329374,0.161257,0.0536118,0.076676,-0.84045,0.287913,-1.01574,-3.2967,-0.0202248,0.00183904,nan,nan,0,-0.524431,0.0265574,0.653635,-11.3065,-0.212216,-0.167675,nan,nan,0,0.730085,-0.179574,0.874582,-2.0757,0.0550427,-0.0660837,nan,nan,0,-0.764295,0.41792,-0.205604,-22.6374,0.107852,0.131284,nan,nan,0,0.337065,-0.267101,-0.378271,4.12854,-0.0414674,nan,8.4646,7.0782,1,-0.083512,0.170687,-0.949765,-0.886145,-0.041756,nan,-4.94865,-1.96274,1,-0.179421,-0.786273,-0.297665,3.88278,-0.48971,-0.564329,nan,nan,0,-0.482876,-0.154839,-0.0214806,-2.0757,-0.291438,-0.270824,nan,nan,0,-0.0183237,0.26126,-0.69046,1.39194,0.300838,0.245592,nan,nan,0,0.0413863,0.745047,-1.43923,-5.0061,0.510693,0.537658,nan,nan,0,0.147505,-0.163827,0.446813,0.596783,-0.136247,nan,0.295052,0.516606,1,-0.0861045,-0.040896,-0.439169,0.532428,-0.0430523,nan,0.594064,1.42826,1,0,0.985694,-0.034327,0.025167,-0.163075,0.161257,0.0536118,0.076676,0.751892,-0.59406,7.40128
1787123400022322612,0.258673,-0.965965,0.699844,0.599733,0.6,-0,0,-0.0734877,0.0391048,-0.328704,0.33851,0.0801393,0.0449625,-0.973292,0.275641,-1.15077,-2.41758,-0.0866462,-0.00245724,nan,nan,0,-0.696008,0.0342274,0.727284,-11.16,-0.298004,-0.161735,nan,nan,0,0.721977,-0.166343,1.34716,-1.97802,0.0509884,-0.00387995,nan,nan,0,-0.784008,0.414469,-0.352901,-23.8095,0.0979961,0.114221,nan,nan,0,0.434579,-0.265304,0.0818459,6.22454,0.0072893,nan,9.41798,7.59494,1,-0.205752,0.155548,-0.99452,-2.24769,-0.102876,nan,-6.26092,-3.36731,1,-0.069121,-0.787999,-0.0889931,3.63858,-0.43456,-0.53075,nan,nan,0,-0.414185,-0.155222,-0.0583057,-3.19902,-0.257093,-0.289354,nan,nan,0,0.0560679,0.256083,-0.371314,1.0989,0.338034,0.269296,nan,nan,0,0.0312967,0.728172,-1.5497,-4.85959,0.505648,0.520614,nan,nan,0,0.0939323,-0.161747,0.40437,0.361622,-0.163034,nan,-0.651595,0.433755,1,-0.150401,-0.0472654,-0.134864,1.11317,-0.0752003,nan,-0.635751,1.17403,1,0,0.985787,-0.033037,0.025284,-0.162763,0.33851,0.0801393,0.0449625,-0.403878,0.159988,7.93173
1787123400032180080,0.171175,-0.985241,0.699847,0.599738,0.6,-0,0,-0.0690007,0.0395735,-0.328528,0.541053,0.00866956,0.00569648,-0.989583,0.265479,-1.24283,-2.51526,-0.0947917,-0.0339059,nan,nan,0,-0.858076,0.0415139,0.807072,-13.5043,-0.379038,-0.213312,nan,nan,0,0.653107,-0.15388,1.56811,-1.19658,0.0165534,0.0389478,nan,nan,0,-0.76358,0.410825,-0.463376,-23.4676,0.10821,0.103741,nan,nan,0,0.474708,-0.265688,0.193413,7.68615,0.0273541,nan,9.96636,8.37417,1,-0.25584,0.150194,-0.824745,-3.73973,-0.12792,nan,-7.10631,-4.89329,1,0.0638724,-0.787807,0.0521679,4.56654,-0.368064,-0.484217,nan,nan,0,-0.296672,-0.156181,-0.107405,-3.68742,-0.198336,-0.283581,nan,nan,0,0.1475,0.254357,-0.14423,1.00122,0.38375,0.302846,nan,nan,0,-0.0416763,0.714942,-1.64176,-5.9829,0.469162,0.509842,nan,nan,0,-0.00884947,-0.157609,0.354478,0.51981,-0.214425,nan,-2.52027,0.00145517,1,-0.248927,-0.0454777,0.0882081,0.775761,-0.124464,nan,-2.50189,0.324716,1,0,0.98587,-0.030789,0.025147,-0.162724,0.541053,0.00866956,0.00569648,-0.713076,-0.037303,7.88344
1787123400042707335,0.0822996,-0.996608,0.69985,0.599744,0.6,-0,0,-0.0629124,0.0400641,-0.328647,0.685478,0.0806242,-0.0218584,-1.11714,0.250906,-1.39013,-1.63614,-0.158571,-0.0703943,nan,nan,0,-0.866666,0.0499511,0.892995,-14.7253,-0.383333,-0.294051,nan,nan,0,0.635089,-0.135471,1.70313,-0.708183,0.00754455,0.04409,nan,nan,0,-0.563617,0.405265,-0.586123,-23.6142,0.208191,0.10191,nan,nan,0,0.627427,-0.265942,0.114443,8.95733,0.103714,nan,12.7663,9.2495,1,-0.383583,0.147022,-0.391717,-5.583,-0.191792,nan,-9.57683,-6.28487,1,0.256586,-0.786081,0.21174,6.03175,-0.271707,-0.426516,nan,nan,0,-0.13507,-0.157715,-0.168779,-3.58974,-0.117535,-0.249792,nan,nan,0,0.396282,0.254549,0.0767183,1.24542,0.508141,0.343548,nan,nan,0,-0.243865,0.696342,-1.7461,-4.32234,0.368068,0.493042,nan,nan,0,-0.20233,-0.153466,0.312249,0.319303,-0.311165,nan,-5.98785,-1.06598,1,-0.42787,-0.0415719,0.255008,0.218791,-0.213935,nan,-5.55341,-1.07133,1,0,0.985946,-0.027746,0.024895,-0.16285,0.685478,0.0806242,-0.0218584,-1.02137,0.442415,8.66655
1787123400052387492,-0.00723834,-0.999974,0.699853,0.599749,0.6,-0,0,-0.0551945,0.040674,-0.328979,0.833914,0.0202686,-0.0428314,-0.968726,0.234223,-1.55584,-2.0757,-0.0843629,-0.1119,nan,nan,0,-0.507853,0.060689,0.972781,-17.9487,-0.203926,-0.356636,nan,nan,0,0.516219,-0.118406,1.68472,-0.805862,-0.0518907,0.0286788,nan,nan,0,-0.157129,0.39817,-0.684322,-21.3187,0.411436,0.137582,nan,nan,0,0.699722,-0.265961,-0.0709506,10.0318,0.139861,nan,14.3102,10.7722,1,-0.502557,0.146031,0.0240468,-6.7935,-0.251278,nan,-11.9553,-7.96939,1,0.539779,-0.782438,0.383589,7.35043,-0.13011,-0.351933,nan,nan,0,0.355151,-0.159632,-0.187191,-3.10134,0.127576,-0.189304,nan,nan,0,0.808201,0.256658,0.309939,1.78266,0.7141,0.414256,nan,nan,0,-0.541308,0.678318,-1.85043,-1.63614,0.219346,0.443922,nan,nan,0,-0.470811,-0.15138,0.22362,-0.681948,-0.445405,nan,-10.6263,-3.19531,1,-0.702415,-0.0405883,0.171703,-0.923512,-0.351207,nan,-9.57612,-3.17468,1,0,0.986014,-0.023887,0.024571,-0.163099,0.833914,0.0202686,-0.0428314,-0.829767,0.937717,10.1842
1787123400062522657,-0.0967204,-0.995312,0.699856,0.599754,0.6,-0,0,-0.0463741,0.041027,-0.329751,0.923506,0.12319,-0.126731,-0.0504716,0.217733,-1.70313,-2.8083,0.374764,-0.119825,nan,nan,0,0.195959,0.0706601,1.03416,-21.9048,0.14798,-0.32585,nan,nan,0,0.227065,-0.099998,1.62949,-1.97802,-0.196467,-0.00518183,nan,nan,0,0.414031,0.3905,-0.757972,-16.6789,0.697016,0.24792,nan,nan,0,0.421137,-0.265897,-0.0941364,10.8015,0.000568368,nan,9.4675,12.6579,1,-0.43147,0.144841,0.00450634,-8.05315,-0.215735,nan,-10.824,-10.0247,1,1.37091,-0.777644,0.543161,8.27839,0.285454,-0.247134,nan,nan,0,1.52661,-0.160975,-0.09513,-2.22222,0.713307,-0.0580306,nan,nan,0,1.41324,0.263561,0.831621,1.88034,1.01662,0.545535,nan,nan,0,-0.799202,0.656458,-2.02842,-3.00366,0.0903992,0.345828,nan,nan,0,-0.474551,-0.151377,0.00606575,-2.64264,-0.447275,nan,-10.3655,-6.57761,1,-1.12454,-0.0421317,-0.20382,-2.65085,-0.562271,nan,-15.2985,-6.14664,1,0,0.986044,-0.0195,0.024033,-0.163582,0.923506,0.12319,-0.126731,-0.142007,0.585314,10.353
1787123400072513779,-0.185428,-0.982658,0.699859,0.599759,0.6,-0,0,-0.037273,0.0424231,-0.332085,0.872936,0.083092,-0.300658,1.00676,0.200283,-1.80747,-2.85714,0.903382,0.0463811,nan,nan,0,0.200356,0.0812068,1.09553,-18.2906,0.150178,-0.143657,nan,nan,0,-0.30757,-0.0854249,1.39626,-2.71062,-0.463785,-0.0841482,nan,nan,0,0.836985,0.38283,-0.653635,-6.52015,0.908492,0.448913,nan,nan,0,-0.0529644,-0.265897,-0.111263,13.373,-0.236482,nan,1.19642,12.3382,1,-0.143179,0.142065,-0.237101,-9.98598,-0.0715895,nan,-6.05398,-11.0602,1,1.94221,-0.770933,0.745697,10.7204,0.571104,-0.0279695,nan,nan,0,2.46484,-0.161166,0.0276184,1.53846,1.18242,0.257232,nan,nan,0,1.67143,0.2766,1.53742,4.0293,1.14571,0.759439,nan,nan,0,-0.623092,0.635365,-2.21868,-10.9157,0.178454,0.217762,nan,nan,0,-0.325742,-0.15142,-0.365689,-5.2351,-0.372871,nan,-7.20225,-9.23069,1,-1.28286,-0.0454114,-0.980886,-5.34469,-0.641429,nan,-16.4092,-10.2653,1,0,0.985918,-0.01487,0.023994,-0.164825,0.872936,0.083092,-0.300658,-0.990062,0.407106,10.212
1787123400082292466,-0.272649,-0.962114,0.699862,0.599763,0.6,-0,0,-0.029517,0.0431814,-0.336021,0.74394,0.0480313,-0.471252,1.68096,0.183793,-1.81975,1.88034,1.24048,0.421734,nan,nan,0,-0.325433,0.0917525,1.19987,-13.4066,-0.112716,0.0447553,nan,nan,0,-0.791017,-0.0752621,0.960506,-3.5409,-0.705508,-0.246361,nan,nan,0,1.00176,0.378995,-0.414276,0.854698,0.990879,0.689314,nan,nan,0,-0.360873,-0.26809,-0.292239,12.9849,-0.390437,nan,-3.84377,8.18188,1,0.0854396,0.137769,-0.51695,-10.5942,0.0427198,nan,-2.07605,-9.55187,1,2.07293,-0.762688,0.991194,13.9927,0.636465,0.273195,nan,nan,0,2.83302,-0.160016,0.199466,13.5043,1.36651,0.712181,nan,nan,0,1.50718,0.296542,2.48872,5.88522,1.06359,0.980274,nan,nan,0,-0.348506,0.613314,-2.53169,-14.0904,0.315747,0.152691,nan,nan,0,-0.208898,-0.159735,-0.877051,-6.35877,-0.314449,nan,-4.09941,-9.23632,1,-1.20223,-0.0650419,-2.22861,-7.57711,-0.601114,nan,-12.7392,-13.7364,1,0,0.985635,-0.010937,0.02375,-0.16685,0.74394,0.0480313,-0.471252,-0.204697,-1.90893,11.151
1787123400092237465,-0.357682,-0.933843,0.699865,0.599768,0.6,-0,0,-0.0225571,0.0427986,-0.339854,0.667633,0.0460963,-0.294822,1.88242,0.166535,-1.63562,6.56898,1.34121,0.860781,nan,nan,0,-0.590757,0.104983,1.3533,-9.64591,-0.245378,0.0568028,nan,nan,0,-0.921977,-0.0708518,0.217878,-7.05739,-0.770989,-0.471981,nan,nan,0,0.988319,0.37842,0.174916,21.5629,0.98416,0.882816,nan,nan,0,-0.454923,-0.272425,-0.533868,8.88993,-0.437462,nan,-4.9755,2.17274,1,0.160209,0.131549,-0.852427,-8.90822,0.0801043,nan,-0.264691,-6.06561,1,2.07784,-0.750224,1.38399,19.4628,0.638922,0.514833,nan,nan,0,2.84473,-0.154839,0.69046,23.5165,1.37236,1.11496,nan,nan,0,1.4445,0.330674,3.72235,7.20391,1.03225,1.0889,nan,nan,0,-0.241776,0.585127,-2.90607,-11.5018,0.369112,0.194369,nan,nan,0,-0.0427294,-0.170006,-1.52666,-5.74222,-0.231365,nan,0.142429,-6.95403,1,-1.1224,-0.0980357,-4.41214,-9.90287,-0.561201,nan,-7.27674,-13.9932,1,0,0.985349,-0.007495,0.022995,-0.168823,0.667633,0.0460963,-0.294822,1.34436,-0.463264,11.7094
1787123400102284280,-0.439846,-0.898073,0.699867,0.599773,0.6,-0,0,-0.0155491,0.0425167,-0.342111,0.756075,-0.0574108,-0.147556,1.94971,0.153305,-1.12008,13.9438,1.37486,1.18794,nan,nan,0,-0.56427,0.119365,1.46378,-9.45055,-0.232135,-0.0670822,nan,nan,0,-0.921032,-0.0744948,-0.672048,-10.3785,-0.770516,-0.663482,nan,nan,0,0.899592,0.384364,0.868444,28.2051,0.939796,0.98097,nan,nan,0,-0.439865,-0.280987,-0.966843,3.22017,-0.429933,nan,-3.76283,-2.46524,1,0.152922,0.122854,-1.04353,-5.70102,0.0764608,nan,0.173502,-2.50062,1,1.80914,-0.732966,1.85657,21.5629,0.504569,0.634178,nan,nan,0,2.71496,-0.14295,1.42695,31.5751,1.30748,1.33893,nan,nan,0,1.24989,0.373434,4.49566,6.27595,0.934945,1.09242,nan,nan,0,-0.232782,0.55368,-3.18839,-6.17827,0.373609,0.281805,nan,nan,0,-0.00378752,-0.190017,-2.10862,-4.32974,-0.211894,nan,2.39723,-3.24983,1,-1.01645,-0.163462,-6.91261,-9.76937,-0.508226,nan,0.0259958,-10.4359,1,0,0.985181,-0.004041,0.022269,-0.170016,0.756075,-0.0574108,-0.147556,1.14371,-0.20923,9.22574
1787123400112286403,-0.518478,-0.855091,0.69987,0.599777,0.6,-0,0,-0.00779405,0.0412524,-0.343212,0.771843,-0.148183,-0.0818284,1.90739,0.146977,-0.438826,22.8327,1.3537,1.35413,nan,nan,0,-0.401548,0.133554,1.39013,-9.30403,-0.150774,-0.180751,nan,nan,0,-0.823196,-0.0909858,-2.07752,-9.49939,-0.721598,-0.762896,nan,nan,0,0.832588,0.400663,1.77678,24.9817,0.906294,0.991922,nan,nan,0,-0.343983,-0.29362,-1.50993,3.34902,-0.381991,nan,-0.828109,-4.17849,1,0.10688,0.113042,-0.942587,-0.802608,0.0534402,nan,-0.374182,-0.258125,1,1.24252,-0.711107,2.26778,29.0843,0.221261,0.621191,nan,nan,0,2.38788,-0.12435,1.93636,56.0928,1.14394,1.38846,nan,nan,0,0.800658,0.418112,4.01694,12.7228,0.710329,1.03139,nan,nan,0,-0.25473,0.523383,-2.78332,-24.6886,0.362635,0.347623,nan,nan,0,0.0186573,-0.202288,-0.728717,-15.2845,-0.200671,nan,1.14966,0.270181,1,-0.893998,-0.24133,-7.68218,-10.7256,-0.446999,nan,5.35319,-4.27867,1,0,0.985108,-0.000317,0.020987,-0.170648,0.771843,-0.148183,-0.0818284,-0.16493,-0.60115,7.18392
1787123400122266452,-0.592949,-0.80524,0.699873,0.599782,0.6,-0,0,-0.00174945,0.0366374,-0.34318,-0.00326534,-0.968556,0.143448,1.68521,0.146785,0.156505,26.1538,1.24261,1.39767,nan,nan,0,-0.310539,0.144101,0.850033,-3.39439,-0.105269,-0.207203,nan,nan,0,-0.770522,-0.122433,-3.60573,-5.39683,-0.695261,-0.774877,nan,nan,0,1.03063,0.423673,2.57465,21.8071,1.00532,0.958186,nan,nan,0,-0.117525,-0.310223,-2.04529,-1.60717,-0.268763,nan,4.51907,-3.11818,1,0.0430917,0.103871,-0.736316,-0.762215,0.0215459,nan,-1.36528,0.349275,1,-0.0359814,-0.687905,2.39666,33.2357,-0.417991,0.466785,nan,nan,0,2.54134,-0.107476,1.47605,78.7057,1.22067,1.3075,nan,nan,0,0.746972,0.432685,0.279252,26.1538,0.683486,0.895774,nan,nan,0,-0.416002,0.504591,-1.5006,-27.1795,0.281999,0.372713,nan,nan,0,-0.551062,-0.181641,2.96845,-13.0911,-0.485531,nan,-15.0888,0.973344,1,-1.04188,-0.297824,-4.83459,-8.51074,-0.520942,nan,0.558354,1.39064,1,0,0.985151,0.002266,0.018198,-0.170705,-0.00326534,-0.968556,0.143448,8.56199,1.95926,18.2512
1787123400132276986,-0.662659,-0.748921,0.699875,0.599786,0.6,-0,0,-0.00880008,0.0254245,-0.33648,-0.856674,-0.555986,1.15335,1.39777,0.151771,0.622948,26.9841,1.09889,1.35008,nan,nan,0,-0.104362,0.149853,0.518612,-13.1624,-0.00218085,-0.170739,nan,nan,0,-0.558801,-0.169603,-5.15237,-0.610504,-0.589401,-0.742676,nan,nan,0,1.08144,0.454545,3.24976,16.5324,1.03072,0.956639,nan,nan,0,0.0388933,-0.330893,-2.29435,-2.3934,-0.190553,nan,8.3534,0.330152,1,0.0171428,0.0967096,-0.608805,-0.141351,0.00857139,nan,-1.73094,-0.167933,1,-0.0942234,-0.661827,2.68512,20.7814,-0.447112,0.0999245,nan,nan,0,3.12147,-0.0980802,0.788659,59.6581,1.51074,1.2327,nan,nan,0,1.69226,0.415811,-2.39053,26.6423,1.15613,0.763588,nan,nan,0,-0.43342,0.494812,-0.831621,-13.6996,0.27329,0.347586,nan,nan,0,-0.372182,-0.13652,5.12795,-4.74061,-0.396091,nan,-16.7769,-5.34249,1,-1.24639,-0.326229,-1.82129,-3.21837,-0.623194,nan,-6.17701,2.52974,1,0,0.985801,-0.002209,0.013269,-0.167377,-0.856674,-0.555986,1.15335,1.52295,-5.44884,30.1736
1787123400142321427,-0.727049,-0.686586,0.699878,0.59979,0.6,-0,0,-0.0101282,0.020852,-0.32164,0.420116,-0.0104585,1.54361,1.33328,0.160975,1.07712,20.5861,1.06664,1.2386,nan,nan,0,0.208953,0.154455,0.481788,-15.9463,0.154477,-0.0956358,nan,nan,0,-0.464034,-0.220417,-4.61841,-2.27106,-0.542017,-0.676875,nan,nan,0,0.793961,0.486183,3.58119,13.1136,0.88698,0.988223,nan,nan,0,-0.191066,-0.35562,-2.40958,0.272023,-0.305533,nan,5.36742,4.74332,1,0.0155709,0.0919303,-0.577207,-0.0499453,0.00778545,nan,-1.65854,-0.997003,1,0.928157,-0.634023,2.83242,11.8437,0.0640783,-0.253318,nan,nan,0,2.39167,-0.0906019,0.819346,41.3431,1.14584,1.30209,nan,nan,0,1.99951,0.391075,-2.11434,17.8022,1.30975,0.846026,nan,nan,0,-0.603502,0.487526,-0.757972,-6.32478,0.188249,0.306062,nan,nan,0,0.0102125,-0.082835,5.52584,-4.00959,-0.204894,nan,-12.5608,-13.1738,1,-1.2299,-0.327263,0.516238,-0.202306,-0.614952,nan,-9.40501,-1.24229,1,0,0.987038,-0.003329,0.011102,-0.160065,0.420116,-0.0104585,1.54361,1.62244,9.81874,15.8138
1787123400152264289,-0.7856,-0.618734,0.69988,0.599795,0.6,-0,0,-0.00205423,0.0197615,-0.308867,0.930141,-0.221533,1.02693,1.25092,0.175164,1.58039,18.3394,1.02546,1.13191,nan,nan,0,0.41072,0.161358,0.862308,-21.8559,0.25536,0.0199883,nan,nan,0,-0.488336,-0.249755,-2.55624,-5.34798,-0.554168,-0.602288,nan,nan,0,0.446121,0.527218,3.91261,9.59707,0.713061,0.969711,nan,nan,0,-0.257342,-0.373973,-2.23627,3.2671,-0.338671,nan,4.58996,6.81067,1,-0.0617804,0.0834388,-0.981482,-0.484709,-0.0308902,nan,-1.95765,-1.44533,1,0.9993,-0.606603,2.78946,3.63858,0.0996499,-0.268541,nan,nan,0,1.00899,-0.0790973,1.36558,40.6105,0.454495,1.30163,nan,nan,0,1.18172,0.38724,0.408138,11.6972,0.90086,1.06821,nan,nan,0,-0.680213,0.479856,-0.935957,-5.10378,0.149893,0.252016,nan,nan,0,0.109015,-0.0284292,4.89762,-9.96289,-0.155493,nan,-11.7937,-15.9952,1,-0.914168,-0.30575,1.31307,-1.57229,-0.457084,nan,-6.50963,-6.39613,1,0,0.988051,0.000505,0.009921,-0.153803,0.930141,-0.221533,1.02693,-1.71758,2.38052,3.96557
1787123400162590679,-0.837843,-0.545912,0.699883,0.599799,0.6,-0,0,0.00458889,0.0172687,-0.296857,0.304353,-0.422138,1.44743,1.05052,0.19338,1.85657,19.707,0.925259,1.06009,nan,nan,0,0.385233,0.171329,0.935957,-4.61539,0.242616,0.147318,nan,nan,0,-0.438091,-0.272382,-2.13275,-2.71062,-0.529046,-0.558277,nan,nan,0,0.424513,0.568636,4.10287,0.708183,0.702257,0.867748,nan,nan,0,-0.158872,-0.392409,-1.71068,5.02712,-0.289436,nan,6.17008,6.42592,1,-0.0941793,0.0723765,-1.32721,-0.949176,-0.0470897,nan,-1.59318,-1.59189,1,0.278874,-0.579566,2.56851,7.88766,-0.260563,-0.0973182,nan,nan,0,0.900452,-0.0618396,1.80747,43.0525,0.400226,0.999525,nan,nan,0,1.25358,0.404689,2.10207,14.9206,0.936788,1.10855,nan,nan,0,-0.666894,0.466625,-1.26738,-6.95971,0.156553,0.194918,nan,nan,0,-0.201277,0.0100822,3.55775,-9.18961,-0.310638,nan,-16.5618,-14.8431,1,-1.12032,-0.298541,1.19269,-7.32094,-0.560159,nan,-9.63759,-8.43972,1,0,0.988962,0.003546,0.0082,-0.147898,0.304353,-0.422138,1.44743,1.41082,-10.5722,1.21174
1787123400172268411,-0.883356,-0.468703,0.699885,0.599803,0.6,-0,0,0.0065282,0.0129133,-0.283348,0.254821,-0.573275,1.23416,0.840669,0.212747,1.94863,17.6068,0.820334,0.992664,nan,nan,0,0.0842496,0.178616,0.598398,3.15018,0.0921248,0.227147,nan,nan,0,-0.377673,-0.294816,-2.27391,-0.415138,-0.498837,-0.537291,nan,nan,0,0.643016,0.610437,4.15197,-4.90842,0.811508,0.76331,nan,nan,0,-0.0140031,-0.404697,-1.12304,4.40776,-0.217002,nan,8.25389,5.89665,1,-0.0309738,0.0583242,-1.59595,-1.07549,-0.0154869,nan,0.179591,-1.51653,1,-0.750457,-0.556748,2.15117,19.3162,-0.775228,-0.0768215,nan,nan,0,1.24667,-0.0438147,1.70313,42.7595,0.573335,0.639689,nan,nan,0,1.06257,0.429234,2.55624,12.8205,0.841286,1.02732,nan,nan,0,-0.59769,0.452052,-1.53742,-10.9157,0.191155,0.161042,nan,nan,0,-0.642492,0.0313143,1.57856,-4.37994,-0.531246,nan,-22.0574,-14.3358,1,-1.06732,-0.277595,2.62728,-12.8308,-0.53366,nan,-11.6229,-9.25746,1,0,0.989951,0.004143,0.005931,-0.141218,0.254821,-0.573275,1.23416,0.711762,-2.40132,3.88969
1787123400182323348,-0.921774,-0.387727,0.699887,0.599807,0.6,-0,0,0.00847263,0.00721747,-0.273713,0.106058,-0.98469,0.683877,0.868272,0.234607,1.97318,14.9695,0.834136,0.908869,nan,nan,0,-0.345463,0.1813,0.113543,8.96215,-0.122732,0.204744,nan,nan,0,-0.392989,-0.323579,-2.86311,3.39439,-0.506494,-0.5183,nan,nan,0,1.05052,0.655691,4.03535,-15.8974,1.01526,0.743775,nan,nan,0,0.0399747,-0.412864,-0.543665,3.70274,-0.190013,nan,8.61531,6.47536,1,0.1299,0.0405406,-1.80098,-1.4344,0.0649502,nan,3.43376,-0.772972,1,-1.55207,-0.53623,1.7461,11.3065,-1.17604,-0.330937,nan,nan,0,1.70664,-0.0296254,1.07098,31.4774,0.80332,0.49076,nan,nan,0,0.540749,0.45512,2.05297,11.8926,0.580375,0.931172,nan,nan,0,-0.441461,0.433836,-1.67245,-13.2112,0.269269,0.162022,nan,nan,0,-0.724568,0.0319564,-0.267128,-5.93267,-0.572284,nan,-20.7477,-16.5718,1,-0.98999,-0.239601,4.07286,-12.5328,-0.494995,nan,-13.7711,-10.9161,1,0,0.990632,0.004689,0.002997,-0.136443,0.106058,-0.98469,0.683877,-7.32717,1.19354,12.4556
1787123400192348910,-0.952788,-0.303636,0.69989,0.599811,0.6,-0,0,0.00974039,-0.00297171,-0.267063,0.240188,-0.905377,0.704832,0.879525,0.252631,2.00387,12.674,0.839763,0.849273,nan,nan,0,-0.420039,0.180917,-0.0828552,3.44322,-0.160019,0.0736981,nan,nan,0,-0.329476,-0.346014,-2.68512,3.44322,-0.474738,-0.506488,nan,nan,0,1.10888,0.690206,3.67325,-13.6508,1.04444,0.838823,nan,nan,0,-0.00374424,-0.414858,-0.0947077,4.85315,-0.211872,nan,7.24656,7.49167,1,0.142007,0.0244661,-1.83603,-0.521152,0.0710037,nan,4.15017,1.09202,1,-1.56956,-0.521082,1.64176,2.27106,-1.18478,-0.742551,nan,nan,0,1.56468,-0.0227227,0.659773,23.663,0.73234,0.569942,nan,nan,0,0.373002,0.471227,2.02228,7.59463,0.496501,0.778304,nan,nan,0,-0.437818,0.419646,-1.80133,-9.84127,0.271091,0.202064,nan,nan,0,-0.631116,0.018797,-1.80665,-9.83642,-0.525558,nan,-16.3425,-18.8478,1,-0.99295,-0.196918,4.55234,-11.1388,-0.496475,nan,-15.8152,-12.9599,1,0,0.991086,0.004629,-0.002121,-0.133126,0.240188,-0.905377,0.704832,3.59053,-0.558419,17.1688
1787123400202222461,-0.976149,-0.217103,0.699892,0.599814,0.6,-0,0,0.0144052,-0.00892545,-0.261943,0.665264,-0.338014,0.369233,1.02909,0.272957,2.12048,7.4481,0.914545,0.8293,nan,nan,0,-0.240116,0.18015,-0.0521679,-2.61295,-0.0700582,-0.0670879,nan,nan,0,-0.374853,-0.36864,-1.80133,1.3431,-0.497427,-0.493335,nan,nan,0,0.845204,0.722995,3.23749,-9.05983,0.912602,0.958242,nan,nan,0,-0.101183,-0.410763,0.431306,5.52439,-0.260592,nan,4.60904,7.68287,1,0.0789552,0.00432291,-1.69826,0.756356,0.0394776,nan,3.60202,3.04933,1,-1.09655,-0.505742,1.51287,-6.17827,-0.948276,-1.05902,nan,nan,0,1.13067,-0.0165868,0.653635,19.5604,0.515335,0.680817,nan,nan,0,0.175601,0.491553,1.76451,2.36874,0.397801,0.615867,nan,nan,0,-0.389465,0.400087,-1.77678,-6.81319,0.295268,0.245634,nan,nan,0,-0.515781,-0.0106416,-3.21704,-14.3757,-0.467891,nan,-11.1782,-18.2684,1,-0.994194,-0.157489,3.76772,-11.0229,-0.497097,nan,-15.8398,-14.7706,1,0,0.991404,0.006558,-0.005365,-0.130561,0.665264,-0.338014,0.369233,-3.03653,7.35265,10.0963
1787123400212255257,-0.991667,-0.128824,0.699894,0.599818,0.6,-0,0,0.0223542,-0.0122867,-0.260009,0.924384,-0.497128,-0.000985552,1.02799,0.2952,2.28005,5.39683,0.913993,0.853936,nan,nan,0,-0.0982578,0.179574,-0.0644426,-7.98535,0.000871103,-0.117792,nan,nan,0,-0.3098,-0.382063,-1.08325,0.317459,-0.4649,-0.488261,nan,nan,0,0.62849,0.753484,3.02268,1.97802,0.804245,0.986707,nan,nan,0,-0.131807,-0.404543,1.00337,5.51412,-0.275903,nan,2.99734,6.4387,1,0.00596175,-0.00686422,-1.22435,2.30719,0.00298088,nan,2.13187,3.89312,1,-0.932151,-0.492511,1.21214,-13.9927,-0.866075,-1.12098,nan,nan,0,0.586305,-0.00834084,0.917544,22.0024,0.243153,0.661992,nan,nan,0,-0.0638423,0.506701,1.32875,-0.0732574,0.278079,0.48501,nan,nan,0,-0.410984,0.383405,-1.59266,-8.22955,0.284508,0.276648,nan,nan,0,-0.495027,-0.0488129,-4.0106,-18.5394,-0.457514,nan,-8.28862,-14.7853,1,-0.94701,-0.125354,3.08356,-14.9336,-0.473505,nan,-15.0699,-15.684,1,0,0.991489,0.010286,-0.00754,-0.12956,0.924384,-0.497128,-0.000985552,-3.2468,-1.3714,4.40861
1787123400222441653,-0.999219,-0.0395089,0.699896,0.599822,0.6,-0,0,0.0306202,-0.0158981,-0.260911,0.577014,-0.406838,-0.0790333,0.967312,0.32147,2.42121,5.20146,0.883656,0.889601,nan,nan,0,-0.0119081,0.177465,-0.266977,-5.34798,0.0440459,-0.0833902,nan,nan,0,-0.304612,-0.390308,-0.696597,-0.317459,-0.462306,-0.48096,nan,nan,0,0.585282,0.783013,2.90607,-0.0244217,0.782641,0.921746,nan,nan,0,-0.118429,-0.390371,1.5202,4.75008,-0.269215,nan,1.96017,4.44152,1,-0.0069872,-0.0151679,-0.443993,2.82181,-0.0034936,nan,1.01622,3.37307,1,-0.885347,-0.482732,0.76411,-12.9182,-0.842673,-1.02401,nan,nan,0,0.646031,0.0022049,0.929819,24.5421,0.273016,0.496517,nan,nan,0,-0.140061,0.514562,0.242428,-0.757019,0.239969,0.371063,nan,nan,0,-0.367794,0.371708,-0.954369,-16.6789,0.306103,0.289937,nan,nan,0,-0.573887,-0.0875723,-3.20045,-19.4047,-0.496944,nan,-9.52732,-10.8343,1,-0.916267,-0.0873335,3.63225,-15.6571,-0.458134,nan,-16.5724,-15.9101,1,0,0.991371,0.014145,-0.009872,-0.129946,0.577014,-0.406838,-0.0790333,-1.36238,-1.44321,5.91037
1787123400232327117,-0.998743,0.0501255,0.699898,0.599825,0.6,-0,0,0.0313788,-0.0205933,-0.259993,-0.268971,-0.55637,0.355451,0.682971,0.343904,2.57465,6.03175,0.741485,0.90012,nan,nan,0,-0.0324913,0.17363,-0.494062,-4.61539,0.0337544,-0.0193971,nan,nan,0,-0.325225,-0.39817,-1.06484,1.05006,-0.472613,-0.470435,nan,nan,0,0.402949,0.807941,2.7465,-3.58974,0.691474,0.840689,nan,nan,0,-0.194626,-0.374242,1.83614,3.75899,-0.307313,nan,-0.411678,2.64517,1,0.0715431,-0.0174101,0.279505,2.17186,0.0357715,nan,1.17619,2.09288,1,-1.14995,-0.477554,0.530887,-13.1136,-0.974973,-0.915136,nan,nan,0,0.923443,0.00987482,0.85617,17.7534,0.411722,0.34121,nan,nan,0,-0.027679,0.506509,-1.37171,1.8315,0.29616,0.285157,nan,nan,0,-0.245252,0.367682,-0.187191,-17.8022,0.367374,0.297662,nan,nan,0,-0.667759,-0.108101,-2.10079,-15.3816,-0.543879,nan,-12.101,-9.09027,1,-0.732695,-0.0565805,3.20602,-14.4248,-0.366347,nan,-14.102,-16.3186,1,0,0.991408,0.014221,-0.012242,-0.129448,-0.268971,-0.55637,0.355451,0.67646,-2.44321,13.6391
1787123400242155570,-0.990242,0.139359,0.6999,0.599829,0.6,-0,0,0.0285591,-0.0252032,-0.254005,-0.190754,-0.159269,0.818224,0.396162,0.370366,2.74036,4.12698,0.598081,0.847957,nan,nan,0,-0.102,0.167686,-0.622948,-3.49207,-0.000999768,0.0240672,nan,nan,0,-0.176049,-0.411976,-1.32261,2.0757,-0.398025,-0.46704,nan,nan,0,-0.15167,0.833252,2.37825,-8.66911,0.414165,0.761993,nan,nan,0,-0.29174,-0.35611,2.06259,0.702261,-0.35587,nan,-3.0855,0.863494,1,-0.0106486,-0.0055851,0.984887,0.544407,-0.00532432,nan,-1.46951,0.98385,1,-0.779119,-0.472952,0.438826,-11.6972,-0.789559,-0.895483,nan,nan,0,0.563231,0.0181208,0.837758,8.18071,0.231615,0.314459,nan,nan,0,0.211777,0.483691,-2.51327,3.88278,0.415888,0.260504,nan,nan,0,0.00458978,0.369024,0.230153,-14.5299,0.492295,0.323937,nan,nan,0,-0.299633,-0.122451,-1.17337,-11.7127,-0.359816,nan,-6.54775,-9.91813,1,-0.559018,-0.0313906,1.6066,-13.3526,-0.279509,nan,-9.85346,-15.6181,1,0,0.991788,0.012567,-0.014307,-0.12646,-0.190754,-0.159269,0.818224,1.77158,3.28109,11.4513
1787123400252224588,-0.973784,0.227474,0.699902,0.599832,0.6,-0,0,0.0286044,-0.0256759,-0.24967,0.167303,-0.121974,-0.0614079,0.511479,0.399129,2.81401,3.98046,0.65574,0.736173,nan,nan,0,0.0682621,0.160783,-0.659773,-2.66178,0.084131,0.0283181,nan,nan,0,-0.509705,-0.420413,-0.622948,0.415138,-0.564853,-0.445083,nan,nan,0,-0.553059,0.855303,1.81975,-17.0696,0.21347,0.617325,nan,nan,0,-0.583501,-0.337826,2.11646,0.699412,-0.501751,nan,-8.91205,-1.2677,1,0.109883,0.00572651,1.34167,0.683582,0.0549414,nan,-0.536053,-0.327906,1,-0.531721,-0.468926,0.359039,-12.2344,-0.665861,-0.869318,nan,nan,0,0.204472,0.0273247,0.929819,5.93407,0.0522361,0.296936,nan,nan,0,-0.389267,0.457613,-2.4519,1.78266,0.115367,0.310364,nan,nan,0,0.179953,0.374393,0.567711,-13.6996,0.579976,0.392628,nan,nan,0,-0.354232,-0.130689,-0.710253,-12.0268,-0.387116,nan,-7.90955,-9.54471,1,-0.36178,-0.0312296,-0.441367,-12.749,-0.18089,nan,-3.82776,-12.7801,1,0,0.992057,0.012591,-0.014517,-0.124306,0.167303,-0.121974,-0.0614079,-3.65781,5.81087,7.70638
1787123400262459641,-0.949502,0.313762,0.699904,0.599836,0.6,-0,0,0.0308391,-0.0252576,-0.252238,0.274353,-0.128466,-0.27598,0.448251,0.4277,2.88152,1.3431,0.624125,0.659485,nan,nan,0,0.076209,0.154263,-0.64136,-3.58974,0.0881045,0.0425909,nan,nan,0,-0.472631,-0.424248,-0.316077,0.415138,-0.546316,-0.470751,nan,nan,0,-0.743041,0.86911,1.1569,-26.4469,0.11848,0.416298,nan,nan,0,-0.733169,-0.319416,2.03824,-0.424213,-0.576584,nan,-12.0583,-4.73573,1,0.184567,0.0208649,1.4113,-0.0943468,0.0922834,nan,0.0256045,-1.10143,1,-0.348381,-0.46605,0.279252,-11.1111,-0.574191,-0.783113,nan,nan,0,-0.341333,0.0372953,1.04029,4.95727,-0.220666,0.201421,nan,nan,0,-0.655552,0.438054,-1.72768,1.53846,-0.0177758,0.276492,nan,nan,0,0.0548692,0.381871,0.819346,-8.18071,0.517435,0.486932,nan,nan,0,-0.422184,-0.134875,-0.230491,-11.5869,-0.421092,nan,-9.67187,-8.53457,1,-0.191999,-0.0473547,-1.84722,-11.2243,-0.0959995,nan,1.31149,-7.93009,1,0,0.991884,0.013707,-0.014466,-0.125567,0.274353,-0.128466,-0.27598,-5.73146,-2.29881,3.66172
1787123400272303349,-0.917589,0.397531,0.699906,0.599839,0.6,-0,0,0.0324383,-0.0259967,-0.254186,0.0572402,-0.337465,-0.10552,0.473423,0.458763,2.82628,-3.05251,0.636712,0.628712,nan,nan,0,0.157203,0.14736,-0.635223,-2.51526,0.128602,0.067958,nan,nan,0,-0.206427,-0.427125,-0.28539,-0.317459,-0.413214,-0.517108,nan,nan,0,-0.818931,0.87467,0.273115,-35.2869,0.0805343,0.236246,nan,nan,0,-0.983568,-0.298801,1.74118,-4.24189,-0.701784,nan,-16.7162,-8.79541,1,0.187142,0.0369697,1.23057,-1.10193,0.0935711,nan,-0.147814,-0.925129,1,-0.502722,-0.463941,0.150368,-6.76434,-0.651361,-0.674601,nan,nan,0,-0.593203,0.0488005,1.02802,3.98046,-0.346602,0.0154346,nan,nan,0,-0.503971,0.421563,-1.51287,0.805862,0.0580147,0.145563,nan,nan,0,-0.0940953,0.39376,1.21214,-5.9829,0.442952,0.535292,nan,nan,0,-0.42732,-0.132841,0.240816,-9.92763,-0.42366,nan,-10.5399,-8.70141,1,-0.0887433,-0.07052,-2.31974,-7.25051,-0.0443716,nan,4.26406,-2.49953,1,0,0.991746,0.014439,-0.014947,-0.126515,0.0572402,-0.337465,-0.10552,-3.78013,-0.41528,6.2224
1787123400282440288,-0.878301,0.478107,0.699908,0.599842,0.6,-0,0,0.0311293,-0.0289708,-0.254202,-0.178874,-0.332866,0.108079,0.578333,0.485608,2.72808,-1.29426,0.689166,0.623175,nan,nan,0,0.317523,0.141224,-0.64136,-0.65934,0.208761,0.0974419,nan,nan,0,-0.137435,-0.430576,-0.414276,-0.805862,-0.378718,-0.499419,nan,nan,0,-0.883416,0.87026,-0.76411,-38.9988,0.048292,0.121864,nan,nan,0,-1.26327,-0.286353,1.13434,-7.02877,-0.841633,nan,-21.1363,-12.9284,1,0.174696,0.0464586,0.975273,-0.577658,0.0873478,nan,-0.236232,-0.494286,1,-0.464767,-0.463173,0.046031,-4.46886,-0.632384,-0.623689,nan,nan,0,-0.450201,0.057621,0.825483,0.610504,-0.2751,-0.187196,nan,nan,0,-0.26375,0.403347,-2.04683,0.122101,0.178125,0.0580056,nan,nan,0,-0.0998229,0.407949,1.54356,-4.42002,0.440089,0.514005,nan,nan,0,-0.306728,-0.128677,0.592274,-9.16798,-0.363364,nan,-9.10245,-9.63663,1,-0.00278462,-0.0909127,-1.66314,-3.94422,-0.00139231,nan,5.18032,1.8762,1,0,0.991737,0.013601,-0.016339,-0.126507,-0.178874,-0.332866,0.108079,0.142933,-3.50898,6.71863
1787123400292339145,-0.831956,0.554842,0.69991,0.599845,0.6,-0,0,0.0297821,-0.0313821,-0.253045,-0.133842,-0.109524,0.132531,0.385639,0.511686,2.45804,-1.24542,0.59282,0.645354,nan,nan,0,0.181794,0.13413,-0.702735,0.903542,0.140897,0.145926,nan,nan,0,-0.254942,-0.436328,-0.610673,0.122101,-0.437471,-0.441471,nan,nan,0,-0.931936,0.853194,-1.91794,-40.6105,0.0240319,0.0630727,nan,nan,0,-1.33856,-0.282174,0.292444,-9.97067,-0.87928,nan,-21.3374,-17.0944,1,0.157176,0.055312,0.774604,-0.191226,0.0785881,nan,-0.463622,-0.234035,1,-0.264385,-0.463365,-0.0521679,-3.24786,-0.532193,-0.618548,nan,nan,0,-0.468283,0.0639486,0.537024,-4.32234,-0.284141,-0.291961,nan,nan,0,-0.23257,0.37842,-2.52555,-0.65934,0.193715,0.0758177,nan,nan,0,0.0158152,0.425207,1.72155,-6.2271,0.497908,0.472953,nan,nan,0,-0.199589,-0.124539,0.502348,-8.56631,-0.309794,nan,-7.23745,-9.92973,1,0.0257203,-0.100351,-0.249858,-0.024122,0.0128601,nan,3.77111,4.23112,1,0,0.991804,0.01279,-0.017442,-0.125924,-0.133842,-0.109524,0.132531,0.566208,2.35015,5.80956
1787123400302353784,-0.778923,0.62712,0.699912,0.599848,0.6,-0,0,0.0289074,-0.031111,-0.251347,-0.00338173,0.058281,0.22891,0.23957,0.534121,2.13889,2.12454,0.519785,0.640859,nan,nan,0,-0.066339,0.127035,-0.696597,1.68498,0.0168305,0.166373,nan,nan,0,-0.254843,-0.442273,-0.469513,1.48962,-0.437421,-0.415507,nan,nan,0,-0.878519,0.827308,-2.81401,-38.7546,0.0507403,0.0336343,nan,nan,0,-1.37215,-0.286262,-0.805203,-12.9441,-0.896077,nan,-20.1357,-19.8522,1,0.215026,0.0613629,0.557306,-0.153166,0.107513,nan,0.54854,-0.214986,1,-0.143773,-0.464324,-0.101268,-3.05251,-0.471886,-0.591384,nan,nan,0,-0.629816,0.0670166,0.199466,-9.10867,-0.364908,-0.312269,nan,nan,0,-0.247367,0.353492,-2.4028,-0.268623,0.186317,0.135711,nan,nan,0,-0.0318967,0.442464,1.70313,-8.71795,0.474052,0.465496,nan,nan,0,-0.176929,-0.122502,0.0716761,-8.18199,-0.298465,nan,-6.26622,-8.93938,1,0.0367916,-0.0915071,1.31394,2.32323,0.0183958,nan,1.32617,4.28917,1,0,0.991917,0.012388,-0.017242,-0.125092,-0.00338173,0.058281,0.22891,-3.08765,0.988755,5.54522
1787123400312257577,-0.71963,0.694358,0.699913,0.599851,0.6,-0,0,0.0291839,-0.0291282,-0.247727,0.0530266,0.331436,0.543444,0.0259143,0.551763,1.89953,2.36874,0.412957,0.592037,nan,nan,0,-0.467674,0.12109,-0.66591,2.71062,-0.183837,0.117936,nan,nan,0,-0.0816163,-0.443615,-0.0644426,1.14774,-0.350808,-0.419811,nan,nan,0,-0.670074,0.797203,-3.57505,-31.6728,0.154963,0.0306623,nan,nan,0,-1.17433,-0.300694,-1.99596,-14.433,-0.797167,nan,-14.3826,-20.435,1,0.259923,0.0668464,0.464266,-0.299278,0.129961,nan,1.19705,0.00732029,1,0.00872491,-0.465666,-0.150367,-2.41758,-0.395638,-0.535752,nan,nan,0,-0.747477,0.0670166,-0.0767183,-9.30403,-0.423738,-0.329745,nan,nan,0,-0.0130371,0.333934,-2.06524,0.415138,0.303481,0.176788,nan,nan,0,-0.192537,0.457037,1.56197,-7.88766,0.393732,0.471731,nan,nan,0,-0.136769,-0.122524,-0.335348,-7.35878,-0.278385,nan,-4.95211,-7.42024,1,0.0287023,-0.0678415,2.63761,2.05986,0.0143512,nan,-1.49064,2.66568,1,0,0.992154,0.012679,-0.016253,-0.12331,0.0530266,0.331436,0.543444,-2.43252,0.375059,3.84965
1787123400322366008,-0.654552,0.756017,0.699915,0.599854,0.6,-0,0,0.0279198,-0.025511,-0.239325,-0.237664,0.247935,1.12076,0.0332267,0.570745,1.65403,-1.00122,0.416613,0.509734,nan,nan,0,-0.562412,0.113612,-0.672048,2.75946,-0.231206,-0.00916982,nan,nan,0,0.203032,-0.443423,0.0337563,0.952377,-0.208484,-0.401037,nan,nan,0,-0.62568,0.751758,-4.36677,-28.84,0.17716,0.0738154,nan,nan,0,-1.13367,-0.331497,-3.59574,-14.9272,-0.776835,nan,-10.1932,-17.9348,1,0.154761,0.0706469,0.348337,-0.00761149,0.0773806,nan,-0.320492,0.56748,1,-0.157986,-0.467584,-0.187191,-0.561661,-0.478993,-0.466068,nan,nan,0,-0.712873,0.0641403,-0.359039,-9.93895,-0.406436,-0.37046,nan,nan,0,0.227591,0.315334,-1.48833,0.512817,0.423796,0.229895,nan,nan,0,-0.223825,0.471418,1.37785,-9.20635,0.378088,0.448222,nan,nan,0,-0.0317109,-0.130668,-0.807127,-5.69303,-0.225855,nan,-2.12086,-5.8737,1,0.0293318,-0.0256769,4.05269,0.394107,0.0146659,nan,-4.86875,0.0362846,1,0,0.992692,0.012336,-0.014329,-0.119179,-0.237664,0.247935,1.12076,-2.49238,-3.02045,3.0149
1787123400332973026,-0.584212,0.811601,0.699917,0.599857,0.6,-0,0,0.0245804,-0.0235433,-0.226526,-0.299357,0.0822931,1.39901,0.105636,0.586086,1.49446,-2.36874,0.452818,0.443203,nan,nan,0,-0.605637,0.106517,-0.751834,1.00122,-0.252819,-0.141794,nan,nan,0,0.344071,-0.443231,0.0398932,1.48962,-0.137964,-0.325196,nan,nan,0,-0.603572,0.709381,-4.83936,-18.5836,0.188214,0.131625,nan,nan,0,-1.11281,-0.376214,-5.0387,-12.6911,-0.766406,nan,-6.09864,-13.4622,1,0.175834,0.0791045,0.396377,0.244754,0.0879171,nan,-0.330188,0.529757,1,-0.320537,-0.469693,-0.205604,-0.122101,-0.560269,-0.441652,nan,nan,0,-0.574601,0.0595388,-0.4511,-16.1905,-0.337301,-0.400879,nan,nan,0,0.309533,0.30402,-0.911407,0.610504,0.464767,0.318392,nan,nan,0,-0.210802,0.485417,1.24283,-15.116,0.384599,0.410526,nan,nan,0,-0.0209852,-0.138512,-0.994139,-5.55878,-0.220493,nan,-1.37811,-3.96899,1,0.0541359,0.0167439,4.92278,-1.13541,0.027068,nan,-7.07445,-3.06834,1,0,0.993464,0.01088,-0.013084,-0.112861,-0.299357,0.0822931,1.39901,-1.14857,-0.724291,2.70649
1787123400342359689,-0.509176,0.860663,0.699918,0.59986,0.6,-0,0,0.0202514,-0.0232821,-0.211755,-0.544864,0.0845069,1.46891,0.0606229,0.598549,1.33489,-4.46886,0.430311,0.425611,nan,nan,0,-0.741841,0.0978885,-1.05871,0.268623,-0.32092,-0.225404,nan,nan,0,0.370969,-0.442273,0.0705805,5.68987,-0.124516,-0.226145,nan,nan,0,-0.58887,0.658375,-5.07258,-16.9231,0.195565,0.171788,nan,nan,0,-1.05473,-0.420384,-5.56096,-21.5676,-0.737363,nan,-2.75283,-8.79507,1,0.198181,0.0773672,-0.0142624,3.0381,0.0990904,nan,0.673089,0.159086,1,-0.465171,-0.471418,-0.199466,1.00122,-0.632586,-0.480757,nan,nan,0,-0.454731,0.0551286,-0.537024,-11.6484,-0.277366,-0.388391,nan,nan,0,0.255963,0.301528,-0.00306892,0.0244217,0.437981,0.405233,nan,nan,0,-0.0441677,0.495388,1.21214,-16.7277,0.467916,0.387651,nan,nan,0,0.0811334,-0.149999,-1.17461,-3.1921,-0.169433,nan,1.0817,-2.24072,1,0.0784309,0.0637517,4.87842,-2.2868,0.0392155,nan,-8.05372,-5.85871,1,0,0.994294,0.008838,-0.012645,-0.10555,-0.544864,0.0845069,1.46891,0.358544,-3.21101,3.57955
1787123400352250074,-0.430046,0.902807,0.69992,0.599863,0.6,-0,0,0.0109124,-0.0221566,-0.198035,-1.21764,-0.0271323,1.31559,0.220747,0.611013,1.08325,8.37607,0.510374,0.427623,nan,nan,0,-0.554539,0.0877261,-1.18759,-6.32478,-0.22727,-0.28123,nan,nan,0,0.414418,-0.440547,0.475651,4.22466,-0.102791,-0.154079,nan,nan,0,-0.684148,0.628271,-2.62375,-79.0965,0.147926,0.191953,nan,nan,0,-1.07621,-0.438387,-1.33375,-29.1565,-0.748106,nan,-8.83954,-5.53942,1,0.10974,0.062839,-2.53184,3.00861,0.0548699,nan,3.55869,0.681062,1,-0.821894,-0.472952,-0.168779,0.903542,-0.810947,-0.553472,nan,nan,0,-0.370602,0.0503349,-0.33449,-24.6398,-0.235301,-0.34053,nan,nan,0,0.0309714,0.306705,0.929819,-2.02686,0.325486,0.446781,nan,nan,0,0.273076,0.509577,1.49446,-35.1893,0.626538,0.408057,nan,nan,0,0.281287,-0.157434,-1.24484,-1.43244,-0.0693563,nan,4.94998,-0.479366,1,0.148537,0.0993386,2.7832,-0.836348,0.0742684,nan,-4.92691,-7.5156,1,0,0.995031,0.004334,-0.011563,-0.098788,-1.21764,-0.0271323,1.31559,-0.943452,-1.16393,11.9714
1787123400362513241,-0.347458,0.937696,0.699922,0.599866,0.6,-0,0,0.0132608,-0.0393345,-0.196508,2.1228,-1.12314,-1.64023,0.35823,0.614273,0.0276184,11.2088,0.579115,0.455652,nan,nan,0,-1.31127,0.0750704,-1.12008,-8.52259,-0.605637,-0.284819,nan,nan,0,-1.29748,-0.429809,1.51901,2.02686,-0.958742,-0.116869,nan,nan,0,-0.522075,0.61619,-0.739559,-53.6996,0.228963,0.183332,nan,nan,0,-0.945196,-0.418853,2.65129,-14.9795,-0.682598,nan,-13.208,-6.96365,1,0.787598,0.0196517,-3.87206,-1.474,0.393799,nan,17.0325,2.69369,1,-1.11121,-0.47487,-0.156505,-1.8315,-0.955607,-0.6686,nan,nan,0,-0.255046,0.0489926,-0.0767183,-17.3626,-0.177523,-0.283878,nan,nan,0,-0.715244,0.328756,2.39053,-6.37363,-0.0476218,0.415075,nan,nan,0,0.0779733,0.525109,1.62335,-13.0647,0.528987,0.49396,nan,nan,0,-0.923828,-0.165614,-0.878962,-0.608401,-0.671914,nan,-16.4021,1.94332,1,0.537999,0.102732,-0.794791,-3.91128,0.268999,nan,6.1802,-6.28209,1,0,0.994975,0.004668,-0.020221,-0.097945,2.1228,-1.12314,-1.64023,11.1861,20.0324,37.3037
1787123400372214994,-0.262076,0.965047,0.699923,0.599868,0.6,-0,0,0.0251688,-0.0295897,-0.209372,-0.593799,2.19753,-0.340992,-1.24451,0.60852,-0.807072,7.25275,-0.222254,0.509988,nan,nan,0,-1.73669,0.0627985,-1.31034,-3.5409,-0.818345,-0.380899,nan,nan,0,-1.35956,-0.401621,2.94289,-1.19658,-0.989782,-0.379457,nan,nan,0,-0.301285,0.611588,-0.506338,-30.989,0.339358,0.190382,nan,nan,0,-0.250777,-0.390639,3.24738,-4.70175,-0.335388,nan,-2.93732,-10.8331,1,0.790391,0.00240322,-2.60803,1.55883,0.395196,nan,15.6958,7.86888,1,-0.0367909,-0.476404,-0.156505,-3.73627,-0.418395,-0.812711,nan,nan,0,-0.736202,0.0484166,-0.107405,-8.86447,-0.418101,-0.227869,nan,nan,0,-0.416845,0.353492,2.28619,-6.17827,0.101578,0.242073,nan,nan,0,0.43644,0.537572,0.997331,-4.27351,0.70822,0.54899,nan,nan,0,0.302816,-0.178351,-0.971737,1.2914,-0.0585922,nan,5.64915,-2.8143,1,0.150483,0.0778604,-2.5031,-4.44208,0.0752414,nan,3.67608,-0.620991,1,0,0.994357,0.010968,-0.016027,-0.10429,-0.593799,2.19753,-0.340992,4.48594,-6.94476,9.21541
1787123400382148023,-0.174586,0.984642,0.699925,0.599871,0.6,-0,0,0.0189518,-0.00450165,-0.20294,-0.384629,1.01198,0.587059,-1.64242,0.598741,-0.935957,1.29426,-0.42121,0.296112,nan,nan,0,-1.61976,0.0468826,-1.64176,-7.35043,-0.759879,-0.584302,nan,nan,0,-0.168669,-0.378995,1.63562,-5.49451,-0.394334,-0.738042,nan,nan,0,-0.126239,0.603343,-0.966643,-19.072,0.426881,0.247269,nan,nan,0,0.1941,-0.364032,2.54497,-8.4587,-0.11295,nan,4.97043,-9.87269,1,0.659187,-0.0182761,-1.65466,5.74748,0.329593,nan,12.9181,12.9343,1,-0.530932,-0.478897,-0.303802,-6.71551,-0.665466,-0.744096,nan,nan,0,-0.883443,0.0459242,-0.279252,-6.2271,-0.491722,-0.267838,nan,nan,0,0.265107,0.364038,0.414276,-4.22466,0.442553,0.106303,nan,nan,0,0.206063,0.545818,0.739559,-3.39439,0.593031,0.610563,nan,nan,0,0.290448,-0.185442,-0.926845,-1.58973,-0.064776,nan,5.61359,-3.42854,1,0.0268247,0.0511086,-3.26942,-0.412831,0.0134123,nan,3.77324,3.95831,1,0,0.994811,0.009199,-0.003199,-0.10127,-0.384629,1.01198,0.587059,-25.7567,-19.7637,0.739111
1787123400392370870,-0.0856914,0.996322,0.699926,0.599874,0.6,-0,0,0.0120932,0.00146569,-0.192289,-0.630066,-0.274848,1.41659,-0.422247,0.590496,-0.745697,-10.4274,0.188876,-0.0751492,nan,nan,0,-1.59954,0.0280914,-1.98546,-13.1136,-0.74977,-0.730296,nan,nan,0,-0.146614,-0.378228,-0.561574,-8.32722,-0.383307,-0.75581,nan,nan,0,-0.36175,0.591071,-1.47605,-11.2088,0.309125,0.334779,nan,nan,0,-0.68844,-0.347675,1.49113,-7.34861,-0.55422,nan,-9.46578,-3.59444,1,0.813609,-0.0170938,0.871271,9.39601,0.406805,nan,11.41,14.2182,1,-1.12557,-0.482732,-0.402001,-5.05495,-0.962787,-0.647706,nan,nan,0,-0.676683,0.0418973,-0.457238,-7.78999,-0.388342,-0.375457,nan,nan,0,0.258874,0.356368,-1.18759,-1.68498,0.439437,0.181868,nan,nan,0,0.31496,0.553104,0.733422,-1.63614,0.64748,0.636403,nan,nan,0,0.10008,-0.1984,-1.19839,-2.63012,-0.15996,nan,3.14299,1.01017,1,0.157679,0.0178248,-2.83744,2.57957,0.0788393,nan,6.0866,5.33466,1,0,0.995362,0.006089,0.000149,-0.095999,-0.630066,-0.274848,1.41659,-3.55149,1.42417,-1.25313
1787123400402236705,0.00389311,0.999992,0.699928,0.599876,0.6,-0,0,0.00667788,-0.00159335,-0.179666,-0.384185,-0.424777,0.976458,0.132638,0.583976,-0.635223,-20.0977,0.466319,-0.137179,nan,nan,0,-1.6659,0.00642347,-2.18185,-26.8376,-0.782951,-0.777223,nan,nan,0,0.0609689,-0.389349,-1.08325,-8.18071,-0.279516,-0.577868,nan,nan,0,-0.481904,0.572088,-1.80747,-5.39683,0.249048,0.363087,nan,nan,0,-0.928368,-0.333741,1.37272,-3.81888,-0.674184,nan,-13.9746,-2.49889,1,0.878901,0.00643605,3.44614,10.5671,0.43945,nan,7.82122,12.54,1,-1.09105,-0.485609,-0.199466,-10.3785,-0.945525,-0.729717,nan,nan,0,-0.402623,0.035953,-0.635223,-11.16,-0.251311,-0.425086,nan,nan,0,0.109085,0.341987,-1.26738,-0.854698,0.364543,0.327756,nan,nan,0,0.513368,0.561158,0.85617,-2.46642,0.746684,0.639231,nan,nan,0,0.0408863,-0.211182,-1.31867,1.09916,-0.189557,nan,2.73489,3.75797,1,0.184132,-0.00373599,-1.88194,3.93471,0.0920662,nan,5.69697,5.65246,1,0,0.995962,0.003254,-0.001093,-0.089709,-0.384185,-0.424777,0.976458,3.93405,5.00783,4.40211
1787123400412198320,0.0934476,0.995624,0.699929,0.599879,0.6,-0,0,0.00631698,-0.00615544,-0.172264,0.096614,-0.128032,0.497479,0.382311,0.578224,-0.530887,-23.9072,0.591155,0.0992446,nan,nan,0,-2.30664,-0.0127511,-1.83202,-32.5031,-1.10332,-0.786637,nan,nan,0,-0.493347,-0.390308,0.819346,-15.409,-0.556674,-0.405386,nan,nan,0,-0.581569,0.553872,-1.8443,-5.93407,0.199216,0.323675,nan,nan,0,-1.1101,-0.319326,1.9279,-6.77476,-0.765051,nan,-18.4922,-7.28179,1,1.05987,0.055287,5.23346,11.305,0.529937,nan,6.3893,9.35783,1,-1.10963,-0.485609,0.0644436,-9.45055,-0.954815,-0.859136,nan,nan,0,0.119912,0.028667,-0.757972,-13.9438,0.00995582,-0.37383,nan,nan,0,-0.102747,0.334701,-0.543161,0.512817,0.258626,0.393779,nan,nan,0,1.14247,0.571129,1.06484,-3.7851,1.06124,0.677005,nan,nan,0,0.0771763,-0.223745,-1.0114,2.7684,-0.171412,nan,3.34877,4.06872,1,0.194516,-0.0185571,-0.877211,3.99437,0.0972581,nan,4.79027,5.61246,1,0,0.996284,0.002882,-0.003338,-0.086015,0.096614,-0.128032,0.497479,1.20784,10.6818,1.56395
1787123400422276961,0.182252,0.983252,0.699931,0.599881,0.6,-0,0,0.00692865,-0.00894926,-0.172901,-0.100915,0.074935,-0.614032,-0.438244,0.574772,-0.193328,-15.6532,0.180878,0.377658,nan,nan,0,-2.36812,-0.029242,-1.33489,-32.9426,-1.13406,-0.891428,nan,nan,0,-1.14876,-0.355026,4.04763,-18.0464,-0.884379,-0.392218,nan,nan,0,-0.582072,0.536614,-1.62335,-14.9206,0.198964,0.261027,nan,nan,0,-0.817652,-0.289526,3.3351,-11.5218,-0.618826,nan,-16.5281,-13.6815,1,1.15898,0.113337,4.99134,10.3693,0.579492,nan,6.49765,6.59495,1,-1.40158,-0.485033,0.0153437,-9.49939,-1.10079,-0.936645,nan,nan,0,0.234175,0.0192714,-0.90527,-8.66911,0.0670877,-0.215726,nan,nan,0,-0.274882,0.332783,-0.0214806,1.48962,0.172559,0.360752,nan,nan,0,1.35576,0.581867,1.03416,2.02686,1.16788,0.823198,nan,nan,0,-0.010108,-0.227978,-0.573546,2.60504,-0.215054,nan,1.31266,3.62023,1,0.0626706,-0.0120934,0.509527,3.94111,0.0313353,nan,0.538569,4.96467,1,0,0.99625,0.003065,-0.004757,-0.086326,-0.100915,0.074935,-0.614032,7.58421,-6.55357,7.66437
1787123400432426346,0.269592,0.962975,0.699932,0.599883,0.6,-0,0,0.0034432,-0.00789807,-0.180335,-0.47443,-0.0430015,-0.759418,-0.540815,0.57458,0.0337563,-6.81319,0.129592,0.417194,nan,nan,0,-1.90923,-0.0403633,-1.04643,-35.58,-0.904615,-1.031,nan,nan,0,-1.23237,-0.314758,3.80213,-16.9231,-0.926183,-0.576925,nan,nan,0,-0.635426,0.521466,-1.31648,-20,0.172287,0.215122,nan,nan,0,-0.90025,-0.251094,4.03404,-15.8472,-0.660125,nan,-20.3672,-17.5984,1,1.20834,0.152251,4.24028,7.45081,0.60417,nan,7.19715,5.7012,1,-1.32266,-0.485992,-0.138092,-10.0855,-1.06133,-1.01189,nan,nan,0,0.129197,0.00968313,-1.01574,-3.39439,0.0145986,-0.0473696,nan,nan,0,-0.125006,0.334509,0.21174,0.268623,0.247497,0.274469,nan,nan,0,0.918923,0.593564,1.16304,14.1392,0.949461,1.01048,nan,nan,0,-0.106475,-0.233975,-0.316819,2.63993,-0.263237,nan,-0.548941,2.65309,1,0.0663239,-0.00504441,1.4608,3.34246,0.033162,nan,-1.045,2.95194,1,0,0.995929,0.001359,-0.004088,-0.090038,-0.47443,-0.0430015,-0.759418,2.05311,-3.75881,9.56049
1787123400442251524,0.354766,0.934955,0.699933,0.599886,0.6,-0,0,-0.00081343,-0.00895905,-0.186928,-0.419894,0.2274,-0.642457,-0.428968,0.575156,0.0398932,-4.81075,0.185516,0.293605,nan,nan,0,-1.35302,-0.0495677,-1.03416,-34.3101,-0.626508,-1.04054,nan,nan,0,-1.00883,-0.291556,2.00387,-16.2882,-0.814417,-0.786997,nan,nan,0,-0.637,0.510536,-1.13235,-24.2491,0.1715,0.18729,nan,nan,0,-0.97467,-0.215001,3.99636,-17.8718,-0.697335,nan,-22.8762,-19.7109,1,1.16825,0.186152,3.55543,6.26252,0.584125,nan,6.60604,6.09772,1,-1.08164,-0.488484,-0.322214,-10.9157,-0.940819,-1.06097,nan,nan,0,-0.0729616,0.000479221,-0.985056,0.0732574,-0.0864808,0.0327945,nan,nan,0,-0.0503899,0.335851,0.0644436,-1.73382,0.284805,0.227632,nan,nan,0,0.59543,0.606603,1.53742,22.0513,0.787715,1.06231,nan,nan,0,-0.0700132,-0.235677,-0.0859414,2.13816,-0.245007,nan,-0.19764,1.09062,1,0.0939883,0.0122991,2.179,1.84635,0.0469941,nan,-2.22765,0.3725,1,0,0.995625,-0.000823,-0.004422,-0.093329,-0.419894,0.2274,-0.642457,8.16663,-0.196407,13.4486
1787123400452308326,0.437089,0.899418,0.699935,0.599888,0.6,-0,0,-0.00438539,-0.00778674,-0.193762,-0.383526,0.496199,-0.639312,-0.853695,0.575156,-0.0153437,-7.74115,-0.0268475,0.200263,nan,nan,0,-1.02429,-0.0612645,-1.18145,-34.359,-0.462144,-0.884886,nan,nan,0,-1.03524,-0.28312,0.506338,-19.3651,-0.827619,-0.870499,nan,nan,0,-0.64274,0.500373,-0.942094,-26.4957,0.16863,0.172846,nan,nan,0,-0.771207,-0.17723,3.53675,-17.6972,-0.595603,nan,-19.9482,-21.6049,1,1.08671,0.211963,2.22618,7.80629,0.543355,nan,6.6025,6.62581,1,-1.07675,-0.49347,-0.573849,-10.6715,-0.938377,-1.03387,nan,nan,0,-0.221585,-0.00891638,-0.874582,2.12454,-0.160793,0.010261,nan,nan,0,-0.100194,0.33355,-0.33449,-2.0757,0.259903,0.23812,nan,nan,0,0.623922,0.625586,2.01614,19.072,0.801961,0.966624,nan,nan,0,-0.0484271,-0.233092,0.0522082,0.545362,-0.234214,nan,-0.117578,-0.0696208,1,0.0945971,0.0402983,2.49843,0.449464,0.0472986,nan,-3.53763,-1.73237,1,0,0.995299,-0.002559,-0.003663,-0.096737,-0.383526,0.496199,-0.639312,5.4015,-1.67627,8.57838
1787123400462547478,0.515899,0.856649,0.699936,0.59989,0.6,-0,0,-0.00715093,-0.00238299,-0.198686,-0.161638,0.502924,-0.244722,-0.863618,0.574197,-0.113543,-9.59707,-0.031809,0.101149,nan,nan,0,-1.35078,-0.0718102,-0.929819,-36.3614,-0.625388,-0.666351,nan,nan,0,-0.823104,-0.282736,-0.0153437,-20.4884,-0.721552,-0.867189,nan,nan,0,-0.492087,0.491936,-0.788659,-30.5495,0.243956,0.167908,nan,nan,0,-0.652043,-0.148491,2.79627,-18.2022,-0.536022,nan,-17.758,-21.8175,1,1.1523,0.224557,0.678209,8.96539,0.57615,nan,9.53047,7.07309,1,-0.994881,-0.500756,-0.776384,-8.81563,-0.89744,-0.980453,nan,nan,0,-0.350088,-0.0169702,-0.751834,0.757019,-0.225044,-0.0673094,nan,nan,0,0.0610513,0.32914,-0.457238,-1.19658,0.340526,0.255803,nan,nan,0,0.406699,0.64572,2.26164,8.62027,0.69335,0.859399,nan,nan,0,-0.0189,-0.232351,0.0834184,0.0889182,-0.21945,nan,0.326401,-0.424437,1,0.0898526,0.0655168,2.30939,-1.16292,0.0449263,nan,-4.0818,-3.13829,1,0,0.995062,-0.003676,-0.000831,-0.099183,-0.161638,0.502924,-0.244722,-3.67449,0.501911,10.506
1787123400472253627,0.590562,0.806993,0.699937,0.599892,0.6,-0,0,-0.00954608,0.000564002,-0.197417,-0.363193,-0.00429916,0.437954,-0.349941,0.572279,-0.242428,-10.5739,0.22503,0.0128244,nan,nan,0,-1.40959,-0.0779467,-0.469513,-29.768,-0.654796,-0.565542,nan,nan,0,-0.324396,-0.28312,-0.0337563,-19.6093,-0.472198,-0.811755,nan,nan,0,-0.469544,0.486375,-0.537024,-31.917,0.255228,0.191599,nan,nan,0,-0.707005,-0.128557,1.51142,-15.7993,-0.563502,nan,-17.4902,-20.1298,1,1.07604,0.210626,-1.9168,10.8983,0.538018,nan,12.697,8.55486,1,-1.00902,-0.509768,-0.948232,-7.20391,-0.90451,-0.933376,nan,nan,0,-0.386853,-0.0238729,-0.66591,-0.708183,-0.243426,-0.153287,nan,nan,0,0.075512,0.323962,-0.537024,-0.122101,0.347756,0.288382,nan,nan,0,0.394496,0.671223,2.33529,1.14774,0.687248,0.769591,nan,nan,0,0.0269943,-0.231634,0.0440444,-0.610093,-0.196503,nan,1.16352,-0.213364,1,0.100358,0.0824528,1.79706,-2.15759,0.0501791,nan,-3.66381,-3.89671,1,0,0.99512,-0.004722,0.000751,-0.098546,-0.363193,-0.00429916,0.437954,0.454975,-5.75393,8.31711
1787123400482122932,0.660477,0.750847,0.699939,0.599895,0.6,-0,0,-0.0144675,0.000616668,-0.191644,-0.468373,0.0649208,0.71581,-0.0010141,0.568253,-0.487926,-9.89011,0.399493,0.0532735,nan,nan,0,-1.38642,-0.0790973,0.0153437,-24.7375,-0.64321,-0.580089,nan,nan,0,0.078214,-0.285037,-0.291528,-15.6532,-0.270893,-0.672127,nan,nan,0,-0.430736,0.482157,-0.346765,-24.9817,0.274632,0.226924,nan,nan,0,-0.671241,-0.125133,0.0973357,-14.4791,-0.545621,nan,-14.8631,-18.1153,1,1.01809,0.179493,-3.63627,10.3531,0.509047,nan,15.341,11.2998,1,-1.07968,-0.520315,-1.07712,-7.49695,-0.939839,-0.906561,nan,nan,0,-0.339798,-0.0302005,-0.635223,-3.34554,-0.219899,-0.215563,nan,nan,0,0.0211098,0.318594,-0.506338,0.463982,0.320555,0.324341,nan,nan,0,0.530247,0.693657,2.23095,-4.46886,0.755124,0.708268,nan,nan,0,0.0708606,-0.231158,0.00918584,-0.128652,-0.17457,nan,1.96681,0.381181,1,0.108982,0.0942648,0.972588,-2.82375,0.0544912,nan,-2.65209,-3.93457,1,0,0.995386,-0.007171,0.000999,-0.095671,-0.468373,0.0649208,0.71581,-1.07478,-3.32622,13.2661
1787123400492203108,0.725082,0.688663,0.69994,0.599897,0.6,-0,0,-0.0188987,0.00370207,-0.182653,-0.420092,0.242312,1.05152,-0.00445691,0.561733,-0.727284,-8.37607,0.397772,0.20467,nan,nan,0,-1.54466,-0.0779467,0.113543,-20.0977,-0.722332,-0.616922,nan,nan,0,0.341244,-0.290022,-0.555436,-9.15751,-0.139378,-0.473638,nan,nan,0,-0.314723,0.478705,-0.340627,-20.3419,0.332638,0.255943,nan,nan,0,-0.440575,-0.136093,-1.20796,-14.1858,-0.430288,nan,-8.48488,-15.9455,1,0.987865,0.143067,-3.90699,10.8446,0.493933,nan,16.3864,14.1561,1,-1.21334,-0.531436,-1.15077,-6.47131,-1.00667,-0.910673,nan,nan,0,-0.258147,-0.0367203,-0.69046,-2.90598,-0.179073,-0.236725,nan,nan,0,0.0390284,0.314567,-0.340627,1.3431,0.329514,0.335822,nan,nan,0,0.688179,0.713983,1.94863,-8.57143,0.83409,0.705236,nan,nan,0,0.108023,-0.229131,-0.0131187,0.346342,-0.155989,nan,2.57966,1.17352,1,0.0806694,0.101326,0.0377563,-2.77746,0.0403347,nan,-1.88636,-3.26101,1,0,0.995788,-0.009241,0.002705,-0.091178,-0.420092,0.242312,1.05152,-3.01004,-2.41592,11.4846
1787123400502202491,0.783858,0.62094,0.699941,0.599899,0.6,-0,0,-0.0240202,0.00786348,-0.172261,-0.545347,0.337471,0.97509,-0.20952,0.553104,-0.886857,-5.29915,0.29524,0.336893,nan,nan,0,-1.54515,-0.0773716,0.0214815,-19.072,-0.722574,-0.664611,nan,nan,0,0.34792,-0.295584,-0.475651,-4.0293,-0.13604,-0.28244,nan,nan,0,-0.213902,0.475062,-0.359039,-20.4396,0.383049,0.291225,nan,nan,0,-0.17229,-0.150923,-1.85336,-15.0704,-0.296145,nan,-2.30275,-12.3152,1,0.972971,0.110374,-3.32745,12.804,0.486485,nan,16.2745,15.987,1,-1.38508,-0.543517,-1.19987,-6.27595,-1.09254,-0.948019,nan,nan,0,-0.191456,-0.0445819,-0.819346,-1.97802,-0.145728,-0.220208,nan,nan,0,0.0109034,0.313224,-0.0889931,1.14774,0.315452,0.333963,nan,nan,0,0.752264,0.727981,1.67859,-11.6484,0.866132,0.754894,nan,nan,0,0.105268,-0.229292,0.0638381,0.620115,-0.157366,nan,2.42167,1.96683,1,0.0495591,0.0950298,-0.72558,-2.70767,0.0247796,nan,-1.01914,-2.22575,1,0,0.996217,-0.011627,0.00495,-0.08597,-0.545347,0.337471,0.97509,-4.53421,-1.25608,6.84993
1787123400512302678,0.836331,0.548224,0.699942,0.599901,0.6,-0,0,-0.0285589,0.0110957,-0.164123,-0.31471,0.0335183,0.662371,-0.0995266,0.543133,-0.874582,-4.85959,0.350237,0.365894,nan,nan,0,-1.70696,-0.0781384,-0.0705805,-22.2466,-0.803481,-0.704979,nan,nan,0,0.145082,-0.294241,0.414276,-1.78266,-0.237459,-0.164431,nan,nan,0,-0.225818,0.472377,-0.193328,-18.5348,0.377091,0.336645,nan,nan,0,-0.246821,-0.174068,-1.48715,-13.4912,-0.333411,nan,-3.34626,-7.24099,1,1.04186,0.0766198,-2.32635,14.9561,0.520932,nan,16.8189,16.5651,1,-1.45873,-0.55694,-1.206,-8.03419,-1.12937,-1.01409,nan,nan,0,-0.107888,-0.054553,-0.929819,-2.95483,-0.103944,-0.184934,nan,nan,0,-0.0525564,0.311307,-0.113543,0.952377,0.283722,0.326664,nan,nan,0,0.726309,0.746389,1.45764,-6.27595,0.853155,0.816471,nan,nan,0,0.0370579,-0.229658,0.214879,1.23649,-0.191471,nan,1.01421,2.41139,1,0.0672338,0.0816477,-1.18498,-1.5706,0.0336169,nan,0.336539,-1.23158,1,0,0.996524,-0.013776,0.006699,-0.081881,-0.31471,0.0335183,0.662371,-0.430935,1.48513,7.66337
1787123400522447761,0.88208,0.471099,0.699943,0.599903,0.6,-0,0,-0.0285938,0.0106739,-0.16032,0.270467,0.134219,0.000356187,-0.102042,0.534696,-0.819346,-2.41758,0.348979,0.355968,nan,nan,0,-2.36585,-0.079289,-0.150367,-22.149,-1.13292,-0.750585,nan,nan,0,-0.414667,-0.280627,1.59266,-2.75946,-0.517333,-0.155345,nan,nan,0,-0.251173,0.471802,0.0214815,-15.6532,0.364414,0.368639,nan,nan,0,-0.449903,-0.182455,-0.829614,-9.58349,-0.434951,nan,-7.59295,-3.91107,1,1.23426,0.0618891,-1.15827,14.4784,0.617131,nan,18.3947,16.634,1,-1.3238,-0.569211,-1.24897,-8.13187,-1.0619,-1.08072,nan,nan,0,0.00367886,-0.0639486,-0.935957,-2.17339,-0.0481606,-0.143268,nan,nan,0,-0.0413586,0.312074,0.101268,0.268623,0.289321,0.309041,nan,nan,0,0.752112,0.759811,1.27965,-2.75946,0.866056,0.851781,nan,nan,0,-0.0366225,-0.228026,0.390913,1.34403,-0.228311,nan,-0.596356,2.01484,1,0.101978,0.0637208,-1.46733,-0.929536,0.0509892,nan,1.81905,-0.234176,1,0,0.996678,-0.013823,0.006464,-0.079989,0.270467,0.134219,0.000356187,1.54611,4.78896,10.1365
1787123400532486864,0.920736,0.390185,0.699944,0.599905,0.6,-0,0,-0.0246947,0.0117437,-0.163839,0.38078,0.0949495,-0.612919,-0.181972,0.527602,-0.794796,-3.39439,0.309014,0.350221,nan,nan,0,-2.63024,-0.0815902,-0.309939,-22.6862,-1.26512,-0.895305,nan,nan,0,-1.05007,-0.262602,2.10207,-4.66422,-0.835036,-0.285478,nan,nan,0,-0.335193,0.472761,0.168778,-15.116,0.322404,0.376376,nan,nan,0,-0.584951,-0.186632,-0.0192341,-7.56991,-0.502476,nan,-11.0257,-4.39076,1,1.32727,0.0641535,0.259223,14.3928,0.663633,nan,17.5955,16.9056,1,-1.10018,-0.5811,-1.3533,-8.62027,-0.950091,-1.09874,nan,nan,0,0.135391,-0.0723858,-0.923681,-0.805862,0.0176955,-0.0954096,nan,nan,0,-0.0488909,0.313224,0.131955,-0.268623,0.285555,0.294066,nan,nan,0,0.785121,0.77055,1.16304,-0.463982,0.882561,0.86529,nan,nan,0,-0.085937,-0.222378,0.523397,1.29984,-0.252969,nan,-1.85575,0.822151,1,0.0738907,0.0556152,-1.55787,-0.382387,0.0369453,nan,1.77671,0.895856,1,0,0.996559,-0.011825,0.006862,-0.081748,0.38078,0.0949495,-0.612919,-0.060925,1.83879,8.34103
1787123400542334745,0.951989,0.306132,0.699946,0.599907,0.6,-0,0,-0.0213087,0.0123329,-0.171131,0.319985,0.104494,-0.784905,-0.228171,0.518781,-0.782521,-3.83395,0.285914,0.33515,nan,nan,0,-2.51197,-0.0861921,-0.524749,-27.619,-1.20598,-1.09071,nan,nan,0,-1.11074,-0.243236,1.7461,-7.98535,-0.865369,-0.535055,nan,nan,0,-0.330134,0.475829,0.316077,-14.188,0.324933,0.35869,nan,nan,0,-0.589803,-0.178216,0.94423,-7.87149,-0.504901,nan,-12.8503,-7.53492,1,1.32278,0.0755906,1.6721,15.9117,0.661388,nan,15.0658,16.9123,1,-0.96728,-0.597207,-1.5006,-6.76434,-0.88364,-1.0484,nan,nan,0,0.196399,-0.0812063,-0.85617,0.0244217,0.0481993,-0.0389363,nan,nan,0,0.04077,0.3138,0.0276184,-0.610504,0.330385,0.286958,nan,nan,0,0.693126,0.78378,1.05871,1.39194,0.836563,0.87422,nan,nan,0,-0.0742501,-0.216609,0.651242,0.549669,-0.247125,nan,-2.04493,-0.652577,1,0.0483366,0.0386797,-1.41208,0.356832,0.0241683,nan,1.68278,1.72104,1,0,0.996271,-0.010088,0.007054,-0.085389,0.319985,0.104494,-0.784905,-0.099112,0.659196,6.8836
1787123400552320201,0.975586,0.219617,0.699947,0.599908,0.6,-0,0,-0.0183272,0.0128557,-0.179035,0.2774,0.0403649,-0.797099,-0.153769,0.512261,-0.696597,-5.9829,0.323116,0.31115,nan,nan,0,-2.14986,-0.0930948,-0.727284,-36.1661,-1.02493,-1.2047,nan,nan,0,-0.980694,-0.23173,0.862308,-15.2137,-0.800347,-0.753604,nan,nan,0,-0.307324,0.479472,0.438826,-19.9023,0.336338,0.337323,nan,nan,0,-0.606652,-0.16769,1.29542,-7.59779,-0.513326,nan,-14.0404,-10.9094,1,1.26475,0.0948424,2.08878,16.8686,0.632376,nan,12.9928,16.0404,1,-0.792802,-0.611397,-1.56811,-6.95971,-0.796401,-0.965794,nan,nan,0,0.256065,-0.0892601,-0.757972,1.14774,0.0780325,0.0127605,nan,nan,0,0.113754,0.3138,-0.00920582,-0.757019,0.366877,0.299207,nan,nan,0,0.539792,0.791642,0.985056,1.53846,0.759896,0.865365,nan,nan,0,-0.0498491,-0.210654,0.70162,-0.274961,-0.234925,nan,-1.90189,-1.73614,1,0.00252408,0.028447,-1.09079,1.14439,0.00126204,nan,0.82064,1.93809,1,0,0.995938,-0.008552,0.007221,-0.089334,0.2774,0.0403649,-0.797099,0.092698,1.07357,7.03938
1787123400562885175,0.991338,0.131334,0.699948,0.59991,0.6,-0,0,-0.0155197,0.0120584,-0.18696,0.317337,-0.164375,-0.789818,0.147889,0.506125,-0.487926,-8.81563,0.473944,0.305308,nan,nan,0,-1.75645,-0.100956,-0.678185,-46.3736,-0.828223,-1.17371,nan,nan,0,-0.872619,-0.227895,0.187191,-19.9512,-0.74631,-0.840688,nan,nan,0,-0.308966,0.4858,0.555436,-22.5397,0.335517,0.329715,nan,nan,0,-0.723623,-0.157143,0.421752,-6.50329,-0.571812,nan,-15.146,-13.1535,1,1.21713,0.107185,0.746922,18.7102,0.608565,nan,13.921,14.6355,1,-0.575627,-0.628462,-1.56197,-5.49451,-0.687813,-0.876492,nan,nan,0,0.371876,-0.0955877,-0.469513,0.415138,0.135938,0.0526802,nan,nan,0,0.206143,0.313608,0.00306892,-0.512817,0.413072,0.329561,nan,nan,0,0.355858,0.802188,0.929819,0.21978,0.667929,0.82383,nan,nan,0,-0.069362,-0.204605,0.550995,-0.942243,-0.244681,nan,-2.22915,-2.13302,1,-0.0369779,0.0198009,-0.591032,0.978328,-0.0184889,nan,-0.262146,1.52489,1,0,0.99559,-0.007163,0.006727,-0.093293,0.317337,-0.164375,-0.789818,1.20993,1.12442,9.84749
1787123400572383005,0.999118,0.0419944,0.699949,0.599912,0.6,-0,0,-0.0120055,0.0100581,-0.193771,0.336684,-0.129315,-0.551412,0.204542,0.503057,-0.297665,-8.27839,0.502271,0.361821,nan,nan,0,-1.49914,-0.105558,-0.438826,-47.3504,-0.699572,-1.02841,nan,nan,0,-0.654167,-0.228279,-0.09513,-20.3419,-0.637083,-0.824133,nan,nan,0,-0.256267,0.490594,0.549299,-20.0977,0.361867,0.330927,nan,nan,0,-0.709434,-0.161334,-0.746661,-8.37284,-0.564717,nan,-12.9984,-14.2368,1,1.13667,0.103886,-0.819485,16.5531,0.568334,nan,15.1627,14.1635,1,-0.454809,-0.641693,-1.46991,-5.29915,-0.627405,-0.779745,nan,nan,0,0.34321,-0.0980802,-0.224015,1.24542,0.121605,0.0937206,nan,nan,0,0.236779,0.314758,0.181053,-0.268623,0.428389,0.370437,nan,nan,0,0.141033,0.810817,0.850034,-2.71062,0.560517,0.751984,nan,nan,0,-0.0805446,-0.200545,0.363882,-1.17765,-0.250272,nan,-2.28627,-2.19592,1,-0.0658237,0.017831,-0.258083,1.21767,-0.0329118,nan,-1.13516,0.647513,1,0,0.995282,-0.005488,0.005586,-0.096701,0.336684,-0.129315,-0.551412,-0.044772,-2.19187,14.0019
