timestamp_ns,phase_sin,phase_cos,cmd_linear_x,cmd_linear_y,cmd_angular_z,base_euler_x,base_euler_y,base_euler_z,base_ang_vel_x,base_ang_vel_y,base_ang_vel_z,action_left_hip_pitch_joint,pos_left_hip_pitch_joint,vel_left_hip_pitch_joint,effort_left_hip_pitch_joint,pos_des_raw_left_hip_pitch_joint,pos_des_lpf_left_hip_pitch_joint,tau_des_raw_left_hip_pitch_joint,tau_des_lpf_left_hip_pitch_joint,is_parallel_left_hip_pitch_joint,action_left_hip_roll_joint,pos_left_hip_roll_joint,vel_left_hip_roll_joint,effort_left_hip_roll_joint,pos_des_raw_left_hip_roll_joint,pos_des_lpf_left_hip_roll_joint,tau_des_raw_left_hip_roll_joint,tau_des_lpf_left_hip_roll_joint,is_parallel_left_hip_roll_joint,action_left_hip_yaw_joint,pos_left_hip_yaw_joint,vel_left_hip_yaw_joint,effort_left_hip_yaw_joint,pos_des_raw_left_hip_yaw_joint,pos_des_lpf_left_hip_yaw_joint,tau_des_raw_left_hip_yaw_joint,tau_des_lpf_left_hip_yaw_joint,is_parallel_left_hip_yaw_joint,action_left_knee_pitch_joint,pos_left_knee_pitch_joint,vel_left_knee_pitch_joint,effort_left_knee_pitch_joint,pos_des_raw_left_knee_pitch_joint,pos_des_lpf_left_knee_pitch_joint,tau_des_raw_left_knee_pitch_joint,tau_des_lpf_left_knee_pitch_joint,is_parallel_left_knee_pitch_joint,action_left_ankle_pitch_joint,pos_left_ankle_pitch_joint,vel_left_ankle_pitch_joint,effort_left_ankle_pitch_joint,pos_des_raw_left_ankle_pitch_joint,pos_des_lpf_left_ankle_pitch_joint,tau_des_raw_left_ankle_pitch_joint,tau_des_lpf_left_ankle_pitch_joint,is_parallel_left_ankle_pitch_joint,action_left_ankle_roll_joint,pos_left_ankle_roll_joint,vel_left_ankle_roll_joint,effort_left_ankle_roll_joint,pos_des_raw_left_ankle_roll_joint,pos_des_lpf_left_ankle_roll_joint,tau_des_raw_left_ankle_roll_joint,tau_des_lpf_left_ankle_roll_joint,is_parallel_left_ankle_roll_joint,action_right_hip_pitch_joint,pos_right_hip_pitch_joint,vel_right_hip_pitch_joint,effort_right_hip_pitch_joint,pos_des_raw_right_hip_pitch_joint,pos_des_lpf_right_hip_pitch_joint,tau_des_raw_right_hip_pitch_joint,tau_des_lpf_right_hip_pitch_joint,is_parallel_right_hip_pitch_joint,action_right_hip_roll_joint,pos_right_hip_roll_joint,vel_right_hip_roll_joint,effort_right_hip_roll_joint,pos_des_raw_right_hip_roll_joint,pos_des_lpf_right_hip_roll_joint,tau_des_raw_right_hip_roll_joint,tau_des_lpf_right_hip_roll_joint,is_parallel_right_hip_roll_joint,action_right_hip_yaw_joint,pos_right_hip_yaw_joint,vel_right_hip_yaw_joint,effort_right_hip_yaw_joint,pos_des_raw_right_hip_yaw_joint,pos_des_lpf_right_hip_yaw_joint,tau_des_raw_right_hip_yaw_joint,tau_des_lpf_right_hip_yaw_joint,is_parallel_right_hip_yaw_joint,action_right_knee_pitch_joint,pos_right_knee_pitch_joint,vel_right_knee_pitch_joint,effort_right_knee_pitch_joint,pos_des_raw_right_knee_pitch_joint,pos_des_lpf_right_knee_pitch_joint,tau_des_raw_right_knee_pitch_joint,tau_des_lpf_right_knee_pitch_joint,is_parallel_right_knee_pitch_joint,action_right_ankle_pitch_joint,pos_right_ankle_pitch_joint,vel_right_ankle_pitch_joint,effort_right_ankle_pitch_joint,pos_des_raw_right_ankle_pitch_joint,pos_des_lpf_right_ankle_pitch_joint,tau_des_raw_right_ankle_pitch_joint,tau_des_lpf_right_ankle_pitch_joint,is_parallel_right_ankle_pitch_joint,action_right_ankle_roll_joint,pos_right_ankle_roll_joint,vel_right_ankle_roll_joint,effort_right_ankle_roll_joint,pos_des_raw_right_ankle_roll_joint,pos_des_lpf_right_ankle_roll_joint,tau_des_raw_right_ankle_roll_joint,tau_des_lpf_right_ankle_roll_joint,is_parallel_right_ankle_roll_joint,clip_count,imu_quat_w,imu_quat_x,imu_quat_y,imu_quat_z,imu_gyro_x,imu_gyro_y,imu_gyro_z,imu_accel_x,imu_accel_y,imu_accel_z
1786071334336212509,0,1,0,0,0,0.0229949,0.0517109,-2.84957,-0.00206656,-0.00310518,0.0019651,-0.455356,0.395869,0.00306892,1.8315,0.172322,0.395349,nan,nan,0,0.22757,0.0449653,0.00306892,1.53846,0.163785,0.0452421,nan,nan,0,0.0220819,-0.312266,-0.00920582,0.757019,-0.298959,-0.312235,nan,nan,0,-0.347615,0.507468,-0.00306892,-4.95727,0.316192,0.507022,nan,nan,0,0.209155,-0.213636,-2.92439e-07,5.59239,-0.105423,nan,3.78746,0.00882274,1,-0.0149428,0.00165122,-0.0031443,-0.810898,-0.00747139,nan,-0.268962,-0.000626536,1,0.570236,-0.399704,0.00306892,0.0244217,-0.114882,-0.39904,nan,nan,0,0.484921,-0.0466914,0.00306892,-1.53846,0.192461,-0.0461343,nan,nan,0,0.142161,0.307281,0.00306892,1.14774,0.38108,0.307452,nan,nan,0,-0.261819,0.512836,-0.00306892,-7.15507,0.359091,0.512478,nan,nan,0,0.530615,-0.213133,3.70417e-07,3.33179,0.0553077,nan,9.39543,0.0218863,1,0.0611806,-0.00040642,-0.00314377,-1.09618,0.0305903,nan,0.934618,0.00217716,1,0,0.145139,0.027248,-0.00761,-0.989006,-0.00206656,-0.00310518,0.0019651,-0.515917,0.194437,9.74438
1786071334347991187,0,1,0,0,0,0.0229805,0.0517068,-2.84956,-0.00113127,-0.000482269,0.00273849,-0.117682,0.395869,0.00306892,0.708183,0.341159,0.323131,nan,nan,0,0.0922594,0.0449653,0.00306892,1.14774,0.0961297,0.0836786,nan,nan,0,0.043129,-0.312266,0.00306892,0.561661,-0.288436,-0.307888,nan,nan,0,-0.397838,0.507468,0.00920582,-3.00366,0.291081,0.444835,nan,nan,0,0.116523,-0.213636,-0.00383279,2.69831,-0.151738,nan,2.17217,1.23544,1,-0.0219157,0.00165122,-0.00314472,0.0950867,-0.0109578,nan,-0.373554,-0.0884629,1,0.331525,-0.399704,0.00306892,0.21978,-0.234237,-0.306805,nan,nan,0,0.317285,-0.0466914,0.00920582,0.0244217,0.108642,0.0313501,nan,nan,0,-0.008675,0.307088,0.00306892,0.610504,0.305662,0.331248,nan,nan,0,-0.232163,0.512836,0.00306892,-3.83395,0.373919,0.462574,nan,nan,0,0.506782,-0.213133,-0.00191075,2.07747,0.0433909,nan,8.98121,3.07235,1,0.00397136,-0.000210128,-0.00628666,-0.810272,0.00198568,nan,0.0753043,0.303179,1,0,0.145145,0.027245,-0.007603,-0.989005,-0.00113127,-0.000482269,0.00273849,-0.53194,0.18272,9.73826
1786071334355751485,0,1,0,0,0,0.0229904,0.0517054,-2.84956,0.00593094,0.00143586,-7.84351e-05,0.0154637,0.395678,-0.00306892,-0.854698,0.407732,0.286202,nan,nan,0,0.103741,0.0449653,0.00306892,1.39194,0.10187,0.110576,nan,nan,0,0.0407987,-0.312458,-0.0214806,0.268623,-0.289601,-0.299001,nan,nan,0,-0.406949,0.507659,0.0214815,-5.20146,0.286526,0.358014,nan,nan,0,0.171197,-0.21365,-0.166714,1.44695,-0.124401,nan,3.37377,2.30083,1,-0.0024267,7.92713e-05,0.062864,-0.286071,-0.00121335,nan,-0.133075,-0.23792,1,0.350188,-0.399704,0.00920582,1.78266,-0.224906,-0.22843,nan,nan,0,0.237784,-0.0464997,0.0153437,1.8315,0.068892,0.102374,nan,nan,0,-0.022869,0.307088,0.00306892,0.463982,0.298565,0.337082,nan,nan,0,-0.183331,0.51322,0.0398932,-5.25031,0.398335,0.404226,nan,nan,0,0.633242,-0.213133,-0.0554407,2.31302,0.106621,nan,11.2746,6.81926,1,-0.0128772,0.0013607,0.0943201,0.143199,-0.0064386,nan,-0.375459,0.3822,1,0,0.145145,0.027245,-0.007608,-0.989005,0.00593094,0.00143586,-7.84351e-05,-0.539964,0.19428,9.75664
1786071334365551156,0,1,0,0,0,0.022991,0.0517377,-2.84957,-0.00257073,-0.00145431,0.000364547,0.00174595,0.395294,-0.046031,-1.8315,0.400873,0.325988,nan,nan,0,0.223683,0.0449653,0.00920582,2.66178,0.161842,0.112,nan,nan,0,0.128847,-0.312841,-0.0398932,0.757019,-0.245576,-0.291899,nan,nan,0,-0.381266,0.507276,-0.0705805,-13.2601,0.299367,0.302388,nan,nan,0,0.170177,-0.215735,-0.207066,2.26697,-0.124911,nan,3.48943,2.94206,1,-0.0232325,0.0016776,0.141561,-0.166753,-0.0116163,nan,-0.611158,-0.296729,1,0.539779,-0.399321,0.0521679,3.93163,-0.130111,-0.208963,nan,nan,0,0.352377,-0.0461164,0.0583057,4.7619,0.126188,0.109955,nan,nan,0,-0.0022128,0.307281,0.00306892,1.00122,0.308894,0.320707,nan,nan,0,-0.160329,0.513412,-0.00306892,-9.74359,0.409835,0.383034,nan,nan,0,0.665399,-0.213102,0.0879027,5.95969,0.1227,nan,11.6212,9.54202,1,-0.0214724,0.00234264,0.166596,0.215131,-0.0107362,nan,-0.64226,0.0588727,1,0,0.145142,0.027261,-0.007606,-0.989005,-0.00257073,-0.00145431,0.000364547,-0.597075,0.202039,9.65874
1786071334375578992,0,1,0,0,0,0.0229649,0.0515658,-2.84959,0.000577704,-0.0299079,-0.00075578,0.0127428,0.394719,-0.0767183,-1.19658,0.406371,0.373805,nan,nan,0,0.129301,0.045157,0.00920582,2.85714,0.11465,0.126751,nan,nan,0,0.129481,-0.312841,0.0398932,0.610504,-0.24526,-0.27471,nan,nan,0,-0.398613,0.505934,-0.174916,-17.1184,0.290693,0.285176,nan,nan,0,0.113069,-0.219874,-0.132425,2.22567,-0.153465,nan,2.52294,3.35759,1,-0.0355821,0.00743649,0.144831,-0.237979,-0.0177911,nan,-0.974073,-0.411796,1,0.484563,-0.398553,0.09513,4.46886,-0.157719,-0.181313,nan,nan,0,0.298283,-0.0451574,0.113543,4.81075,0.0991414,0.110111,nan,nan,0,-0.0339917,0.307088,-0.0153437,0.708183,0.293004,0.309115,nan,nan,0,-0.091049,0.512836,-0.0889931,-11.16,0.444475,0.389252,nan,nan,0,0.718251,-0.210993,0.317033,8.90585,0.149125,nan,12.1286,11.0849,1,-0.00832027,0.00332934,0.153728,0.145729,-0.00416013,nan,-0.455277,-0.352086,1,0,0.14513,0.027174,-0.007606,-0.98901,0.000577704,-0.0299079,-0.00075578,-0.202801,0.319301,9.46329
1786071334385662175,0,1,0,0,0,0.0229698,0.0510237,-2.84967,0.0146074,-0.0285302,-0.0186282,0.0132296,0.393568,-0.101268,-0.0732574,0.406615,0.400595,nan,nan,0,0.134395,0.045157,0.0276184,3.05251,0.117198,0.132313,nan,nan,0,0.125987,-0.312074,0.0889931,0.854698,-0.247007,-0.256045,nan,nan,0,-0.36525,0.503057,-0.309939,-17.9487,0.307375,0.285208,nan,nan,0,0.157627,-0.217826,-0.00959452,2.69544,-0.131187,nan,3.04675,3.17748,1,0.00307465,0.00406392,0.0692391,-0.333241,0.00153732,nan,-0.179657,-0.637158,1,0.334036,-0.397403,0.14423,5.25031,-0.232982,-0.158466,nan,nan,0,0.205868,-0.0438147,0.168778,4.90842,0.0529342,0.109177,nan,nan,0,-0.101218,0.306897,-0.0214806,0.415138,0.259391,0.300936,nan,nan,0,-0.0912988,0.511686,-0.131955,-10.3785,0.444351,0.412198,nan,nan,0,0.68044,-0.206835,0.48082,10.7999,0.13022,nan,11.0757,11.7729,1,-0.0412144,0.00353383,0.0399955,-0.136221,-0.0206072,nan,-0.784224,-0.552404,1,0,0.145095,0.026906,-0.007649,-0.989022,0.0146074,-0.0285302,-0.0186282,0.276859,0.496949,9.92799
1786071334395754172,0,1,0,0,0,0.0231216,0.0507616,-2.85004,0.0226059,0.0128356,-0.0587036,-0.0392362,0.392417,-0.131955,0.463982,0.380382,0.409986,nan,nan,0,0.16124,0.0455403,0.046031,2.5641,0.13062,0.125808,nan,nan,0,0.11214,-0.31054,0.193329,0.952377,-0.25393,-0.246763,nan,nan,0,-0.339541,0.499414,-0.377452,-16.5324,0.320229,0.293382,nan,nan,0,0.170606,-0.21782,0.092079,2.81261,-0.124697,nan,3.12117,2.92521,1,-0.0073092,0.00524381,-0.00944719,-0.785736,-0.0036546,nan,-0.252781,-0.555901,1,0.36083,-0.395485,0.199466,5.54334,-0.219585,-0.176995,nan,nan,0,0.217884,-0.0418973,0.205604,4.71307,0.0589422,0.0889739,nan,nan,0,-0.106577,0.306513,-0.0398932,0.122101,0.256711,0.284086,nan,nan,0,-0.086715,0.510152,-0.162642,-7.78999,0.446643,0.433681,nan,nan,0,0.684153,-0.202703,0.430989,12.1463,0.132076,nan,11.0708,11.6933,1,-0.0704916,0.00275535,-0.173562,-0.322659,-0.0352458,nan,-0.879693,-0.644738,1,0,0.144915,0.026786,-0.007748,-0.989051,0.0226059,0.0128356,-0.0587036,-0.047432,0.573157,11.1889
1786071334405544339,0,1,0,0,0,0.0232628,0.0511165,-2.851,0.0151261,0.0608739,-0.131301,-0.115711,0.391075,-0.156505,1.39194,0.342144,0.401982,nan,nan,0,0.161148,0.0461159,0.0521679,2.85714,0.130574,0.124342,nan,nan,0,0.0681345,-0.307856,0.28539,1.14774,-0.275933,-0.246928,nan,nan,0,-0.323932,0.495196,-0.432689,-15.7021,0.328034,0.30648,nan,nan,0,0.188407,-0.215752,0.11121,2.54038,-0.115796,nan,3.33163,2.9187,1,-0.0152975,0.00344632,-0.0157301,-0.667005,-0.00764875,nan,-0.309257,-0.359002,1,0.386796,-0.393185,0.254703,4.71307,-0.206602,-0.204753,nan,nan,0,0.23634,-0.0397882,0.224015,4.37119,0.0681699,0.0682424,nan,nan,0,-0.119706,0.305747,-0.113543,-0.268623,0.250147,0.266907,nan,nan,0,-0.0477012,0.508235,-0.199466,-5.05495,0.466149,0.444968,nan,nan,0,0.741723,-0.198611,0.364085,11.8015,0.160861,nan,12.0354,11.3316,1,-0.0634616,0.00217204,-0.245518,-0.631453,-0.0317308,nan,-0.648807,-0.741441,1,0,0.144435,0.026968,-0.007805,-0.989115,0.0151261,0.0608739,-0.131301,-0.659416,0.409682,11.413
1786071334415694921,0,1,0,0,0,0.023245,0.0522912,-2.85245,-0.0173438,0.091772,-0.154377,-0.182699,0.389349,-0.174916,1.88034,0.30865,0.376851,nan,nan,0,0.119836,0.0466909,0.046031,3.19902,0.109918,0.127021,nan,nan,0,0.0581664,-0.304788,0.309939,0.805862,-0.280917,-0.257596,nan,nan,0,-0.285539,0.490594,-0.457238,-14.7253,0.347231,0.319039,nan,nan,0,0.257641,-0.215739,0.153395,2.73585,-0.0811794,nan,4.47948,3.067,1,-0.00226661,0.00580493,0.0346185,-0.452764,-0.0011333,nan,-0.260075,-0.284212,1,0.372037,-0.390692,0.26084,5.0061,-0.213982,-0.214624,nan,nan,0,0.227602,-0.0372953,0.248566,3.73627,0.0638009,0.0615978,nan,nan,0,-0.12515,0.304213,-0.162642,-0.415138,0.247425,0.25555,nan,nan,0,-0.00608614,0.506125,-0.217878,-2.61295,0.486957,0.454938,nan,nan,0,0.749307,-0.194519,0.318066,11.5347,0.164653,nan,12.0939,11.4047,1,-0.0883409,0.00100121,-0.182741,-0.845254,-0.0441704,nan,-1.08104,-0.761095,1,0,0.143708,0.027542,-0.007731,-0.989206,-0.0173438,0.091772,-0.154377,-1.95803,-0.011126,10.584
1786071334425840044,0,1,0,0,0,0.0229848,0.0544579,-2.85455,-0.0112902,0.108683,-0.114321,-0.206468,0.38724,-0.205604,0.903542,0.296766,0.342675,nan,nan,0,0.0946298,0.0466909,0.00920582,3.68742,0.0973149,0.122676,nan,nan,0,0.0783275,-0.302295,0.248566,0.854698,-0.270836,-0.270843,nan,nan,0,-0.263167,0.485991,-0.4511,-13.4554,0.358416,0.332809,nan,nan,0,0.28881,-0.213666,0.201238,3.01084,-0.065595,nan,4.88061,3.5897,1,0.00643552,0.00577658,0.0252012,-0.333955,0.00321776,nan,-0.114566,-0.284134,1,0.355049,-0.388007,0.26084,4.32234,-0.222476,-0.215487,nan,nan,0,0.218317,-0.0348024,0.26084,3.44322,0.0591583,0.0617922,nan,nan,0,-0.128736,0.302486,-0.187191,-0.708183,0.245632,0.249229,nan,nan,0,0.00422386,0.504016,-0.242428,-3.10134,0.492112,0.469682,nan,nan,0,0.75628,-0.190432,0.237882,11.9778,0.16814,nan,12.1932,11.7422,1,-0.0906588,0.00139251,-0.132357,-0.86727,-0.0453294,nan,-1.20312,-0.856654,1,0,0.142656,0.028587,-0.007476,-0.989331,-0.0112902,0.108683,-0.114321,-2.11038,0.502738,9.22073
1786071334435694157,0,1,0,0,0,0.0229825,0.0552891,-2.85508,0.00118599,0.124526,-0.107827,-0.210423,0.384939,-0.248566,0.512817,0.294788,0.313689,nan,nan,0,0.103813,0.0466909,0.00306892,3.05251,0.101907,0.11123,nan,nan,0,0.0875525,-0.300186,0.205604,0.561661,-0.266224,-0.275749,nan,nan,0,-0.246228,0.481581,-0.426551,-11.8437,0.366886,0.346939,nan,nan,0,0.316879,-0.211587,0.250948,3.3644,-0.0515606,nan,5.22451,4.25612,1,0.00734552,0.00614055,0.0126683,-0.310494,0.00367276,nan,-0.0930361,-0.228024,1,0.391731,-0.385514,0.242428,5.25031,-0.204134,-0.217676,nan,nan,0,0.212717,-0.03231,0.254703,3.10134,0.0563587,0.0613139,nan,nan,0,-0.120552,0.300186,-0.23629,-0.757019,0.249724,0.246226,nan,nan,0,0.00915336,0.501715,-0.217878,-2.22222,0.494577,0.483481,nan,nan,0,0.786248,-0.190408,0.127493,12.3318,0.183124,nan,12.8824,12.0481,1,-0.0899718,-0.00192718,-0.063102,-1.08155,-0.0449859,nan,-1.19711,-1.03017,1,0,0.142388,0.028996,-0.007423,-0.989358,0.00118599,0.124526,-0.107827,-2.06773,0.210762,9.12215
1786071334445630398,0,1,0,0,0,0.0232186,0.0567348,-2.85613,0.0365598,0.0532591,-0.0958219,-0.158826,0.382255,-0.26084,-0.0732574,0.320587,0.297696,nan,nan,0,0.0937603,0.0466909,0.00306892,3.15018,0.0968801,0.103058,nan,nan,0,0.0737203,-0.29846,0.187191,0.21978,-0.27314,-0.273033,nan,nan,0,-0.254595,0.477555,-0.377452,-10.525,0.362703,0.35879,nan,nan,0,0.293878,-0.209504,0.356138,3.64008,-0.0630609,nan,4.5913,4.7895,1,0.00281247,0.00827107,0.041049,-0.287144,0.00140623,nan,-0.267519,-0.151925,1,0.359221,-0.383405,0.224015,4.66422,-0.220389,-0.214647,nan,nan,0,0.195059,-0.0298171,0.254703,3.10134,0.0475297,0.0592018,nan,nan,0,-0.125813,0.297692,-0.279252,-0.512817,0.247094,0.246527,nan,nan,0,0.00590701,0.499606,-0.181053,-1.3431,0.492954,0.491899,nan,nan,0,0.817893,-0.190384,0.108332,12.0948,0.198947,nan,13.4641,12.4421,1,-0.08758,-0.00348919,0.0182361,-1.32103,-0.04379,nan,-1.23638,-1.16423,1,0,0.141855,0.029724,-0.007452,-0.989412,0.0365598,0.0532591,-0.0958219,-1.30137,0.433052,9.22155
1786071334455514946,0,1,0,0,0,0.0236316,0.0570671,-2.85682,0.0447499,0.0113055,-0.0541119,-0.143734,0.379378,-0.297665,-0.65934,0.328133,0.30078,nan,nan,0,0.084394,0.0466909,0.00306892,2.41758,0.092197,0.0988537,nan,nan,0,0.0903814,-0.296926,0.14423,0.366302,-0.264809,-0.271242,nan,nan,0,-0.257372,0.474103,-0.328352,-8.91331,0.361314,0.364307,nan,nan,0,0.28276,-0.205349,0.491588,4.42732,-0.06862,nan,4.04812,4.843,1,0.00475282,0.00919294,0.0380931,-0.192559,0.00237641,nan,-0.261635,-0.157041,1,0.349632,-0.381296,0.205604,5.15263,-0.225184,-0.214021,nan,nan,0,0.168716,-0.0273247,0.23629,3.15018,0.034358,0.0543807,nan,nan,0,-0.129058,0.294433,-0.309939,-0.317459,0.245471,0.247319,nan,nan,0,0.00629939,0.498264,-0.14423,-0.708183,0.49315,0.494742,nan,nan,0,0.82606,-0.18833,0.0986597,12.575,0.20303,nan,13.5496,12.9491,1,-0.0815914,-0.000950063,0.0776157,-1.17563,-0.0407957,nan,-1.31179,-1.24801,1,0,0.141503,0.029915,-0.007643,-0.989456,0.0447499,0.0113055,-0.0541119,-1.1084,0.203803,9.37501
1786071334465523852,0,1,0,0,0,0.0242193,0.0572362,-2.85764,0.0363416,-0.0491295,-0.0041779,-0.120578,0.376119,-0.309939,-0.903542,0.339711,0.313791,nan,nan,0,0.0852815,0.0466909,0.00306892,2.27106,0.0926408,0.0953333,nan,nan,0,0.12109,-0.295584,0.138092,0.463982,-0.249455,-0.268996,nan,nan,0,-0.252921,0.470843,-0.28539,-8.66911,0.363539,0.364411,nan,nan,0,0.275373,-0.197061,0.503976,5.22106,-0.0723135,nan,3.61022,4.46164,1,0.00968362,0.00477296,0.016264,-0.0502052,0.00484181,nan,-0.0223303,-0.18498,1,0.332702,-0.37957,0.150368,5.44566,-0.233649,-0.218592,nan,nan,0,0.158631,-0.0248318,0.205604,3.2967,0.0293155,0.0455275,nan,nan,0,-0.124697,0.290981,-0.28539,-0.268623,0.247652,0.246877,nan,nan,0,-0.00293938,0.496922,-0.11968,0.366302,0.48853,0.494604,nan,nan,0,0.812487,-0.186253,0.157472,13.1357,0.196244,nan,13.1512,13.3384,1,-0.0839808,0.0011946,0.0678549,-1.02922,-0.0419904,nan,-1.39733,-1.31252,1,0,0.141088,0.030037,-0.007934,-0.989509,0.0363416,-0.0491295,-0.0041779,-0.128787,0.584966,9.31925
1786071334475487271,0,1,0,0,0,0.024396,0.0568382,-2.85753,0.03822,-0.0829316,0.0542998,-0.100599,0.373242,-0.303802,-0.903542,0.3497,0.327828,nan,nan,0,0.0761639,0.0466909,0.00306892,2.12454,0.088082,0.093062,nan,nan,0,0.147619,-0.294241,0.162642,0.561661,-0.23619,-0.261356,nan,nan,0,-0.251662,0.468351,-0.273115,-7.93651,0.364169,0.363633,nan,nan,0,0.259498,-0.194973,0.366283,5.2246,-0.080251,nan,3.46584,4.00574,1,0.0114763,0.0070933,-0.0213748,-0.24229,0.00573813,nan,-0.00859281,-0.150689,1,0.313132,-0.378228,0.125817,4.7619,-0.243434,-0.225736,nan,nan,0,0.153807,-0.0232978,0.168778,3.00366,0.0269037,0.0362125,nan,nan,0,-0.121298,0.288681,-0.273115,-0.610504,0.249351,0.246789,nan,nan,0,-0.0112403,0.495963,-0.0889931,-0.854698,0.48438,0.49234,nan,nan,0,0.799938,-0.184191,0.172681,13.4571,0.189969,nan,12.8366,13.3863,1,-0.0799133,0.0025572,0.0114984,-1.26746,-0.0399566,nan,-1.29266,-1.35726,1,0,0.141144,0.029853,-0.008048,-0.989506,0.03822,-0.0829316,0.0542998,-0.191926,0.297137,9.25826
1786071334485493063,0,1,0,0,0,0.0248684,0.0559486,-2.85639,0.0447443,-0.0678113,0.178585,-0.11458,0.370174,-0.28539,-1.14774,0.34271,0.340345,nan,nan,0,0.0241976,0.0466909,0.00306892,2.02686,0.0620988,0.0907573,nan,nan,0,0.194908,-0.293474,0.0398932,0.952377,-0.212546,-0.24925,nan,nan,0,-0.229945,0.465475,-0.273115,-7.93651,0.375028,0.363628,nan,nan,0,0.257913,-0.192894,0.162072,4.83459,-0.0810436,nan,3.67167,3.69091,1,0.0155781,0.00706595,0.000258724,-0.290377,0.00778903,nan,0.0213044,-0.0718146,1,0.309706,-0.377078,0.107406,4.7619,-0.245147,-0.234569,nan,nan,0,0.150043,-0.0219555,0.113543,3.44322,0.0250216,0.0297514,nan,nan,0,-0.107608,0.286571,-0.174916,-0.561661,0.256196,0.247762,nan,nan,0,-0.00386696,0.495388,-0.0521679,-1.00122,0.488067,0.488566,nan,nan,0,0.808956,-0.184164,0.110088,13.3386,0.194478,nan,13.0873,13.1836,1,-0.0740753,0.000412906,-0.0100178,-1.43496,-0.0370376,nan,-1.10849,-1.33008,1,0,0.141708,0.029451,-0.008328,-0.989435,0.0447443,-0.0678113,0.178585,-0.29097,-0.264051,9.58798
1786071334495602247,0,1,0,0,0,0.0252469,0.0553315,-2.85418,0.0233442,0.00292959,0.249982,-0.142888,0.36749,-0.26084,-0.317459,0.328556,0.345702,nan,nan,0,-0.0215473,0.0466909,0.00306892,1.92918,0.0392263,0.0803676,nan,nan,0,0.219439,-0.293474,0.0276184,1.5873,-0.20028,-0.232134,nan,nan,0,-0.213894,0.46279,-0.266977,-7.88766,0.383053,0.367446,nan,nan,0,0.27374,-0.192892,0.00762857,3.73392,-0.0731301,nan,4.18021,3.62896,1,0.019527,0.00784741,0.00314039,-0.0980981,0.00976348,nan,0.0527716,-0.0128746,1,0.33036,-0.37631,0.0767183,4.85959,-0.23482,-0.241628,nan,nan,0,0.159092,-0.0211887,0.0767183,2.66178,0.0295459,0.0261711,nan,nan,0,-0.0981481,0.285037,-0.162642,-0.65934,0.260926,0.251022,nan,nan,0,0.00585898,0.495196,-0.0214815,-0.854698,0.492929,0.486792,nan,nan,0,0.820843,-0.184148,0.0664736,13.3394,0.200422,nan,13.3602,13.0642,1,-0.0630078,-0.000951514,-0.0253674,-1.38645,-0.0315039,nan,-0.87852,-1.23086,1,0,0.1428,0.029182,-0.008527,-0.989284,0.0233442,0.00292959,0.249982,0.426566,0.519286,10.1284
1786071334505457980,0,1,0,0,0,0.0255176,0.0550545,-2.85172,0.0213203,-0.00220451,0.21462,-0.122229,0.364997,-0.23629,-0.512817,0.338886,0.340948,nan,nan,0,-0.0389589,0.0466909,0.00306892,1.29426,0.0305206,0.0613576,nan,nan,0,0.200662,-0.29309,0.0767183,1.73382,-0.209669,-0.21433,nan,nan,0,-0.204421,0.460297,-0.266977,-6.91087,0.38779,0.37474,nan,nan,0,0.288522,-0.192893,0.0114457,3.89119,-0.0657389,nan,4.43321,3.83558,1,0.0203449,0.00784741,0.00940208,-0.146095,0.0101725,nan,0.0556481,0.027086,1,0.341452,-0.375927,0.0337563,5.29915,-0.229274,-0.24171,nan,nan,0,0.158242,-0.0208049,0.0337563,2.71062,0.0291209,0.0262034,nan,nan,0,-0.107691,0.283503,-0.138092,-0.610504,0.256154,0.255897,nan,nan,0,0.0116897,0.495004,-0.00306892,-1.05006,0.495845,0.488579,nan,nan,0,0.813204,-0.182117,0.0664898,12.9502,0.196602,nan,13.1554,13.1358,1,-0.0656487,0.000995203,-0.0440826,-1.33928,-0.0328244,nan,-0.948463,-1.06322,1,0,0.144015,0.029075,-0.008645,-0.98911,0.0213203,-0.00220451,0.21462,0.522886,0.507624,9.85916
1786071334515543668,0,1,0,0,0,0.0258288,0.0545788,-2.85017,0.0399775,-0.0208142,0.100483,-0.0919361,0.362696,-0.21174,-0.65934,0.354032,0.33707,nan,nan,0,-0.0157824,0.0466909,0.00306892,0.952377,0.0421088,0.0429999,nan,nan,0,0.133627,-0.290981,0.266977,1.53846,-0.243187,-0.206194,nan,nan,0,-0.220916,0.457613,-0.230153,-7.15507,0.379542,0.382141,nan,nan,0,0.273352,-0.192891,0.0419678,3.77315,-0.0733241,nan,4.12188,4.13543,1,0.0178053,0.00862936,0.034473,-0.0262551,0.00890264,nan,-0.043511,0.0470586,1,0.313509,-0.375927,-0.00306892,4.46886,-0.243245,-0.236557,nan,nan,0,0.154725,-0.0208049,0.00920582,2.22222,0.0273623,0.0277188,nan,nan,0,-0.125978,0.282352,-0.0767183,-0.708183,0.247011,0.257993,nan,nan,0,-0.0014067,0.495196,0.00306892,-0.65934,0.489297,0.492095,nan,nan,0,0.81617,-0.182102,0.075831,13.2284,0.198085,nan,13.1928,13.188,1,-0.0645215,-0.000173228,0.0151144,-1.16998,-0.0322607,nan,-0.985297,-0.959076,1,0,0.14478,0.028869,-0.008811,-0.989003,0.0399775,-0.0208142,0.100483,0.7123,0.474362,9.40898
1786071334525566609,0,1,0,0,0,0.026161,0.0538465,-2.84971,0.0372202,-0.0621053,-0.0061041,-0.0751598,0.360778,-0.187191,-0.610504,0.36242,0.34197,nan,nan,0,0.00935923,0.0466909,-0.00306892,0.170937,0.0546796,0.0361713,nan,nan,0,0.0933706,-0.287338,0.395864,1.24542,-0.263315,-0.216882,nan,nan,0,-0.234823,0.455887,-0.162642,-7.4481,0.372589,0.384031,nan,nan,0,0.269619,-0.192888,0.120192,3.77344,-0.0751906,nan,3.93913,4.23286,1,0.0173226,0.0111696,0.125293,-0.122113,0.00866128,nan,-0.263189,-0.00563176,1,0.304787,-0.375927,-0.00306892,4.12698,-0.247606,-0.236264,nan,nan,0,0.132441,-0.0206132,0.00920582,1.68498,0.0162206,0.0281816,nan,nan,0,-0.139411,0.282352,0.0276184,-0.903542,0.240294,0.254604,nan,nan,0,-0.0132857,0.495196,0.00306892,-0.854698,0.483357,0.492657,nan,nan,0,0.773934,-0.180053,0.0755761,13.1176,0.176967,nan,12.3823,13.1959,1,-0.0720602,0.00293894,0.1024,-1.00133,-0.0360301,nan,-1.32267,-0.955789,1,0,0.145008,0.028533,-0.009022,-0.988977,0.0372202,-0.0621053,-0.0061041,0.401033,0.245288,9.11255
1786071334535864535,0,1,0,0,0,0.0265939,0.0521343,-2.85074,0.037715,-0.132742,-0.10997,-0.0509867,0.358861,-0.174916,-0.0244217,0.374507,0.351875,nan,nan,0,0.0568656,0.0464993,-0.00920582,-0.0732574,0.0784328,0.0415859,nan,nan,0,0.0489268,-0.282928,0.463376,0.561661,-0.285537,-0.23907,nan,nan,0,-0.264826,0.454545,-0.09513,-7.59463,0.357587,0.379978,nan,nan,0,0.236947,-0.190826,0.123979,4.32596,-0.0915266,nan,3.2895,4.10201,1,0.0188183,0.0115312,0.181501,-0.266273,0.00940915,nan,-0.335912,-0.129158,1,0.241044,-0.375927,0.00920582,3.93163,-0.279478,-0.241132,nan,nan,0,0.114066,-0.0204215,0.0214815,1.97802,0.00703284,0.024243,nan,nan,0,-0.159,0.282736,0.0214815,-0.952377,0.2305,0.247823,nan,nan,0,-0.0423362,0.495388,0.0153437,-0.65934,0.468832,0.489169,nan,nan,0,0.722982,-0.180022,0.0736516,13.3572,0.151491,nan,11.4925,12.93,1,-0.0805996,0.00274432,0.105494,-0.903527,-0.0402998,nan,-1.44956,-1.09355,1,0,0.144509,0.027713,-0.009375,-0.98907,0.037715,-0.132742,-0.10997,-0.197764,0.217433,9.45021
1786071334545802761,0,1,0,0,0,0.026822,0.0510199,-2.85209,0.0224355,-0.0963668,-0.14409,-0.120728,0.357135,-0.181053,0.122101,0.339636,0.363343,nan,nan,0,0.0796516,0.0464993,-0.00920582,-0.512817,0.0898258,0.0571231,nan,nan,0,0.0508185,-0.279284,0.309939,0.65934,-0.284591,-0.263667,nan,nan,0,-0.253861,0.453969,-0.0521679,-7.20391,0.363069,0.370475,nan,nan,0,0.245518,-0.190826,0.0553212,4.44355,-0.0872409,nan,3.54251,3.77311,1,0.0200191,0.0146563,0.100106,0.0454042,0.0100095,nan,-0.289561,-0.264341,1,0.259294,-0.375927,0.00920582,4.12698,-0.270353,-0.255863,nan,nan,0,0.125016,-0.0202298,0.0276184,1.68498,0.012508,0.0163472,nan,nan,0,-0.163248,0.282928,0.0153437,-1.14774,0.228376,0.239264,nan,nan,0,-0.0354822,0.495579,0.0276184,-1.00122,0.472259,0.480732,nan,nan,0,0.70607,-0.179998,0.0662346,13.1202,0.143035,nan,11.2068,12.3072,1,-0.0877867,0.00216047,0.0369418,-1.04757,-0.0438933,nan,-1.43703,-1.26858,1,0,0.14385,0.027172,-0.009587,-0.989179,0.0224355,-0.0963668,-0.14409,-0.832809,0.097764,9.64746
1786071334555858538,0,1,0,0,0,0.0270196,0.050306,-2.85355,0.0288103,-0.0910765,-0.135862,-0.128223,0.355218,-0.168779,0.0732574,0.335889,0.36029,nan,nan,0,0.0975383,0.0464993,0.00920582,0.21978,0.0987691,0.0751523,nan,nan,0,0.0586993,-0.27775,0.0644436,0.415138,-0.28065,-0.280133,nan,nan,0,-0.248977,0.453777,0.00920582,-8.96215,0.365512,0.363589,nan,nan,0,0.22025,-0.190826,-0.0267062,4.05052,-0.099875,nan,3.22336,3.55767,1,0.0124335,0.014461,-0.0469267,-0.098227,0.00621673,nan,-0.176938,-0.298538,1,0.231377,-0.375927,-0.00306892,3.83395,-0.284311,-0.268169,nan,nan,0,0.166828,-0.0200381,0.0276184,2.22222,0.033414,0.0116577,nan,nan,0,-0.16593,0.282928,0.00306892,-1.53846,0.227035,0.23216,nan,nan,0,-0.0415558,0.495963,0.0153437,-1.63614,0.469222,0.473912,nan,nan,0,0.698359,-0.179998,0.0248506,12.4861,0.13918,nan,11.134,11.6696,1,-0.0954233,0.000992295,-0.0812086,-1.24159,-0.0477116,nan,-1.33931,-1.35729,1,0,0.143128,0.026826,-0.009756,-0.989292,0.0288103,-0.0910765,-0.135862,-1.17735,0.598787,9.58127
1786071334565885708,0,1,0,0,0,0.027288,0.0496485,-2.85476,0.0160712,-0.114079,-0.0959258,-0.072786,0.353684,-0.156505,0.366302,0.363607,0.348196,nan,nan,0,0.0958853,0.0464993,0.00306892,1.05006,0.0979427,0.0896923,nan,nan,0,0.0854748,-0.277942,-0.0337563,0.21978,-0.267263,-0.285028,nan,nan,0,-0.264708,0.453969,0.00920582,-9.10867,0.357646,0.362433,nan,nan,0,0.200327,-0.190826,-0.0476861,3.77561,-0.109836,nan,2.90618,3.41324,1,0.0160281,0.0130937,-0.0750941,-0.361807,0.00801405,nan,-0.039749,-0.227636,1,0.184478,-0.375927,-0.00306892,3.24786,-0.307761,-0.276839,nan,nan,0,0.15685,-0.0200381,0.00920582,1.53846,0.0284248,0.0177271,nan,nan,0,-0.159548,0.282928,-0.00306892,-1.5873,0.230226,0.228134,nan,nan,0,-0.0585551,0.495963,-0.00920582,-1.5873,0.460722,0.470428,nan,nan,0,0.655834,-0.180003,0.00194416,11.7717,0.117917,nan,10.4243,11.272,1,-0.101714,0.000603063,-0.0187142,-1.58023,-0.0508568,nan,-1.51572,-1.36183,1,0,0.142534,0.026514,-0.009952,-0.989384,0.0160712,-0.114079,-0.0959258,-1.42885,0.053334,9.67659
1786071334576053366,0,1,0,0,0,0.0272995,0.0485759,-2.85541,-0.00688747,-0.136084,-0.0266493,-0.0470097,0.352342,-0.150367,0.805862,0.376495,0.348227,nan,nan,0,0.10275,0.0464993,0.00920582,1.39194,0.101375,0.0974511,nan,nan,0,0.133566,-0.278134,-0.0214806,-0.170937,-0.243217,-0.279646,nan,nan,0,-0.270246,0.453969,0.00306892,-8.57143,0.354877,0.361105,nan,nan,0,0.191649,-0.190826,-0.0190737,3.18584,-0.114175,nan,2.7114,3.18121,1,0.0211885,0.0121169,-0.0281631,-0.433387,0.0105943,nan,-0.00343559,-0.129676,1,0.184416,-0.375927,0.00306892,3.10134,-0.307792,-0.290269,nan,nan,0,0.149998,-0.0198464,0.00920582,1.53846,0.0249992,0.0253166,nan,nan,0,-0.143335,0.282545,-0.0214806,-1.73382,0.238332,0.227669,nan,nan,0,-0.083958,0.495771,-0.0276184,-2.17339,0.448021,0.466189,nan,nan,0,0.611396,-0.180001,8.14747e-06,11.2192,0.0956981,nan,9.64945,10.8792,1,-0.107187,0.000603063,-0.00311695,-1.43735,-0.0535937,nan,-1.62123,-1.42203,1,0,0.142219,0.025981,-0.010043,-0.989443,-0.00688747,-0.136084,-0.0266493,-1.02922,0.086287,9.74839
1786071334585712358,0,1,0,0,0,0.0273347,0.0473216,-2.85541,0.0130677,-0.140323,0.0343248,-0.0122378,0.350808,-0.125817,-0.0244217,0.393881,0.360061,nan,nan,0,0.0933034,0.0466909,0.00920582,2.22222,0.0966517,0.100688,nan,nan,0,0.156917,-0.277942,0.00920582,0.170937,-0.231542,-0.264372,nan,nan,0,-0.289941,0.453969,0.00306892,-9.40171,0.34503,0.35815,nan,nan,0,0.167399,-0.190826,0.0133581,3.22462,-0.1263,nan,2.23837,2.91025,1,0.0155573,0.0127032,0.0312791,-0.0738009,0.00777867,nan,-0.194655,-0.0687181,1,0.182135,-0.375927,0.00306892,3.05251,-0.308932,-0.302185,nan,nan,0,0.128278,-0.0198464,0.00920582,1.14774,0.014139,0.0275583,nan,nan,0,-0.129564,0.282161,-0.0214806,-1.5873,0.245218,0.231472,nan,nan,0,-0.106141,0.495579,-0.0214815,-2.51526,0.43693,0.4583,nan,nan,0,0.578083,-0.180001,-0.0018954,10.5866,0.0790416,nan,9.06933,10.3057,1,-0.108646,0.000603063,1.32167e-05,-1.439,-0.054323,nan,-1.6478,-1.52229,1,0,0.142229,0.025363,-0.01015,-0.989456,0.0130677,-0.140323,0.0343248,-0.969649,-0.028992,9.78872
1786071334595809195,0,1,0,0,0,0.0275345,0.0460522,-2.85488,0.0209813,-0.132677,0.0762922,-0.0097382,0.349465,-0.113543,-0.0244217,0.395131,0.376714,nan,nan,0,0.076323,0.0466909,0.0153437,1.92918,0.0881615,0.100258,nan,nan,0,0.172504,-0.27775,0.0153437,0.268623,-0.223748,-0.246394,nan,nan,0,-0.296896,0.453969,-0.00306892,-9.45055,0.341552,0.352603,nan,nan,0,0.155967,-0.190827,0.00191306,2.94953,-0.132016,nan,2.05551,2.58436,1,0.015324,0.0130937,0.0125062,-0.193497,0.00766199,nan,-0.181711,-0.0961214,1,0.174922,-0.376119,-0.00306892,2.5641,-0.312539,-0.308233,nan,nan,0,0.108765,-0.0196548,0.0214815,1.68498,0.0043826,0.0232841,nan,nan,0,-0.123733,0.281586,-0.0521679,-1.44078,0.248133,0.238031,nan,nan,0,-0.110682,0.495388,-0.0214815,-3.58974,0.434659,0.447691,nan,nan,0,0.559482,-0.180003,-0.00378242,10.0312,0.069741,nan,8.74673,9.65303,1,-0.112638,0.000603063,-0.00309015,-1.68094,-0.0563189,nan,-1.70303,-1.60424,1,0,0.142498,0.024752,-0.010333,-0.989431,0.0209813,-0.132677,0.0762922,-0.901106,-0.062054,9.71311
1786071334605794146,0,1,0,0,0,0.0278077,0.0449019,-2.85402,0.0194113,-0.124408,0.0943943,0.000536136,0.348506,-0.0889931,0.65934,0.400268,0.38966,nan,nan,0,0.0699097,0.0468826,0.0276184,1.48962,0.0849548,0.0956033,nan,nan,0,0.178751,-0.277367,0.046031,0.854698,-0.220624,-0.232143,nan,nan,0,-0.305117,0.453969,-0.00306892,-10.0366,0.337441,0.346373,nan,nan,0,0.143284,-0.190827,0.00572081,2.28078,-0.138358,nan,1.82784,2.27453,1,0.0139411,0.0130937,0.00626046,-0.02529,0.00697055,nan,-0.193086,-0.142417,1,0.159437,-0.376119,-0.00306892,2.17339,-0.320282,-0.311242,nan,nan,0,0.0949775,-0.0192709,0.046031,1.14774,-0.00251124,0.0145386,nan,nan,0,-0.125163,0.281011,-0.046031,-1.14774,0.247418,0.244122,nan,nan,0,-0.124108,0.495004,-0.0276184,-4.37119,0.427946,0.439042,nan,nan,0,0.521502,-0.180003,-0.0113473,9.35926,0.0507512,nan,8.09343,9.10127,1,-0.121328,0.000797679,-0.00927158,-1.65863,-0.0606641,nan,-1.82995,-1.66491,1,0,0.142933,0.024207,-0.01054,-0.98938,0.0194113,-0.124408,0.0943943,-1.07987,0.116606,9.70087
1786071334615763436,0,1,0,0,0,0.0279708,0.0437051,-2.85321,0.00649055,-0.13339,0.0793989,0.0376263,0.34774,-0.0583057,1.19658,0.418813,0.397227,nan,nan,0,0.0743235,0.0472665,0.046031,1.53846,0.0871617,0.0897584,nan,nan,0,0.172666,-0.276408,0.101268,1.24542,-0.223667,-0.223521,nan,nan,0,-0.331706,0.453969,0.00920582,-10.9157,0.324147,0.341108,nan,nan,0,0.125467,-0.190827,0.00953185,2.12349,-0.147267,nan,1.51032,2.0155,1,0.0164325,0.013289,0.0062663,-0.0252007,0.00821623,nan,-0.161582,-0.177008,1,0.140617,-0.376119,0.00920582,1.92918,-0.329692,-0.315156,nan,nan,0,0.0745495,-0.0188875,0.0276184,1.53846,-0.0127252,0.00512952,nan,nan,0,-0.125509,0.280627,-0.0337563,-1.0989,0.247246,0.247352,nan,nan,0,-0.15119,0.494812,-0.0398932,-5.05495,0.414405,0.432557,nan,nan,0,0.456143,-0.180009,-0.0151386,9.04279,0.0180715,nan,6.95551,8.57806,1,-0.125416,0.000992295,-0.00924627,-1.65955,-0.0627082,nan,-1.89715,-1.74216,1,0,0.143343,0.023631,-0.010697,-0.989333,0.00649055,-0.13339,0.0793989,-0.618524,-0.037602,9.792
1786071334625790965,0,1,0,0,0,0.0280901,0.0424899,-2.85256,0.017892,-0.104255,0.0465895,0.016855,0.347356,-0.0276184,1.14774,0.408428,0.40658,nan,nan,0,0.0829849,0.0478415,0.0521679,1.63614,0.0914925,0.0866927,nan,nan,0,0.159264,-0.275258,0.150368,1.39194,-0.230368,-0.220998,nan,nan,0,-0.337891,0.453777,-0.00306892,-11.5995,0.321055,0.333683,nan,nan,0,0.118749,-0.190827,0.0152543,1.96665,-0.150626,nan,1.38417,1.75641,1,0.0122439,0.0136795,0.0156525,-0.312793,0.00612193,nan,-0.250206,-0.188164,1,0.153391,-0.376119,0.00306892,1.78266,-0.323304,-0.321686,nan,nan,0,0.08661,-0.0186958,0.0214815,0.65934,-0.00669502,-0.00424202,nan,nan,0,-0.126831,0.280435,-0.00306892,-1.0989,0.246584,0.248113,nan,nan,0,-0.159672,0.494429,-0.0521679,-5.78754,0.410164,0.424286,nan,nan,0,0.435621,-0.180014,-0.0264632,8.33095,0.00781066,nan,6.61355,7.84,1,-0.128019,0.000992295,-0.027871,-1.66147,-0.0640097,nan,-1.90825,-1.82419,1,0,0.143673,0.023042,-0.010836,-0.989297,0.017892,-0.104255,0.0465895,-0.464277,0.219551,9.79217
1786071334635702811,0,1,0,0,0,0.0282585,0.0416651,-2.8524,0.0132449,-0.0755167,-0.00797732,0.0112366,0.347164,0.00306892,1.29426,0.405618,0.411509,nan,nan,0,0.0766131,0.0482249,0.0583057,0.952377,0.0883065,0.0875798,nan,nan,0,0.134264,-0.273724,0.168778,1.24542,-0.242868,-0.223911,nan,nan,0,-0.349033,0.453777,-0.00306892,-11.6972,0.315484,0.326149,nan,nan,0,0.112678,-0.190827,0.0152613,1.77001,-0.153661,nan,1.27792,1.53147,1,0.010898,0.0142658,0.0281549,-0.288707,0.00544902,nan,-0.306735,-0.212482,1,0.154656,-0.376119,0.00306892,1.68498,-0.322672,-0.325147,nan,nan,0,0.0885773,-0.0183125,0.0276184,0.952377,-0.00571135,-0.00874624,nan,nan,0,-0.135778,0.280435,0.0153437,-1.05006,0.242111,0.247645,nan,nan,0,-0.162079,0.493662,-0.0767183,-5.83639,0.40896,0.416013,nan,nan,0,0.408727,-0.180029,-0.0510062,7.61987,-0.00563636,nan,6.18026,7.11437,1,-0.130756,0.00118691,-0.0682363,-1.51927,-0.0653779,nan,-1.89459,-1.8788,1,0,0.143755,0.022647,-0.010977,-0.989293,0.0132449,-0.0755167,-0.00797732,-0.529619,0.188615,9.71027
1786071334645773818,0,1,0,0,0,0.0283554,0.0409138,-2.85283,0.0122547,-0.079328,-0.0712789,0.0175234,0.347356,0.00920582,2.22222,0.408762,0.410281,nan,nan,0,0.0880258,0.0489926,0.0767183,1.24542,0.0940129,0.0887038,nan,nan,0,0.102088,-0.271998,0.181053,1.00122,-0.258956,-0.231912,nan,nan,0,-0.362372,0.453586,-0.0337563,-11.8926,0.308814,0.319972,nan,nan,0,0.10521,-0.190827,0.011443,1.37663,-0.157395,nan,1.15295,1.36734,1,0.0132068,0.0148515,0.0156459,-0.192583,0.00660339,nan,-0.270913,-0.260122,1,0.129025,-0.376119,0.00306892,1.48962,-0.335487,-0.324904,nan,nan,0,0.0804319,-0.0183125,0.00920582,1.00122,-0.00978403,-0.00851945,nan,nan,0,-0.142659,0.280435,0.0153437,-1.05006,0.238671,0.245543,nan,nan,0,-0.172827,0.492511,-0.113543,-6.32478,0.403586,0.410707,nan,nan,0,0.381018,-0.180048,-0.0472535,7.10347,-0.0194909,nan,5.69036,6.55168,1,-0.138745,0.00157663,-0.0558063,-1.83327,-0.0693726,nan,-2.04477,-1.90256,1,0,0.143547,0.02228,-0.011084,-0.98933,0.0122547,-0.079328,-0.0712789,-0.51857,0.238124,9.74882
1786071334655719480,0,1,0,0,0,0.0283962,0.0402479,-2.85382,0.00576915,-0.0551844,-0.121619,0.00677138,0.347356,0.00306892,1.97802,0.403386,0.408691,nan,nan,0,0.116841,0.0495677,0.0644436,1.29426,0.10842,0.0906716,nan,nan,0,0.0837511,-0.270273,0.174916,0.757019,-0.268124,-0.244524,nan,nan,0,-0.374579,0.453011,-0.0521679,-12.8205,0.302711,0.314068,nan,nan,0,0.0984831,-0.190827,-0.00190905,1.37663,-0.160758,nan,1.05527,1.24391,1,0.0127841,0.0148515,-0.0062542,-0.192583,0.00639205,nan,-0.244403,-0.280216,1,0.135007,-0.376119,0.00306892,1.5873,-0.332496,-0.327906,nan,nan,0,0.102801,-0.0183125,-0.00306892,0.415138,0.00140049,-0.00837725,nan,nan,0,-0.14355,0.280627,0.0214815,-1.24542,0.238225,0.242217,nan,nan,0,-0.186699,0.491169,-0.150368,-6.42247,0.396651,0.406789,nan,nan,0,0.35912,-0.182087,-0.0397528,6.26977,-0.0304402,nan,5.36726,6.08299,1,-0.139643,-0.00173162,-0.0309258,-1.95536,-0.0698213,nan,-1.9963,-1.94193,1,0,0.143063,0.021948,-0.011163,-0.989407,0.00576915,-0.0551844,-0.121619,-0.389591,0.213321,9.82679
1786071334665788320,0,1,0,0,0,0.0283987,0.0398226,-2.85522,0.0040474,-0.0550828,-0.146424,0.00699592,0.347356,-0.00306892,2.02686,0.403498,0.40659,nan,nan,0,0.130596,0.0501428,0.0521679,2.02686,0.115298,0.0975042,nan,nan,0,0.0769232,-0.26893,0.107406,0.65934,-0.271538,-0.257709,nan,nan,0,-0.386039,0.452435,-0.0644426,-13.5531,0.296981,0.308038,nan,nan,0,0.0856095,-0.190827,-5.33649e-06,1.14068,-0.167195,nan,0.827123,1.13892,1,0.0108717,0.0146563,-0.00937677,-0.19245,0.00543586,nan,-0.262547,-0.266779,1,0.131763,-0.376119,0.00920582,1.3431,-0.334119,-0.33141,nan,nan,0,0.112081,-0.0183125,0.00306892,0.463982,0.00604028,-0.00538687,nan,nan,0,-0.143173,0.280818,0.0214815,-1.29426,0.238414,0.239512,nan,nan,0,-0.195979,0.489635,-0.181053,-7.05739,0.392011,0.401986,nan,nan,0,0.336162,-0.182089,0.00188137,5.83467,-0.041919,nan,4.90314,5.6727,1,-0.143005,-0.00134214,0.00622468,-2.02849,-0.0715023,nan,-2.11414,-1.98438,1,0,0.142374,0.02173,-0.01121,-0.98951,0.0040474,-0.0550828,-0.146424,-0.624475,0.308215,9.99283
1786071334675816278,0,1,0,0,0,0.028374,0.0393165,-2.85662,0.00142935,-0.0644274,-0.120368,0.0148062,0.347164,-0.00920582,1.97802,0.407403,0.404542,nan,nan,0,0.12885,0.0503349,0.0153437,2.51526,0.114425,0.106792,nan,nan,0,0.0859212,-0.268355,0.0521679,0.415138,-0.267039,-0.26716,nan,nan,0,-0.393882,0.451668,-0.0583057,-13.6508,0.293059,0.302067,nan,nan,0,0.077247,-0.190826,0.0057099,1.29843,-0.171376,nan,0.672182,0.995584,1,0.0131752,0.0148515,-0.0124943,-0.480243,0.00658762,nan,-0.229176,-0.258696,1,0.116738,-0.376119,0.00306892,1.53846,-0.341631,-0.333344,nan,nan,0,0.102064,-0.0183125,0.00306892,0.317459,0.00103199,0.000189592,nan,nan,0,-0.132865,0.281011,0.0276184,-1.44078,0.243568,0.238292,nan,nan,0,-0.205922,0.487718,-0.193329,-7.69231,0.387039,0.396662,nan,nan,0,0.319495,-0.182084,0.0170387,5.55797,-0.0502526,nan,4.58855,5.26189,1,-0.145222,-0.00153688,0.0123626,-2.05317,-0.072611,nan,-2.15077,-2.05045,1,0,0.141685,0.02147,-0.011249,-0.989614,0.00142935,-0.0644274,-0.120368,-0.724299,-0.080755,10.0446
1786071334685754318,0,1,0,0,0,0.0283412,0.0388749,-2.85736,-0.00511298,-0.051052,-0.0181817,0.0130667,0.347164,-0.00920582,2.02686,0.406533,0.404797,nan,nan,0,0.122144,0.0503349,-0.00306892,2.90598,0.111072,0.11296,nan,nan,0,0.135332,-0.268547,-0.00920582,0.268623,-0.242334,-0.2701,nan,nan,0,-0.386392,0.450901,-0.0767183,-13.7973,0.296804,0.296835,nan,nan,0,0.0682298,-0.190825,0.0190473,0.826562,-0.175885,nan,0.494326,0.82348,1,0.0110898,0.0148515,-0.0155987,-0.479986,0.00554492,nan,-0.255801,-0.248508,1,0.11521,-0.376119,0.00306892,1.14774,-0.342395,-0.336644,nan,nan,0,0.10735,-0.0183125,0.00306892,0.952377,0.00367477,0.00281153,nan,nan,0,-0.113827,0.281011,-0.00920582,-1.39194,0.253087,0.239754,nan,nan,0,-0.215361,0.4858,-0.205604,-7.20391,0.38232,0.391441,nan,nan,0,0.308475,-0.182079,0.0151494,5.16226,-0.0557627,nan,4.39836,4.88001,1,-0.146106,-0.00153688,0.00925601,-2.15024,-0.0730528,nan,-2.15936,-2.11625,1,0,0.141323,0.021245,-0.011272,-0.989671,-0.00511298,-0.051052,-0.0181817,-0.878603,0.028116,9.9252
1786071334695768183,0,1,0,0,0,0.0282355,0.0383601,-2.85715,-0.0141251,-0.073874,0.0636726,0.0306108,0.346781,-0.0337563,2.17339,0.415305,0.405883,nan,nan,0,0.11626,0.0503349,0.00306892,2.41758,0.10813,0.114086,nan,nan,0,0.174322,-0.26893,-0.0521679,0.268623,-0.222839,-0.261221,nan,nan,0,-0.38542,0.450326,-0.0705805,-14.5788,0.29729,0.294917,nan,nan,0,0.053975,-0.18876,0.036169,0.787397,-0.183013,nan,0.146906,0.627372,1,0.00756051,0.0116968,-0.0374371,-0.360224,0.00378026,nan,-0.18134,-0.219398,1,0.0976916,-0.376119,0.00306892,1.19658,-0.351154,-0.340178,nan,nan,0,0.110095,-0.0183125,-0.00306892,0.610504,0.00504753,0.00343443,nan,nan,0,-0.104523,0.281011,0.00306892,-1.19658,0.257738,0.245101,nan,nan,0,-0.229978,0.483691,-0.199466,-6.47131,0.375011,0.386445,nan,nan,0,0.285879,-0.180053,0.0133161,4.9662,-0.0670605,nan,3.93476,4.56647,1,-0.151413,0.00157663,-0.0187932,-2.22314,-0.0757065,nan,-2.2903,-2.16723,1,0,0.141434,0.020984,-0.011254,-0.989661,-0.0141251,-0.073874,0.0636726,-0.838867,-0.149763,9.74032
1786071334705640397,0,1,0,0,0,0.0281974,0.0376332,-2.8562,5.39307e-06,-0.0769643,0.121902,0.0512365,0.346397,-0.0276184,1.92918,0.425618,0.409347,nan,nan,0,0.0985668,0.0503349,0.00920582,2.41758,0.0992834,0.111895,nan,nan,0,0.190328,-0.269314,-0.0398932,0.561661,-0.214836,-0.243374,nan,nan,0,-0.392948,0.449367,-0.113543,-13.5531,0.293526,0.295531,nan,nan,0,0.0456525,-0.186689,0.0627757,0.669207,-0.187174,nan,-0.111129,0.359981,1,0.00497656,0.00835085,-0.087348,-0.0483912,0.00248828,nan,-0.0448553,-0.145379,1,0.0853053,-0.376119,0.00306892,1.00122,-0.357347,-0.344997,nan,nan,0,0.103141,-0.0183125,0.00306892,1.00122,0.00157068,0.00414328,nan,nan,0,-0.0920349,0.280818,-0.00920582,-1.0989,0.263983,0.251873,nan,nan,0,-0.243633,0.481965,-0.21174,-8.32722,0.368183,0.380798,nan,nan,0,0.275277,-0.180053,0.00952471,4.61057,-0.0723616,nan,3.7549,4.24621,1,-0.150316,0.00138153,-0.0187687,-2.20001,-0.0751582,nan,-2.26804,-2.22629,1,0,0.141908,0.020627,-0.011277,-0.9896,5.39307e-06,-0.0769643,0.121902,-0.450251,0.306921,9.6851
1786071334715848616,0,1,0,0,0,0.0282861,0.0368317,-2.85492,0.00575723,-0.0830077,0.135947,0.0620873,0.346014,-0.0276184,1.97802,0.431044,0.4165,nan,nan,0,0.097364,0.0503349,0.00306892,2.71062,0.098682,0.106623,nan,nan,0,0.198257,-0.269506,0.00306892,0.952377,-0.210871,-0.22628,nan,nan,0,-0.401004,0.448025,-0.150367,-13.0647,0.289498,0.295315,nan,nan,0,0.0315337,-0.18668,0.0608518,0.511817,-0.194233,nan,-0.355635,0.0856297,1,-0.00246283,0.00835085,-0.10295,-0.0483265,-0.00123141,nan,-0.133043,-0.0653935,1,0.0713331,-0.376119,0.00306892,1.39194,-0.364333,-0.351241,nan,nan,0,0.115674,-0.0183125,0.00306892,1.00122,0.00783682,0.00364543,nan,nan,0,-0.0919875,0.281011,0.00920582,-0.952377,0.264006,0.258448,nan,nan,0,-0.257744,0.479472,-0.21174,-8.32722,0.361128,0.374329,nan,nan,0,0.248863,-0.180053,0.011413,4.05743,-0.0855687,nan,3.28982,3.95587,1,-0.151463,0.000992295,-0.0156628,-2.15334,-0.0757313,nan,-2.27821,-2.26455,1,0,0.142547,0.020244,-0.011365,-0.989515,0.00575723,-0.0830077,0.135947,-0.471846,0.035839,9.8367
1786071334725783098,0,1,0,0,0,0.0283089,0.0359989,-2.85363,-0.00432124,-0.0681758,0.122312,0.0559848,0.345822,-0.0214806,2.02686,0.427992,0.4245,nan,nan,0,0.0860453,0.0503349,-0.00306892,2.71062,0.0930227,0.101508,nan,nan,0,0.193698,-0.269314,0.0276184,1.44078,-0.213151,-0.215185,nan,nan,0,-0.406189,0.446299,-0.162642,-13.0159,0.286906,0.293062,nan,nan,0,0.0287589,-0.186675,0.036113,0.27609,-0.195621,nan,-0.367277,-0.157025,1,-0.00479107,0.00815582,-0.0811261,-0.288157,-0.00239553,nan,-0.194851,-0.0604133,1,0.0800844,-0.376119,0.00306892,0.65934,-0.359958,-0.358038,nan,nan,0,0.125081,-0.0183125,0.00306892,0.952377,0.0125407,0.00455002,nan,nan,0,-0.0892314,0.281011,0.0153437,-0.757019,0.265384,0.262792,nan,nan,0,-0.256643,0.477746,-0.205604,-9.40171,0.361679,0.367426,nan,nan,0,0.241306,-0.180053,0.0228336,3.938,-0.089347,nan,3.14045,3.63335,1,-0.15279,0.000408447,-0.0344418,-2.2739,-0.0763951,nan,-2.25244,-2.27406,1,0,0.143195,0.019841,-0.011423,-0.989429,-0.00432124,-0.0681758,0.122312,-0.278739,0.193916,9.94444
1786071334735675661,0,1,0,0,0,0.0283066,0.0354275,-2.85261,7.2309e-05,-0.0358595,0.0794164,0.0481463,0.345822,-0.00306892,2.46642,0.424073,0.428676,nan,nan,0,0.0847923,0.0503349,0.00306892,2.41758,0.0923962,0.0970248,nan,nan,0,0.174042,-0.26893,0.046031,1.63614,-0.222979,-0.21112,nan,nan,0,-0.410558,0.444382,-0.168779,-12.967,0.284721,0.289906,nan,nan,0,0.028151,-0.186673,0.00378308,0.157786,-0.195924,nan,-0.329492,-0.309214,1,-0.00623674,0.00796079,-0.0343429,-0.168094,-0.00311837,nan,-0.28086,-0.125087,1,0.0991679,-0.376119,-0.00306892,0.610504,-0.350416,-0.361354,nan,nan,0,0.138019,-0.0183125,0.00306892,0.952377,0.0190093,0.00793839,nan,nan,0,-0.092901,0.281011,0.00306892,-0.610504,0.263549,0.264893,nan,nan,0,-0.255318,0.475445,-0.199466,-9.54823,0.362341,0.362818,nan,nan,0,0.236283,-0.180053,0.0552238,3.54325,-0.0918586,nan,3.00396,3.33142,1,-0.151525,-0.000954349,-0.100113,-2.1789,-0.0757627,nan,-2.09408,-2.25171,1,0,0.143702,0.019564,-0.011453,-0.989361,7.2309e-05,-0.0358595,0.0794164,-0.432522,0.261922,10.014
1786071334745782551,0,1,0,0,0,0.0283525,0.0351974,-2.85217,0.00254525,-0.025446,0.0130707,0.0501305,0.345822,0.00920582,2.36874,0.425065,0.428082,nan,nan,0,0.0907951,0.0503349,0.00306892,1.73382,0.0953976,0.0937612,nan,nan,0,0.142837,-0.268163,0.0767183,1.78266,-0.238581,-0.214367,nan,nan,0,-0.419566,0.442656,-0.193328,-13.5531,0.280217,0.286935,nan,nan,0,0.0239798,-0.188733,-0.0171484,-0.353695,-0.19801,nan,-0.298961,-0.341921,1,-0.00632508,0.0111113,-0.0125277,-0.239643,-0.00316254,nan,-0.409425,-0.229887,1,0.0919675,-0.376119,0.00306892,0.415138,-0.354016,-0.358376,nan,nan,0,0.144188,-0.0183125,0.00920582,0.708183,0.0220941,0.0131471,nan,nan,0,-0.0994997,0.281011,0.00306892,-0.512817,0.26025,0.265042,nan,nan,0,-0.260062,0.473528,-0.21174,-9.35287,0.359969,0.361344,nan,nan,0,0.222985,-0.180055,0.0838099,3.34563,-0.0985077,nan,2.72845,3.10268,1,-0.152102,-0.00348543,-0.159504,-2.15567,-0.0760512,nan,-1.93772,-2.17502,1,0,0.143921,0.019456,-0.011488,-0.989331,0.00254525,-0.025446,0.0130707,-0.574412,0.424588,9.85353
1786071334755786257,0,1,0,0,0,0.0283413,0.0350713,-2.85232,-0.00715287,-0.0124956,-0.0388144,0.0437584,0.345822,0.00306892,2.5641,0.421879,0.426274,nan,nan,0,0.103617,0.0503349,0.00306892,2.02686,0.101808,0.0932845,nan,nan,0,0.124134,-0.267396,0.0705805,1.63614,-0.247933,-0.224508,nan,nan,0,-0.427044,0.44093,-0.205604,-14.0415,0.276478,0.283645,nan,nan,0,0.021264,-0.188734,-0.0152463,0.000499952,-0.199368,nan,-0.349311,-0.319065,1,-0.00614299,0.0107211,-0.0156484,-0.26388,-0.00307149,nan,-0.390304,-0.339347,1,0.102658,-0.376119,0.00306892,0.952377,-0.348671,-0.35488,nan,nan,0,0.161522,-0.0183125,0.00306892,1.05006,0.0307612,0.0183327,nan,nan,0,-0.104569,0.281011,0.00920582,-0.757019,0.257716,0.263262,nan,nan,0,-0.26269,0.471802,-0.21174,-9.25519,0.358655,0.360702,nan,nan,0,0.212444,-0.180055,0.0952043,3.22643,-0.103778,nan,2.52689,2.89915,1,-0.148655,-0.00660043,-0.165781,-2.22852,-0.0743276,nan,-1.78314,-2.04766,1,0,0.14385,0.019392,-0.011493,-0.989342,-0.00715287,-0.0124956,-0.0388144,-0.554735,0.217337,9.70236
1786071334766011451,0,1,0,0,0,0.0282932,0.0350791,-2.85257,-0.0088102,-0.0024554,-0.0579415,0.035326,0.345822,0.00920582,2.3199,0.417663,0.424191,nan,nan,0,0.107912,0.0503349,0.00306892,1.8315,0.103956,0.0963026,nan,nan,0,0.118908,-0.267205,0.0214815,1.53846,-0.250546,-0.236972,nan,nan,0,-0.427819,0.438821,-0.205604,-13.9438,0.27609,0.279934,nan,nan,0,0.022885,-0.188734,-0.0133488,-0.392905,-0.198558,nan,-0.32379,-0.319745,1,-0.00508866,0.0103303,-0.025017,-0.31157,-0.00254433,nan,-0.348713,-0.390444,1,0.114194,-0.376119,0.00306892,0.805862,-0.342903,-0.35185,nan,nan,0,0.170918,-0.0183125,0.00306892,1.29426,0.035459,0.0242829,nan,nan,0,-0.10219,0.281202,0.0276184,-0.512817,0.258905,0.26052,nan,nan,0,-0.261166,0.469693,-0.21174,-8.62027,0.359417,0.359758,nan,nan,0,0.212095,-0.178028,0.10275,3.07137,-0.103953,nan,2.43851,2.69587,1,-0.150289,-0.00582074,-0.165779,-1.94093,-0.0751446,nan,-1.83105,-1.89052,1,0,0.143729,0.019391,-0.011471,-0.98936,-0.0088102,-0.0024554,-0.0579415,-0.594036,0.309878,9.74454
1786071334775667162,0,1,0,0,0,0.0282653,0.0352828,-2.85374,-0.00360512,0.0023844,-0.0816367,0.0248731,0.34563,-0.00306892,2.46642,0.412437,0.421158,nan,nan,0,0.121087,0.0503349,0.00920582,2.12454,0.110543,0.100469,nan,nan,0,0.111977,-0.267205,0.0214815,1.19658,-0.254011,-0.246275,nan,nan,0,-0.427626,0.436712,-0.205604,-13.7973,0.276187,0.277199,nan,nan,0,0.0230107,-0.188734,-0.0190735,-0.432108,-0.198495,nan,-0.313003,-0.327351,1,-0.0063264,0.00974486,-0.040648,-0.3835,-0.0031632,nan,-0.32627,-0.383166,1,0.114478,-0.376119,0.00306892,0.561661,-0.342761,-0.347666,nan,nan,0,0.189707,-0.0181208,0.00920582,1.44078,0.0448534,0.0304796,nan,nan,0,-0.106282,0.281394,0.0214815,-0.805862,0.256859,0.258851,nan,nan,0,-0.260318,0.467392,-0.224015,-9.25519,0.359841,0.359233,nan,nan,0,0.21488,-0.178028,0.108476,2.5968,-0.10256,nan,2.47867,2.52982,1,-0.150402,-0.00990699,-0.181346,-1.94262,-0.0752008,nan,-1.6868,-1.79003,1,0,0.143144,0.019483,-0.011454,-0.989443,-0.00360512,0.0023844,-0.0816367,-0.678105,0.22488,9.87803
1786071334785663793,0,1,0,0,0,0.0281887,0.0354429,-2.8544,-0.00817161,0.0135998,-0.0459873,0.0238892,0.34563,-0.00306892,2.27106,0.411945,0.416993,nan,nan,0,0.110931,0.0503349,0.00306892,2.02686,0.105465,0.105336,nan,nan,0,0.133082,-0.267205,-0.00920582,0.854698,-0.243459,-0.251751,nan,nan,0,-0.423922,0.434411,-0.205604,-14.0904,0.278039,0.276022,nan,nan,0,0.0257672,-0.188733,-0.0343229,-0.314008,-0.197116,nan,-0.241919,-0.320522,1,-0.007417,0.00876866,-0.0594236,-0.40756,-0.0037085,nan,-0.285179,-0.343507,1,0.125339,-0.376119,0.00920582,0.805862,-0.33733,-0.344237,nan,nan,0,0.197452,-0.0181208,0.00920582,1.63614,0.0487259,0.0375119,nan,nan,0,-0.10035,0.281394,0.00920582,-0.708183,0.259825,0.257812,nan,nan,0,-0.253158,0.465091,-0.224015,-8.76679,0.363421,0.359342,nan,nan,0,0.219331,-0.175998,0.116028,2.36142,-0.100335,nan,2.47417,2.44929,1,-0.150656,-0.00970992,-0.187554,-1.7995,-0.075328,nan,-1.68721,-1.71438,1,0,0.14282,0.019553,-0.011411,-0.989489,-0.00817161,0.0135998,-0.0459873,-0.651104,0.178286,9.85981
1786071334795659676,0,1,0,0,0,0.0281109,0.0356935,-2.85465,-0.00531304,0.0188923,-0.00417306,0.0207973,0.345438,-0.00920582,2.22222,0.410399,0.413566,nan,nan,0,0.0986133,0.0503349,0.00306892,2.3199,0.0993067,0.107425,nan,nan,0,0.147447,-0.267396,-0.0214806,0.757019,-0.236276,-0.250749,nan,nan,0,-0.422038,0.432493,-0.224015,-12.8694,0.278981,0.276422,nan,nan,0,0.0302893,-0.188733,-0.0228832,-0.353397,-0.194855,nan,-0.179941,-0.290349,1,-0.00513357,0.00779294,-0.0406589,-0.383529,-0.00256678,nan,-0.249803,-0.301752,1,0.134074,-0.376119,0.00920582,1.19658,-0.332963,-0.340897,nan,nan,0,0.192855,-0.0181208,0.00920582,2.12454,0.0464276,0.0441023,nan,nan,0,-0.0859083,0.281394,0.00920582,-0.805862,0.267046,0.258071,nan,nan,0,-0.25142,0.462982,-0.230153,-9.01099,0.36429,0.360782,nan,nan,0,0.235809,-0.175998,0.0856067,2.4396,-0.0920953,nan,2.80817,2.43985,1,-0.145373,-0.0132106,-0.143736,-1.94418,-0.0726866,nan,-1.56868,-1.67426,1,0,0.142696,0.01967,-0.011357,-0.989505,-0.00531304,0.0188923,-0.00417306,-0.54448,0.234121,9.81136
1786071334805593895,0,1,0,0,0,0.0280824,0.0358537,-2.8545,-0.00191402,0.0122074,0.0284524,0.0330224,0.345438,-0.00306892,2.22222,0.416511,0.411443,nan,nan,0,0.0889856,0.0503349,0.00306892,2.12454,0.0944928,0.104951,nan,nan,0,0.159321,-0.267396,-0.00306892,0.708183,-0.230339,-0.244556,nan,nan,0,-0.419755,0.429809,-0.254703,-13.4066,0.280123,0.277627,nan,nan,0,0.0298617,-0.188733,-0.0343241,-0.274593,-0.195069,nan,-0.170262,-0.238783,1,-0.00586352,0.00681674,-0.0594284,-0.431547,-0.00293176,nan,-0.203312,-0.265376,1,0.135033,-0.376119,0.00306892,1.3431,-0.332483,-0.336901,nan,nan,0,0.185851,-0.0179291,0.0214815,2.12454,0.0429256,0.0472328,nan,nan,0,-0.0864649,0.281394,0.0153437,-0.708183,0.266768,0.261349,nan,nan,0,-0.250482,0.460681,-0.217878,-9.49939,0.364759,0.362719,nan,nan,0,0.237104,-0.175998,0.0741927,2.16448,-0.0914481,nan,2.84795,2.57172,1,-0.145373,-0.0153499,-0.124969,-1.68026,-0.0726864,nan,-1.53264,-1.62525,1,0,0.142766,0.019748,-0.01133,-0.989494,-0.00191402,0.0122074,0.0284524,-0.23675,0.302454,9.70469
1786071334815552351,0,1,0,0,0,0.0280593,0.0359683,-2.85416,-0.00139612,0.0265576,0.0380266,0.0175502,0.345438,0.00920582,1.68498,0.408775,0.412382,nan,nan,0,0.0923031,0.0503349,0.00306892,2.46642,0.0961515,0.0999998,nan,nan,0,0.164868,-0.267396,-0.00306892,0.952377,-0.227566,-0.237023,nan,nan,0,-0.417021,0.427125,-0.266977,-12.5763,0.28149,0.278963,nan,nan,0,0.0322268,-0.188733,-0.0381383,-0.275058,-0.193887,nan,-0.123153,-0.190627,1,-0.00809379,0.00564539,-0.0656875,-0.191678,-0.0040469,nan,-0.192237,-0.222572,1,0.147154,-0.376119,0.00920582,1.14774,-0.326423,-0.333814,nan,nan,0,0.200438,-0.0177369,0.0276184,2.41758,0.0502192,0.0464748,nan,nan,0,-0.0848088,0.281394,0.00306892,-0.708183,0.267596,0.26487,nan,nan,0,-0.245162,0.458571,-0.199466,-8.13187,0.367419,0.364125,nan,nan,0,0.25475,-0.173964,0.0988807,2.2461,-0.082625,nan,3.04855,2.7254,1,-0.14108,-0.0145668,-0.165528,-1.43977,-0.0705401,nan,-1.43091,-1.57782,1,0,0.142934,0.019805,-0.011307,-0.989469,-0.00139612,0.0265576,0.0380266,-0.106309,0.302207,9.71563
1786071334825569662,0,1,0,0,0,0.0280925,0.0361713,-2.85377,0.00701572,0.0320394,0.0412752,0.0194264,0.345438,0.00306892,2.17339,0.409713,0.412133,nan,nan,0,0.0732331,0.0503349,0.00306892,1.8315,0.0866165,0.0965938,nan,nan,0,0.157827,-0.267396,-0.00306892,1.05006,-0.231087,-0.230996,nan,nan,0,-0.412865,0.42444,-0.266977,-11.8926,0.283568,0.28031,nan,nan,0,0.039484,-0.190792,-0.0515089,-0.195982,-0.190258,nan,0.0959423,-0.150276,1,-0.00726263,0.00762454,-0.0876192,-0.335514,-0.00363132,nan,-0.206247,-0.183664,1,0.152812,-0.376119,0.00306892,1.29426,-0.323594,-0.330427,nan,nan,0,0.195384,-0.0173535,0.046031,2.0757,0.047692,0.0469057,nan,nan,0,-0.0850479,0.281394,0.00920582,-0.512817,0.267476,0.266933,nan,nan,0,-0.236085,0.456654,-0.181053,-8.03419,0.371957,0.365656,nan,nan,0,0.273401,-0.173964,0.131184,2.64098,-0.0732997,nan,3.32649,2.86844,1,-0.143454,-0.0184539,-0.212347,-1.58376,-0.071727,nan,-1.27967,-1.49025,1,0,0.143125,0.01991,-0.011305,-0.989439,0.00701572,0.0320394,0.0412752,-0.014315,0.393861,9.73858
1786071334835698723,0,1,0,0,0,0.0281601,0.0364115,-2.85336,0.00862734,0.0360124,0.0371135,0.0198148,0.345438,-0.00306892,2.17339,0.409907,0.410721,nan,nan,0,0.0622161,0.0503349,-0.00306892,1.73382,0.081108,0.092431,nan,nan,0,0.156185,-0.267396,0.00920582,1.3431,-0.231907,-0.228983,nan,nan,0,-0.409096,0.421755,-0.26084,-12.0391,0.285452,0.281901,nan,nan,0,0.0441899,-0.190792,-0.0419718,-0.314205,-0.187905,nan,0.16399,-0.0545747,1,-0.00665559,0.00586679,-0.0719773,-0.215531,-0.0033278,nan,-0.167872,-0.169414,1,0.153097,-0.376119,0.00306892,1.78266,-0.323451,-0.326705,nan,nan,0,0.195002,-0.0165868,0.0767183,1.68498,0.0475008,0.0478235,nan,nan,0,-0.0926293,0.281586,0.00920582,-0.463982,0.263685,0.267715,nan,nan,0,-0.228074,0.454928,-0.174916,-7.98535,0.375963,0.368385,nan,nan,0,0.284104,-0.171928,0.127323,2.80117,-0.067948,nan,3.44832,3.0616,1,-0.141712,-0.0198065,-0.205991,-1.4878,-0.0708558,nan,-1.22249,-1.37022,1,0,0.143328,0.020036,-0.011317,-0.989407,0.00862734,0.0360124,0.0371135,0.00164,0.353048,9.75578
1786071334845669574,0,1,0,0,0,0.0282243,0.0366672,-2.85302,0.00881499,0.029036,0.0223558,0.0129201,0.345438,0.00306892,2.27106,0.40646,0.409935,nan,nan,0,0.0642464,0.0503349,0.00306892,1.53846,0.0821232,0.0867574,nan,nan,0,0.147398,-0.267396,0.00920582,1.39194,-0.236301,-0.229809,nan,nan,0,-0.402878,0.418879,-0.248566,-12.4786,0.288561,0.283731,nan,nan,0,0.0472728,-0.190792,0.0095312,-0.392579,-0.186364,nan,0.140686,0.0561589,1,-0.0022738,0.00567154,0.00627081,-0.359318,-0.0011369,nan,-0.213659,-0.177314,1,0.146541,-0.376119,-0.00306892,1.73382,-0.32673,-0.324225,nan,nan,0,0.187328,-0.0156279,0.101268,1.8315,0.0436639,0.0479108,nan,nan,0,-0.0984226,0.281777,0.0153437,-0.561661,0.260789,0.266547,nan,nan,0,-0.225376,0.453394,-0.174916,-7.10622,0.377312,0.372119,nan,nan,0,0.298204,-0.169885,0.110095,3.04005,-0.0608981,nan,3.64941,3.25526,1,-0.141933,-0.0196049,-0.146752,-1.48787,-0.0709666,nan,-1.32072,-1.303,1,0,0.143492,0.020169,-0.011327,-0.989381,0.00881499,0.029036,0.0223558,-0.104848,0.209254,9.74728
1786071334855662780,0,1,0,0,0,0.0283001,0.0368172,-2.85295,0.0121561,0.0172427,-0.00743217,0.0141083,0.345438,0.00306892,1.97802,0.407054,0.40861,nan,nan,0,0.0737339,0.0503349,0.00306892,1.53846,0.086867,0.0829291,nan,nan,0,0.133063,-0.267396,-0.00306892,1.48962,-0.243469,-0.232492,nan,nan,0,-0.403608,0.416578,-0.21174,-11.5507,0.288196,0.286037,nan,nan,0,0.045107,-0.190792,0.0514912,-0.235361,-0.187447,nan,0.0398447,0.11305,1,-0.00123112,0.00684353,0.0626168,-0.311498,-0.00061556,nan,-0.317698,-0.215987,1,0.143956,-0.376119,0.00306892,1.73382,-0.328022,-0.324309,nan,nan,0,0.182145,-0.0144773,0.11968,1.8315,0.0410724,0.0464751,nan,nan,0,-0.110222,0.281969,0.0276184,-0.512817,0.254889,0.263894,nan,nan,0,-0.226891,0.45186,-0.150368,-7.88766,0.376555,0.375363,nan,nan,0,0.296503,-0.167839,0.108027,3.35777,-0.0617485,nan,3.55112,3.43667,1,-0.141186,-0.0192102,-0.093875,-1.58425,-0.0705931,nan,-1.40067,-1.32291,1,0,0.143523,0.020249,-0.011353,-0.989374,0.0121561,0.0172427,-0.00743217,-0.11694,0.292326,9.70948
1786071334865771220,0,1,0,0,0,0.0283542,0.0369324,-2.8531,0.00748825,0.0209727,-0.0210711,0.00502889,0.345247,0.00306892,1.8315,0.402514,0.407409,nan,nan,0,0.0687962,0.0503349,-0.00306892,1.73382,0.0843981,0.0831373,nan,nan,0,0.121957,-0.267205,0.0153437,1.29426,-0.249021,-0.237371,nan,nan,0,-0.392653,0.414852,-0.187191,-11.453,0.293673,0.287738,nan,nan,0,0.0571787,-0.188731,0.104825,-0.038485,-0.181411,nan,0.0989733,0.0847785,1,0.00434304,0.00564539,0.106437,-0.431707,0.00217152,nan,-0.263871,-0.276737,1,0.133212,-0.376119,-0.00306892,1.68498,-0.333394,-0.325957,nan,nan,0,0.16848,-0.0133266,0.125817,2.0757,0.0342401,0.0438788,nan,nan,0,-0.11298,0.282161,0.0276184,-0.65934,0.25351,0.259792,nan,nan,0,-0.217969,0.450326,-0.125817,-6.52015,0.381016,0.376878,nan,nan,0,0.318767,-0.167824,0.134261,3.35868,-0.0506166,nan,3.90086,3.5359,1,-0.14806,-0.0215381,-0.000880784,-1.48799,-0.0740302,nan,-1.57344,-1.3716,1,0,0.143446,0.020309,-0.011373,-0.989384,0.00748825,0.0209727,-0.0210711,-0.163014,0.176842,9.6204
1786071334875654946,0,1,0,0,0,0.0283602,0.0370583,-2.85341,0.00663923,0.0117908,-0.0410915,-0.00946569,0.345247,0.00306892,2.12454,0.395267,0.405447,nan,nan,0,0.0860009,0.0503349,0.00306892,1.29426,0.0930005,0.0842457,nan,nan,0,0.112977,-0.267205,0.00306892,1.14774,-0.253512,-0.243386,nan,nan,0,-0.392298,0.413126,-0.156505,-12.4786,0.293851,0.290161,nan,nan,0,0.051821,-0.186667,0.154313,-0.0386019,-0.184089,nan,-0.14125,0.0407252,1,0.00763376,0.00581501,0.168939,-0.383921,0.00381688,nan,-0.313352,-0.302979,1,0.123958,-0.376119,0.00306892,1.48962,-0.338021,-0.329137,nan,nan,0,0.157792,-0.012176,0.107406,2.36874,0.0288962,0.0396258,nan,nan,0,-0.123665,0.281969,-0.00306892,-0.610504,0.248167,0.255912,nan,nan,0,-0.218881,0.449175,-0.113543,-7.00854,0.380559,0.378538,nan,nan,0,0.318445,-0.165758,0.15104,3.51888,-0.0507777,nan,3.79776,3.67065,1,-0.146686,-0.0199796,0.0579382,-1.488,-0.0733431,nan,-1.68781,-1.46789,1,0,0.143295,0.02037,-0.01137,-0.989405,0.00663923,0.0117908,-0.0410915,-0.178471,0.317924,9.52596
1786071334885710506,0,1,0,0,0,0.0283873,0.0370648,-2.85361,0.0107107,0.00390695,-0.0364982,-0.0104258,0.345247,-0.00306892,1.8315,0.394787,0.401163,nan,nan,0,0.0807825,0.0503349,0.00306892,1.24542,0.0903913,0.0873839,nan,nan,0,0.118614,-0.267205,0.00306892,0.952377,-0.250693,-0.249086,nan,nan,0,-0.390355,0.411784,-0.113543,-11.5995,0.294822,0.292545,nan,nan,0,0.0514762,-0.184602,0.165656,-0.0387389,-0.184262,nan,-0.236571,-0.0456346,1,0.0099664,0.00637396,0.175112,-0.336094,0.0049832,nan,-0.304392,-0.321451,1,0.130635,-0.376119,-0.00306892,1.63614,-0.334683,-0.33351,nan,nan,0,0.156314,-0.0114088,0.09513,2.27106,0.0281572,0.0341914,nan,nan,0,-0.12254,0.281969,-0.00920582,-0.65934,0.24873,0.252045,nan,nan,0,-0.216272,0.448216,-0.107406,-6.12943,0.381864,0.38002,nan,nan,0,0.320232,-0.163691,0.179217,3.52125,-0.049884,nan,3.71442,3.76488,1,-0.141759,-0.0182299,0.0793781,-1.39173,-0.0708793,nan,-1.69855,-1.5934,1,0,0.143196,0.020374,-0.011385,-0.989419,0.0107107,0.00390695,-0.0364982,-0.060866,0.293042,9.42212
1786071334895510320,0,1,0,0,0,0.0284093,0.0370183,-2.85388,0.00100814,-0.00400384,-0.0133069,-0.017137,0.345247,-0.00306892,1.5873,0.391432,0.397046,nan,nan,0,0.082148,0.0503349,0.00306892,1.3431,0.091074,0.0900728,nan,nan,0,0.123409,-0.267205,-0.00920582,0.854698,-0.248295,-0.251736,nan,nan,0,-0.376303,0.411017,-0.0767183,-11.7949,0.301849,0.294102,nan,nan,0,0.0530567,-0.184595,0.157939,0.197333,-0.183472,nan,-0.197591,-0.155384,1,0.0148627,0.00988388,0.0502417,-0.19225,0.00743136,nan,-0.148938,-0.315284,1,0.113169,-0.376119,0.00306892,1.19658,-0.343416,-0.335735,nan,nan,0,0.149739,-0.0106421,0.0828552,1.88034,0.0248695,0.0300066,nan,nan,0,-0.123525,0.281777,-0.00306892,-0.903542,0.248238,0.249371,nan,nan,0,-0.215648,0.44745,-0.101268,-6.12943,0.382176,0.381072,nan,nan,0,0.332627,-0.163652,0.220589,3.95616,-0.0436864,nan,3.8679,3.7555,1,-0.150096,-0.0209421,0.10995,-1.70486,-0.0750482,nan,-1.78811,-1.68327,1,0,0.14306,0.020351,-0.011402,-0.989439,0.00100814,-0.00400384,-0.0133069,-0.151552,0.195202,9.5267
1786071334905568803,0,1,0,0,0,0.0283688,0.0367346,-2.85385,-0.0051193,-0.0309914,0.0244537,-0.00303452,0.345247,0.00306892,1.48962,0.398483,0.393853,nan,nan,0,0.0753377,0.0503349,0.00306892,1.73382,0.0876688,0.0910988,nan,nan,0,0.137647,-0.267396,-0.0276184,0.805862,-0.241177,-0.251069,nan,nan,0,-0.376393,0.41025,-0.0644426,-11.16,0.301803,0.297123,nan,nan,0,0.0474693,-0.182521,0.155871,-0.432845,-0.186265,nan,-0.364855,-0.213208,1,0.0173715,0.00888139,-0.0526986,-0.336031,0.00868577,nan,0.0731792,-0.233766,1,0.100155,-0.376119,0.00920582,1.14774,-0.349923,-0.338614,nan,nan,0,0.136669,-0.00987482,0.0644436,1.68498,0.0183347,0.02699,nan,nan,0,-0.119329,0.281777,-0.0214806,-0.854698,0.250336,0.248249,nan,nan,0,-0.222564,0.446682,-0.0767183,-6.42247,0.378718,0.381813,nan,nan,0,0.319222,-0.159529,0.243006,3.80084,-0.0503891,nan,3.45539,3.74963,1,-0.147932,-0.0168677,0.0909725,-1.70613,-0.0739661,nan,-1.84941,-1.7575,1,0,0.143081,0.020208,-0.011402,-0.989438,-0.0051193,-0.0309914,0.0244537,-0.024948,0.311292,9.64724
1786071334915481204,0,1,0,0,0,0.0282965,0.0363276,-2.85341,-0.00194496,-0.0228295,0.0617988,0.00645932,0.345247,0.00306892,1.73382,0.40323,0.394186,nan,nan,0,0.0649533,0.0503349,0.00306892,1.8315,0.0824766,0.0902161,nan,nan,0,0.160741,-0.267396,-0.00306892,0.708183,-0.22963,-0.247194,nan,nan,0,-0.373852,0.409867,-0.0398932,-11.2576,0.303074,0.300179,nan,nan,0,0.0471511,-0.180447,0.131034,-0.354157,-0.186424,nan,-0.405776,-0.287492,1,0.0130903,0.00671223,-0.105701,-0.336237,0.00654514,nan,0.15354,-0.059562,1,0.112207,-0.376119,0.00306892,1.29426,-0.343897,-0.343788,nan,nan,0,0.141995,-0.00949144,0.0398932,2.02686,0.0209973,0.0230888,nan,nan,0,-0.116713,0.281394,-0.046031,-0.903542,0.251644,0.248656,nan,nan,0,-0.22008,0.446107,-0.046031,-6.42247,0.37996,0.38105,nan,nan,0,0.312647,-0.157449,0.235246,3.68297,-0.0536765,nan,3.27917,3.64793,1,-0.148357,-0.0160914,0.0970437,-1.77967,-0.0741787,nan,-1.88819,-1.81781,1,0,0.143303,0.020004,-0.011391,-0.989411,-0.00194496,-0.0228295,0.0617988,0.129263,0.441685,9.75859
1786071334925635036,0,1,0,0,0,0.0282707,0.0359804,-2.85278,-0.00468696,-0.0316734,0.0615443,0.00840358,0.345247,0.00306892,1.78266,0.404202,0.397935,nan,nan,0,0.0657756,0.0503349,0.00306892,1.63614,0.0828878,0.0870553,nan,nan,0,0.156952,-0.267588,-0.0153437,0.65934,-0.231524,-0.239528,nan,nan,0,-0.372295,0.409483,-0.0337563,-10.6715,0.303852,0.30214,nan,nan,0,0.0460748,-0.180437,0.108268,-0.275732,-0.186963,nan,-0.390793,-0.35964,1,0.0124801,0.00788128,-0.043383,-0.144005,0.00624003,nan,0.015837,0.0875985,1,0.103589,-0.376119,0.00306892,1.14774,-0.348205,-0.346125,nan,nan,0,0.145001,-0.00929976,0.0153437,2.0757,0.0225007,0.0206623,nan,nan,0,-0.116312,0.280818,-0.0337563,-0.610504,0.251844,0.25001,nan,nan,0,-0.223762,0.445724,-0.0398932,-6.86203,0.378119,0.380113,nan,nan,0,0.311929,-0.155365,0.206377,3.72218,-0.0540355,nan,3.23698,3.46648,1,-0.14852,-0.014351,0.21773,-2.04641,-0.0742601,nan,-2.12387,-1.87421,1,0,0.143617,0.019834,-0.011397,-0.989368,-0.00468696,-0.0316734,0.0615443,-0.140242,0.275822,9.72394
1786071334935625698,0,1,0,0,0,0.028183,0.03549,-2.85227,-0.00872673,-0.0484285,0.0397979,0.00999147,0.345247,0.00306892,1.8315,0.404996,0.401779,nan,nan,0,0.0672942,0.0503349,0.00306892,1.44078,0.0836471,0.0841613,nan,nan,0,0.141327,-0.267396,0.00306892,1.00122,-0.239336,-0.23341,nan,nan,0,-0.373448,0.4091,-0.0276184,-10.9157,0.303276,0.30333,nan,nan,0,0.0454593,-0.180433,0.0722574,-0.315363,-0.18727,nan,-0.347686,-0.383188,1,0.0129032,0.0094392,0.065622,-0.0718529,0.00645162,nan,-0.188061,0.0794239,1,0.0850682,-0.376119,0.00306892,1.05006,-0.357466,-0.347017,nan,nan,0,0.145763,-0.00929976,-0.00306892,1.29426,0.0228814,0.0207271,nan,nan,0,-0.118537,0.280243,-0.046031,-0.854698,0.250731,0.251209,nan,nan,0,-0.229093,0.445532,-0.00920582,-7.30159,0.375453,0.379204,nan,nan,0,0.309493,-0.155319,0.14779,3.56406,-0.0552536,nan,3.28062,3.3332,1,-0.151481,-0.014351,0.245911,-1.94999,-0.0757406,nan,-2.21056,-1.99237,1,0,0.143873,0.019588,-0.011384,-0.989336,-0.00872673,-0.0484285,0.0397979,-0.144872,0.185395,9.62887
1786071334945645793,0,1,0,0,0,0.0280808,0.0349435,-2.85198,-0.00470398,-0.0458193,0.0198663,0.00400192,0.345247,0.00306892,1.73382,0.402001,0.404162,nan,nan,0,0.0685131,0.0503349,0.00306892,1.53846,0.0842566,0.0830767,nan,nan,0,0.127925,-0.267396,0.0153437,1.19658,-0.246038,-0.233548,nan,nan,0,-0.370372,0.4091,0.00306892,-10.6227,0.304814,0.303694,nan,nan,0,0.0450047,-0.180434,0.0437951,-0.433872,-0.187498,nan,-0.312921,-0.366487,1,0.0165965,0.0113865,0.112294,0.000374318,0.00829824,nan,-0.261089,-0.0605975,1,0.0753965,-0.376119,0.00306892,0.903542,-0.362302,-0.350846,nan,nan,0,0.132879,-0.00929976,0.00306892,1.19658,0.0164397,0.0217273,nan,nan,0,-0.125118,0.280052,0.00306892,-1.05006,0.247441,0.251445,nan,nan,0,-0.231047,0.445532,0.00306892,-6.95971,0.374476,0.377578,nan,nan,0,0.309949,-0.15324,0.151431,3.4066,-0.0550257,nan,3.21035,3.26968,1,-0.156252,-0.0110697,0.233281,-1.90231,-0.0781258,nan,-2.36161,-2.13231,1,0,0.144024,0.019312,-0.01137,-0.98932,-0.00470398,-0.0458193,0.0198663,-0.157143,0.225211,9.53128
1786071334955508277,0,1,0,0,0,0.0280457,0.0344368,-2.85195,0.00278966,-0.0484769,-0.00574079,-1.54302e-05,0.345247,0.00306892,1.73382,0.399992,0.404175,nan,nan,0,0.0786866,0.0503349,0.00306892,1.19658,0.0893433,0.0833045,nan,nan,0,0.113907,-0.267396,0.00920582,1.24542,-0.253047,-0.238636,nan,nan,0,-0.372,0.4091,0.00306892,-10.232,0.304,0.304075,nan,nan,0,0.0395156,-0.178374,0.0342445,-0.078756,-0.190242,nan,-0.466758,-0.356395,1,0.0165955,0.00941184,0.0717291,-0.072099,0.00829773,nan,-0.141017,-0.170677,1,0.0666413,-0.376119,0.00306892,0.903542,-0.366679,-0.356629,nan,nan,0,0.129135,-0.00929976,0.00306892,1.3431,0.0145675,0.02044,nan,nan,0,-0.130519,0.280243,0.00920582,-0.952377,0.24474,0.250073,nan,nan,0,-0.236376,0.445532,-0.00306892,-6.81319,0.371812,0.375809,nan,nan,0,0.301516,-0.151165,0.125134,3.4844,-0.0592422,nan,3.02961,3.22668,1,-0.157235,-0.00760038,0.19012,-2.19325,-0.0786177,nan,-2.4157,-2.27046,1,0,0.144043,0.019059,-0.011389,-0.989322,0.00278966,-0.0484769,-0.00574079,-0.195844,0.183935,9.61868
1786071334965660573,0,1,0,0,0,0.0280422,0.0338068,-2.85197,-0.000423103,-0.0644718,0.00599133,-0.0102566,0.345247,-0.00306892,1.68498,0.394872,0.402439,nan,nan,0,0.082371,0.0503349,0.00306892,1.63614,0.0911855,0.0854894,nan,nan,0,0.122243,-0.267396,0.00306892,1.05006,-0.248878,-0.245799,nan,nan,0,-0.367319,0.4091,0.00306892,-10.3297,0.306341,0.304273,nan,nan,0,0.0355262,-0.178374,0.0304192,-0.433946,-0.192237,nan,-0.530833,-0.393222,1,0.0163616,0.0103851,0.0405649,-0.0477546,0.00818082,nan,-0.126977,-0.183661,1,0.0542328,-0.376119,0.00306892,0.708183,-0.372884,-0.362276,nan,nan,0,0.141159,-0.00929976,0.00920582,0.903542,0.0205797,0.0175567,nan,nan,0,-0.126923,0.280243,0.00920582,-1.00122,0.246539,0.247565,nan,nan,0,-0.238481,0.445532,-0.00306892,-6.86203,0.37076,0.373851,nan,nan,0,0.298803,-0.15114,0.0785662,3.48553,-0.0605985,nan,3.05112,3.15633,1,-0.159658,-0.00779321,0.0824813,-2.09626,-0.0798288,nan,-2.28479,-2.35073,1,0,0.144037,0.018747,-0.011433,-0.989328,-0.000423103,-0.0644718,0.00599133,-0.095532,0.150622,9.67695
1786071334975660372,0,1,0,0,0,0.0279885,0.0330578,-2.85191,-0.00153385,-0.059961,0.0120054,0.00153926,0.345247,0.00306892,1.73382,0.40077,0.399156,nan,nan,0,0.0740916,0.0503349,0.00306892,1.19658,0.0870458,0.0885134,nan,nan,0,0.122243,-0.267396,0.00306892,0.854698,-0.248879,-0.249764,nan,nan,0,-0.372574,0.4091,0.00306892,-10.3785,0.303713,0.304942,nan,nan,0,0.0306161,-0.178373,0.00568192,-0.551755,-0.194692,nan,-0.579699,-0.45352,1,0.0200327,0.0107743,-0.018678,-0.312274,0.0100164,nan,0.00527978,-0.147625,1,0.0609665,-0.376119,0.00306892,0.415138,-0.369517,-0.367835,nan,nan,0,0.120171,-0.00929976,-0.00306892,0.903542,0.0100855,0.0173113,nan,nan,0,-0.120627,0.280243,0.00920582,-1.0989,0.249686,0.246153,nan,nan,0,-0.241924,0.445532,0.00306892,-7.30159,0.369038,0.372021,nan,nan,0,0.288534,-0.151129,0.0565655,3.28381,-0.0657331,nan,2.904,3.09497,1,-0.158694,-0.00914351,-0.0469608,-2.3159,-0.0793472,nan,-2.03567,-2.30837,1,0,0.144073,0.018373,-0.01146,-0.98933,-0.00153385,-0.059961,0.0120054,0.041283,0.258542,9.82621
1786071334985580755,0,1,0,0,0,0.0279804,0.0323902,-2.85177,0.00197976,-0.0565587,0.0141633,0.00682539,0.345247,0.00306892,1.8315,0.403413,0.398168,nan,nan,0,0.0863813,0.0503349,0.00306892,1.24542,0.0931907,0.0892358,nan,nan,0,0.140705,-0.267396,-0.00306892,0.757019,-0.239647,-0.25027,nan,nan,0,-0.379622,0.4091,0.00306892,-10.1832,0.300189,0.304932,nan,nan,0,0.0217309,-0.178372,0.00378545,-0.749322,-0.199135,nan,-0.73237,-0.516608,1,0.0125014,0.0105797,-0.0155673,-0.191824,0.0062507,nan,-0.106519,-0.0716392,1,0.0757581,-0.37631,0.00306892,0.512817,-0.362121,-0.370568,nan,nan,0,0.150509,-0.00929976,0.00306892,1.0989,0.0252543,0.0154855,nan,nan,0,-0.123305,0.280243,0.00306892,-0.952377,0.248347,0.247021,nan,nan,0,-0.246229,0.445532,0.00306892,-7.10622,0.366885,0.370388,nan,nan,0,0.263826,-0.149103,0.0116781,3.04678,-0.0780868,nan,2.46805,3.00862,1,-0.153698,-0.00683477,-0.0958273,-2.22029,-0.0768492,nan,-1.95669,-2.18078,1,0,0.144146,0.018043,-0.011503,-0.989324,0.00197976,-0.0565587,0.0141633,-0.144814,0.215326,9.95378
1786071334995623288,0,1,0,0,0,0.0279816,0.0317881,-2.85164,1.97222e-06,-0.0563765,0.0118755,0.00248907,0.345055,-0.00920582,1.73382,0.401245,0.400066,nan,nan,0,0.0892693,0.0503349,0.00306892,1.53846,0.0946347,0.0903334,nan,nan,0,0.13041,-0.267396,-0.00306892,0.903542,-0.244795,-0.246715,nan,nan,0,-0.374434,0.4091,0.00306892,-9.89011,0.302783,0.303187,nan,nan,0,0.0279215,-0.178372,0.0057025,-0.473253,-0.196039,nan,-0.62691,-0.612188,1,0.0136075,0.0105797,0.00624286,-0.119888,0.00680374,nan,-0.122643,-0.0542191,1,0.0513704,-0.37631,-0.00306892,0.170937,-0.374315,-0.368336,nan,nan,0,0.153929,-0.00929976,0.00306892,1.19658,0.0269645,0.0173153,nan,nan,0,-0.112974,0.280243,0.0153437,-1.05006,0.253513,0.248124,nan,nan,0,-0.247214,0.445532,-0.00920582,-7.10622,0.366393,0.368622,nan,nan,0,0.283413,-0.149114,-0.0240316,3.08607,-0.0682934,nan,2.86476,2.79773,1,-0.162412,-0.00779873,-0.0923399,-2.29315,-0.0812058,nan,-2.0637,-2.0461,1,0,0.144215,0.017746,-0.011546,-0.989319,1.97222e-06,-0.0563765,0.0118755,-0.296435,0.179625,9.82446
1786071335005746795,0,1,0,0,0,0.0279299,0.0312515,-2.85162,-0.0028852,-0.0490571,-0.000236422,0.00211765,0.344863,-0.00920582,1.97802,0.401059,0.401474,nan,nan,0,0.0832388,0.0503349,0.00306892,1.44078,0.0916194,0.0924739,nan,nan,0,0.124541,-0.267396,0.00920582,0.757019,-0.247729,-0.244042,nan,nan,0,-0.376816,0.4091,-0.00306892,-10.7692,0.301592,0.302124,nan,nan,0,0.027408,-0.178372,0.00760905,-0.710026,-0.196296,nan,-0.638756,-0.661204,1,0.0147059,0.0109688,0.0155923,-0.119696,0.00735294,nan,-0.131865,-0.0873807,1,0.0710069,-0.37631,0.00306892,0.122101,-0.364497,-0.36867,nan,nan,0,0.14691,-0.00929976,-0.00306892,0.952377,0.0234549,0.022228,nan,nan,0,-0.116146,0.280243,0.0153437,-1.0989,0.251927,0.25018,nan,nan,0,-0.24389,0.445532,-0.00306892,-7.74115,0.368055,0.367179,nan,nan,0,0.28076,-0.149135,-0.0727953,2.65082,-0.0696198,nan,2.89223,2.72951,1,-0.16075,-0.00760603,-0.116538,-1.97928,-0.0803749,nan,-2.00826,-1.99651,1,0,0.144232,0.017477,-0.011559,-0.989322,-0.0028852,-0.0490571,-0.000236422,-0.317589,0.099419,9.68925
1786071335015566439,0,1,0,0,0,0.0279079,0.0307314,-2.85165,-0.000991085,-0.0590821,-0.00424543,0.00881187,0.344672,-0.0214806,2.22222,0.404406,0.401651,nan,nan,0,0.0906981,0.0503349,0.00306892,1.8315,0.0953491,0.0930891,nan,nan,0,0.128594,-0.267396,0.00920582,0.903542,-0.245703,-0.244714,nan,nan,0,-0.38048,0.4091,0.00306892,-10.4762,0.29976,0.301798,nan,nan,0,0.022166,-0.178372,0.00570723,-0.236504,-0.198917,nan,-0.727638,-0.660408,1,0.0129032,0.0111634,0.0124727,-0.120089,0.0064516,nan,-0.160063,-0.114779,1,0.0628299,-0.37631,0.00920582,0.122101,-0.368585,-0.368352,nan,nan,0,0.151311,-0.00929976,0.00306892,1.24542,0.0256554,0.024625,nan,nan,0,-0.117343,0.280243,0.00306892,-1.00122,0.251329,0.251808,nan,nan,0,-0.250043,0.445532,0.00306892,-8.08303,0.364979,0.366973,nan,nan,0,0.266602,-0.15119,-0.0765355,2.88773,-0.0766989,nan,2.72199,2.81973,1,-0.161572,-0.0110724,-0.13509,-2.12365,-0.0807861,nan,-1.88878,-1.96341,1,0,0.144223,0.017218,-0.011586,-0.989327,-0.000991085,-0.0590821,-0.00424543,-0.455889,0.052427,9.64318
1786071335025569956,0,1,0,0,0,0.0278616,0.0301041,-2.85171,-0.00274828,-0.0663837,-0.00271116,0.00424398,0.34448,-0.0337563,2.02686,0.402122,0.402486,nan,nan,0,0.0951179,0.0505266,0.00920582,1.8315,0.097559,0.0937321,nan,nan,0,0.120752,-0.267396,0.0153437,0.854698,-0.249624,-0.245715,nan,nan,0,-0.377993,0.4091,0.00306892,-10.6715,0.301003,0.301024,nan,nan,0,0.0236541,-0.178372,0.0228063,-0.749451,-0.198173,nan,-0.727245,-0.682557,1,0.013821,0.0117476,0.0218547,-0.143734,0.00691048,nan,-0.177895,-0.141389,1,0.0516898,-0.37631,0.00306892,0.268623,-0.374155,-0.367715,nan,nan,0,0.14931,-0.00929976,0.00306892,1.29426,0.0246548,0.0253445,nan,nan,0,-0.113525,0.280243,0.00920582,-0.952377,0.253237,0.252073,nan,nan,0,-0.25405,0.445532,-0.00306892,-7.88766,0.362975,0.366451,nan,nan,0,0.271351,-0.151212,-0.0635131,2.76999,-0.0743246,nan,2.78633,2.83508,1,-0.162453,-0.0110724,-0.107475,-1.95421,-0.0812265,nan,-1.94341,-1.92036,1,0,0.144196,0.016904,-0.011609,-0.989336,-0.00274828,-0.0663837,-0.00271116,-0.333561,0.082968,9.72521
1786071335035462657,0,1,0,0,0,0.0278363,0.0294489,-2.85173,0.00304932,-0.0634557,0.00388186,0.00133241,0.344096,-0.0398932,1.97802,0.400666,0.40289,nan,nan,0,0.0884353,0.0505266,0.00920582,1.44078,0.0942177,0.0953981,nan,nan,0,0.123365,-0.267396,0.00920582,0.757019,-0.248318,-0.247226,nan,nan,0,-0.376557,0.4091,0.00306892,-10.7204,0.301721,0.300618,nan,nan,0,0.0222786,-0.178371,0.0418155,-0.788674,-0.198861,nan,-0.779853,-0.717791,1,0.0148992,0.0127204,0.0468128,-0.264004,0.0074496,nan,-0.228343,-0.175162,1,0.0576819,-0.37631,0.00306892,0.122101,-0.371159,-0.369795,nan,nan,0,0.140408,-0.00929976,0.00920582,1.5873,0.0202038,0.0253372,nan,nan,0,-0.11145,0.280243,0.0153437,-0.903542,0.254275,0.252393,nan,nan,0,-0.252633,0.445532,-0.00306892,-6.56898,0.363684,0.364947,nan,nan,0,0.271285,-0.151224,-0.0373645,2.49133,-0.0743573,nan,2.74638,2.799,1,-0.164252,-0.0112652,-0.064506,-1.93101,-0.082126,nan,-2.02906,-1.91937,1,0,0.144194,0.016578,-0.011644,-0.989341,0.00304932,-0.0634557,0.00388186,-0.240743,0.139235,9.8115
1786071335045534465,0,1,0,0,0,0.027855,0.0287944,-2.85166,0.00315536,-0.0623642,0.0134447,0.002952,0.343521,-0.0521679,2.02686,0.401476,0.402138,nan,nan,0,0.0900329,0.0505266,0.00920582,1.92918,0.0950165,0.0957849,nan,nan,0,0.126563,-0.267396,-0.00306892,0.805862,-0.246718,-0.248348,nan,nan,0,-0.378254,0.4091,-0.00306892,-10.6227,0.300873,0.300941,nan,nan,0,0.0198214,-0.17837,0.0513106,-0.709996,-0.200089,nan,-0.837142,-0.75287,1,0.0140388,0.0138883,0.0499446,-0.167849,0.0070194,nan,-0.280983,-0.2115,1,0.0471409,-0.37631,0.00306892,0.268623,-0.37643,-0.371491,nan,nan,0,0.135386,-0.00929976,-0.00306892,1.44078,0.0176931,0.0235443,nan,nan,0,-0.113196,0.280243,0.00306892,-0.952377,0.253402,0.253224,nan,nan,0,-0.254582,0.445341,-0.00920582,-8.22955,0.362709,0.363836,nan,nan,0,0.265805,-0.153271,-0.0204881,2.57024,-0.0770976,nan,2.6968,2.76383,1,-0.164692,-0.0147373,-0.0554225,-1.93045,-0.0823458,nan,-1.94512,-1.96576,1,0,0.144231,0.016256,-0.0117,-0.989341,0.00315536,-0.0623642,0.0134447,-0.249731,0.177399,9.7966
1786071335055467606,0,1,0,0,0,0.0278158,0.0281492,-2.8515,-0.00392467,-0.0607338,0.0220295,0.00530738,0.343138,-0.046031,1.92918,0.402654,0.401494,nan,nan,0,0.0905152,0.0507183,0.0276184,1.63614,0.0952576,0.0953659,nan,nan,0,0.130185,-0.267396,0.00306892,0.708183,-0.244907,-0.248082,nan,nan,0,-0.376992,0.4091,0.00306892,-10.7692,0.301504,0.30113,nan,nan,0,0.0207473,-0.176306,0.0683808,-0.710218,-0.199626,nan,-0.918791,-0.804771,1,0.0142478,0.0123023,0.0655228,-0.216073,0.00712392,nan,-0.253635,-0.25331,1,0.0514723,-0.37631,-0.00306892,0.122101,-0.374264,-0.37345,nan,nan,0,0.131458,-0.00929976,0.00306892,1.5873,0.0157292,0.0206374,nan,nan,0,-0.113362,0.280243,-0.00306892,-0.903542,0.253319,0.25366,nan,nan,0,-0.253887,0.445341,-0.00920582,-8.18071,0.363057,0.363174,nan,nan,0,0.263181,-0.153273,0.00949714,2.80694,-0.0784094,nan,2.60597,2.72205,1,-0.165488,-0.0151232,-0.0248142,-2.17215,-0.0827442,nan,-1.99141,-1.98804,1,0,0.144317,0.015935,-0.011726,-0.989333,-0.00392467,-0.0607338,0.0220295,-0.193506,0.201261,9.75095
1786071335065501773,0,1,0,0,0,0.0278032,0.027504,-2.85131,0.000225968,-0.063368,0.018919,0.00916965,0.342562,-0.0398932,2.61295,0.404585,0.401716,nan,nan,0,0.0916875,0.05091,0.0398932,1.88034,0.0958437,0.0951712,nan,nan,0,0.128322,-0.267396,-0.00306892,0.757019,-0.245839,-0.246757,nan,nan,0,-0.379195,0.4091,0.00306892,-10.7204,0.300403,0.301252,nan,nan,0,0.0176374,-0.176304,0.0683426,-0.828969,-0.201181,nan,-0.973211,-0.87225,1,0.0136246,0.0138583,0.0219334,-0.0956475,0.00681229,nan,-0.244281,-0.26763,1,0.0436403,-0.37631,0.00306892,0.268623,-0.37818,-0.374702,nan,nan,0,0.13171,-0.00910807,0.00306892,1.44078,0.0158551,0.0178376,nan,nan,0,-0.112287,0.280243,-0.00920582,-0.903542,0.253857,0.253613,nan,nan,0,-0.259067,0.445341,-0.00920582,-8.13187,0.360466,0.36289,nan,nan,0,0.257766,-0.153273,0.0321621,2.68918,-0.0811171,nan,2.4772,2.66071,1,-0.166042,-0.0157022,-0.049755,-2.00296,-0.0830212,nan,-1.94494,-1.98972,1,0,0.144414,0.015616,-0.011765,-0.989324,0.000225968,-0.063368,0.018919,-0.247067,0.28858,9.73145
1786071335075488785,0,1,0,0,0,0.0278045,0.0268469,-2.85116,0.000544874,-0.0652354,0.019014,0.0142607,0.341987,-0.0521679,2.02686,0.40713,0.402867,nan,nan,0,0.0901399,0.0512934,0.0276184,1.5873,0.0950699,0.0953554,nan,nan,0,0.129796,-0.267396,0.0214815,0.610504,-0.245102,-0.245823,nan,nan,0,-0.384389,0.4091,-0.00306892,-10.8669,0.297805,0.301042,nan,nan,0,0.0126759,-0.174236,0.0625688,-0.868491,-0.203662,nan,-1.12376,-0.937902,1,0.0129047,0.0111076,-0.0434327,-0.264212,0.00645235,nan,-0.074508,-0.234216,1,0.0389739,-0.37631,0.00306892,-0.0732574,-0.380513,-0.37607,nan,nan,0,0.130653,-0.00910807,0.00306892,1.14774,0.0153263,0.0161551,nan,nan,0,-0.113787,0.280243,-0.00920582,-0.854698,0.253107,0.25363,nan,nan,0,-0.263134,0.445341,-0.00920582,-8.27839,0.358433,0.362056,nan,nan,0,0.245068,-0.153271,0.0491913,2.76908,-0.0874659,nan,2.22939,2.568,1,-0.163922,-0.0172465,-0.0777187,-2.00299,-0.0819609,nan,-1.82485,-1.96007,1,0,0.144497,0.015292,-0.011812,-0.989316,0.000544874,-0.0652354,0.019014,-0.253388,0.331578,9.71308
1786071335085484463,0,1,0,0,0,0.0278116,0.0262293,-2.85099,0.00349764,-0.0617901,0.0150524,0.0166952,0.341604,-0.046031,1.78266,0.408348,0.404827,nan,nan,0,0.0885331,0.0514851,0.0276184,1.97802,0.0942665,0.0953876,nan,nan,0,0.12985,-0.267396,-0.0153437,1.00122,-0.245075,-0.245364,nan,nan,0,-0.386799,0.4091,0.00306892,-10.9157,0.2966,0.299827,nan,nan,0,0.0103933,-0.174231,0.049266,-0.789624,-0.204803,nan,-1.14393,-1.02531,1,0.0124354,0.0113019,-0.0652335,-0.216098,0.00621769,nan,-0.0546762,-0.149186,1,0.0429463,-0.37631,0.00306892,0.317459,-0.378527,-0.378199,nan,nan,0,0.132632,-0.00910807,0.00306892,1.05006,0.0163159,0.0154277,nan,nan,0,-0.113581,0.280243,0.00306892,-0.854698,0.25321,0.253502,nan,nan,0,-0.264649,0.445149,-0.00920582,-8.27839,0.357675,0.360405,nan,nan,0,0.238952,-0.153271,0.0284181,2.64903,-0.0905239,nan,2.15352,2.4193,1,-0.16323,-0.0184049,-0.0558827,-2.07644,-0.081615,nan,-1.81248,-1.89471,1,0,0.144583,0.014988,-0.011859,-0.989308,0.00349764,-0.0617901,0.0150524,-0.318289,0.28215,9.77047
1786071335095623042,0,1,0,0,0,0.0278764,0.0252991,-2.85092,0.00438107,-0.0654798,-0.00170417,0.0205522,0.341028,-0.0337563,1.5873,0.410276,0.406841,nan,nan,0,0.0919148,0.0518689,0.0276184,1.8315,0.0959574,0.0949812,nan,nan,0,0.12275,-0.267396,0.0153437,0.805862,-0.248625,-0.245122,nan,nan,0,-0.390502,0.4091,0.00306892,-10.6715,0.294749,0.298137,nan,nan,0,0.00727637,-0.174226,0.045461,-0.868669,-0.206362,nan,-1.19295,-1.09975,1,0.0120921,0.0114962,-0.0714548,-0.216016,0.00604606,nan,-0.0563226,-0.0822131,1,0.0418659,-0.37631,-0.00306892,-0.0244217,-0.379067,-0.379215,nan,nan,0,0.130044,-0.00910807,0.00306892,1.05006,0.0150221,0.0155196,nan,nan,0,-0.115212,0.280243,0.0153437,-0.952377,0.252394,0.253307,nan,nan,0,-0.267765,0.445149,-0.00306892,-8.27839,0.356118,0.358779,nan,nan,0,0.23036,-0.153271,-0.00188119,2.25069,-0.0948202,nan,2.0486,2.27221,1,-0.16388,-0.0187908,1.81801e-05,-2.07796,-0.0819401,nan,-1.89451,-1.8478,1,0,0.144623,0.014533,-0.011958,-0.989307,0.00438107,-0.0654798,-0.00170417,-0.355534,0.301842,9.84281
1786071335105559121,0,1,0,0,0,0.0279017,0.0250045,-2.85094,0.00512006,-0.0578784,-0.00305045,0.016067,0.340837,-0.00920582,1.39194,0.408034,0.408698,nan,nan,0,0.0921619,0.0520606,0.0337563,1.68498,0.096081,0.09508,nan,nan,0,0.122081,-0.267396,0.0153437,0.757019,-0.248959,-0.246196,nan,nan,0,-0.391453,0.4091,0.00920582,-10.8669,0.294274,0.296364,nan,nan,0,0.00484632,-0.174222,0.0454675,-0.947837,-0.207577,nan,-1.23562,-1.15506,1,0.0121614,0.0116905,-0.0590026,-0.16776,0.00608071,nan,-0.079791,-0.0539982,1,0.0466769,-0.37631,0.00306892,0.170937,-0.376662,-0.379292,nan,nan,0,0.128075,-0.00910807,0.00306892,1.05006,0.0140373,0.0155117,nan,nan,0,-0.115093,0.280243,0.00306892,-0.854698,0.252454,0.252946,nan,nan,0,-0.267545,0.444957,-0.00920582,-8.27839,0.356227,0.357332,nan,nan,0,0.225813,-0.153271,1.11899e-05,2.29171,-0.0970935,nan,1.9662,2.1482,1,-0.163377,-0.0187908,-0.00308953,-1.95653,-0.0816884,nan,-1.88229,-1.85293,1,0,0.144615,0.014389,-0.011992,-0.98931,0.00512006,-0.0578784,-0.00305045,-0.322241,0.2712,9.80714
1786071335115801542,0,1,0,0,0,0.0279143,0.0242482,-2.85108,0.000626713,-0.0514553,-0.00369778,0.0158009,0.340837,0.00920582,2.22222,0.4079,0.409199,nan,nan,0,0.094111,0.052444,0.0337563,1.48962,0.0970555,0.0955796,nan,nan,0,0.121609,-0.267205,0.00920582,0.854698,-0.249195,-0.247766,nan,nan,0,-0.392502,0.4091,0.00306892,-11.4042,0.293749,0.294979,nan,nan,0,0.00294532,-0.17422,0.0246507,-0.987199,-0.208527,nan,-1.23773,-1.19564,1,0.0120428,0.0118849,-0.00616206,-0.239979,0.00602138,nan,-0.166661,-0.0691169,1,0.0500117,-0.37631,-0.00306892,-0.366302,-0.374994,-0.378413,nan,nan,0,0.125002,-0.00910807,0.00306892,1.14774,0.012501,0.0149441,nan,nan,0,-0.114338,0.280243,0.0153437,-0.854698,0.252831,0.252606,nan,nan,0,-0.268858,0.444765,-0.0214815,-8.81563,0.355571,0.356415,nan,nan,0,0.220674,-0.153271,1.11899e-05,2.17336,-0.0996631,nan,1.87626,2.04133,1,-0.16409,-0.0187908,-0.00308953,-1.83567,-0.082045,nan,-1.89299,-1.86959,1,0,0.144553,0.014015,-0.012054,-0.989324,0.000626713,-0.0514553,-0.00369778,-0.247507,0.227888,9.68218
1786071335125774222,0,1,0,0,0,0.02792,0.0237218,-2.85108,0.0036388,-0.0477401,0.00629994,0.0153464,0.340837,0.00920582,2.17339,0.407673,0.408702,nan,nan,0,0.091518,0.0528274,0.046031,1.48962,0.095759,0.0962628,nan,nan,0,0.124935,-0.267396,0.00306892,0.708183,-0.247532,-0.24881,nan,nan,0,-0.392889,0.4091,0.00306892,-11.5018,0.293555,0.294123,nan,nan,0,0.00117192,-0.174219,0.0227618,-1.18543,-0.209414,nan,-1.26597,-1.22061,1,0.0113035,0.0122735,0.00316624,0.0251699,0.00565174,nan,-0.203402,-0.118441,1,0.0545536,-0.37631,0.00306892,-0.0732574,-0.372723,-0.376787,nan,nan,0,0.122701,-0.00929976,-0.00306892,0.708183,0.0113503,0.0138557,nan,nan,0,-0.113261,0.280243,0.00306892,-0.854698,0.253369,0.252572,nan,nan,0,-0.268959,0.444573,-0.0337563,-8.86447,0.355521,0.355885,nan,nan,0,0.217084,-0.153271,1.11899e-05,2.21156,-0.101458,nan,1.81344,1.94958,1,-0.163439,-0.0187908,-0.00308953,-2.00533,-0.0817194,nan,-1.88322,-1.88084,1,0,0.144556,0.013755,-0.012095,-0.989327,0.0036388,-0.0477401,0.00629994,-0.150224,0.278331,9.74669
1786071335135773220,0,1,0,0,0,0.0279311,0.0232642,-2.85099,0.00186427,-0.0366887,0.0150452,0.0158094,0.340837,0.00920582,2.02686,0.407905,0.408112,nan,nan,0,0.0859794,0.0534029,0.0644436,1.0989,0.0929897,0.0963921,nan,nan,0,0.129241,-0.267396,0.00306892,0.708183,-0.245379,-0.248708,nan,nan,0,-0.392994,0.4091,-0.00306892,-11.3065,0.293503,0.293667,nan,nan,0,0.00177446,-0.174218,0.0341457,-1.14508,-0.209113,nan,-1.27255,-1.24521,1,0.0100154,0.0128569,0.00941557,-0.33621,0.00500772,nan,-0.2496,-0.170175,1,0.0612407,-0.37631,0.00306892,-0.21978,-0.36938,-0.374759,nan,nan,0,0.123015,-0.00929976,-0.00306892,0.65934,0.0115076,0.012548,nan,nan,0,-0.111928,0.280243,0.00920582,-0.952377,0.254036,0.252868,nan,nan,0,-0.267519,0.44419,-0.0398932,-8.57143,0.35624,0.355586,nan,nan,0,0.21654,-0.153273,3.34799e-05,1.85279,-0.10173,nan,1.80394,1.87152,1,-0.162432,-0.0187908,-0.00926779,-2.03087,-0.0812158,nan,-1.85885,-1.88179,1,0,0.144604,0.01353,-0.012133,-0.989322,0.00186427,-0.0366887,0.0150452,-0.108756,0.309864,9.83338
1786071335145804412,0,1,0,0,0,0.0279476,0.022823,-2.85082,-0.000136694,-0.0434234,0.0200587,0.0222596,0.340837,0.00306892,2.0757,0.41113,0.407835,nan,nan,0,0.0832116,0.0541697,0.0767183,1.29426,0.0916058,0.0952067,nan,nan,0,0.129505,-0.267205,0.00920582,0.708183,-0.245247,-0.247402,nan,nan,0,-0.396224,0.4091,0.00306892,-11.5507,0.291888,0.29348,nan,nan,0,-0.000452636,-0.174216,0.043652,-1.343,-0.210226,nan,-1.32583,-1.26632,1,0.00979433,0.0138285,0.037433,-0.215598,0.00489716,nan,-0.324091,-0.224508,1,0.0573929,-0.37631,0.00306892,-0.0244217,-0.371304,-0.372177,nan,nan,0,0.118419,-0.00910807,0.00306892,1.00122,0.00920966,0.0116843,nan,nan,0,-0.110879,0.280243,-0.00306892,-0.854698,0.254561,0.253406,nan,nan,0,-0.27084,0.443807,-0.0521679,-8.32722,0.35458,0.355712,nan,nan,0,0.210635,-0.153274,0.00196991,1.8151,-0.104683,nan,1.69776,1.82073,1,-0.161323,-0.0189843,-0.0247333,-1.81272,-0.0806615,nan,-1.81322,-1.86757,1,0,0.144691,0.013314,-0.012172,-0.989312,-0.000136694,-0.0434234,0.0200587,-0.102057,0.280544,9.84413
1786071335155767927,0,1,0,0,0,0.0279345,0.0226014,-2.85073,-0.00200544,-0.0386409,0.021208,0.0230859,0.340837,0.00306892,2.12454,0.411543,0.408852,nan,nan,0,0.0797957,0.0547447,0.0767183,1.5873,0.0898979,0.0933695,nan,nan,0,0.128471,-0.267396,0.00306892,0.708183,-0.245764,-0.246044,nan,nan,0,-0.397912,0.4091,0.00306892,-11.5018,0.291044,0.292918,nan,nan,0,0.000600053,-0.174216,0.0132861,-1.10558,-0.2097,nan,-1.26186,-1.2855,1,0.00968944,0.014412,0.0124745,-0.360383,0.00484472,nan,-0.30573,-0.279612,1,0.0625877,-0.376119,0.00920582,-0.0244217,-0.368706,-0.370788,nan,nan,0,0.115219,-0.00929976,-0.00306892,1.19658,0.00760954,0.0106354,nan,nan,0,-0.111259,0.280243,-0.00306892,-0.952377,0.25437,0.254018,nan,nan,0,-0.270751,0.443423,-0.0583057,-8.37607,0.354624,0.355463,nan,nan,0,0.210709,-0.153276,0.00584251,1.73551,-0.104646,nan,1.6933,1.76474,1,-0.159623,-0.0195632,-0.0556614,-1.81309,-0.0798115,nan,-1.72396,-1.83393,1,0,0.14474,0.013204,-0.012181,-0.989306,-0.00200544,-0.0386409,0.021208,-0.133738,0.37851,9.76801
1786071335165802631,0,1,0,0,0,0.0279119,0.0222482,-2.85051,-0.00296778,-0.0344996,0.0259617,0.0222448,0.340837,0.00306892,2.17339,0.411122,0.410358,nan,nan,0,0.0769967,0.055512,0.0583057,1.44078,0.0884983,0.0914927,nan,nan,0,0.128837,-0.267396,0.00306892,0.757019,-0.245581,-0.245488,nan,nan,0,-0.397611,0.4091,0.00306892,-11.5507,0.291194,0.291999,nan,nan,0,0.000861328,-0.174216,0.0037789,-1.066,-0.209569,nan,-1.24305,-1.27933,1,0.00958404,0.0142177,-0.0155434,-0.3845,0.00479202,nan,-0.259454,-0.297893,1,0.0680967,-0.37631,0.00306892,0.415138,-0.365952,-0.369853,nan,nan,0,0.111498,-0.00929976,0.00306892,0.805862,0.00574891,0.00915127,nan,nan,0,-0.11122,0.280243,-0.00920582,-0.903542,0.25439,0.254373,nan,nan,0,-0.269983,0.442656,-0.0705805,-7.93651,0.355009,0.354982,nan,nan,0,0.210414,-0.151249,-0.00514448,2.01461,-0.104793,nan,1.63368,1.70291,1,-0.158502,-0.0172452,-0.142037,-1.88527,-0.0792509,nan,-1.64712,-1.77774,1,0,0.144852,0.013029,-0.012194,-0.989292,-0.00296778,-0.0344996,0.0259617,-0.220167,0.327707,9.71547
1786071335175819853,0,1,0,0,0,0.0278769,0.0215917,-2.85014,-0.000450417,-0.0481839,0.0188956,0.0309761,0.340837,0.00306892,2.22222,0.415488,0.411183,nan,nan,0,0.0790246,0.0558953,0.0337563,1.68498,0.0895123,0.0897956,nan,nan,0,0.121626,-0.267396,-0.00920582,0.952377,-0.249187,-0.245438,nan,nan,0,-0.401393,0.4091,0.00306892,-12.0879,0.289304,0.291348,nan,nan,0,-0.00242016,-0.174216,0.00378992,-1.57989,-0.21121,nan,-1.30049,-1.26009,1,0.009827,0.014412,-0.00310102,-0.311763,0.0049135,nan,-0.280303,-0.288143,1,0.0536959,-0.37631,0.00306892,-0.0732574,-0.373152,-0.368179,nan,nan,0,0.105763,-0.00910807,0.00306892,0.854698,0.00288141,0.00741685,nan,nan,0,-0.112492,0.280243,0.00920582,-0.854698,0.253754,0.254463,nan,nan,0,-0.276752,0.442081,-0.0583057,-8.22955,0.351624,0.354806,nan,nan,0,0.20238,-0.151263,-0.0503624,1.97656,-0.10881,nan,1.56138,1.65824,1,-0.157794,-0.0180166,-0.123104,-1.71564,-0.0788972,nan,-1.64176,-1.70648,1,0,0.145038,0.012704,-0.012222,-0.989268,-0.000450417,-0.0481839,0.0188956,-0.162132,0.330507,9.84012
1786071335185722798,0,1,0,0,0,0.0278742,0.0213607,-2.85007,0.000409856,-0.0397239,0.0137212,0.0270988,0.340837,0.00306892,2.02686,0.413549,0.41277,nan,nan,0,0.0806319,0.0558953,0.00306892,2.3199,0.090316,0.0890739,nan,nan,0,0.121317,-0.267396,0.0153437,0.65934,-0.249342,-0.24667,nan,nan,0,-0.401004,0.4091,0.00306892,-11.6484,0.289498,0.290499,nan,nan,0,-0.00239766,-0.172153,0.00189577,-1.18496,-0.211199,nan,-1.36945,-1.28247,1,0.00976256,0.0108855,4.6103e-06,-0.408621,0.00488128,nan,-0.180134,-0.254877,1,0.0629685,-0.376119,0.00306892,0.463982,-0.368516,-0.369005,nan,nan,0,0.10686,-0.00929976,0.00306892,0.21978,0.00342982,0.00523953,nan,nan,0,-0.114319,0.280243,0.00920582,-0.757019,0.252841,0.25424,nan,nan,0,-0.275472,0.441505,-0.0583057,-8.57143,0.352264,0.353763,nan,nan,0,0.20222,-0.151279,-0.0636022,1.89615,-0.10889,nan,1.57902,1.62239,1,-0.156918,-0.0180166,-0.107574,-1.81283,-0.0784591,nan,-1.65192,-1.66028,1,0,0.145076,0.01259,-0.012237,-0.989264,0.000409856,-0.0397239,0.0137212,-0.149852,0.307126,9.89014
1786071335195794066,0,1,0,0,0,0.0277887,0.0210349,-2.85001,-0.0125867,-0.02983,-0.000487418,0.0235793,0.340837,0.00306892,2.22222,0.41179,0.413863,nan,nan,0,0.0870659,0.0558953,-0.00920582,1.5873,0.093533,0.0893837,nan,nan,0,0.117519,-0.267396,0.00920582,0.952377,-0.25124,-0.248267,nan,nan,0,-0.402434,0.4091,0.00306892,-11.5995,0.288783,0.289764,nan,nan,0,-0.00190708,-0.172153,0.0151681,-1.42251,-0.210954,nan,-1.38077,-1.33368,1,0.00930985,0.0110797,0.00314594,-0.26381,0.00465492,nan,-0.197462,-0.209982,1,0.0684349,-0.37631,0.00306892,0.0244217,-0.365783,-0.369738,nan,nan,0,0.114923,-0.00929976,0.00920582,0.268623,0.00746173,0.00373335,nan,nan,0,-0.11537,0.280243,-0.00920582,-0.952377,0.252315,0.253647,nan,nan,0,-0.275236,0.441122,-0.0521679,-8.66911,0.352382,0.352662,nan,nan,0,0.200329,-0.153331,-0.0130942,1.17638,-0.109835,nan,1.54199,1.58961,1,-0.155996,-0.0214936,-0.0246101,-2.10581,-0.0779978,nan,-1.65821,-1.65109,1,0,0.145108,0.012423,-0.012218,-0.989262,-0.0125867,-0.02983,-0.000487418,-0.24168,0.187614,9.82536
1786071335205778775,0,1,0,0,0,0.0275786,0.020521,-2.8501,-0.00887641,-0.034212,-0.0106832,0.0246904,0.340837,0.00306892,2.22222,0.412345,0.413403,nan,nan,0,0.090277,0.0558953,0.00920582,1.0989,0.0951385,0.0909698,nan,nan,0,0.112579,-0.267396,0.00920582,0.757019,-0.25371,-0.24981,nan,nan,0,-0.403974,0.4091,0.00306892,-11.8926,0.288013,0.289219,nan,nan,0,-0.00201673,-0.170088,0.0303486,-1.42298,-0.211008,nan,-1.47772,-1.38261,1,0.00955546,0.0083341,0.0342648,-0.312129,0.00477773,nan,-0.158088,-0.183473,1,0.064783,-0.376119,0.00306892,0.561661,-0.367609,-0.368428,nan,nan,0,0.117063,-0.00929976,0.00306892,0.610504,0.00853129,0.00453136,nan,nan,0,-0.116272,0.280243,0.00920582,-1.00122,0.251864,0.252933,nan,nan,0,-0.276226,0.440739,-0.0214815,-9.05983,0.351887,0.352235,nan,nan,0,0.198027,-0.151287,0.0281795,1.49791,-0.110987,nan,1.36823,1.54962,1,-0.156339,-0.0182094,0.0121143,-1.81411,-0.0781695,nan,-1.81697,-1.66879,1,0,0.145067,0.012153,-0.012152,-0.989272,-0.00887641,-0.034212,-0.0106832,-0.14117,0.230428,9.68522
1786071335215736376,0,1,0,0,0,0.0275261,0.0203475,-2.85017,-0.00771336,-0.0303677,-0.0112682,0.0255712,0.340837,0.00306892,2.0757,0.412786,0.412676,nan,nan,0,0.0896919,0.0558953,0.00306892,1.73382,0.094846,0.0931429,nan,nan,0,0.114494,-0.267396,0.0153437,0.610504,-0.252753,-0.251693,nan,nan,0,-0.403532,0.4091,0.00306892,-11.7949,0.288234,0.288621,nan,nan,0,-0.00345107,-0.170088,0.0360344,-1.30491,-0.211726,nan,-1.51137,-1.44066,1,0.00947572,0.00930494,0.0373834,-0.0952794,0.00473786,nan,-0.193087,-0.16953,1,0.0651302,-0.376119,0.00306892,0.512817,-0.367435,-0.367397,nan,nan,0,0.117274,-0.00929976,0.00306892,0.122101,0.008637,0.00652041,nan,nan,0,-0.117763,0.280243,0.00306892,-0.903542,0.251118,0.252305,nan,nan,0,-0.276059,0.440547,-0.0214815,-8.96215,0.35197,0.352042,nan,nan,0,0.195686,-0.151281,0.0526623,1.41995,-0.112157,nan,1.29034,1.45905,1,-0.157397,-0.0189813,0.00262949,-1.6205,-0.0786984,nan,-1.79546,-1.73285,1,0,0.145038,0.012063,-0.012139,-0.989278,-0.00771336,-0.0303677,-0.0112682,-0.099335,0.247078,9.66255
1786071335225756377,0,1,0,0,0,0.0274395,0.0200301,-2.85029,-0.000699668,-0.030381,-0.00897251,0.0262936,0.340837,-0.00306892,2.02686,0.413147,0.41248,nan,nan,0,0.0906437,0.0558953,0.00306892,1.44078,0.0953219,0.0945629,nan,nan,0,0.11535,-0.267396,-0.00920582,0.65934,-0.252325,-0.252835,nan,nan,0,-0.406177,0.4091,0.00306892,-12.0391,0.286911,0.288244,nan,nan,0,-0.00679676,-0.170087,0.0398164,-1.58142,-0.213398,nan,-1.57562,-1.487,1,0.00850562,0.0104698,0.0311725,-0.263843,0.00425281,nan,-0.23327,-0.180206,1,0.0649294,-0.37631,0.00306892,0.268623,-0.367535,-0.367194,nan,nan,0,0.116668,-0.00929976,0.00306892,0.512817,0.00833399,0.0080309,nan,nan,0,-0.115975,0.280243,-0.00306892,-0.903542,0.252012,0.251694,nan,nan,0,-0.278993,0.440355,-0.00920582,-9.20635,0.350504,0.351943,nan,nan,0,0.191564,-0.151279,0.0189221,1.65694,-0.114218,nan,1.26875,1.36732,1,-0.156063,-0.0197527,-0.0341458,-1.86244,-0.0780316,nan,-1.69715,-1.76829,1,0,0.14498,0.011899,-0.01212,-0.989288,-0.000699668,-0.030381,-0.00897251,-0.1025,0.227,9.64087
1786071335235636979,0,1,0,0,0,0.0274172,0.0196644,-2.85037,-0.00412521,-0.0344838,-0.00348984,0.028181,0.340837,0.00920582,2.0757,0.41409,0.412703,nan,nan,0,0.0898884,0.0558953,0.00920582,1.68498,0.0949442,0.0952022,nan,nan,0,0.117783,-0.267396,0.00306892,0.561661,-0.251108,-0.25293,nan,nan,0,-0.407393,0.4091,-0.00306892,-12.0391,0.286304,0.287716,nan,nan,0,-0.00788406,-0.170086,0.0435929,-1.3839,-0.213942,nan,-1.60035,-1.53344,1,0.00771089,0.0114402,0.0187481,-0.191704,0.00385544,nan,-0.255665,-0.20814,1,0.0675121,-0.376119,0.00306892,0.65934,-0.366244,-0.367293,nan,nan,0,0.112637,-0.00929976,-0.00306892,0.610504,0.00631865,0.00859446,nan,nan,0,-0.114526,0.280243,-0.00306892,-0.903542,0.252737,0.251554,nan,nan,0,-0.278731,0.440355,-0.00920582,-9.20635,0.350634,0.351455,nan,nan,0,0.189444,-0.151279,3.02776e-05,1.49761,-0.115278,nan,1.25999,1.30891,1,-0.156361,-0.0199455,-0.00926717,-1.863,-0.0781805,nan,-1.73315,-1.75131,1,0,0.144943,0.011716,-0.012136,-0.989296,-0.00412521,-0.0344838,-0.00348984,-0.066409,0.282519,9.71846
1786071335245687247,0,1,0,0,0,0.027356,0.0193177,-2.85039,-0.00525245,-0.0297016,-0.0016037,0.0255495,0.340837,0.00920582,2.3199,0.412775,0.41328,nan,nan,0,0.0934722,0.0558953,0.00306892,1.8315,0.0967361,0.0952982,nan,nan,0,0.119148,-0.267396,-0.0153437,0.610504,-0.250426,-0.252257,nan,nan,0,-0.406779,0.4091,0.00306892,-12.1856,0.286611,0.286993,nan,nan,0,-0.00809303,-0.170084,0.024602,-1.58155,-0.214047,nan,-1.57559,-1.57186,1,0.00721572,0.0118288,-0.031019,-0.263866,0.00360786,nan,-0.2001,-0.228254,1,0.0676977,-0.376119,0.00306892,0.512817,-0.366151,-0.367016,nan,nan,0,0.114776,-0.00929976,0.00306892,0.708183,0.00738819,0.00794976,nan,nan,0,-0.114151,0.280243,0.00306892,-0.854698,0.252925,0.251982,nan,nan,0,-0.278919,0.440355,-0.00306892,-9.01099,0.35054,0.350909,nan,nan,0,0.189695,-0.151279,0.0019011,1.37873,-0.115153,nan,1.26158,1.27496,1,-0.156826,-0.0199455,-0.00619466,-1.79061,-0.0784131,nan,-1.74474,-1.73684,1,0,0.144938,0.01154,-0.012131,-0.989298,-0.00525245,-0.0297016,-0.0016037,-0.07713,0.220539,9.85926
1786071335255740430,0,1,0,0,0,0.0272298,0.0188807,-2.85034,-0.00150248,-0.0236178,0.0102659,0.0235088,0.340837,0.00306892,2.3199,0.411754,0.41339,nan,nan,0,0.0884722,0.0558953,-0.00306892,1.48962,0.0942361,0.0957241,nan,nan,0,0.122745,-0.267396,0.00920582,0.512817,-0.248627,-0.2513,nan,nan,0,-0.40578,0.4091,0.00306892,-12.2344,0.28711,0.286578,nan,nan,0,-0.00650698,-0.170083,0.00378627,-1.42335,-0.213253,nan,-1.51665,-1.5794,1,0.00692071,0.0118288,-0.00309834,-0.263994,0.00346036,nan,-0.246406,-0.226491,1,0.0725873,-0.37631,-0.00306892,0.122101,-0.363706,-0.366532,nan,nan,0,0.112559,-0.00929976,0.00306892,0.463982,0.00627973,0.00733311,nan,nan,0,-0.111663,0.280243,0.00306892,-0.903542,0.254169,0.252523,nan,nan,0,-0.276302,0.440355,-0.00306892,-9.10867,0.351849,0.350613,nan,nan,0,0.193036,-0.151279,3.02776e-05,1.49761,-0.113482,nan,1.32285,1.26053,1,-0.156766,-0.0199455,-0.00926717,-1.863,-0.0783832,nan,-1.73923,-1.73832,1,0,0.144966,0.011315,-0.0121,-0.989297,-0.00150248,-0.0236178,0.0102659,-0.065804,0.24548,9.75707
1786071335265759062,0,1,0,0,0,0.0272211,0.0185653,-2.85023,0.00350975,-0.0275135,0.0102903,0.0272001,0.340837,0.00920582,2.17339,0.4136,0.412785,nan,nan,0,0.0869556,0.0558953,-0.00306892,1.8315,0.0934778,0.095512,nan,nan,0,0.12048,-0.267396,0.00306892,0.854698,-0.24976,-0.250053,nan,nan,0,-0.406641,0.4091,0.00306892,-12.1367,0.28668,0.286655,nan,nan,0,-0.00785209,-0.170083,0.0056834,-1.70007,-0.213926,nan,-1.54304,-1.55514,1,0.0068753,0.0118288,1.34797e-05,-0.336093,0.00343765,nan,-0.251755,-0.233123,1,0.0655373,-0.376119,0.00306892,0.366302,-0.367231,-0.365439,nan,nan,0,0.110466,-0.00929976,0.00306892,0.952377,0.00523276,0.00684707,nan,nan,0,-0.111836,0.280243,0.00920582,-0.952377,0.254082,0.253257,nan,nan,0,-0.279057,0.440355,-0.00306892,-8.71795,0.350472,0.350928,nan,nan,0,0.190883,-0.151279,-0.00188121,1.45883,-0.114558,nan,1.28805,1.27775,1,-0.156339,-0.0199455,1.63889e-05,-1.74183,-0.0781694,nan,-1.74674,-1.74357,1,0,0.145023,0.011159,-0.012118,-0.989291,0.00350975,-0.0275135,0.0102903,-0.019008,0.193735,9.70597
1786071335275674642,0,1,0,0,0,0.0272251,0.0183963,-2.85018,0.00165222,-0.028007,0.0106184,0.0304229,0.340837,0.00306892,1.73382,0.415211,0.412734,nan,nan,0,0.0838765,0.0558953,0.00306892,2.02686,0.0919382,0.0945802,nan,nan,0,0.1206,-0.267396,-0.0214806,0.708183,-0.2497,-0.249414,nan,nan,0,-0.408392,0.4091,0.00306892,-11.7949,0.285804,0.286756,nan,nan,0,-0.00883955,-0.170083,0.00759177,-1.50236,-0.21442,nan,-1.56318,-1.53766,1,0.00692443,0.0120229,0.0155558,-0.312161,0.00346222,nan,-0.280154,-0.247462,1,0.0637294,-0.37631,-0.00306892,0.21978,-0.368135,-0.365467,nan,nan,0,0.109348,-0.00929976,0.00306892,0.65934,0.00467396,0.00610673,nan,nan,0,-0.112857,0.280243,0.00306892,-0.805862,0.253571,0.253857,nan,nan,0,-0.280435,0.440355,-0.00306892,-8.96215,0.349783,0.351009,nan,nan,0,0.187433,-0.151279,0.0019011,1.45883,-0.116283,nan,1.222,1.29187,1,-0.155478,-0.0199455,-0.00619466,-1.74183,-0.0777389,nan,-1.72451,-1.74632,1,0,0.145047,0.011076,-0.012132,-0.989288,0.00165222,-0.028007,0.0106184,0.020548,0.191047,9.72502
1786071335285871753,0,1,0,0,0,0.0271227,0.0179131,-2.8501,-0.00558069,-0.0213769,0.00321914,0.0264826,0.340837,-0.00306892,2.12454,0.413241,0.413668,nan,nan,0,0.0893257,0.0558953,-0.00306892,1.48962,0.0946629,0.0933146,nan,nan,0,0.118794,-0.267396,-0.00920582,0.757019,-0.250603,-0.249412,nan,nan,0,-0.40868,0.4091,0.00306892,-12.4298,0.28566,0.286458,nan,nan,0,-0.007945,-0.170083,0.0189746,-1.46266,-0.213972,nan,-1.5646,-1.54624,1,0.00675876,0.0126051,0.0342265,-0.384567,0.00337938,nan,-0.328111,-0.269388,1,0.0690534,-0.37631,-0.00306892,0.463982,-0.365473,-0.366632,nan,nan,0,0.113174,-0.00929976,0.00306892,0.854698,0.00658706,0.00531772,nan,nan,0,-0.11306,0.280243,-0.00920582,-0.805862,0.25347,0.253947,nan,nan,0,-0.280511,0.440355,-0.00306892,-9.15751,0.349745,0.35054,nan,nan,0,0.187947,-0.151279,0.00188121,1.29862,-0.116027,nan,1.23101,1.27099,1,-0.155337,-0.0199455,-1.63889e-05,-1.83939,-0.0776685,nan,-1.73167,-1.74025,1,0,0.14509,0.01083,-0.012116,-0.989285,-0.00558069,-0.0213769,0.00321914,0.056269,0.211456,9.81178
1786071335295817923,0,1,0,0,0,0.0270534,0.0176602,-2.85008,-0.00523239,-0.0179464,0.00160082,0.0222126,0.340837,0.00306892,2.17339,0.411106,0.414012,nan,nan,0,0.0874758,0.0558953,0.00306892,1.5873,0.0937379,0.0932115,nan,nan,0,0.117472,-0.267396,-0.00306892,0.65934,-0.251264,-0.249849,nan,nan,0,-0.408202,0.4091,0.00920582,-12.0879,0.285899,0.286016,nan,nan,0,-0.00619833,-0.170083,0.0227573,-1.38393,-0.213099,nan,-1.53971,-1.56108,1,0.00715548,0.0133819,0.0280186,-0.239969,0.00357774,nan,-0.336151,-0.301603,1,0.071448,-0.376119,0.00306892,0.170937,-0.364276,-0.366789,nan,nan,0,0.115807,-0.00929976,0.00920582,0.65934,0.00790351,0.00543347,nan,nan,0,-0.112402,0.280243,-0.00306892,-0.854698,0.253799,0.253752,nan,nan,0,-0.278589,0.440355,-0.00306892,-9.01099,0.350705,0.350041,nan,nan,0,0.190632,-0.151279,0.0037924,1.37873,-0.114684,nan,1.27515,1.24427,1,-0.154646,-0.0199455,-0.00930043,-1.79061,-0.0773231,nan,-1.70738,-1.73172,1,0,0.145101,0.0107,-0.0121,-0.989284,-0.00523239,-0.0179464,0.00160082,-0.018673,0.239424,9.75982
1786071335305957334,0,1,0,0,0,0.0269655,0.0174631,-2.85011,-0.00923576,-0.017604,-0.00116026,0.0247052,0.340837,0.00306892,2.22222,0.412353,0.413023,nan,nan,0,0.0854331,0.0558953,0.00306892,1.3431,0.0927166,0.0935995,nan,nan,0,0.11664,-0.267396,0.00920582,0.65934,-0.25168,-0.250544,nan,nan,0,-0.408226,0.4091,0.00306892,-12.1367,0.285887,0.28581,nan,nan,0,-0.00569863,-0.170083,0.0132769,-1.42334,-0.212849,nan,-1.51674,-1.55691,1,0.00783959,0.01377,0.018674,-0.312301,0.0039198,nan,-0.323517,-0.326269,1,0.0682143,-0.376119,0.00920582,0.366302,-0.365893,-0.365792,nan,nan,0,0.117854,-0.00929976,0.00306892,0.561661,0.00892712,0.00646185,nan,nan,0,-0.113294,0.280243,-0.00920582,-0.805862,0.253353,0.253671,nan,nan,0,-0.278971,0.440355,-0.00306892,-9.05983,0.350515,0.350086,nan,nan,0,0.189396,-0.151279,0.00566346,1.22024,-0.115302,nan,1.25071,1.24535,1,-0.154175,-0.0201388,-0.00622729,-1.69413,-0.0770874,nan,-1.69912,-1.71956,1,0,0.145089,0.010596,-0.012071,-0.989288,-0.00923576,-0.017604,-0.00116026,-0.139473,0.258001,9.7322
1786071335315883116,0,1,0,0,0,0.0268847,0.0172968,-2.85009,-0.0051698,-0.0180396,0.00438708,0.0284519,0.340837,0.00306892,2.0757,0.414226,0.412246,nan,nan,0,0.0842989,0.0558953,0.00306892,1.8315,0.0921494,0.0934286,nan,nan,0,0.11901,-0.267396,0.0153437,0.610504,-0.250495,-0.251201,nan,nan,0,-0.408309,0.4091,0.00306892,-12.674,0.285845,0.2858,nan,nan,0,-0.00654641,-0.170083,0.03603,-1.6208,-0.213273,nan,-1.56571,-1.5413,1,0.00768998,0.0145463,0.0435817,-0.480993,0.00384499,nan,-0.386411,-0.339372,1,0.0711188,-0.376119,0.00306892,0.21978,-0.364441,-0.365324,nan,nan,0,0.112628,-0.00910807,0.00920582,0.415138,0.00631415,0.00775081,nan,nan,0,-0.113094,0.280243,-0.00306892,-0.903542,0.253453,0.25357,nan,nan,0,-0.279839,0.440355,-0.00306892,-8.37607,0.350081,0.350339,nan,nan,0,0.188114,-0.151278,0.00379232,1.2995,-0.115943,nan,1.23102,1.25212,1,-0.154355,-0.0203317,-0.00930002,-1.74243,-0.0771775,nan,-1.69143,-1.70584,1,0,0.145103,0.010508,-0.012043,-0.989287,-0.0051698,-0.0180396,0.00438708,-0.170433,0.270139,9.76541
1786071335325876947,0,1,0,0,0,0.0268111,0.0171374,-2.85006,-0.00563722,-0.0130227,0.00629184,0.0274489,0.340837,0.00306892,2.22222,0.413724,0.412718,nan,nan,0,0.0852506,0.0558953,-0.00306892,1.53846,0.0926253,0.0928521,nan,nan,0,0.119616,-0.267396,0.0153437,0.708183,-0.250192,-0.251211,nan,nan,0,-0.407479,0.4091,0.00306892,-12.2344,0.286261,0.285828,nan,nan,0,-0.00532277,-0.168018,0.0436029,-1.30513,-0.212661,nan,-1.62794,-1.56173,1,0.00689976,0.0125766,0.0622148,-0.384969,0.00344988,nan,-0.367124,-0.356041,1,0.0751337,-0.376119,0.00306892,0.21978,-0.362433,-0.365013,nan,nan,0,0.110852,-0.00910807,0.00920582,0.65934,0.00542614,0.0077929,nan,nan,0,-0.111982,0.280243,-0.00920582,-0.805862,0.254009,0.253472,nan,nan,0,-0.279175,0.440355,-0.00306892,-9.10867,0.350413,0.350347,nan,nan,0,0.191556,-0.151278,0.00942534,1.17978,-0.114222,nan,1.28281,1.24568,1,-0.154763,-0.0205245,-0.00626026,-1.76712,-0.0773814,nan,-1.69632,-1.69606,1,0,0.14512,0.010424,-0.012018,-0.989286,-0.00563722,-0.0130227,0.00629184,-0.18021,0.276119,9.78218
1786071335335700054,0,1,0,0,0,0.0267866,0.0170777,-2.85001,-0.00286948,-0.0118082,0.0141002,0.0248269,0.340837,0.00306892,2.36874,0.412413,0.413411,nan,nan,0,0.0842216,0.0558953,0.00306892,1.8315,0.0921108,0.0925185,nan,nan,0,0.12277,-0.267396,0.00920582,0.561661,-0.248615,-0.250758,nan,nan,0,-0.405701,0.4091,0.00306892,-12.4298,0.287149,0.28598,nan,nan,0,-0.00509928,-0.168018,0.0379124,-1.54296,-0.21255,nan,-1.61549,-1.60155,1,0.00625248,0.0135468,0.05288,-0.240051,0.00312624,nan,-0.391937,-0.364986,1,0.0789122,-0.376119,0.00306892,0.610504,-0.360544,-0.363998,nan,nan,0,0.108512,-0.00910807,0.00306892,0.0732574,0.00425623,0.0067815,nan,nan,0,-0.112032,0.280243,0.0276184,-0.854698,0.253984,0.25362,nan,nan,0,-0.276516,0.440355,-0.00306892,-9.01099,0.351742,0.350329,nan,nan,0,0.194116,-0.151278,0.00755457,1.21941,-0.112942,nan,1.33041,1.25377,1,-0.155435,-0.0205245,-0.00933259,-1.79125,-0.0777175,nan,-1.70179,-1.69211,1,0,0.145145,0.010393,-0.01201,-0.989282,-0.00286948,-0.0118082,0.0141002,-0.186494,0.271802,9.77215
1786071335345835269,0,1,0,0,0,0.0267556,0.0169861,-2.84975,-0.00125189,-0.00721008,0.0177464,0.0240191,0.340837,0.00920582,2.02686,0.41201,0.413307,nan,nan,0,0.0819039,0.0558953,0.00306892,1.48962,0.090952,0.0923199,nan,nan,0,0.123935,-0.267396,0.00306892,0.65934,-0.248032,-0.249854,nan,nan,0,-0.404172,0.4091,0.00306892,-12.1367,0.287914,0.286447,nan,nan,0,-0.00266744,-0.168017,-7.39804e-06,-0.870741,-0.211334,nan,-1.51607,-1.61273,1,0.00592409,0.0139347,-0.00931692,0.0248219,0.00296205,nan,-0.315204,-0.367214,1,0.0819835,-0.376119,0.00306892,0.317459,-0.359008,-0.36236,nan,nan,0,0.108105,-0.00910807,0.00920582,0.952377,0.00405246,0.00548511,nan,nan,0,-0.11148,0.280243,0.00306892,-0.903542,0.25426,0.25384,nan,nan,0,-0.273747,0.440355,-0.00306892,-9.25519,0.353127,0.350801,nan,nan,0,0.199563,-0.151276,0.00564275,1.17936,-0.110219,nan,1.42855,1.28657,1,-0.1559,-0.0207174,-4.9209e-05,-1.81569,-0.0779498,nan,-1.7169,-1.69292,1,0,0.145272,0.010347,-0.012,-0.989264,-0.00125189,-0.00721008,0.0177464,-0.230428,0.27903,9.75207
1786071335355961109,0,1,0,0,0,0.0267339,0.0169083,-2.84957,-0.0010628,-0.00884528,0.0170747,0.0258761,0.340837,0.00306892,2.17339,0.412938,0.412711,nan,nan,0,0.0822082,0.0558953,0.00306892,1.53846,0.0911041,0.0917916,nan,nan,0,0.122737,-0.267205,0.0214815,0.757019,-0.248631,-0.248834,nan,nan,0,-0.403679,0.4091,0.00920582,-12.5763,0.288161,0.287157,nan,nan,0,-0.00123138,-0.168017,-0.00569048,-1.38395,-0.210616,nan,-1.48242,-1.5762,1,0.00615331,0.0137408,-0.0124356,-0.57798,0.00307665,nan,-0.30127,-0.342063,1,0.0826509,-0.376119,0.00306892,0.415138,-0.358675,-0.360564,nan,nan,0,0.10855,-0.00910807,0.00920582,0.952377,0.00427509,0.00449715,nan,nan,0,-0.110852,0.280243,0.00306892,-0.854698,0.254574,0.254055,nan,nan,0,-0.273715,0.440355,-0.00306892,-8.91331,0.353142,0.351831,nan,nan,0,0.2024,-0.151276,0.00375183,1.02044,-0.1088,nan,1.48104,1.34855,1,-0.155702,-0.0209102,0.0030558,-1.76772,-0.077851,nan,-1.71281,-1.70058,1,0,0.145361,0.010308,-0.011994,-0.989252,-0.0010628,-0.00884528,0.0170747,-0.11765,0.297337,9.77176
1786071335366006481,0,1,0,0,0,0.0267289,0.0168557,-2.84951,0.00187309,-0.00651397,0.00952864,0.0241114,0.340837,0.00306892,2.36874,0.412056,0.41252,nan,nan,0,0.0829411,0.0558953,0.00306892,1.5873,0.0914705,0.0912989,nan,nan,0,0.119742,-0.267396,-0.00920582,0.708183,-0.250129,-0.248388,nan,nan,0,-0.40418,0.4091,0.00306892,-12.1856,0.28791,0.287783,nan,nan,0,0.000140965,-0.168017,0.00758126,-1.70058,-0.20993,nan,-1.47831,-1.52773,1,0.00566807,0.0139347,0.00933298,-0.577739,0.00283403,nan,-0.347019,-0.320705,1,0.0850971,-0.376119,-0.00306892,0.415138,-0.357451,-0.359248,nan,nan,0,0.113121,-0.00910807,0.00920582,0.561661,0.00656046,0.00411493,nan,nan,0,-0.111843,0.280243,-0.00920582,-0.903542,0.254078,0.25431,nan,nan,0,-0.272571,0.440355,-0.00920582,-8.86447,0.353714,0.352728,nan,nan,0,0.206181,-0.151275,0.00749336,1.06047,-0.10691,nan,1.54154,1.41915,1,-0.154677,-0.0209102,0.00920031,-1.74334,-0.0773387,nan,-1.70666,-1.70911,1,0,0.145394,0.010282,-0.011995,-0.989247,0.00187309,-0.00651397,0.00952864,-0.061047,0.278138,9.81399
1786071335376138773,0,1,0,0,0,0.0267137,0.0167623,-2.84946,-0.00102817,-0.000801909,-0.000657518,0.0215096,0.340837,0.00306892,2.02686,0.410755,0.41239,nan,nan,0,0.0830794,0.0558953,0.00306892,1.73382,0.0915397,0.0912022,nan,nan,0,0.1163,-0.267396,0.00306892,0.757019,-0.25185,-0.248891,nan,nan,0,-0.403581,0.4091,0.00306892,-12.2833,0.28821,0.288041,nan,nan,0,0.00389887,-0.168017,0.00378939,-1.38458,-0.208051,nan,-1.40686,-1.49269,1,0.00577091,0.0139347,0.00311351,-0.288447,0.00288545,nan,-0.336148,-0.324473,1,0.0921223,-0.376119,0.00306892,0.366302,-0.353939,-0.358238,nan,nan,0,0.114839,-0.00910807,0.00306892,0.561661,0.00741945,0.0048466,nan,nan,0,-0.113171,0.280243,0.00306892,-0.65934,0.253415,0.254339,nan,nan,0,-0.268419,0.440355,-0.00306892,-8.57143,0.35579,0.353342,nan,nan,0,0.212502,-0.15127,0.018737,1.4976,-0.103749,nan,1.63513,1.48351,1,-0.154492,-0.0209102,0.0214549,-1.86326,-0.0772461,nan,-1.72226,-1.71231,1,0,0.145421,0.010235,-0.011994,-0.989244,-0.00102817,-0.000801909,-0.000657518,0.022387,0.204846,9.78871
1786071335385774459,0,1,0,0,0,0.026635,0.0166857,-2.84952,-0.0042405,-0.00142569,-0.00572241,0.0200928,0.340837,0.00306892,2.17339,0.410046,0.411768,nan,nan,0,0.0857252,0.0558953,0.00306892,1.48962,0.0928626,0.0913367,nan,nan,0,0.114929,-0.267396,-0.00306892,0.708183,-0.252535,-0.250186,nan,nan,0,-0.402301,0.4091,0.00306892,-11.9414,0.28885,0.288138,nan,nan,0,0.00601085,-0.168017,0.0018936,-1.50297,-0.206995,nan,-1.36705,-1.45167,1,0.00580371,0.0141286,3.99602e-06,-0.457265,0.00290185,nan,-0.33681,-0.333178,1,0.092378,-0.376119,0.00306892,0.757019,-0.353811,-0.356461,nan,nan,0,0.117493,-0.00910807,0.00920582,0.561661,0.0087467,0.00615332,nan,nan,0,-0.113826,0.280243,-0.00306892,-0.903542,0.253087,0.254001,nan,nan,0,-0.266576,0.440355,-0.00920582,-8.81563,0.356712,0.354353,nan,nan,0,0.215962,-0.151264,0.0261758,1.73618,-0.102019,nan,1.68432,1.55371,1,-0.154978,-0.0211031,0.0460922,-1.91109,-0.077489,nan,-1.76072,-1.71953,1,0,0.145388,0.010191,-0.011961,-0.989249,-0.0042405,-0.00142569,-0.00572241,-0.040029,0.182365,9.67235
1786071335395597723,0,1,0,0,0,0.0266064,0.0166579,-2.84955,-0.00272673,-0.00356307,-0.00559952,0.0211617,0.340837,0.00306892,2.41758,0.410581,0.410887,nan,nan,0,0.0854848,0.0558953,0.00306892,1.44078,0.0927424,0.0918998,nan,nan,0,0.115399,-0.267396,-0.00306892,0.708183,-0.252301,-0.251545,nan,nan,0,-0.400687,0.4091,0.00920582,-12.0391,0.289657,0.288407,nan,nan,0,0.00751854,-0.168017,2.45453e-06,-1.58222,-0.206241,nan,-1.33783,-1.40562,1,0.00613419,0.0141286,0.00310593,-0.408945,0.00306709,nan,-0.336505,-0.337241,1,0.0930422,-0.376119,0.00306892,0.561661,-0.353479,-0.354741,nan,nan,0,0.116433,-0.00891638,0.0153437,0.512817,0.00821662,0.00752704,nan,nan,0,-0.114127,0.280243,-0.00306892,-0.854698,0.252936,0.253522,nan,nan,0,-0.264867,0.440355,-0.00306892,-8.57143,0.357566,0.35561,nan,nan,0,0.219519,-0.15126,0.0149726,1.69693,-0.100241,nan,1.7632,1.62512,1,-0.155786,-0.0211031,0.0214829,-1.83847,-0.0778932,nan,-1.73593,-1.73354,1,0,0.145375,0.010175,-0.011949,-0.989252,-0.00272673,-0.00356307,-0.00559952,-0.061363,0.195389,9.67519
1786071335405536268,0,1,0,0,0,0.0266026,0.0165825,-2.84962,0.00764739,-0.00236265,-0.00620325,0.0199544,0.340837,0.00306892,2.3199,0.409977,0.41043,nan,nan,0,0.0855422,0.0558953,0.00306892,2.22222,0.0927711,0.0924731,nan,nan,0,0.115382,-0.267205,0.0153437,0.610504,-0.252309,-0.252288,nan,nan,0,-0.400259,0.4091,0.00306892,-11.8437,0.289871,0.288954,nan,nan,0,0.00736637,-0.168017,0.00758109,-1.54271,-0.206317,nan,-1.35186,-1.36879,1,0.00532465,0.0143226,0.00933266,-0.384855,0.00266232,nan,-0.363807,-0.340511,1,0.0931344,-0.376119,0.00306892,0.903542,-0.353433,-0.353755,nan,nan,0,0.117339,-0.00891638,0.00920582,0.463982,0.00866927,0.00829205,nan,nan,0,-0.114502,0.280243,0.0153437,-0.903542,0.252749,0.253141,nan,nan,0,-0.26409,0.440355,-0.00306892,-8.66911,0.357955,0.356739,nan,nan,0,0.223432,-0.151258,0.00377162,1.85717,-0.0982841,nan,1.84843,1.703,1,-0.155174,-0.0211031,-0.00312178,-1.74088,-0.077587,nan,-1.68984,-1.73148,1,0,0.14534,0.010137,-0.011953,-0.989257,0.00764739,-0.00236265,-0.00620325,-0.048138,0.191991,9.76801
1786071335415533366,0,1,0,0,0,0.0266262,0.0165532,-2.84966,-0.00236487,-0.000758869,-0.00192841,0.0177461,0.340837,0.00306892,2.3199,0.408873,0.410194,nan,nan,0,0.0856332,0.0558953,0.00920582,1.44078,0.0928166,0.092755,nan,nan,0,0.117926,-0.267396,-0.00920582,0.561661,-0.251037,-0.252475,nan,nan,0,-0.39858,0.4091,-0.00306892,-11.6972,0.29071,0.289506,nan,nan,0,0.00964012,-0.168017,0.0170601,-1.18649,-0.20518,nan,-1.32629,-1.35205,1,0.0051096,0.0149049,0.0248799,-0.409291,0.0025548,nan,-0.407823,-0.354313,1,0.0922392,-0.376119,0.00306892,1.00122,-0.35388,-0.353365,nan,nan,0,0.11995,-0.00891638,0.00306892,0.610504,0.00997482,0.00859135,nan,nan,0,-0.114271,0.280243,0.00306892,-0.757019,0.252865,0.252887,nan,nan,0,-0.261908,0.440355,-0.00306892,-8.52259,0.359046,0.357551,nan,nan,0,0.228242,-0.151258,0.00190129,1.61677,-0.0958792,nan,1.93541,1.78373,1,-0.155419,-0.0211031,-0.00619329,-1.88728,-0.0777097,nan,-1.68891,-1.7141,1,0,0.145319,0.010124,-0.011967,-0.98926,-0.00236487,-0.000758869,-0.00192841,-0.108414,0.124761,9.8583
1786071335425542231,0,1,0,0,0,0.0265876,0.0165388,-2.84967,-0.00672517,0.0030992,0.0014625,0.0155401,0.340837,0.00920582,2.3199,0.40777,0.409668,nan,nan,0,0.0846247,0.0558953,0.00306892,1.5873,0.0923124,0.0928452,nan,nan,0,0.120998,-0.267205,-0.00306892,0.512817,-0.249501,-0.252021,nan,nan,0,-0.397104,0.4091,0.00306892,-11.746,0.291448,0.290095,nan,nan,0,0.0129658,-0.168017,0.0265383,-1.38457,-0.203517,nan,-1.28231,-1.34269,1,0.00507098,0.0154867,0.0404257,-0.336772,0.00253549,nan,-0.449176,-0.386039,1,0.0976915,-0.376119,0.00306892,0.708183,-0.351154,-0.353443,nan,nan,0,0.123635,-0.00872469,0.00306892,0.805862,0.0118173,0.00913178,nan,nan,0,-0.113385,0.280243,-0.0153437,-0.952377,0.253308,0.252795,nan,nan,0,-0.25864,0.440355,-0.00306892,-8.42491,0.36068,0.358307,nan,nan,0,0.233639,-0.151258,0.00188075,1.8563,-0.0931805,nan,2.0299,1.86472,1,-0.155239,-0.0211031,-1.69161e-05,-1.83794,-0.0776196,nan,-1.69547,-1.69821,1,0,0.145316,0.010114,-0.011949,-0.989261,-0.00672517,0.0030992,0.0014625,-0.069292,0.139109,9.8182
1786071335435448917,0,1,0,0,0,0.0265324,0.0166011,-2.84964,-0.00151034,0.0120081,0.0036347,0.0138094,0.340837,0.00306892,1.97802,0.406905,0.408786,nan,nan,0,0.0792675,0.0558953,0.00306892,1.44078,0.0896338,0.0926827,nan,nan,0,0.122714,-0.267205,0.00306892,0.463982,-0.248643,-0.250923,nan,nan,0,-0.394987,0.4091,0.00306892,-11.8437,0.292507,0.290785,nan,nan,0,0.0170175,-0.168017,0.0151632,-1.34499,-0.201491,nan,-1.19434,-1.31916,1,0.00520216,0.016263,0.0217682,-0.360965,0.00260108,nan,-0.44251,-0.425648,1,0.10656,-0.376119,0.00920582,0.903542,-0.34672,-0.35278,nan,nan,0,0.125369,-0.00872469,0.0153437,1.00122,0.0126845,0.010281,nan,nan,0,-0.113399,0.280243,0.0153437,-0.854698,0.2533,0.252951,nan,nan,0,-0.253418,0.440163,-0.00920582,-8.76679,0.363291,0.359393,nan,nan,0,0.241883,-0.151258,0.00188075,1.81624,-0.0890585,nan,2.17417,1.95119,1,-0.154461,-0.0211031,-1.69161e-05,-1.86234,-0.0772307,nan,-1.6838,-1.69077,1,0,0.145332,0.010141,-0.011917,-0.989259,-0.00151034,0.0120081,0.0036347,-0.142056,0.139848,9.71742
1786071335445468296,0,1,0,0,0,0.0264682,0.016706,-2.84952,-0.00582331,0.00649132,0.0142924,0.016869,0.340837,0.00306892,2.3199,0.408435,0.407792,nan,nan,0,0.0754145,0.0558953,0.00920582,1.53846,0.0877072,0.0915843,nan,nan,0,0.126712,-0.267205,0.00920582,0.65934,-0.246644,-0.24967,nan,nan,0,-0.392207,0.4091,0.00306892,-11.746,0.293896,0.291628,nan,nan,0,0.0191497,-0.168017,-0.00189783,-1.58227,-0.200425,nan,-1.13144,-1.26153,1,0.00601469,0.016263,-0.00621454,-0.457316,0.00300734,nan,-0.388348,-0.441039,1,0.102631,-0.376119,0.00920582,0.805862,-0.348685,-0.350378,nan,nan,0,0.123318,-0.00853252,0.0276184,0.415138,0.0116592,0.0115989,nan,nan,0,-0.112738,0.280243,0.0214815,-0.854698,0.253631,0.253164,nan,nan,0,-0.251721,0.440163,-0.00306892,-8.03419,0.364139,0.361145,nan,nan,0,0.246146,-0.151258,0.00562112,2.05664,-0.0869271,nan,2.24316,2.05919,1,-0.154817,-0.0211031,0.00612563,-1.71594,-0.0774086,nan,-1.69835,-1.68648,1,0,0.145393,0.010189,-0.011877,-0.98925,-0.00582331,0.00649132,0.0142924,-0.138775,0.089264,9.72318
1786071335455513930,0,1,0,0,0,0.0264347,0.0167202,-2.84944,-0.00286522,0.00544742,0.0133699,0.0202278,0.340837,0.00306892,2.27106,0.410114,0.407614,nan,nan,0,0.0731486,0.056087,0.0153437,1.3431,0.0865743,0.0897245,nan,nan,0,0.126733,-0.267205,-0.00306892,0.65934,-0.246634,-0.248207,nan,nan,0,-0.392412,0.4091,0.00306892,-11.4042,0.293794,0.292719,nan,nan,0,0.0208949,-0.168017,-0.00189783,-1.42395,-0.199553,nan,-1.1009,-1.18933,1,0.00572199,0.016263,-0.00621454,-0.457434,0.002861,nan,-0.392739,-0.419509,1,0.110855,-0.376119,0.00306892,0.610504,-0.344573,-0.348617,nan,nan,0,0.118343,-0.00834084,0.0337563,0.610504,0.00917162,0.0121161,nan,nan,0,-0.112997,0.280243,-0.00306892,-0.903542,0.253501,0.25339,nan,nan,0,-0.250332,0.440355,-0.00306892,-8.13187,0.364834,0.362908,nan,nan,0,0.249475,-0.151257,0.00749097,2.17596,-0.0852624,nan,2.29856,2.16552,1,-0.153908,-0.0211031,0.00919634,-1.73981,-0.076954,nan,-1.68932,-1.68786,1,0,0.145428,0.010194,-0.011859,-0.989245,-0.00286522,0.00544742,0.0133699,-0.089766,0.116407,9.78955
1786071335465480203,0,1,0,0,0,0.026434,0.0167375,-2.84936,0.00626669,0.00924197,0.00468904,0.0191203,0.340837,0.00306892,1.97802,0.40956,0.408521,nan,nan,0,0.0725374,0.0562787,0.0337563,1.24542,0.0862687,0.0879067,nan,nan,0,0.123152,-0.267205,0.0214815,0.708183,-0.248424,-0.24708,nan,nan,0,-0.392336,0.4091,0.00306892,-11.746,0.293832,0.293532,nan,nan,0,0.0224613,-0.168017,0.00188853,-1.30498,-0.198769,nan,-1.07916,-1.13382,1,0.00474851,0.016263,-0.00620697,-0.578181,0.00237426,nan,-0.407352,-0.400288,1,0.118189,-0.376119,0.00306892,0.854698,-0.340906,-0.346875,nan,nan,0,0.117312,-0.00814915,0.0214815,1.24542,0.00865604,0.0112058,nan,nan,0,-0.115907,0.280243,0.00920582,-0.952377,0.252047,0.253519,nan,nan,0,-0.247181,0.440355,-0.00306892,-6.76434,0.36641,0.364175,nan,nan,0,0.254876,-0.151252,0.0261902,1.97557,-0.0825622,nan,2.36487,2.24531,1,-0.152659,-0.0211031,0.0399048,-1.86185,-0.0763296,nan,-1.71665,-1.69502,1,0,0.14547,0.010203,-0.011857,-0.989238,0.00626669,0.00924197,0.00468904,0.009512,0.15961,9.84149
1786071335475482725,0,1,0,0,0,0.0264795,0.0168115,-2.84934,0.00567415,0.0157001,-0.00142628,0.0104562,0.340837,-0.00306892,1.8315,0.405228,0.409338,nan,nan,0,0.0745211,0.0566626,0.0276184,1.44078,0.0872605,0.0867094,nan,nan,0,0.119606,-0.267205,0.00306892,0.805862,-0.250197,-0.247172,nan,nan,0,-0.389774,0.4091,-0.00306892,-11.16,0.295113,0.293875,nan,nan,0,0.0266379,-0.168017,-2.32283e-06,-1.02806,-0.196681,nan,-1.00324,-1.09683,1,0.00415981,0.016263,-0.00310562,-0.505993,0.00207991,nan,-0.420835,-0.398846,1,0.119764,-0.376119,0.00306892,1.19658,-0.340118,-0.34412,nan,nan,0,0.122128,-0.00795746,0.0153437,0.757019,0.0110642,0.00981793,nan,nan,0,-0.117127,0.280243,0.00920582,-0.610504,0.251436,0.253067,nan,nan,0,-0.242355,0.440355,0.00306892,-8.08303,0.368822,0.365327,nan,nan,0,0.265489,-0.151242,0.0336845,2.41365,-0.0772556,nan,2.53899,2.30719,1,-0.152093,-0.0211031,0.0460019,-1.88467,-0.0760463,nan,-1.7173,-1.71165,1,0,0.145477,0.010243,-0.011874,-0.989237,0.00567415,0.0157001,-0.00142628,-0.04632,0.145159,9.72067
1786071335485513027,0,1,0,0,0,0.0265144,0.0169519,-2.84934,0.00686014,0.0151082,-0.00186125,0.00810105,0.340837,0.00306892,1.78266,0.404051,0.408234,nan,nan,0,0.0714887,0.0566626,0.00920582,1.44078,0.0857443,0.0865196,nan,nan,0,0.118911,-0.267205,0.00920582,0.757019,-0.250544,-0.24839,nan,nan,0,-0.386928,0.4091,0.00306892,-11.3065,0.296536,0.294357,nan,nan,0,0.0296049,-0.168017,-2.32283e-06,-1.10742,-0.195198,nan,-0.951315,-1.05441,1,0.00527673,0.016263,-0.00310562,-0.409405,0.00263837,nan,-0.404081,-0.407467,1,0.121134,-0.376119,0.00306892,1.24542,-0.339433,-0.341604,nan,nan,0,0.121312,-0.00776577,0.0214815,0.65934,0.010656,0.00968921,nan,nan,0,-0.118379,0.280243,0.00920582,-0.854698,0.250811,0.252253,nan,nan,0,-0.237768,0.440355,-0.00306892,-7.88766,0.371116,0.366932,nan,nan,0,0.273639,-0.151234,0.0374182,2.21681,-0.0731806,nan,2.67575,2.40686,1,-0.152733,-0.0211031,0.0521336,-1.61841,-0.0763667,nan,-1.73611,-1.72142,1,0,0.145479,0.010315,-0.011881,-0.989236,0.00686014,0.0151082,-0.00186125,-0.192408,0.134272,9.63093
1786071335495537120,0,1,0,0,0,0.0266121,0.0171096,-2.84936,0.00835749,0.00611663,-0.00229055,0.0130608,0.340837,0.00306892,2.17339,0.40653,0.406104,nan,nan,0,0.0730405,0.0566626,-0.00306892,1.73382,0.0865202,0.0863476,nan,nan,0,0.117686,-0.267205,0.0214815,0.805862,-0.251157,-0.249693,nan,nan,0,-0.387247,0.4091,0.00920582,-11.2576,0.296377,0.29531,nan,nan,0,0.0288822,-0.168017,-6.96778e-06,-1.18648,-0.195559,nan,-0.963955,-1.00153,1,0.00653087,0.016263,-0.00931589,-0.457608,0.00326543,nan,-0.375954,-0.410298,1,0.112231,-0.376119,-0.00306892,1.19658,-0.343885,-0.340046,nan,nan,0,0.120021,-0.00757408,0.0276184,0.512817,0.0100107,0.0102023,nan,nan,0,-0.119295,0.280243,0.00306892,-0.952377,0.250353,0.251447,nan,nan,0,-0.240698,0.440355,-0.00306892,-7.39927,0.369651,0.368999,nan,nan,0,0.273507,-0.149183,0.0467151,2.45442,-0.0732464,nan,2.58769,2.51842,1,-0.152076,-0.0176293,0.0736268,-1.86059,-0.0760379,nan,-1.8627,-1.76483,1,0,0.145465,0.0104,-0.011918,-0.989236,0.00835749,0.00611663,-0.00229055,-0.204404,0.242618,9.80742
1786071335505514144,0,1,0,0,0,0.0266649,0.0172213,-2.84937,0.00564207,0.0137402,-0.00402613,0.00676786,0.340837,0.00306892,1.78266,0.403384,0.405372,nan,nan,0,0.075208,0.0566626,0.00306892,1.19658,0.087604,0.0862629,nan,nan,0,0.118704,-0.267205,-0.00306892,0.708183,-0.250648,-0.250628,nan,nan,0,-0.384344,0.4091,0.00306892,-11.4042,0.297828,0.296099,nan,nan,0,0.0321647,-0.168017,-0.00189783,-1.2261,-0.193918,nan,-0.903675,-0.967318,1,0.0064252,0.016263,-0.00621454,-0.433449,0.0032126,nan,-0.382191,-0.400897,1,0.120399,-0.376119,0.00306892,1.14774,-0.3398,-0.340803,nan,nan,0,0.125013,-0.00738239,0.0276184,0.854698,0.0125065,0.010347,nan,nan,0,-0.120946,0.280243,-0.00306892,-0.903542,0.249527,0.250786,nan,nan,0,-0.236955,0.440355,-0.00306892,-6.76434,0.371522,0.370075,nan,nan,0,0.280935,-0.14917,0.0560874,2.41328,-0.0695324,nan,2.70318,2.57873,1,-0.151279,-0.0176293,0.076602,-1.9822,-0.0756397,nan,-1.85522,-1.82654,1,0,0.145458,0.010459,-0.011936,-0.989237,0.00564207,0.0137402,-0.00402613,-0.180618,0.198832,9.88955
1786071335515657241,0,1,0,0,0,0.0267178,0.017366,-2.84944,0.00632099,0.0139404,-0.0082944,0.00328092,0.340837,0.00306892,1.92918,0.40164,0.404737,nan,nan,0,0.0755225,0.0566626,0.00920582,1.3431,0.0877613,0.0867224,nan,nan,0,0.116632,-0.267205,0.00920582,0.561661,-0.251684,-0.250954,nan,nan,0,-0.382235,0.4091,0.00306892,-10.9646,0.298883,0.296903,nan,nan,0,0.0351613,-0.168017,0.00189347,-1.02844,-0.192419,nan,-0.856922,-0.937556,1,0.00601692,0.016263,3.784e-06,-0.312939,0.00300846,nan,-0.397642,-0.391352,1,0.121384,-0.376119,0.00306892,1.00122,-0.339308,-0.341178,nan,nan,0,0.12871,-0.0071907,0.00920582,0.903542,0.0143552,0.0110326,nan,nan,0,-0.120321,0.280243,0.0214815,-1.00122,0.24984,0.250143,nan,nan,0,-0.233416,0.440355,-0.00306892,-7.20391,0.373292,0.37074,nan,nan,0,0.289775,-0.149156,0.0448931,2.69315,-0.0651126,nan,2.87417,2.63582,1,-0.151626,-0.017822,0.0520043,-1.90842,-0.0758128,nan,-1.81773,-1.85437,1,0,0.145423,0.010534,-0.011952,-0.989241,0.00632099,0.0139404,-0.0082944,-0.214774,0.189089,9.81273
1786071335525540620,0,1,0,0,0,0.0267324,0.0175385,-2.84951,-0.000418739,0.0160983,-0.00374684,0.00258513,0.340837,0.00306892,2.12454,0.401293,0.403347,nan,nan,0,0.0714536,0.0566626,0.00920582,1.05006,0.0857268,0.0873158,nan,nan,0,0.120461,-0.267205,0.00920582,0.65934,-0.249769,-0.251215,nan,nan,0,-0.380065,0.4091,0.00306892,-10.9157,0.299968,0.297901,nan,nan,0,0.038927,-0.168017,-0.00189783,-0.395752,-0.190537,nan,-0.785336,-0.897475,1,0.00607307,0.016263,-0.00621454,-0.0238371,0.00303653,nan,-0.387473,-0.388577,1,0.124567,-0.376119,0.00306892,0.952377,-0.337717,-0.340426,nan,nan,0,0.132385,-0.0071907,0.00306892,1.00122,0.0161924,0.0125329,nan,nan,0,-0.119411,0.280243,0.00920582,-1.05006,0.250295,0.249785,nan,nan,0,-0.228808,0.440355,-0.00306892,-7.10622,0.375596,0.37187,nan,nan,0,0.295658,-0.149153,0.00187883,2.57372,-0.062171,nan,3.04154,2.74801,1,-0.151044,-0.017822,-1.89565e-05,-1.88459,-0.0755221,nan,-1.73098,-1.83673,1,0,0.145389,0.01062,-0.011947,-0.989245,-0.000418739,0.0160983,-0.00374684,-0.237812,0.156688,9.71908
1786071335535666538,0,1,0,0,0,0.0267267,0.0176814,-2.84955,0.000326848,0.0107685,-0.00111368,0.00805779,0.340837,-0.00306892,2.0757,0.404029,0.402059,nan,nan,0,0.0714786,0.0566626,0.00306892,1.3431,0.0857393,0.0870182,nan,nan,0,0.122591,-0.267205,0.00920582,0.561661,-0.248705,-0.250884,nan,nan,0,-0.378224,0.4091,0.00306892,-11.0134,0.300888,0.298984,nan,nan,0,0.0397029,-0.168017,0.00188853,-0.988723,-0.190149,nan,-0.777435,-0.844706,1,0.00643584,0.016263,-0.00620697,-0.385364,0.00321792,nan,-0.382042,-0.388989,1,0.126618,-0.376119,0.00306892,1.00122,-0.336691,-0.33917,nan,nan,0,0.13028,-0.0071907,0.00306892,0.65934,0.01514,0.014393,nan,nan,0,-0.119499,0.280243,0.00306892,-1.05006,0.250251,0.249873,nan,nan,0,-0.228406,0.440355,0.00306892,-7.05739,0.375797,0.373597,nan,nan,0,0.297143,-0.149156,-0.0111683,2.93297,-0.0614287,nan,3.0872,2.90527,1,-0.151481,-0.017822,-0.0276583,-1.85894,-0.0757404,nan,-1.69606,-1.77703,1,0,0.145369,0.01069,-0.011934,-0.989247,0.000326848,0.0107685,-0.00111368,-0.196739,0.135397,9.72708
1786071335545661922,0,1,0,0,0,0.0267196,0.0177715,-2.84956,8.11229e-05,0.0112645,-0.00428018,0.00674304,0.340837,0.00306892,1.8315,0.403372,0.402256,nan,nan,0,0.0726037,0.0568542,0.00920582,1.3431,0.0863019,0.0863136,nan,nan,0,0.120287,-0.267205,0.00920582,0.561661,-0.249857,-0.24991,nan,nan,0,-0.377701,0.4091,0.00306892,-11.2576,0.30115,0.300033,nan,nan,0,0.0419593,-0.168017,2.32283e-06,-2.29673,-0.18902,nan,-0.73512,-0.799799,1,0.00619855,0.016263,0.00310562,0.556742,0.00309928,nan,-0.399571,-0.388478,1,0.130353,-0.376119,0.00306892,1.39194,-0.334824,-0.337809,nan,nan,0,0.130628,-0.0071907,-0.00306892,1.0989,0.015314,0.015392,nan,nan,0,-0.118846,0.280243,0.00920582,-1.19658,0.250577,0.250089,nan,nan,0,-0.227528,0.440355,-0.00306892,-7.05739,0.376236,0.37507,nan,nan,0,0.302985,-0.149157,0.00374597,3.09252,-0.0585073,nan,3.16713,3.02693,1,-0.15016,-0.017822,0.00304788,-1.85834,-0.0750799,nan,-1.72231,-1.72848,1,0,0.145362,0.010734,-0.011924,-0.989248,8.11229e-05,0.0112645,-0.00428018,-0.131291,0.136374,9.81671
1786071335555547909,0,1,0,0,0,0.0267081,0.0178724,-2.84957,0.00187825,0.0145036,0.00277184,0.000415906,0.340837,0.00306892,1.78266,0.400208,0.402958,nan,nan,0,0.0696165,0.0568542,0.00920582,1.19658,0.0848082,0.0860382,nan,nan,0,0.123595,-0.267205,-0.0153437,0.805862,-0.248203,-0.249449,nan,nan,0,-0.373854,0.4091,0.00306892,-10.6715,0.303073,0.3008,nan,nan,0,0.045316,-0.168017,-0.00189783,-0.830212,-0.187342,nan,-0.673528,-0.763211,1,0.00575218,0.016263,-0.00621454,-0.482008,0.00287609,nan,-0.392286,-0.389006,1,0.135143,-0.376119,-0.00306892,1.00122,-0.332428,-0.336313,nan,nan,0,0.133685,-0.0071907,0.00920582,1.0989,0.0168425,0.0155709,nan,nan,0,-0.118944,0.280243,-0.00920582,-0.854698,0.250528,0.250327,nan,nan,0,-0.22234,0.440355,-0.00306892,-6.71551,0.37883,0.375937,nan,nan,0,0.311775,-0.149156,0.00187888,2.93301,-0.0541125,nan,3.3237,3.11021,1,-0.149712,-0.0180147,-1.88405e-05,-1.85898,-0.0748561,nan,-1.70521,-1.71315,1,0,0.145357,0.010783,-0.011911,-0.989248,0.00187825,0.0145036,0.00277184,-0.112558,0.174887,9.78423
1786071335565602972,0,1,0,0,0,0.0266864,0.018013,-2.84956,0.00101753,0.0145601,-0.00118668,0.00234616,0.340837,0.00306892,2.02686,0.401173,0.402306,nan,nan,0,0.0674208,0.0568542,0.0153437,1.68498,0.0837104,0.0856127,nan,nan,0,0.121988,-0.267205,-0.00306892,0.65934,-0.249006,-0.249001,nan,nan,0,-0.373437,0.4091,0.00306892,-10.8181,0.303281,0.301786,nan,nan,0,0.0479803,-0.168017,-2.32283e-06,-0.790871,-0.18601,nan,-0.629746,-0.721035,1,0.00588473,0.016263,-0.00310562,-0.361379,0.00294237,nan,-0.394961,-0.391223,1,0.13556,-0.376119,0.00306892,1.3431,-0.33222,-0.334433,nan,nan,0,0.133149,-0.0071907,0.00306892,1.19658,0.0165746,0.0159844,nan,nan,0,-0.11992,0.280243,0.00920582,-1.00122,0.25004,0.250491,nan,nan,0,-0.219682,0.440355,0.00306892,-6.42247,0.380159,0.377142,nan,nan,0,0.317248,-0.149156,-1.16134e-05,3.25305,-0.0513759,nan,3.42231,3.21023,1,-0.149501,-0.017822,0.00308593,-1.7606,-0.0747504,nan,-1.71248,-1.7066,1,0,0.14536,0.010851,-0.01189,-0.989247,0.00101753,0.0145601,-0.00118668,-0.165771,0.209587,9.72566
1786071335575616849,0,1,0,0,0,0.0267055,0.0181271,-2.84954,0.00319006,0.00929054,0.00369373,0.00423184,0.340837,-0.00306892,1.73382,0.402116,0.401428,nan,nan,0,0.0661361,0.0570459,0.0153437,0.854698,0.0830681,0.0847533,nan,nan,0,0.124025,-0.267205,0.00920582,0.610504,-0.247988,-0.248757,nan,nan,0,-0.372196,0.4091,-0.00306892,-10.7692,0.303902,0.30273,nan,nan,0,0.048956,-0.168017,2.32283e-06,-0.830116,-0.185522,nan,-0.612678,-0.672702,1,0.00635412,0.016263,0.00310562,-0.530274,0.00317706,nan,-0.397237,-0.394891,1,0.136161,-0.376119,0.00306892,1.14774,-0.33192,-0.332918,nan,nan,0,0.131232,-0.0071907,-0.00306892,1.0989,0.0156159,0.0164192,nan,nan,0,-0.120576,0.280243,0.0153437,-0.805862,0.249712,0.25039,nan,nan,0,-0.218433,0.440355,-0.00306892,-6.17827,0.380784,0.378703,nan,nan,0,0.3199,-0.149156,0.00187888,3.4518,-0.0500499,nan,3.46589,3.32293,1,-0.148739,-0.0180147,-1.88405e-05,-1.83274,-0.0743696,nan,-1.69062,-1.70121,1,0,0.145371,0.010909,-0.011891,-0.989245,0.00319006,0.00929054,0.00369373,-0.200889,0.225247,9.71459
1786071335585565735,0,1,0,0,0,0.0267215,0.0182455,-2.84949,0.00202175,0.0120257,0.00429449,0.00180107,0.340837,0.00306892,1.92918,0.400901,0.401392,nan,nan,0,0.0665117,0.0572376,0.0153437,1.19658,0.0832559,0.0838207,nan,nan,0,0.12425,-0.267205,-0.00306892,0.610504,-0.247875,-0.248489,nan,nan,0,-0.370427,0.4091,0.00306892,-10.4762,0.304787,0.303436,nan,nan,0,0.0511202,-0.168017,-2.32283e-06,-0.75115,-0.18444,nan,-0.574797,-0.633562,1,0.00561403,0.016263,-0.00310562,-0.433804,0.00280702,nan,-0.399022,-0.393815,1,0.139113,-0.376119,0.00920582,1.19658,-0.330443,-0.332103,nan,nan,0,0.133881,-0.0071907,-0.00306892,1.19658,0.0169404,0.0162929,nan,nan,0,-0.12029,0.280243,-0.00306892,-0.903542,0.249855,0.250086,nan,nan,0,-0.216832,0.440355,-0.00306892,-5.9829,0.381584,0.380007,nan,nan,0,0.325755,-0.149156,0.00187888,3.41264,-0.0471227,nan,3.56834,3.41378,1,-0.147922,-0.0180147,-1.88405e-05,-1.76004,-0.0739611,nan,-1.67837,-1.69409,1,0,0.145395,0.010969,-0.01189,-0.989241,0.00202175,0.0120257,0.00429449,-0.225246,0.23129,9.74254
1786071335595673291,0,1,0,0,0,0.0267516,0.018378,-2.84944,0.00265641,0.0156468,0.00436276,-0.000336796,0.340837,0.00920582,1.53846,0.399832,0.401343,nan,nan,0,0.0632116,0.0572376,0.00920582,0.757019,0.0816058,0.0832795,nan,nan,0,0.124445,-0.267205,-0.00920582,0.757019,-0.247778,-0.248139,nan,nan,0,-0.36913,0.4091,0.00306892,-10.3785,0.305435,0.304127,nan,nan,0,0.0537879,-0.168017,0.00188853,-0.790581,-0.183106,nan,-0.530949,-0.601459,1,0.00543319,0.016263,-0.00620697,-0.50617,0.0027166,nan,-0.397082,-0.393928,1,0.143491,-0.376119,0.00920582,1.3431,-0.328255,-0.331329,nan,nan,0,0.13614,-0.0071907,0.00306892,1.0989,0.0180699,0.0163616,nan,nan,0,-0.120598,0.280243,0.00306892,-0.952377,0.249701,0.249874,nan,nan,0,-0.212704,0.440355,-0.00306892,-6.27595,0.383648,0.380973,nan,nan,0,0.332445,-0.149156,0.00187888,4.17515,-0.0437773,nan,3.68543,3.49569,1,-0.146893,-0.0180147,-1.88405e-05,-1.29574,-0.0734463,nan,-1.66292,-1.68413,1,0,0.145417,0.011037,-0.011895,-0.989237,0.00265641,0.0156468,0.00436276,-0.22555,0.260714,9.80324
1786071335605535894,0,1,0,0,0,0.0267857,0.0185502,-2.84938,0.00638911,0.0140666,0.00511362,-0.00175433,0.340837,0.00306892,1.73382,0.399123,0.400763,nan,nan,0,0.0631873,0.0574293,0.00920582,1.05006,0.0815936,0.0825991,nan,nan,0,0.12435,-0.267205,0.00306892,0.708183,-0.247825,-0.247892,nan,nan,0,-0.367123,0.4091,-0.00306892,-10.4274,0.306438,0.304834,nan,nan,0,0.0558113,-0.168017,-0.00189347,-0.513667,-0.182094,nan,-0.489866,-0.565484,1,0.00496257,0.016263,-3.784e-06,-0.433982,0.00248129,nan,-0.413446,-0.397566,1,0.145262,-0.376119,0.00306892,1.53846,-0.327369,-0.329989,nan,nan,0,0.135126,-0.0071907,0.00920582,1.0989,0.0175632,0.0170304,nan,nan,0,-0.121756,0.280243,-0.00306892,-1.0989,0.249122,0.249761,nan,nan,0,-0.209527,0.440355,0.00306892,-5.88522,0.385236,0.382185,nan,nan,0,0.338638,-0.149154,0.00376904,3.61332,-0.0406808,nan,3.79092,3.59014,1,-0.146824,-0.0180147,-0.00312312,-1.63784,-0.0734119,nan,-1.65723,-1.67345,1,0,0.145444,0.011125,-0.011899,-0.989232,0.00638911,0.0140666,0.00511362,-0.236665,0.229098,9.79412
1786071335615531368,0,1,0,0,0,0.0268439,0.0187065,-2.8493,0.00638778,0.0137481,0.006688,-0.00241696,0.340837,0.00306892,1.97802,0.398792,0.399931,nan,nan,0,0.0619385,0.0574293,-0.00306892,1.00122,0.0809692,0.0819378,nan,nan,0,0.124737,-0.267205,0.00306892,0.757019,-0.247632,-0.24779,nan,nan,0,-0.365314,0.4091,0.00306892,-10.1832,0.307343,0.305631,nan,nan,0,0.0574466,-0.168017,0.00188853,-0.315822,-0.181277,nan,-0.466922,-0.527443,1,0.00534556,0.016263,-0.00620697,-0.410001,0.00267278,nan,-0.398397,-0.402986,1,0.145638,-0.376119,0.00920582,1.39194,-0.327181,-0.328518,nan,nan,0,0.134724,-0.0071907,0.00306892,1.00122,0.0173619,0.017541,nan,nan,0,-0.121818,0.280243,0.00920582,-1.05006,0.249091,0.249516,nan,nan,0,-0.207884,0.440355,-0.00306892,-5.83639,0.386058,0.383721,nan,nan,0,0.343879,-0.149154,0.00563598,3.81204,-0.0380605,nan,3.87983,3.69561,1,-0.145983,-0.0180147,-5.66605e-05,-1.70996,-0.0729913,nan,-1.64922,-1.66456,1,0,0.145481,0.011207,-0.011916,-0.989225,0.00638778,0.0137481,0.006688,-0.261127,0.201016,9.7425
1786071335625446876,0,1,0,0,0,0.026838,0.0188259,-2.84924,-0.000107931,0.0090059,0.0079878,0.000830308,0.340837,0.00306892,1.63614,0.400415,0.399225,nan,nan,0,0.0623601,0.0574293,0.00306892,1.29426,0.0811801,0.0814042,nan,nan,0,0.126056,-0.267205,0.00920582,0.757019,-0.246972,-0.247718,nan,nan,0,-0.365575,0.4091,0.00306892,-10.525,0.307212,0.306518,nan,nan,0,0.0587443,-0.168017,-0.00189783,-0.513577,-0.180628,nan,-0.438532,-0.492388,1,0.00550891,0.016263,-0.00621454,-0.482244,0.00275445,nan,-0.395935,-0.405318,1,0.147099,-0.376119,0.00306892,1.3431,-0.326451,-0.32753,nan,nan,0,0.134397,-0.0071907,0.00306892,0.21978,0.0171987,0.0176104,nan,nan,0,-0.121325,0.280243,0.00306892,-1.14774,0.249338,0.249252,nan,nan,0,-0.207974,0.440355,0.00306892,-5.20146,0.386013,0.38511,nan,nan,0,0.343279,-0.149154,0.00190182,4.04991,-0.0383607,nan,3.87492,3.79928,1,-0.145091,-0.0180147,-0.00619006,-1.85478,-0.0725453,nan,-1.62663,-1.65708,1,0,0.145512,0.011266,-0.011904,-0.98922,-0.000107931,0.0090059,0.0079878,-0.204679,0.20361,9.71763
1786071335635704950,0,1,0,0,0,0.0268528,0.0189079,-2.84918,0.000818472,0.00869804,-0.000136904,-0.000401653,0.340837,0.00306892,1.63614,0.399799,0.399366,nan,nan,0,0.0659255,0.0574293,0.00306892,1.00122,0.0829627,0.0811324,nan,nan,0,0.123792,-0.267205,0.00920582,0.610504,-0.248104,-0.247446,nan,nan,0,-0.365376,0.4091,-0.00306892,-10.0366,0.307312,0.307099,nan,nan,0,0.0605188,-0.168017,-2.33973e-06,-0.35545,-0.179741,nan,-0.41034,-0.462918,1,0.00494455,0.016263,-0.00310559,-0.385839,0.00247227,nan,-0.409064,-0.402798,1,0.152576,-0.376119,0.00920582,1.48962,-0.323712,-0.326873,nan,nan,0,0.135063,-0.0071907,0.00306892,1.0989,0.0175317,0.0174523,nan,nan,0,-0.12271,0.280243,-0.00306892,-1.05006,0.248645,0.249187,nan,nan,0,-0.206337,0.440355,-0.00306892,-5.64103,0.386831,0.385903,nan,nan,0,0.346186,-0.149153,0.00187882,3.65249,-0.0369069,nan,3.92578,3.8632,1,-0.144592,-0.0180147,-1.89371e-05,-1.71055,-0.0722959,nan,-1.62841,-1.64729,1,0,0.145542,0.011308,-0.011905,-0.989215,0.000818472,0.00869804,-0.000136904,-0.163707,0.202919,9.77249
1786071335645532844,0,1,0,0,0,0.0268438,0.0189982,-2.84918,-0.000198828,0.0107856,0.00222081,-0.00357666,0.340837,0.00306892,2.02686,0.398212,0.399714,nan,nan,0,0.0629845,0.0574293,-0.00306892,1.29426,0.0814923,0.0816664,nan,nan,0,0.12462,-0.267205,-0.00306892,0.757019,-0.24769,-0.247513,nan,nan,0,-0.36232,0.4091,0.00306892,-9.69475,0.30884,0.307332,nan,nan,0,0.063453,-0.168017,0.00189346,-0.434117,-0.178273,nan,-0.361833,-0.43541,1,0.00501812,0.016263,3.81167e-06,-0.627098,0.00250906,nan,-0.412624,-0.402272,1,0.15318,-0.376119,0.00306892,1.3431,-0.32341,-0.325613,nan,nan,0,0.137197,-0.0071907,0.00306892,0.903542,0.0185987,0.0173995,nan,nan,0,-0.122903,0.280243,0.0214815,-1.00122,0.248549,0.24902,nan,nan,0,-0.202539,0.440355,0.00306892,-5.73871,0.388731,0.386421,nan,nan,0,0.352211,-0.149151,0.00747952,4.05092,-0.0338947,nan,4.02275,3.89911,1,-0.144517,-0.0180147,0.00918029,-1.75761,-0.0722585,nan,-1.64109,-1.63854,1,0,0.145538,0.011352,-0.011894,-0.989215,-0.000198828,0.0107856,0.00222081,-0.137515,0.208534,9.78152
1786071335655555762,0,1,0,0,0,0.0268314,0.0190909,-2.84917,0.00101459,0.00822767,-0.00100041,-0.00240076,0.340837,0.00306892,1.39194,0.3988,0.399326,nan,nan,0,0.062952,0.0574293,0.00306892,1.24542,0.081476,0.0819578,nan,nan,0,0.12306,-0.267205,0.00920582,0.757019,-0.24847,-0.247688,nan,nan,0,-0.361962,0.4091,0.00306892,-10.1343,0.309019,0.307877,nan,nan,0,0.0637698,-0.168017,0.00378428,-0.434512,-0.178115,nan,-0.359126,-0.40064,1,0.00504313,0.016263,-0.00309749,-0.434043,0.00252157,nan,-0.407597,-0.404676,1,0.150114,-0.376119,-0.00306892,1.48962,-0.324943,-0.324273,nan,nan,0,0.137314,-0.0071907,-0.00306892,1.05006,0.018657,0.0177992,nan,nan,0,-0.123864,0.280243,0.00306892,-1.14774,0.248068,0.248762,nan,nan,0,-0.202238,0.440355,-0.00306892,-3.73627,0.388881,0.387368,nan,nan,0,0.353529,-0.149148,0.0168134,3.85126,-0.0332355,nan,4.03171,3.94982,1,-0.14431,-0.0180147,0.0245114,-1.78264,-0.0721548,nan,-1.66097,-1.63899,1,0,0.145545,0.011397,-0.011881,-0.989214,0.00101459,0.00822767,-0.00100041,-0.166387,0.228943,9.75052
1786071335665512849,0,1,0,0,0,0.0268204,0.0191816,-2.84918,0.00169915,0.0101695,0.000729338,-0.00307758,0.340837,0.00306892,1.8315,0.398461,0.398872,nan,nan,0,0.0602391,0.0574293,0.00306892,1.00122,0.0801195,0.0817905,nan,nan,0,0.125011,-0.267205,0.00306892,0.708183,-0.247494,-0.247983,nan,nan,0,-0.360451,0.4091,0.00306892,-9.89011,0.309775,0.308545,nan,nan,0,0.065512,-0.168017,0.00188848,-0.553006,-0.177244,nan,-0.325795,-0.370418,1,0.00576441,0.016263,-0.00620689,-0.554613,0.0028822,nan,-0.392114,-0.404565,1,0.156023,-0.376119,0.00920582,1.5873,-0.321988,-0.324013,nan,nan,0,0.134984,-0.0071907,0.00306892,1.0989,0.0174922,0.0183074,nan,nan,0,-0.125088,0.280243,0.00920582,-0.952377,0.247456,0.248436,nan,nan,0,-0.199441,0.440355,0.00306892,-5.64103,0.39028,0.388323,nan,nan,0,0.356841,-0.149138,0.0392083,3.9718,-0.0315795,nan,4.05575,3.99474,1,-0.143775,-0.0180147,0.0612953,-1.70925,-0.0718876,nan,-1.70813,-1.65623,1,0,0.145539,0.011441,-0.011869,-0.989215,0.00169915,0.0101695,0.000729338,-0.208897,0.262279,9.72747
1786071335675665180,0,1,0,0,0,0.026827,0.0192793,-2.84915,0.0039863,0.0062794,0.00523775,-0.00189567,0.340837,0.00306892,1.78266,0.399052,0.398617,nan,nan,0,0.0618881,0.0574293,0.00306892,1.19658,0.080944,0.081155,nan,nan,0,0.125998,-0.267205,0.00306892,0.561661,-0.247001,-0.247977,nan,nan,0,-0.359725,0.4091,-0.00306892,-10.0366,0.310138,0.309188,nan,nan,0,0.06487,-0.168016,-7.06939e-06,-0.47394,-0.177565,nan,-0.334204,-0.345841,1,0.00545322,0.016263,-0.00931572,-0.506411,0.00272661,nan,-0.392119,-0.39902,1,0.152967,-0.376119,0.00306892,1.53846,-0.323516,-0.323451,nan,nan,0,0.133123,-0.0071907,0.00306892,1.0989,0.0165615,0.0182225,nan,nan,0,-0.124903,0.280243,0.00306892,-1.0989,0.247548,0.247976,nan,nan,0,-0.200576,0.440547,-0.00306892,-5.64103,0.389712,0.389285,nan,nan,0,0.356994,-0.147092,0.035432,4.05252,-0.0315031,nan,3.99246,4.00776,1,-0.143858,-0.0145462,0.0613144,-1.75764,-0.071929,nan,-1.81346,-1.71371,1,0,0.145553,0.01149,-0.011865,-0.989212,0.0039863,0.0062794,0.00523775,-0.231666,0.27498,9.73832
1786071335685624672,0,1,0,0,0,0.0268614,0.0193445,-2.84911,0.00384461,0.00271015,0.00654858,-0.00169789,0.340837,0.00306892,1.73382,0.399151,0.398671,nan,nan,0,0.0614868,0.0574293,0.00306892,1.05006,0.0807434,0.080757,nan,nan,0,0.126637,-0.267205,0.00920582,0.805862,-0.246682,-0.247576,nan,nan,0,-0.359687,0.4091,0.00306892,-10.0855,0.310156,0.309753,nan,nan,0,0.0646489,-0.168016,0.00377498,-0.473832,-0.177676,nan,-0.343763,-0.334875,1,0.00524872,0.016263,-0.015519,-0.554677,0.00262436,nan,-0.385881,-0.392355,1,0.151553,-0.376119,0.00920582,1.5873,-0.324223,-0.323091,nan,nan,0,0.132979,-0.0071907,0.00306892,1.29426,0.0164893,0.0175383,nan,nan,0,-0.124899,0.280243,-0.00920582,-1.00122,0.24755,0.247637,nan,nan,0,-0.200403,0.440547,0.00306892,-6.37363,0.389798,0.389826,nan,nan,0,0.357452,-0.14708,0.0373135,4.01249,-0.0312739,nan,3.99726,3.99926,1,-0.143879,-0.0145462,0.0581963,-1.78203,-0.0719397,nan,-1.8091,-1.77873,1,0,0.145574,0.011525,-0.011877,-0.989208,0.00384461,0.00271015,0.00654858,-0.258003,0.243033,9.77283
1786071335695564945,0,1,0,0,0,0.0268894,0.0194064,-2.84905,0.0012041,0.00483498,0.00618351,-0.0031371,0.340837,0.00920582,1.97802,0.398431,0.398902,nan,nan,0,0.0618208,0.0574293,-0.00306892,1.29426,0.0809104,0.0806876,nan,nan,0,0.127411,-0.267205,-0.00306892,0.854698,-0.246294,-0.24709,nan,nan,0,-0.358784,0.4091,0.00920582,-9.64591,0.310608,0.310087,nan,nan,0,0.0656696,-0.168015,0.0132386,-0.197014,-0.177165,nan,-0.340113,-0.337973,1,0.00547743,0.016263,-0.0186043,-0.43423,0.00273872,nan,-0.377822,-0.386449,1,0.154512,-0.376119,0.00306892,1.53846,-0.322744,-0.32344,nan,nan,0,0.133606,-0.0071907,0.00306892,0.805862,0.0168028,0.0168668,nan,nan,0,-0.125484,0.280243,0.00306892,-1.05006,0.247258,0.247511,nan,nan,0,-0.199334,0.440547,-0.00306892,-5.05495,0.390333,0.38993,nan,nan,0,0.358706,-0.14707,0.0429252,4.21143,-0.0306472,nan,4.01043,3.99591,1,-0.143694,-0.0145462,0.0612074,-1.85406,-0.0718471,nan,-1.81084,-1.80866,1,0,0.145603,0.011558,-0.011886,-0.989204,0.0012041,0.00483498,0.00618351,-0.254951,0.258126,9.77334
1786071335705629375,0,1,0,0,0,0.0268793,0.019484,-2.84899,-0.0035906,0.00477674,0.00612124,-0.0031951,0.340837,0.00920582,1.88034,0.398402,0.398847,nan,nan,0,0.0623239,0.0574293,-0.00306892,1.0989,0.0811619,0.0807531,nan,nan,0,0.12885,-0.267205,0.00920582,0.805862,-0.245575,-0.246642,nan,nan,0,-0.35824,0.4091,0.00306892,-9.54823,0.31088,0.31035,nan,nan,0,0.0674007,-0.168014,0.00566527,-0.315696,-0.1763,nan,-0.298494,-0.340764,1,0.00553353,0.016263,-0.0186194,-0.458278,0.00276677,nan,-0.376958,-0.380851,1,0.15569,-0.376119,0.00306892,1.63614,-0.322155,-0.323429,nan,nan,0,0.135193,-0.0071907,0.00920582,1.00122,0.0175967,0.0166209,nan,nan,0,-0.12574,0.280243,0.00920582,-1.0989,0.24713,0.247404,nan,nan,0,-0.198571,0.440547,-0.00306892,-4.95727,0.390714,0.390066,nan,nan,0,0.357863,-0.147052,0.0614988,3.85203,-0.0310685,nan,3.96718,3.99804,1,-0.143758,-0.0145462,0.104138,-1.87975,-0.0718788,nan,-1.87619,-1.82059,1,0,0.145632,0.011596,-0.011875,-0.989199,-0.0035906,0.00477674,0.00612124,-0.265906,0.213011,9.75179
1786071335715651689,0,1,0,0,0,0.0268573,0.0195372,-2.84894,-0.00199264,0.00413559,0.00230537,-0.00198368,0.340837,0.00920582,1.73382,0.399008,0.398621,nan,nan,0,0.0607288,0.0574293,0.00920582,1.00122,0.0803644,0.0809267,nan,nan,0,0.128431,-0.267205,0.00306892,0.854698,-0.245784,-0.246128,nan,nan,0,-0.357797,0.4091,-0.00306892,-9.79243,0.311101,0.310631,nan,nan,0,0.0680757,-0.168014,-2.42477e-06,-0.276067,-0.175962,nan,-0.278178,-0.326437,1,0.00585938,0.016263,-0.00310545,-0.48244,0.00292969,nan,-0.395342,-0.38051,1,0.156865,-0.376119,0.00920582,1.29426,-0.321567,-0.322895,nan,nan,0,0.135006,-0.0071907,0.00306892,1.0989,0.0175032,0.0169089,nan,nan,0,-0.126952,0.280243,-0.0153437,-1.14774,0.246524,0.247263,nan,nan,0,-0.197966,0.440547,0.00306892,-4.90842,0.391017,0.390355,nan,nan,0,0.35647,-0.144993,0.0986938,3.73389,-0.0317649,nan,3.81493,3.97895,1,-0.143732,-0.0110833,0.16528,-1.85602,-0.0718662,nan,-2.07141,-1.85699,1,0,0.145653,0.011621,-0.01186,-0.989196,-0.00199264,0.00413559,0.00230537,-0.250241,0.217287,9.75954
1786071335725587045,0,1,0,0,0,0.0268542,0.0196127,-2.84896,0.00273708,0.00702479,-0.00245332,-0.00234041,0.340837,0.00306892,2.02686,0.39883,0.398654,nan,nan,0,0.0594932,0.0574293,0.00920582,1.0989,0.0797466,0.0808241,nan,nan,0,0.12621,-0.267205,-0.00306892,0.757019,-0.246895,-0.245801,nan,nan,0,-0.357317,0.4091,0.00920582,-9.64591,0.311342,0.310895,nan,nan,0,0.0683394,-0.168014,-0.00378887,-0.513456,-0.17583,nan,-0.267885,-0.301499,1,0.00599595,0.016263,-0.00311287,-0.53052,0.00299798,nan,-0.393282,-0.386537,1,0.158321,-0.376119,0.00920582,1.68498,-0.320839,-0.322207,nan,nan,0,0.133916,-0.0071907,0.00306892,1.29426,0.0169578,0.0172868,nan,nan,0,-0.128535,0.280243,0.00920582,-1.19658,0.245733,0.246964,nan,nan,0,-0.19717,0.440547,-0.00306892,-4.85959,0.391415,0.390703,nan,nan,0,0.358134,-0.14496,0.126602,4.21138,-0.0309328,nan,3.80104,3.90196,1,-0.144062,-0.0110833,0.198724,-2.04832,-0.0720311,nan,-2.12652,-1.96114,1,0,0.145645,0.011658,-0.011853,-0.989197,0.00273708,0.00702479,-0.00245332,-0.255307,0.226298,9.77232
1786071335735526578,0,1,0,0,0,0.0268467,0.0196726,-2.84897,-0.00161551,0.00268721,0.000697556,-0.000605837,0.340837,0.00920582,1.48962,0.399697,0.398781,nan,nan,0,0.0601868,0.0574293,0.00306892,0.903542,0.0800934,0.080372,nan,nan,0,0.128671,-0.267205,-0.00306892,0.805862,-0.245665,-0.246071,nan,nan,0,-0.357331,0.4091,0.00306892,-9.79243,0.311335,0.311139,nan,nan,0,0.067495,-0.168014,0.00189335,-0.315597,-0.176253,nan,-0.291203,-0.281238,1,0.00608981,0.016263,3.97888e-06,-0.506546,0.0030449,nan,-0.396549,-0.390955,1,0.155749,-0.376119,-0.00306892,1.68498,-0.322125,-0.32149,nan,nan,0,0.133334,-0.0071907,0.00306892,0.708183,0.0166669,0.0173075,nan,nan,0,-0.128572,0.280243,0.00306892,-1.0989,0.245714,0.246416,nan,nan,0,-0.198289,0.440547,-0.00306892,-5.15263,0.390856,0.391071,nan,nan,0,0.354223,-0.142893,0.111598,3.89556,-0.0328885,nan,3.68275,3.82478,1,-0.14494,-0.00762612,0.174112,-1.85515,-0.0724698,nan,-2.20648,-2.07418,1,0,0.145639,0.011687,-0.011845,-0.989197,-0.00161551,0.00268721,0.000697556,-0.224934,0.235144,9.7453
1786071335745550894,0,1,0,0,0,0.0268311,0.0197196,-2.84899,0.000668531,0.00372835,-0.00509341,4.80488e-05,0.340837,0.00306892,1.68498,0.400024,0.399119,nan,nan,0,0.0610258,0.0574293,0.00920582,1.0989,0.0805129,0.0800671,nan,nan,0,0.127086,-0.267205,-0.00920582,0.757019,-0.246457,-0.246145,nan,nan,0,-0.358501,0.4091,0.00306892,-9.84127,0.31075,0.311295,nan,nan,0,0.0671497,-0.168014,0.00189337,-0.11764,-0.176425,nan,-0.297228,-0.277026,1,0.00558011,0.016263,3.95089e-06,-0.530832,0.00279006,nan,-0.404195,-0.392283,1,0.159099,-0.376119,0.00306892,1.63614,-0.320451,-0.321409,nan,nan,0,0.134814,-0.0071907,0.00920582,1.19658,0.017407,0.0170469,nan,nan,0,-0.129056,0.280243,0.00920582,-1.14774,0.245472,0.245939,nan,nan,0,-0.198462,0.440547,-0.00306892,-4.81075,0.390769,0.391148,nan,nan,0,0.353564,-0.142862,0.104099,4.17433,-0.0332178,nan,3.6814,3.75117,1,-0.14493,-0.00781886,0.161786,-1.97539,-0.0724649,nan,-2.18206,-2.16077,1,0,0.145627,0.011709,-0.011834,-0.989199,0.000668531,0.00372835,-0.00509341,-0.240433,0.246039,9.75466
1786071335755717251,0,1,0,0,0,0.0268277,0.0197551,-2.84904,0.000875998,-0.000143867,-0.000988869,0.00192788,0.340837,0.00306892,1.73382,0.400964,0.399595,nan,nan,0,0.0613488,0.0574293,0.00306892,1.24542,0.0806744,0.0801427,nan,nan,0,0.129162,-0.267205,0.00306892,0.805862,-0.245419,-0.246181,nan,nan,0,-0.358088,0.4091,0.00306892,-9.64591,0.310956,0.311163,nan,nan,0,0.0659752,-0.168014,-0.00189337,-0.355029,-0.177012,nan,-0.312102,-0.283674,1,0.00579983,0.016263,-3.95089e-06,-0.578912,0.00289992,nan,-0.400887,-0.395468,1,0.157243,-0.376119,0.00306892,1.48962,-0.321379,-0.3212,nan,nan,0,0.133165,-0.0071907,0.00306892,0.708183,0.0165827,0.0170348,nan,nan,0,-0.129145,0.280243,0.00920582,-1.0989,0.245428,0.245633,nan,nan,0,-0.199464,0.440739,0.00306892,-5.10378,0.390268,0.390993,nan,nan,0,0.350387,-0.140803,0.104005,3.65252,-0.0348064,nan,3.55388,3.69168,1,-0.145732,-0.00436736,0.161673,-2.19718,-0.072866,nan,-2.29747,-2.20648,1,0,0.145604,0.011726,-0.01183,-0.989202,0.000875998,-0.000143867,-0.000988869,-0.244202,0.24805,9.76761
1786071335765567710,0,1,0,0,0,0.0268365,0.0197764,-2.84907,-0.00120709,-0.000441202,-0.00400865,0.0015858,0.340837,0.00306892,1.92918,0.400793,0.400228,nan,nan,0,0.0639653,0.0574293,0.00920582,0.903542,0.0819826,0.0803995,nan,nan,0,0.128292,-0.267205,-0.00306892,0.610504,-0.245854,-0.245989,nan,nan,0,-0.358548,0.4091,0.00306892,-9.30403,0.310726,0.310993,nan,nan,0,0.0656357,-0.168014,0.00189337,-0.275765,-0.177182,nan,-0.323723,-0.297113,1,0.00517341,0.016263,3.95089e-06,-0.627239,0.0025867,nan,-0.410295,-0.396894,1,0.155069,-0.376119,0.00306892,1.44078,-0.322466,-0.321084,nan,nan,0,0.135571,-0.0071907,0.00306892,1.24542,0.0177856,0.0169502,nan,nan,0,-0.128472,0.280243,-0.00306892,-1.19658,0.245764,0.245465,nan,nan,0,-0.201008,0.440739,0.00306892,-3.68742,0.389496,0.39068,nan,nan,0,0.348515,-0.140773,0.0891022,3.61217,-0.0357427,nan,3.54242,3.62225,1,-0.146132,-0.00436736,0.137174,-2.22177,-0.0730658,nan,-2.26671,-2.25541,1,0,0.145587,0.011737,-0.011833,-0.989205,-0.00120709,-0.000441202,-0.00400865,-0.247985,0.263348,9.76001
1786071335775634667,0,1,0,0,0,0.0268123,0.0197805,-2.84912,0.00147889,-0.00230813,-0.00249739,0.00469688,0.340837,0.00306892,1.68498,0.402348,0.400693,nan,nan,0,0.0618116,0.0574293,0.00306892,0.708183,0.0809058,0.0810209,nan,nan,0,0.129879,-0.267205,0.00920582,0.805862,-0.24506,-0.245801,nan,nan,0,-0.359046,0.4091,0.00306892,-10.0366,0.310477,0.310858,nan,nan,0,0.0645847,-0.168014,0.00189335,-0.395262,-0.177708,nan,-0.342132,-0.311458,1,0.00488953,0.016263,3.97888e-06,-0.265152,0.00244477,nan,-0.414553,-0.399756,1,0.157,-0.376119,0.00306892,1.48962,-0.3215,-0.321552,nan,nan,0,0.136034,-0.0071907,0.00306892,0.805862,0.0180169,0.0171401,nan,nan,0,-0.127965,0.280243,-0.00920582,-1.05006,0.246018,0.245516,nan,nan,0,-0.200851,0.440739,-0.00306892,-5.25031,0.389574,0.390149,nan,nan,0,0.34705,-0.140753,0.0371072,3.93259,-0.0364748,nan,3.59407,3.57848,1,-0.146864,-0.00436736,0.0579004,-2.22005,-0.0734318,nan,-2.15879,-2.26309,1,0,0.145566,0.011737,-0.011821,-0.989208,0.00147889,-0.00230813,-0.00249739,-0.244572,0.227754,9.73988
1786071335785541529,0,1,0,0,0,0.0268232,0.019773,-2.84913,0.00257738,-0.00304919,-0.00187291,0.0066059,0.340837,0.00920582,1.88034,0.403303,0.401364,nan,nan,0,0.0630653,0.0574293,0.00920582,1.0989,0.0815327,0.0812979,nan,nan,0,0.129225,-0.267205,0.00920582,0.854698,-0.245387,-0.245524,nan,nan,0,-0.359898,0.4091,0.00306892,-9.54823,0.310051,0.310678,nan,nan,0,0.0628788,-0.168014,0.00188817,-0.355024,-0.178561,nan,-0.371978,-0.32537,1,0.00385165,0.016263,-0.00620638,-0.578916,0.00192583,nan,-0.420806,-0.4051,1,0.153241,-0.376119,-0.00306892,1.5873,-0.323379,-0.321807,nan,nan,0,0.137579,-0.0071907,-0.00306892,1.14774,0.0187893,0.0175821,nan,nan,0,-0.126558,0.280243,0.00920582,-1.19658,0.246721,0.245735,nan,nan,0,-0.202457,0.440739,-0.00306892,-5.25031,0.388771,0.389721,nan,nan,0,0.346397,-0.140753,-0.00740129,3.7738,-0.0368015,nan,3.6494,3.58354,1,-0.147266,-0.00436736,-0.0152712,-2.12346,-0.073633,nan,-2.05506,-2.20504,1,0,0.14556,0.011734,-0.011827,-0.989209,0.00257738,-0.00304919,-0.00187291,-0.226791,0.237848,9.7532
1786071335795572107,0,1,0,0,0,0.0268281,0.0197664,-2.84915,0.000482409,-0.000727471,-0.0021042,0.00635292,0.340837,-0.00306892,1.78266,0.403176,0.402324,nan,nan,0,0.0623062,0.0574293,0.00920582,0.854698,0.0811531,0.0813749,nan,nan,0,0.130275,-0.267205,-0.00920582,0.854698,-0.244863,-0.245333,nan,nan,0,-0.359492,0.4091,0.00306892,-9.59707,0.310254,0.310397,nan,nan,0,0.0634486,-0.168014,-2.44186e-06,-0.236534,-0.178276,nan,-0.359171,-0.346211,1,0.0036582,0.016263,-0.00310542,-0.458343,0.0018291,nan,-0.428359,-0.413169,1,0.156691,-0.376119,0.00306892,1.92918,-0.321654,-0.322325,nan,nan,0,0.139452,-0.0071907,0.00306892,1.00122,0.0197261,0.0181578,nan,nan,0,-0.126055,0.280243,-0.00306892,-1.05006,0.246972,0.246157,nan,nan,0,-0.201442,0.440739,-0.00306892,-5.0061,0.389279,0.389285,nan,nan,0,0.346256,-0.140759,-0.0240947,3.69018,-0.0368721,nan,3.67217,3.61729,1,-0.14752,-0.00436736,-0.0427151,-2.36753,-0.0737598,nan,-2.0177,-2.11866,1,0,0.145551,0.011731,-0.01183,-0.98921,0.000482409,-0.000727471,-0.0021042,-0.227933,0.240075,9.77323
1786071335805485642,0,1,0,0,0,0.0268375,0.0197489,-2.84915,0.00319345,-0.00502431,-0.0015003,0.0113377,0.340837,0.00306892,1.88034,0.405669,0.403005,nan,nan,0,0.06231,0.0574293,0.00920582,1.19658,0.081155,0.081348,nan,nan,0,0.130205,-0.267205,0.00306892,0.854698,-0.244897,-0.245143,nan,nan,0,-0.361544,0.4091,0.00306892,-9.93895,0.309228,0.310221,nan,nan,0,0.0614515,-0.168014,-2.42477e-06,-0.275866,-0.179274,nan,-0.394102,-0.359114,1,0.00330298,0.016263,-0.00310545,-0.57897,0.00165149,nan,-0.433688,-0.421917,1,0.153297,-0.376119,0.00306892,1.88034,-0.323351,-0.322414,nan,nan,0,0.137705,-0.0071907,0.00306892,0.708183,0.0188526,0.0189125,nan,nan,0,-0.125109,0.280243,0.00920582,-1.14774,0.247445,0.246621,nan,nan,0,-0.20357,0.440739,-0.00306892,-5.25031,0.388215,0.389088,nan,nan,0,0.342634,-0.140766,-0.0296636,3.452,-0.0386828,nan,3.61741,3.65325,1,-0.147784,-0.00436736,-0.0518703,-2.22263,-0.0738919,nan,-2.00793,-2.0463,1,0,0.145547,0.011723,-0.011836,-0.98921,0.00319345,-0.00502431,-0.0015003,-0.231942,0.229281,9.77545
1786071335815684584,0,1,0,0,0,0.0268456,0.0197239,-2.84919,0.00124363,-0.00105006,-0.00272524,0.00909357,0.340837,0.00920582,1.92918,0.404547,0.404064,nan,nan,0,0.0634657,0.0574293,0.00306892,1.19658,0.0817328,0.0812472,nan,nan,0,0.131242,-0.267205,0.00920582,0.757019,-0.244379,-0.244968,nan,nan,0,-0.361251,0.4091,0.00306892,-9.79243,0.309375,0.309861,nan,nan,0,0.0621365,-0.168014,0.00189335,-0.51325,-0.178932,nan,-0.384975,-0.373315,1,0.00311297,0.016263,3.97888e-06,-0.627053,0.00155649,nan,-0.441202,-0.428351,1,0.154794,-0.376119,0.00306892,1.5873,-0.322603,-0.322611,nan,nan,0,0.14014,-0.0071907,-0.00306892,1.19658,0.0200701,0.0192164,nan,nan,0,-0.125158,0.280243,0.0153437,-1.14774,0.247421,0.247061,nan,nan,0,-0.20306,0.440739,-0.00306892,-5.05495,0.38847,0.388789,nan,nan,0,0.342212,-0.140772,-0.0111148,3.93529,-0.0388942,nan,3.58238,3.65145,1,-0.147947,-0.00436736,-0.0213763,-2.02518,-0.0739733,nan,-2.05611,-2.01387,1,0,0.145531,0.011711,-0.011842,-0.989213,0.00124363,-0.00105006,-0.00272524,-0.226852,0.23198,9.74312
1786071335825580511,0,1,0,0,0,0.0268446,0.0197062,-2.84922,-0.000595384,-0.00687335,-0.00242379,0.0119376,0.340837,-0.00306892,1.73382,0.405969,0.404752,nan,nan,0,0.0650124,0.0574293,0.00920582,1.0989,0.0825062,0.081367,nan,nan,0,0.131576,-0.267205,-0.00306892,0.757019,-0.244212,-0.244722,nan,nan,0,-0.362375,0.4091,0.00920582,-9.98779,0.308812,0.309507,nan,nan,0,0.0609589,-0.168014,0.00189337,-0.632456,-0.179521,nan,-0.405567,-0.383006,1,0.0032862,0.016263,3.95089e-06,-0.409766,0.0016431,nan,-0.438603,-0.433238,1,0.152003,-0.376119,0.00306892,1.63614,-0.323998,-0.322784,nan,nan,0,0.139159,-0.0071907,-0.00306892,0.903542,0.0195795,0.0195058,nan,nan,0,-0.125,0.280243,0.00306892,-0.952377,0.2475,0.24735,nan,nan,0,-0.205066,0.440739,0.00306892,-5.15263,0.387467,0.388513,nan,nan,0,0.337709,-0.140773,-0.00369421,3.65256,-0.0411457,nan,3.49251,3.61831,1,-0.148766,-0.00436736,-0.00917684,-2.19719,-0.0743829,nan,-2.0867,-2.02638,1,0,0.145516,0.011702,-0.011843,-0.989215,-0.000595384,-0.00687335,-0.00242379,-0.249905,0.234909,9.74903
1786071335835820711,0,1,0,0,0,0.0268549,0.0196545,-2.84925,0.00273943,-0.00927871,-0.00217742,0.0141246,0.340837,0.00306892,2.0757,0.407062,0.405284,nan,nan,0,0.0651561,0.0574293,-0.00306892,1.14774,0.0825781,0.0818286,nan,nan,0,0.131069,-0.267205,0.00920582,0.854698,-0.244466,-0.244439,nan,nan,0,-0.364774,0.4091,0.00306892,-10.0366,0.307613,0.30917,nan,nan,0,0.058612,-0.168014,-2.42477e-06,-0.513355,-0.180694,nan,-0.443793,-0.391084,1,0.00300054,0.016263,-0.00310545,-0.578789,0.00150027,nan,-0.438224,-0.435409,1,0.147944,-0.376119,0.00920582,1.3431,-0.326028,-0.323196,nan,nan,0,0.136839,-0.0071907,0.00306892,0.561661,0.0184194,0.0196925,nan,nan,0,-0.124693,0.280243,0.0153437,-1.0989,0.247653,0.247482,nan,nan,0,-0.207481,0.44093,0.0153437,-5.25031,0.38626,0.388096,nan,nan,0,0.333681,-0.140775,1.628e-05,3.81273,-0.0431593,nan,3.41654,3.56133,1,-0.14889,-0.00436736,-0.00307682,-2.19634,-0.0744451,nan,-2.09772,-2.05663,1,0,0.145501,0.011677,-0.011852,-0.989218,0.00273943,-0.00927871,-0.00217742,-0.253517,0.271232,9.75146
1786071335845748040,0,1,0,0,0,0.0268667,0.0196006,-2.84928,0.00141803,-0.00580566,-0.00264571,0.0116325,0.340837,0.00306892,1.78266,0.405816,0.406104,nan,nan,0,0.065779,0.0574293,0.00306892,1.3431,0.0828895,0.0822995,nan,nan,0,0.131998,-0.267205,-0.00306892,0.805862,-0.244001,-0.244339,nan,nan,0,-0.364189,0.4091,0.00306892,-9.93895,0.307906,0.308522,nan,nan,0,0.0579162,-0.168014,-2.44186e-06,-0.43439,-0.181042,nan,-0.455988,-0.412095,1,0.00294319,0.016263,-0.00310542,-0.482318,0.00147159,nan,-0.439084,-0.436439,1,0.149336,-0.376119,0.00306892,1.97802,-0.325332,-0.324351,nan,nan,0,0.138138,-0.0071907,0.00306892,1.44078,0.019069,0.0193062,nan,nan,0,-0.125501,0.280243,0.0153437,-1.05006,0.247249,0.247572,nan,nan,0,-0.207291,0.44093,-0.00306892,-5.49451,0.386354,0.387291,nan,nan,0,0.331922,-0.140775,-0.00187176,3.73608,-0.0440391,nan,3.38858,3.48863,1,-0.149336,-0.00436736,2.64281e-05,-1.95318,-0.0746682,nan,-2.10906,-2.08202,1,0,0.145485,0.011651,-0.011862,-0.98922,0.00141803,-0.00580566,-0.00264571,-0.242303,0.245687,9.75148
1786071335855788178,0,1,0,0,0,0.0268578,0.0195415,-2.8493,0.00443897,-0.0113313,-0.000643765,0.0143754,0.340837,0.00306892,1.92918,0.407188,0.406375,nan,nan,0,0.0660742,0.0574293,0.00306892,1.19658,0.0830371,0.0826533,nan,nan,0,0.131149,-0.267205,-0.0153437,0.65934,-0.244425,-0.244227,nan,nan,0,-0.365944,0.4091,0.00306892,-9.93895,0.307028,0.308008,nan,nan,0,0.0553106,-0.168014,-2.44186e-06,-0.51356,-0.182345,nan,-0.501586,-0.437351,1,0.0025215,0.016263,-0.00310542,-0.482256,0.00126075,nan,-0.44541,-0.437245,1,0.143583,-0.376119,0.00306892,1.73382,-0.328208,-0.32524,nan,nan,0,0.135113,-0.0071907,0.00920582,1.00122,0.0175563,0.0189822,nan,nan,0,-0.124651,0.280243,-0.00920582,-1.05006,0.247674,0.247504,nan,nan,0,-0.209763,0.44093,-0.00306892,-5.49451,0.385118,0.386614,nan,nan,0,0.32824,-0.140775,-0.00554986,3.77785,-0.0458799,nan,3.32967,3.42694,1,-0.15023,-0.00436736,-0.0122275,-1.83117,-0.0751149,nan,-2.10408,-2.09585,1,0,0.145475,0.011621,-0.011862,-0.989222,0.00443897,-0.0113313,-0.000643765,-0.22357,0.286219,9.74337
1786071335865817293,0,1,0,0,0,0.026888,0.0194297,-2.84929,0.00154409,-0.00921963,0.00473618,0.0137524,0.341028,0.00920582,1.88034,0.406876,0.40661,nan,nan,0,0.0638084,0.0574293,0.00920582,1.05006,0.0819042,0.0829014,nan,nan,0,0.134318,-0.267013,0.00920582,0.903542,-0.242841,-0.244223,nan,nan,0,-0.365647,0.4091,0.00306892,-10.1343,0.307176,0.307548,nan,nan,0,0.0546436,-0.168014,0.00378397,-0.315394,-0.182678,nan,-0.518938,-0.468043,1,0.00285097,0.016263,-0.00309698,-0.603078,0.00142548,nan,-0.44048,-0.439517,1,0.142301,-0.376119,0.00306892,1.48962,-0.32885,-0.32644,nan,nan,0,0.134561,-0.0071907,0.00920582,1.00122,0.0172806,0.0184533,nan,nan,0,-0.124176,0.280243,-0.00306892,-1.19658,0.247912,0.2475,nan,nan,0,-0.210217,0.44093,-0.00306892,-5.54334,0.384891,0.385918,nan,nan,0,0.325463,-0.140779,-0.0130047,3.4924,-0.0472686,nan,3.29237,3.37539,1,-0.150503,-0.00436736,-0.018276,-2.19803,-0.0752514,nan,-2.09911,-2.10061,1,0,0.145482,0.011568,-0.011885,-0.989221,0.00154409,-0.00921963,0.00473618,-0.160164,0.175819,9.78708
1786071335875607069,0,1,0,0,0,0.026886,0.0193589,-2.84926,-0.00045211,-0.00811013,0.00290447,0.014728,0.340837,0.00306892,2.12454,0.407364,0.406852,nan,nan,0,0.0662561,0.0574293,0.00306892,0.854698,0.083128,0.082663,nan,nan,0,0.134224,-0.267013,-0.00306892,0.805862,-0.242888,-0.243806,nan,nan,0,-0.366364,0.4091,0.00306892,-9.98779,0.306818,0.307226,nan,nan,0,0.0535686,-0.168014,-2.44186e-06,-0.394755,-0.183216,nan,-0.532071,-0.496418,1,0.00302258,0.016263,-0.00310542,-0.506484,0.00151129,nan,-0.437894,-0.441963,1,0.142044,-0.376119,0.00306892,1.63614,-0.328978,-0.327814,nan,nan,0,0.135151,-0.00699854,0.0153437,0.708183,0.0175755,0.0177928,nan,nan,0,-0.124403,0.280243,0.00306892,-1.05006,0.247799,0.247663,nan,nan,0,-0.212254,0.44093,-0.00920582,-6.52015,0.383873,0.385278,nan,nan,0,0.321198,-0.140781,-0.00551824,3.41163,-0.049401,nan,3.20657,3.32704,1,-0.150955,-0.00436736,-0.0183818,-2.24717,-0.0754775,nan,-2.10573,-2.10082,1,0,0.145497,0.011533,-0.011889,-0.989219,-0.00045211,-0.00811013,0.00290447,-0.227486,0.161754,9.80823
1786071335885550526,0,1,0,0,0,0.0268506,0.019269,-2.84925,-0.00156285,-0.00928021,0.00120923,0.015971,0.340837,0.00306892,2.12454,0.407986,0.407083,nan,nan,0,0.0658446,0.0574293,0.00306892,1.29426,0.0829223,0.0826281,nan,nan,0,0.133345,-0.267013,0.00920582,0.952377,-0.243328,-0.243245,nan,nan,0,-0.367859,0.4091,0.00920582,-9.89011,0.30607,0.307005,nan,nan,0,0.053321,-0.168014,-2.44186e-06,-0.355125,-0.18334,nan,-0.536404,-0.518111,1,0.00297953,0.016263,-0.00310542,-0.530646,0.00148976,nan,-0.438539,-0.44103,1,0.140964,-0.376119,0.00306892,1.88034,-0.329518,-0.328703,nan,nan,0,0.134983,-0.00699854,0.00920582,1.05006,0.0174913,0.0174749,nan,nan,0,-0.124133,0.280243,0.00920582,-1.00122,0.247933,0.247789,nan,nan,0,-0.213306,0.44093,-0.00920582,-5.93407,0.383347,0.384599,nan,nan,0,0.318479,-0.140783,0.00190389,3.33224,-0.0507607,nan,3.14792,3.26741,1,-0.151156,-0.00436736,-0.00617983,-2.19887,-0.0755779,nan,-2.12705,-2.10729,1,0,0.145503,0.011486,-0.011878,-0.989219,-0.00156285,-0.00928021,0.00120923,-0.216009,0.135523,9.74587
1786071335895664337,0,1,0,0,0,0.0268519,0.0191557,-2.84927,-0.000443017,-0.0108392,-0.00343317,0.0174062,0.340837,-0.00306892,1.88034,0.408703,0.407482,nan,nan,0,0.0668497,0.0574293,0.00306892,0.952377,0.0834249,0.0828006,nan,nan,0,0.131151,-0.267013,-0.00306892,0.854698,-0.244425,-0.243078,nan,nan,0,-0.368864,0.4091,0.00306892,-10.2808,0.305568,0.306615,nan,nan,0,0.0516065,-0.168014,-0.00189794,-0.632151,-0.184197,nan,-0.563565,-0.531649,1,0.00289488,0.016263,-0.00621433,-0.554559,0.00144744,nan,-0.435146,-0.439823,1,0.137792,-0.376119,-0.00306892,1.8315,-0.331104,-0.329234,nan,nan,0,0.134976,-0.00699854,0.00306892,1.00122,0.017488,0.0174198,nan,nan,0,-0.124493,0.280243,0.00306892,-1.0989,0.247753,0.247868,nan,nan,0,-0.215453,0.44093,-0.00306892,-5.68987,0.382273,0.383901,nan,nan,0,0.314196,-0.140783,-0.0018719,3.09132,-0.0529018,nan,3.07864,3.20297,1,-0.151821,-0.00436736,2.62049e-05,-2.24885,-0.0759106,nan,-2.14634,-2.11989,1,0,0.145496,0.01143,-0.011887,-0.989221,-0.000443017,-0.0108392,-0.00343317,-0.249152,0.188658,9.71819
1786071335905492648,0,1,0,0,0,0.0268456,0.0191002,-2.84928,0.000547981,-0.0133416,-0.000470803,0.0194406,0.340837,0.00306892,2.17339,0.40972,0.408063,nan,nan,0,0.065873,0.0574293,0.00306892,0.757019,0.0829365,0.0830651,nan,nan,0,0.131596,-0.267013,-0.00920582,0.805862,-0.244202,-0.243517,nan,nan,0,-0.370247,0.4091,0.00306892,-9.93895,0.304877,0.306086,nan,nan,0,0.0491204,-0.168014,-0.00189794,-0.632455,-0.18544,nan,-0.60707,-0.54687,1,0.00315332,0.016263,-0.00621433,-0.409766,0.00157666,nan,-0.431269,-0.439815,1,0.134632,-0.376119,0.00306892,1.5873,-0.332684,-0.330024,nan,nan,0,0.131701,-0.00699854,0.00306892,1.44078,0.0158505,0.0174368,nan,nan,0,-0.124059,0.280243,-0.00920582,-1.0989,0.24797,0.247861,nan,nan,0,-0.217609,0.44093,-0.00306892,-4.66422,0.381196,0.383106,nan,nan,0,0.3095,-0.140783,-0.00183932,3.09269,-0.0552501,nan,2.9964,3.13726,1,-0.152343,-0.00436736,-0.00612743,-2.15142,-0.0761716,nan,-2.14494,-2.13291,1,0,0.14549,0.011402,-0.011888,-0.989222,0.000547981,-0.0133416,-0.000470803,-0.241848,0.181166,9.76521
1786071335916184344,0,1,0,0,0,0.0268382,0.0189964,-2.8493,0.000805923,-0.00983608,-0.00103531,0.0179863,0.340837,-0.00306892,2.22222,0.408993,0.40885,nan,nan,0,0.0671577,0.0574293,-0.00306892,1.3431,0.0835789,0.0831496,nan,nan,0,0.132166,-0.267013,0.0214815,0.903542,-0.243917,-0.243999,nan,nan,0,-0.370589,0.4091,-0.00306892,-10.0855,0.304706,0.305476,nan,nan,0,0.0481298,-0.168014,-2.44186e-06,-0.433985,-0.185935,nan,-0.62725,-0.574206,1,0.00309822,0.016263,-0.00310542,-0.675381,0.00154911,nan,-0.436759,-0.438704,1,0.135688,-0.376119,0.00306892,1.48962,-0.332156,-0.331262,nan,nan,0,0.132701,-0.00699854,0.00920582,0.708183,0.0163504,0.0169345,nan,nan,0,-0.123672,0.280243,0.0153437,-1.05006,0.248164,0.247878,nan,nan,0,-0.218771,0.44093,-0.00306892,-6.08059,0.380615,0.38215,nan,nan,0,0.30707,-0.140783,4.84242e-05,3.17208,-0.0564649,nan,2.95105,3.06415,1,-0.152529,-0.00436736,-0.0092302,-2.19971,-0.0762643,nan,-2.14306,-2.14374,1,0,0.145483,0.01135,-0.011892,-0.989224,0.000805923,-0.00983608,-0.00103531,-0.208425,0.189371,9.79188
1786071335925769200,0,1,0,0,0,0.0268108,0.0188909,-2.84927,-0.000292954,-0.00683344,0.00568801,0.016552,0.340837,0.00306892,1.97802,0.408276,0.409233,nan,nan,0,0.0653184,0.0574293,0.00306892,0.805862,0.0826592,0.0832719,nan,nan,0,0.135251,-0.267205,-0.0214806,0.757019,-0.242374,-0.24412,nan,nan,0,-0.370031,0.4091,0.00306892,-10.5739,0.304984,0.304977,nan,nan,0,0.0477937,-0.168014,0.00189335,-0.434187,-0.186103,nan,-0.635975,-0.604941,1,0.00291071,0.016263,3.97888e-06,-0.57885,0.00145536,nan,-0.444236,-0.438878,1,0.136799,-0.376119,0.00306892,1.53846,-0.331601,-0.332092,nan,nan,0,0.134498,-0.00699854,0.00920582,1.00122,0.017249,0.0164419,nan,nan,0,-0.12309,0.280243,0.00920582,-1.00122,0.248455,0.247991,nan,nan,0,-0.218102,0.44093,-0.00920582,-5.73871,0.380949,0.381258,nan,nan,0,0.305851,-0.140783,-0.00558312,2.85313,-0.0570745,nan,2.93817,2.99764,1,-0.152834,-0.00436736,-0.00607502,-2.10396,-0.0764168,nan,-2.15237,-2.14839,1,0,0.145495,0.011296,-0.011886,-0.989222,-0.000292954,-0.00683344,0.00568801,-0.205988,0.190298,9.76231
1786071335935570874,0,1,0,0,0,0.0267995,0.0188539,-2.84925,-0.00180193,-0.00811047,0.00339292,0.0192766,0.340837,0.00920582,2.02686,0.409638,0.408977,nan,nan,0,0.0663475,0.0574293,0.00306892,1.14774,0.0831737,0.0831551,nan,nan,0,0.134461,-0.267013,0.00920582,0.854698,-0.242769,-0.243548,nan,nan,0,-0.371605,0.4091,0.00306892,-10.3297,0.304198,0.30481,nan,nan,0,0.0467904,-0.168014,0.00188817,-0.513763,-0.186605,nan,-0.653525,-0.626319,1,0.00261528,0.016263,-0.00620638,-0.385725,0.00130764,nan,-0.439352,-0.440226,1,0.133112,-0.376119,0.00920582,1.3431,-0.333444,-0.332149,nan,nan,0,0.135552,-0.00699854,0.00306892,0.952377,0.0177759,0.0165705,nan,nan,0,-0.122572,0.280243,-0.00306892,-1.00122,0.248714,0.248199,nan,nan,0,-0.220255,0.44093,-0.00306892,-7.10622,0.379873,0.380829,nan,nan,0,0.302456,-0.140785,-0.00180754,2.8525,-0.058772,nan,2.87315,2.95337,1,-0.153319,-0.00455947,-0.0122811,-2.15272,-0.0766597,nan,-2.14459,-2.14903,1,0,0.145506,0.011277,-0.011883,-0.989221,-0.00180193,-0.00811047,0.00339292,-0.195887,0.178256,9.7407
1786071335945554852,0,1,0,0,0,0.0267966,0.018763,-2.84922,0.00204251,-0.0124343,0.00456999,0.0226727,0.340837,0.00306892,2.17339,0.411336,0.409016,nan,nan,0,0.0661685,0.0574293,0.00306892,1.05006,0.0830842,0.0830491,nan,nan,0,0.133674,-0.267013,-0.00920582,0.854698,-0.243163,-0.242959,nan,nan,0,-0.373353,0.4091,0.00306892,-10.1343,0.303323,0.304598,nan,nan,0,0.0441992,-0.168014,0.00189335,-0.513453,-0.1879,nan,-0.698879,-0.641217,1,0.00280013,0.016263,3.97888e-06,-0.530522,0.00140006,nan,-0.445894,-0.441406,1,0.129577,-0.376119,0.00306892,1.29426,-0.335212,-0.332496,nan,nan,0,0.133047,-0.00699854,0.00306892,1.0989,0.0165233,0.0171052,nan,nan,0,-0.122251,0.280243,0.00920582,-1.14774,0.248874,0.248461,nan,nan,0,-0.223303,0.441122,-0.00306892,-5.93407,0.378349,0.38043,nan,nan,0,0.297994,-0.140785,-0.00369525,2.77238,-0.0610032,nan,2.7979,2.91334,1,-0.153614,-0.00436736,-0.00917856,-2.15309,-0.076807,nan,-2.15942,-2.14891,1,0,0.145522,0.011232,-0.011888,-0.989219,0.00204251,-0.0124343,0.00456999,-0.204487,0.229402,9.72447
1786071335956548056,0,1,0,0,0,0.0268378,0.0185866,-2.84918,0.0058239,-0.00979955,-0.000323916,0.0213763,0.341028,0.00920582,1.97802,0.410688,0.409884,nan,nan,0,0.0676622,0.0574293,0.00306892,1.05006,0.0838311,0.0830574,nan,nan,0,0.131571,-0.267013,0.0214815,0.903542,-0.244215,-0.242853,nan,nan,0,-0.375028,0.4091,0.00920582,-10.1832,0.302486,0.304062,nan,nan,0,0.0422784,-0.168014,0.00567947,-0.632151,-0.188861,nan,-0.738172,-0.664729,1,0.00230543,0.016263,1.19354e-05,-0.554559,0.00115272,nan,-0.453327,-0.442816,1,0.129143,-0.376119,0.00306892,1.3431,-0.335429,-0.333624,nan,nan,0,0.132755,-0.00699854,0.00306892,1.0989,0.0163776,0.0171585,nan,nan,0,-0.122945,0.280243,0.00920582,-0.952377,0.248528,0.248701,nan,nan,0,-0.224765,0.441122,-0.00920582,-5.9829,0.377618,0.37956,nan,nan,0,0.296327,-0.140785,1.60963e-05,2.8922,-0.0618364,nan,2.76316,2.85903,1,-0.153497,-0.00455947,-0.00307705,-2.17686,-0.0767485,nan,-2.16105,-2.15288,1,0,0.145544,0.011148,-0.011921,-0.989217,0.0058239,-0.00979955,-0.000323916,-0.153247,0.253408,9.75351
1786071335965738969,0,1,0,0,0,0.0268518,0.0185298,-2.84916,0.00193901,-0.0114466,0.00592141,0.0207844,0.340837,0.00306892,2.41758,0.410392,0.4106,nan,nan,0,0.0656354,0.0574293,0.00920582,1.14774,0.0828177,0.0833134,nan,nan,0,0.134177,-0.267013,-0.00306892,0.952377,-0.242911,-0.243319,nan,nan,0,-0.37565,0.4091,0.00306892,-10.232,0.302175,0.303294,nan,nan,0,0.0408611,-0.168014,-0.00189794,-0.790783,-0.189569,nan,-0.751609,-0.697759,1,0.00246033,0.016263,-0.00621433,-0.409641,0.00123017,nan,-0.441664,-0.445677,1,0.127524,-0.376119,0.00306892,1.05006,-0.336238,-0.334755,nan,nan,0,0.131867,-0.00699854,0.00306892,1.00122,0.0159334,0.0168095,nan,nan,0,-0.121556,0.280243,0.00306892,-1.05006,0.249222,0.248734,nan,nan,0,-0.225241,0.441122,-0.00306892,-6.37363,0.37738,0.378512,nan,nan,0,0.292492,-0.140785,1.60963e-05,3.05236,-0.0637539,nan,2.69605,2.80445,1,-0.153763,-0.00455947,-0.00307705,-2.17603,-0.0768817,nan,-2.16505,-2.15772,1,0,0.145551,0.011121,-0.011932,-0.989216,0.00193901,-0.0114466,0.00592141,-0.137868,0.249506,9.77868
1786071335975805239,0,1,0,0,0,0.0268459,0.0184049,-2.84913,-0.000395143,-0.0101408,0.00373233,0.0212011,0.340837,-0.00306892,2.36874,0.410601,0.410722,nan,nan,0,0.0675118,0.0574293,0.00306892,1.0989,0.0837559,0.0833037,nan,nan,0,0.133787,-0.267013,0.00306892,0.903542,-0.243107,-0.243451,nan,nan,0,-0.376505,0.4091,0.00306892,-11.0623,0.301747,0.302606,nan,nan,0,0.0401605,-0.168014,0.00189334,-0.711628,-0.18992,nan,-0.769556,-0.72973,1,0.00238265,0.016457,3.95922e-06,-0.409706,0.00119133,nan,-0.457975,-0.448337,1,0.127029,-0.376119,0.00306892,1.44078,-0.336485,-0.335627,nan,nan,0,0.133244,-0.00699854,-0.00306892,0.854698,0.0166219,0.0163684,nan,nan,0,-0.121454,0.280243,-0.00306892,-1.05006,0.249273,0.248866,nan,nan,0,-0.226868,0.44093,-0.00306892,-6.37363,0.376566,0.377736,nan,nan,0,0.288918,-0.140787,1.60622e-05,3.09274,-0.065541,nan,2.63357,2.74916,1,-0.154126,-0.00455947,-0.00307711,-2.15146,-0.077063,nan,-2.17049,-2.15976,1,0,0.145567,0.011059,-0.011938,-0.989214,-0.000395143,-0.0101408,0.00373233,-0.188486,0.260542,9.79124
1786071335985643458,0,1,0,0,0,0.0268331,0.0183153,-2.84909,0.000292762,-0.00848586,0.00357318,0.0210514,0.341028,0.00306892,2.22222,0.410526,0.410657,nan,nan,0,0.0675362,0.0574293,0.00920582,1.24542,0.0837681,0.0833667,nan,nan,0,0.134037,-0.267013,0.00306892,0.903542,-0.242981,-0.24328,nan,nan,0,-0.376577,0.4091,0.00920582,-10.5739,0.301712,0.302086,nan,nan,0,0.0396026,-0.168014,0.00189334,-0.830321,-0.190199,nan,-0.779319,-0.753907,1,0.00238128,0.016457,3.95922e-06,-0.433748,0.00119064,nan,-0.457996,-0.451797,1,0.128052,-0.376119,0.00306892,1.05006,-0.335974,-0.33622,nan,nan,0,0.134833,-0.00699854,0.00306892,1.3431,0.0174167,0.0162722,nan,nan,0,-0.121242,0.280243,-0.0153437,-0.952377,0.249379,0.249091,nan,nan,0,-0.227542,0.44093,-0.00306892,-6.61783,0.376229,0.377106,nan,nan,0,0.287045,-0.140787,-0.00183955,2.77108,-0.0664773,nan,2.60358,2.68944,1,-0.154398,-0.00455947,-0.00612767,-2.25055,-0.0771989,nan,-2.16999,-2.16237,1,0,0.145588,0.011014,-0.011938,-0.989211,0.000292762,-0.00848586,0.00357318,-0.191034,0.22911,9.77152
1786071335995767668,0,1,0,0,0,0.026838,0.0182353,-2.84905,0.000426105,-0.0073907,0.0034771,0.0216895,0.340837,0.00306892,1.88034,0.410845,0.410589,nan,nan,0,0.0672735,0.0574293,0.00306892,0.854698,0.0836367,0.0835779,nan,nan,0,0.133349,-0.267013,0.00306892,0.805862,-0.243325,-0.243113,nan,nan,0,-0.377768,0.4091,0.00920582,-10.8181,0.301116,0.30178,nan,nan,0,0.0386075,-0.168014,0.00189334,-0.988454,-0.190696,nan,-0.796733,-0.770006,1,0.00210876,0.016457,3.95922e-06,-0.530161,0.00105438,nan,-0.462083,-0.45443,1,0.124959,-0.376119,0.00920582,1.19658,-0.33752,-0.336333,nan,nan,0,0.135609,-0.00699854,0.00306892,0.561661,0.0178043,0.0166809,nan,nan,0,-0.120646,0.280243,0.00306892,-1.24542,0.249677,0.249271,nan,nan,0,-0.229118,0.44093,-0.0153437,-6.81319,0.375441,0.376574,nan,nan,0,0.284989,-0.140788,-0.00180789,2.69305,-0.0675053,nan,2.56762,2.63897,1,-0.154305,-0.00455947,-0.0122817,-2.10482,-0.0771525,nan,-2.15937,-2.1631,1,0,0.145608,0.010975,-0.011946,-0.989209,0.000426105,-0.0073907,0.0034771,-0.182808,0.260531,9.7459
1786071336005702878,0,1,0,0,0,0.0268429,0.0181575,-2.84904,0.000610795,-0.0053173,7.08604e-05,0.0220039,0.340837,-0.00306892,2.22222,0.411002,0.410646,nan,nan,0,0.0659184,0.0574293,0.00920582,0.757019,0.0829592,0.0836788,nan,nan,0,0.132422,-0.267013,-0.00920582,0.854698,-0.243789,-0.24312,nan,nan,0,-0.37834,0.4091,0.00920582,-11.0134,0.30083,0.301477,nan,nan,0,0.0385318,-0.168014,0.00188819,-0.552889,-0.190734,nan,-0.798051,-0.783046,1,0.00227339,0.016457,-0.00620634,-0.602899,0.0011367,nan,-0.450298,-0.456446,1,0.127339,-0.376119,0.00306892,1.0989,-0.336331,-0.336683,nan,nan,0,0.136259,-0.00699854,0.00306892,1.19658,0.0181296,0.0172705,nan,nan,0,-0.121048,0.280243,0.00920582,-1.05006,0.249476,0.249464,nan,nan,0,-0.228947,0.44093,0.00306892,-6.42247,0.375526,0.376018,nan,nan,0,0.284087,-0.14079,-0.00740756,2.73209,-0.0679563,nan,2.5603,2.59942,1,-0.154451,-0.00455947,-0.0152813,-2.17767,-0.0772256,nan,-2.15706,-2.162,1,0,0.145617,0.010937,-0.011954,-0.989208,0.000610795,-0.0053173,7.08604e-05,-0.167866,0.221148,9.75268
1786071336015676901,0,1,0,0,0,0.0268575,0.0180642,-2.84903,0.00538361,-0.00845076,0.00390741,0.0233856,0.340837,0.00920582,2.12454,0.411693,0.41081,nan,nan,0,0.0657591,0.0574293,0.00306892,1.19658,0.0828795,0.083462,nan,nan,0,0.133142,-0.267013,0.00920582,0.854698,-0.243429,-0.243373,nan,nan,0,-0.379368,0.4091,-0.00306892,-10.7204,0.300316,0.301131,nan,nan,0,0.0364174,-0.168014,-0.00189334,-0.671897,-0.191791,nan,-0.82938,-0.79276,1,0.00206579,0.016457,-3.95922e-06,-0.482138,0.00103289,nan,-0.462716,-0.457253,1,0.12387,-0.376119,-0.00306892,1.29426,-0.338065,-0.336799,nan,nan,0,0.134622,-0.00699854,0.00306892,1.3431,0.0173112,0.0177814,nan,nan,0,-0.119981,0.280243,-0.00306892,-1.05006,0.25001,0.249552,nan,nan,0,-0.230775,0.44093,-0.00306892,-6.66666,0.374613,0.375624,nan,nan,0,0.281982,-0.140794,-0.0185765,2.45087,-0.0690092,nan,2.54033,2.57314,1,-0.154523,-0.00455947,-0.0274357,-2.25217,-0.0772614,nan,-2.1399,-2.15727,1,0,0.145623,0.010892,-0.011968,-0.989207,0.00538361,-0.00845076,0.00390741,-0.127168,0.234593,9.7752
1786071336025575637,0,1,0,0,0,0.026902,0.0179973,-2.84904,0.00540923,-0.00693538,-0.00622433,0.0231018,0.340837,0.00306892,1.88034,0.411551,0.41117,nan,nan,0,0.0699711,0.0574293,0.00306892,1.0989,0.0849855,0.08314,nan,nan,0,0.128567,-0.267013,0.00306892,0.805862,-0.245717,-0.243528,nan,nan,0,-0.381251,0.4091,-0.00306892,-10.6715,0.299374,0.300728,nan,nan,0,0.0347944,-0.168014,2.42965e-06,-0.711325,-0.192603,nan,-0.860625,-0.809972,1,0.00162715,0.016457,0.00310539,-0.554509,0.000813575,nan,-0.47396,-0.458909,1,0.121949,-0.376119,0.00920582,1.3431,-0.339025,-0.337162,nan,nan,0,0.1368,-0.00699854,0.00306892,1.05006,0.0184,0.0178139,nan,nan,0,-0.120886,0.280243,0.0153437,-0.903542,0.249557,0.249709,nan,nan,0,-0.233047,0.44093,-0.00920582,-7.00854,0.373476,0.37518,nan,nan,0,0.279954,-0.140803,-0.0352242,2.57339,-0.0700232,nan,2.53014,2.55855,1,-0.154493,-0.00455947,-0.0672171,-2.08101,-0.0772467,nan,-2.07979,-2.13948,1,0,0.145614,0.010862,-0.011995,-0.989209,0.00540923,-0.00693538,-0.00622433,-0.164309,0.220506,9.75701
1786071336035712106,0,1,0,0,0,0.0269241,0.0178584,-2.84903,0.00388933,-0.00773649,0.00369368,0.0214301,0.340837,0.00306892,2.17339,0.410715,0.411467,nan,nan,0,0.0684381,0.0574293,0.00920582,1.5873,0.084219,0.0836165,nan,nan,0,0.133042,-0.267013,0.0153437,0.708183,-0.243479,-0.244256,nan,nan,0,-0.380737,0.4091,0.00306892,-10.9646,0.299631,0.300121,nan,nan,0,0.0343726,-0.168014,2.41741e-06,-1.2655,-0.192814,nan,-0.868009,-0.836619,1,0.00193821,0.0166509,0.00310536,-0.554085,0.000969107,nan,-0.475112,-0.466432,1,0.122332,-0.376119,0.00920582,1.19658,-0.338834,-0.338008,nan,nan,0,0.135681,-0.00699854,0.00306892,0.805862,0.0178405,0.0179266,nan,nan,0,-0.119764,0.280243,0.00306892,-1.05006,0.250118,0.249749,nan,nan,0,-0.232145,0.44093,-0.00306892,-7.00854,0.373928,0.374423,nan,nan,0,0.279386,-0.140816,-0.035265,2.65289,-0.0703069,nan,2.52073,2.54551,1,-0.155137,-0.00455947,-0.0610781,-2.12923,-0.0775685,nan,-2.09865,-2.11146,1,0,0.14562,0.010795,-0.012016,-0.989208,0.00388933,-0.00773649,0.00369368,-0.143218,0.221603,9.74995
1786071336045688594,0,1,0,0,0,0.0269367,0.0178201,-2.84903,0.00359651,-0.00777494,0.000386241,0.0221113,0.340837,0.00306892,1.97802,0.411056,0.41131,nan,nan,0,0.0709903,0.0574293,0.00306892,0.952377,0.0854951,0.0841619,nan,nan,0,0.130647,-0.267013,0.00920582,0.903542,-0.244677,-0.244429,nan,nan,0,-0.382304,0.4091,0.00306892,-10.6227,0.298848,0.299686,nan,nan,0,0.033434,-0.168014,0.00189332,-0.988577,-0.193283,nan,-0.88727,-0.859847,1,0.00141399,0.0168449,3.91973e-06,-0.481907,0.000706993,nan,-0.484142,-0.473084,1,0.11693,-0.376119,0.00306892,1.24542,-0.341535,-0.33866,nan,nan,0,0.138227,-0.00699854,0.00306892,1.0989,0.0191137,0.0180087,nan,nan,0,-0.11862,0.280243,0.00920582,-0.805862,0.25069,0.249848,nan,nan,0,-0.235353,0.44093,-0.00306892,-6.56898,0.372323,0.373915,nan,nan,0,0.277372,-0.142858,-0.0483226,2.61186,-0.0713142,nan,2.57653,2.55443,1,-0.154596,-0.00801113,-0.0763176,-2.15356,-0.0772982,nan,-1.96414,-2.06256,1,0,0.145623,0.010777,-0.012025,-0.989208,0.00359651,-0.00777494,0.000386241,-0.170934,0.232157,9.76624
1786071336055634213,0,1,0,0,0,0.0269435,0.0177421,-2.84902,0.00179516,-0.00946571,0.00125456,0.0229693,0.341028,0.00306892,2.36874,0.411485,0.41109,nan,nan,0,0.0694472,0.0574293,0.00306892,0.757019,0.0847236,0.0847363,nan,nan,0,0.131903,-0.267013,0.00920582,0.854698,-0.244049,-0.24439,nan,nan,0,-0.382617,0.4091,0.00920582,-10.8181,0.298692,0.299298,nan,nan,0,0.0325652,-0.168014,0.00568441,-0.63209,-0.193717,nan,-0.908161,-0.878546,1,0.00190948,0.0170388,0.00622183,-0.60286,0.00095474,nan,-0.491854,-0.481218,1,0.117171,-0.376119,0.00306892,1.19658,-0.341414,-0.339783,nan,nan,0,0.138215,-0.00699854,0.00306892,0.903542,0.0191076,0.0183599,nan,nan,0,-0.119251,0.280243,-0.00920582,-1.05006,0.250374,0.250191,nan,nan,0,-0.234974,0.44093,-0.00306892,-6.56898,0.372513,0.373276,nan,nan,0,0.275112,-0.142873,-0.0501644,2.57546,-0.0724441,nan,2.54025,2.57066,1,-0.154736,-0.00801113,-0.0855522,-1.88592,-0.077368,nan,-1.95238,-2.00367,1,0,0.145628,0.010739,-0.012034,-0.989207,0.00179516,-0.00946571,0.00125456,-0.170933,0.266662,9.76244
1786071336065612325,0,1,0,0,0,0.0269538,0.017662,-2.84903,-0.000952828,-0.00542469,0.00175688,0.0212208,0.340837,-0.00306892,2.36874,0.41061,0.411157,nan,nan,0,0.0716772,0.0574293,0.00306892,1.05006,0.0858386,0.0850022,nan,nan,0,0.132266,-0.267013,0.00306892,0.952377,-0.243867,-0.244317,nan,nan,0,-0.383151,0.4091,0.00306892,-11.16,0.298425,0.29893,nan,nan,0,0.0329858,-0.168014,0.00757973,-0.711465,-0.193507,nan,-0.903643,-0.89639,1,0.00134767,0.0172327,0.00933039,-0.506268,0.000673837,nan,-0.510763,-0.489875,1,0.116988,-0.376119,0.00306892,1.29426,-0.341506,-0.340882,nan,nan,0,0.141297,-0.00699854,0.00920582,0.366302,0.0206483,0.0188191,nan,nan,0,-0.117761,0.280243,0.00920582,-0.903542,0.25112,0.25042,nan,nan,0,-0.236071,0.44093,-0.00306892,-7.10622,0.371964,0.37271,nan,nan,0,0.275461,-0.142893,-0.0669176,2.49432,-0.0722696,nan,2.57218,2.56618,1,-0.154501,-0.00801113,-0.113087,-1.98357,-0.0772504,nan,-1.90755,-1.9644,1,0,0.145622,0.0107,-0.012045,-0.989209,-0.000952828,-0.00542469,0.00175688,-0.174862,0.242546,9.76855
1786071336075629498,0,1,0,0,0,0.0269684,0.0175973,-2.84905,0.0035455,-0.00823422,-0.000686909,0.0227648,0.340837,0.00306892,2.36874,0.411382,0.411052,nan,nan,0,0.0701523,0.0574293,0.00920582,1.44078,0.0850761,0.0852905,nan,nan,0,0.129305,-0.267013,-0.00920582,0.757019,-0.245348,-0.244111,nan,nan,0,-0.384896,0.4091,0.00306892,-10.7692,0.297552,0.298634,nan,nan,0,0.0312109,-0.168014,0.0132661,-1.1862,-0.194395,nan,-0.943234,-0.907506,1,0.00124457,0.0176211,0.0186568,-0.650736,0.000622283,nan,-0.53795,-0.504738,1,0.113751,-0.376119,0.00306892,1.48962,-0.343124,-0.341446,nan,nan,0,0.139875,-0.00699854,0.00920582,1.29426,0.0199375,0.019573,nan,nan,0,-0.117776,0.280243,0.00306892,-0.903542,0.251112,0.250696,nan,nan,0,-0.237162,0.44093,-0.00306892,-6.91087,0.371419,0.372296,nan,nan,0,0.274071,-0.144948,-0.0911899,2.21481,-0.0729647,nan,2.65619,2.57005,1,-0.154183,-0.0114686,-0.146738,-1.91159,-0.0770914,nan,-1.74858,-1.92282,1,0,0.145616,0.010669,-0.012057,-0.98921,0.0035455,-0.00823422,-0.000686909,-0.191543,0.23843,9.74755
1786071336085590722,0,1,0,0,0,0.0269639,0.0175226,-2.849,-0.00211909,-0.00664192,0.00497035,0.0220816,0.340837,-0.00306892,1.88034,0.411041,0.411059,nan,nan,0,0.0688153,0.0574293,0.00306892,0.366302,0.0844076,0.0853816,nan,nan,0,0.132755,-0.267013,0.00306892,0.903542,-0.243623,-0.244418,nan,nan,0,-0.384328,0.4091,0.00306892,-10.3785,0.297836,0.298175,nan,nan,0,0.0316377,-0.168014,0.00378856,-0.0397818,-0.194181,nan,-0.921548,-0.919845,1,0.00159462,0.0178151,0.00311235,0.0965682,0.000797309,nan,-0.515201,-0.520447,1,0.114444,-0.376119,0.00920582,1.0989,-0.342778,-0.342139,nan,nan,0,0.139692,-0.00699854,0.00306892,0.757019,0.0198458,0.0200558,nan,nan,0,-0.116621,0.280243,0.00920582,-1.00122,0.251689,0.250971,nan,nan,0,-0.236663,0.44093,-0.00306892,-7.00854,0.371669,0.371854,nan,nan,0,0.273889,-0.144977,-0.0986364,2.41457,-0.0730553,nan,2.66521,2.61092,1,-0.153999,-0.0114686,-0.171389,-1.93485,-0.0769997,nan,-1.70885,-1.83235,1,0,0.145639,0.010632,-0.01206,-0.989207,-0.00211909,-0.00664192,0.00497035,-0.1922,0.256966,9.7537
1786071336095677703,0,1,0.025,0,0,0.0269551,0.0174609,-2.84898,0.00208712,-0.00625587,0.00503039,0.0177456,0.340837,0.00920582,2.36874,0.408873,0.411104,nan,nan,0,0.0792176,0.0574293,0.00306892,1.44078,0.0896088,0.0850475,nan,nan,0,0.133534,-0.267013,-0.00920582,0.757019,-0.243233,-0.24439,nan,nan,0,-0.386643,0.4091,0.00306892,-10.9157,0.296679,0.297846,nan,nan,0,0.0254908,-0.168014,-2.34311e-06,-1.0677,-0.197255,nan,-1.02343,-0.924873,1,0.00218797,0.0178151,-0.0031052,-0.530158,0.00109399,nan,-0.496974,-0.520753,1,0.11648,-0.376119,0.00306892,1.29426,-0.34176,-0.342679,nan,nan,0,0.137428,-0.00699854,0.00306892,1.3431,0.0187142,0.0200825,nan,nan,0,-0.118576,0.280243,-0.00306892,-0.952377,0.250712,0.251293,nan,nan,0,-0.24325,0.44093,-0.00306892,-6.71551,0.368375,0.371606,nan,nan,0,0.264398,-0.145001,-0.0689075,2.49463,-0.0778008,nan,2.45538,2.64399,1,-0.152598,-0.0114686,-0.116332,-1.93438,-0.076299,nan,-1.77042,-1.76086,1,0,0.145651,0.010601,-0.01206,-0.989205,0.00208712,-0.00625587,0.00503039,-0.180935,0.232863,9.77648
1786071336105634704,0,1,0.025,0,0,0.0269665,0.0173981,-2.84894,0.00505095,-0.00560284,0.00151685,0.015386,0.340837,0.00306892,1.78266,0.407693,0.410376,nan,nan,0,0.0771502,0.0574293,0.00306892,1.29426,0.0885751,0.0863404,nan,nan,0,0.131014,-0.267013,0.00306892,0.757019,-0.244493,-0.24388,nan,nan,0,-0.388878,0.4091,0.00306892,-11.0134,0.295561,0.297382,nan,nan,0,0.02314,-0.168014,-0.00189326,-0.988439,-0.19843,nan,-1.06173,-0.956675,1,0.00229683,0.0178151,-3.81986e-06,-0.578487,0.00114842,nan,-0.499994,-0.510174,1,0.115128,-0.376119,0.00306892,0.805862,-0.342436,-0.34253,nan,nan,0,0.135995,-0.00699854,0.00306892,1.00122,0.0179976,0.0196022,nan,nan,0,-0.120221,0.280243,-0.00306892,-1.0989,0.249889,0.251247,nan,nan,0,-0.244871,0.44093,-0.00306892,-6.66666,0.367564,0.370503,nan,nan,0,0.259362,-0.147049,-0.044746,2.4961,-0.080319,nan,2.40267,2.59664,1,-0.152391,-0.0149317,-0.0704053,-1.73966,-0.0761956,nan,-1.73231,-1.73832,1,0,0.145671,0.010571,-0.01207,-0.989202,0.00505095,-0.00560284,0.00151685,-0.167078,0.259435,9.78082
1786071336115535827,0,1,0.025,0,0,0.0269959,0.0173253,-2.84896,0.0018304,-0.00627013,-0.00446541,0.0132814,0.340837,0.00306892,2.02686,0.406641,0.40907,nan,nan,0,0.0793497,0.0574293,0.00306892,1.05006,0.0896749,0.0879347,nan,nan,0,0.128949,-0.267013,0.00920582,0.903542,-0.245525,-0.243849,nan,nan,0,-0.391262,0.4091,0.00306892,-10.7692,0.294369,0.296555,nan,nan,0,0.0204348,-0.168014,-0.00378856,-1.10714,-0.199783,nan,-1.10623,-1.01048,1,0.00240203,0.0178151,-0.00311235,-0.602534,0.00120102,nan,-0.493753,-0.49965,1,0.113353,-0.376119,0.00306892,1.29426,-0.343323,-0.342335,nan,nan,0,0.135972,-0.00699854,0.00306892,1.0989,0.0179858,0.0188137,nan,nan,0,-0.121241,0.280243,-0.00920582,-1.19658,0.24938,0.250703,nan,nan,0,-0.248298,0.44093,0.00306892,-7.00854,0.365851,0.368916,nan,nan,0,0.252379,-0.147056,-0.0111466,2.49398,-0.0838105,nan,2.2303,2.4982,1,-0.152032,-0.0149317,-0.027624,-1.9341,-0.076016,nan,-1.79109,-1.73498,1,0,0.14566,0.010537,-0.01209,-0.989204,0.0018304,-0.00627013,-0.00446541,-0.136358,0.241028,9.75184
1786071336125554945,0,1,0.025,0,0,0.026981,0.0172553,-2.84901,-0.00134448,-0.00745453,-0.00306054,0.0115033,0.340837,0.00306892,2.22222,0.405752,0.407728,nan,nan,0,0.0812355,0.0574293,0.00920582,1.39194,0.0906177,0.0889989,nan,nan,0,0.13073,-0.267013,0.00920582,0.854698,-0.244635,-0.244493,nan,nan,0,-0.393624,0.4091,0.00306892,-11.5018,0.293188,0.295473,nan,nan,0,0.01761,-0.168013,-2.36022e-06,-1.22604,-0.201195,nan,-1.16136,-1.06544,1,0.00266929,0.0178151,-0.00310517,-0.530037,0.00133464,nan,-0.489755,-0.491989,1,0.115029,-0.376119,0.00306892,1.0989,-0.342485,-0.342625,nan,nan,0,0.134037,-0.00699854,0.00306892,1.48962,0.0170185,0.0182129,nan,nan,0,-0.121703,0.280243,-0.00920582,-0.903542,0.249149,0.250002,nan,nan,0,-0.250928,0.44093,0.00306892,-8.47375,0.364536,0.367302,nan,nan,0,0.246549,-0.147054,0.0130869,2.33479,-0.0867257,nan,2.09186,2.36017,1,-0.151528,-0.0149317,0.0121872,-1.88616,-0.0757642,nan,-1.84325,-1.76984,1,0,0.145637,0.010501,-0.012088,-0.989208,-0.00134448,-0.00745453,-0.00306054,-0.137412,0.223732,9.75804
1786071336135555746,0,1,0.025,0,0,0.0269605,0.0172024,-2.84906,0.00263794,-0.00433107,-0.00563836,0.00826384,0.340837,0.00306892,1.8315,0.404132,0.406572,nan,nan,0,0.0831974,0.0574293,0.00306892,1.68498,0.0915987,0.0899007,nan,nan,0,0.128883,-0.267013,-0.00306892,0.952377,-0.245559,-0.244872,nan,nan,0,-0.396145,0.4091,0.00920582,-11.2576,0.291928,0.294277,nan,nan,0,0.0148827,-0.168014,-0.00189326,-1.14697,-0.202559,nan,-1.20624,-1.11773,1,0.00226807,0.0178151,-3.81986e-06,-0.481829,0.00113404,nan,-0.500425,-0.489448,1,0.115112,-0.376119,0.00306892,1.29426,-0.342444,-0.342767,nan,nan,0,0.13399,-0.00699854,0.00306892,1.05006,0.0169952,0.0176397,nan,nan,0,-0.122228,0.280243,-0.00920582,-1.00122,0.248886,0.249449,nan,nan,0,-0.254653,0.44093,-0.00306892,-7.39927,0.362673,0.365761,nan,nan,0,0.241341,-0.147051,0.00935807,2.4559,-0.0893293,nan,2.00621,2.21372,1,-0.150545,-0.0149317,0.00606144,-1.76414,-0.0752726,nan,-1.81932,-1.81611,1,0,0.14561,0.010473,-0.012082,-0.989212,0.00263794,-0.00433107,-0.00563836,-0.142976,0.2286,9.73958
1786071336145512203,0,1,0.05,0,0,0.0269561,0.0171467,-2.84909,0.00113921,-0.00405943,0.000322205,0.00507285,0.340837,0.00306892,2.17339,0.402536,0.405355,nan,nan,0,0.0903582,0.0574293,0.00306892,1.19658,0.0951791,0.0908017,nan,nan,0,0.131947,-0.267013,-0.0153437,0.854698,-0.244026,-0.245144,nan,nan,0,-0.398265,0.4091,0.00306892,-11.4042,0.290867,0.293036,nan,nan,0,0.00789167,-0.168013,0.00189324,-1.10714,-0.206054,nan,-1.33428,-1.16724,1,0.00361966,0.0178151,3.84788e-06,-0.602533,0.00180983,nan,-0.480163,-0.491979,1,0.115984,-0.376119,0.00306892,1.14774,-0.342008,-0.342648,nan,nan,0,0.129606,-0.00699854,0.00306892,0.854698,0.0148029,0.0171809,nan,nan,0,-0.123565,0.280243,0.00306892,-1.00122,0.248217,0.249079,nan,nan,0,-0.261026,0.44093,-0.00306892,-7.49695,0.359487,0.364167,nan,nan,0,0.229682,-0.147051,-0.00371496,2.3755,-0.0951591,nan,1.82178,2.09315,1,-0.149661,-0.0149317,-0.00920739,-1.81308,-0.0748306,nan,-1.78315,-1.83228,1,0,0.145599,0.010445,-0.012084,-0.989214,0.00113921,-0.00405943,0.000322205,-0.15898,0.235648,9.74066
1786071336155662357,0,1,0.05,0,0,0.0269561,0.017078,-2.84909,0.000891514,-0.00570297,0.00442369,0.00484408,0.340837,-0.00306892,2.02686,0.402422,0.403935,nan,nan,0,0.0882919,0.0574293,0.0153437,1.14774,0.094146,0.0925771,nan,nan,0,0.13325,-0.267013,0.00920582,0.805862,-0.243375,-0.244915,nan,nan,0,-0.399888,0.4091,-0.00306892,-11.4042,0.290056,0.29184,nan,nan,0,0.00445547,-0.168014,2.34311e-06,-1.02826,-0.207772,nan,-1.39156,-1.23958,1,0.00328392,0.0178151,0.0031052,-0.457786,0.00164196,nan,-0.489851,-0.487754,1,0.112963,-0.376119,0.00306892,0.903542,-0.343518,-0.34238,nan,nan,0,0.129295,-0.00699854,0.00306892,1.0989,0.0146474,0.0162638,nan,nan,0,-0.123339,0.280243,-0.00920582,-1.05006,0.24833,0.248676,nan,nan,0,-0.265021,0.44093,-0.00306892,-7.88766,0.357489,0.362001,nan,nan,0,0.220872,-0.147052,-0.00371512,1.9746,-0.0995641,nan,1.66766,1.96282,1,-0.150396,-0.0149317,-0.00920765,-1.96058,-0.075198,nan,-1.79418,-1.81553,1,0,0.145599,0.010411,-0.012089,-0.989214,0.000891514,-0.00570297,0.00442369,-0.148323,0.24802,9.78184
1786071336165673734,0,1,0.05,0,0,0.0269507,0.0170259,-2.84906,0.00204937,-0.00279064,0.00150475,0.00395981,0.340837,0.00306892,2.12454,0.40198,0.402861,nan,nan,0,0.0866366,0.0574293,0.00306892,1.39194,0.0933183,0.0939555,nan,nan,0,0.132412,-0.267013,0.0214815,0.854698,-0.243794,-0.244209,nan,nan,0,-0.402209,0.4091,0.00306892,-11.6484,0.288895,0.290802,nan,nan,0,0.00169294,-0.168014,-2.34311e-06,-0.988633,-0.209154,nan,-1.43989,-1.32196,1,0.00363311,0.0178151,-0.0031052,-0.481948,0.00181655,nan,-0.475297,-0.482354,1,0.117299,-0.376119,0.00306892,0.854698,-0.341351,-0.342617,nan,nan,0,0.129135,-0.00699854,0.00920582,1.14774,0.0145674,0.0152686,nan,nan,0,-0.123448,0.280243,0.00920582,-0.903542,0.248276,0.248388,nan,nan,0,-0.267982,0.44093,0.00306892,-7.83883,0.356009,0.359579,nan,nan,0,0.214023,-0.147052,3.85296e-05,1.89636,-0.102989,nan,1.54217,1.81066,1,-0.149292,-0.0149317,-0.00924888,-1.81507,-0.0746461,nan,-1.77756,-1.79924,1,0,0.145613,0.010385,-0.01209,-0.989213,0.00204937,-0.00279064,0.00150475,-0.14921,0.250848,9.78574
1786071336175711131,0,1,0.05,0,0,0.0269547,0.0169683,-2.84903,-0.000283441,-0.00280762,0.00209406,0.00416717,0.340837,0.00306892,1.92918,0.402084,0.402239,nan,nan,0,0.0891266,0.057621,0.00920582,0.757019,0.0945633,0.0941187,nan,nan,0,0.132837,-0.267013,0.00920582,0.757019,-0.243582,-0.243762,nan,nan,0,-0.404431,0.4091,0.00306892,-11.8926,0.287785,0.289801,nan,nan,0,-0.00163229,-0.168014,-0.00189326,-0.988633,-0.210816,nan,-1.49525,-1.39201,1,0.00346288,0.0178151,-3.81986e-06,-0.481948,0.00173144,nan,-0.482503,-0.479184,1,0.115958,-0.376119,0.00306892,1.05006,-0.342021,-0.342416,nan,nan,0,0.127693,-0.00699854,0.00306892,1.0989,0.0138465,0.014692,nan,nan,0,-0.124294,0.280243,-0.00306892,-1.14774,0.247853,0.248271,nan,nan,0,-0.271516,0.44093,-0.00920582,-8.32722,0.354242,0.357472,nan,nan,0,0.207783,-0.147054,3.84368e-05,1.81544,-0.106109,nan,1.43303,1.66213,1,-0.14925,-0.0149317,-0.00924904,-1.91262,-0.0746249,nan,-1.77692,-1.79011,1,0,0.145628,0.010357,-0.012096,-0.989211,-0.000283441,-0.00280762,0.00209406,-0.152509,0.244456,9.749
1786071336185668184,0,1,0.05,0,0,0.0269482,0.0169224,-2.84901,0.00111493,-0.00441265,0.00462744,0.00457074,0.340837,-0.00306892,1.88034,0.402285,0.401994,nan,nan,0,0.0898771,0.057621,0.0214815,1.48962,0.0949386,0.0941693,nan,nan,0,0.133364,-0.267013,-0.00306892,0.903542,-0.243318,-0.243599,nan,nan,0,-0.407801,0.4091,-0.00306892,-12.0879,0.2861,0.288745,nan,nan,0,-0.00508144,-0.168014,-0.00379325,-1.58235,-0.212541,nan,-1.55276,-1.45109,1,0.00305666,0.0178151,-0.00932274,-0.505637,0.00152833,nan,-0.474618,-0.478229,1,0.115042,-0.376119,0.00306892,1.19658,-0.342479,-0.34206,nan,nan,0,0.125061,-0.00699854,0.00306892,0.952377,0.0125306,0.0142525,nan,nan,0,-0.123864,0.280243,0.00306892,-0.805862,0.248068,0.248108,nan,nan,0,-0.276532,0.440739,-0.00920582,-8.32722,0.351734,0.355656,nan,nan,0,0.199052,-0.147054,-0.00560509,1.69751,-0.110474,nan,1.28871,1.53258,1,-0.148626,-0.0147392,-0.00610381,-1.74294,-0.0743129,nan,-1.77805,-1.78548,1,0,0.145641,0.010334,-0.012096,-0.989209,0.00111493,-0.00441265,0.00462744,-0.139333,0.228491,9.74329
1786071336195697324,0.982969,-0.183771,0.075,0,0,0.0269404,0.0168924,-2.84893,8.28333e-05,0.000893504,0.00699134,-0.00565551,0.340837,0.00306892,1.88034,0.397172,0.402032,nan,nan,0,-0.196595,0.0580049,0.0276184,1.19658,-0.0482975,0.0941645,nan,nan,0,0.120862,-0.267013,0.00306892,0.708183,-0.249569,-0.243479,nan,nan,0,-0.37791,0.4091,0.00306892,-11.8926,0.301045,0.2875,nan,nan,0,-0.00105025,-0.168014,-0.00189326,-1.66123,-0.210525,nan,-1.48506,-1.50677,1,0.0677397,0.0178151,-3.81986e-06,-0.650385,0.0338698,nan,0.481649,-0.47779,1,0.193027,-0.376119,0.00920582,0.854698,-0.303487,-0.342013,nan,nan,0,-0.111887,-0.00699854,-0.00306892,0.805862,-0.105943,0.0132409,nan,nan,0,-0.181301,0.280243,-0.00306892,-1.14774,0.21935,0.247945,nan,nan,0,-0.163208,0.440739,-0.00920582,-8.37607,0.408396,0.353832,nan,nan,0,0.200371,-0.147056,-0.00933346,1.29664,-0.109815,nan,1.31743,1.40629,1,-0.10297,-0.0147392,-0.0122289,-1.89042,-0.0514848,nan,-1.08402,-1.78088,1,0,0.145676,0.010319,-0.012094,-0.989204,8.28333e-05,0.000893504,0.00699134,-0.141097,0.254222,9.75991
1786071336205577610,0.962834,-0.270095,0.075,0,0,0.0269393,0.0168963,-2.84891,0.00175488,0.000955987,0.00726659,0.0936735,0.340837,0.00920582,2.02686,0.446837,0.400618,nan,nan,0,-0.357729,0.0581965,0.046031,1.14774,-0.128865,0.0477494,nan,nan,0,-0.0473589,-0.267013,0.0153437,0.903542,-0.333679,-0.245601,nan,nan,0,-0.351271,0.4091,0.00306892,-12.2344,0.314365,0.2914,nan,nan,0,-0.0888354,-0.168014,-0.00189326,-1.38438,-0.254418,nan,-3.0213,-1.52547,1,0.197302,0.0178151,-3.81986e-06,-0.529923,0.0986511,nan,2.42509,-0.161262,1,0.117316,-0.376119,0.00306892,0.903542,-0.341342,-0.329631,nan,nan,0,-0.279517,-0.00699854,0.00306892,1.00122,-0.189758,-0.0261021,nan,nan,0,-0.246767,0.280243,0.00306892,-1.05006,0.186616,0.238545,nan,nan,0,-0.13771,0.440547,-0.0214815,-8.22955,0.421145,0.37082,nan,nan,0,0.115584,-0.147057,-0.011198,1.05764,-0.152208,nan,-0.163485,1.32387,1,-0.0407481,-0.0147392,-0.0152921,-1.84277,-0.020374,nan,-0.146107,-1.54934,1,0,0.14569,0.010321,-0.012093,-0.989202,0.00175488,0.000955987,0.00726659,-0.141909,0.276947,9.77156
1786071336215637510,0.934898,-0.354916,0.075,0,0,0.0269481,0.0169031,-2.84874,0.00147688,0.00133104,0.0106932,0.0461934,0.340837,0.00306892,2.02686,0.423097,0.414678,nan,nan,0,-0.669836,0.0585799,0.0276184,0.21978,-0.284918,-0.0375403,nan,nan,0,-0.0930874,-0.267013,-0.00920582,0.952377,-0.356544,-0.275498,nan,nan,0,-0.356882,0.4091,0.00306892,-11.5995,0.311559,0.301438,nan,nan,0,-0.230304,-0.168014,2.34311e-06,-1.42479,-0.325152,nan,-5.49984,-2.0163,1,0.370531,0.0178151,0.0031052,-0.119599,0.185265,nan,5.01885,0.87258,1,0.0925353,-0.376119,0.00920582,1.48962,-0.353732,-0.326059,nan,nan,0,-0.439015,-0.00699854,-0.00306892,-0.317459,-0.269507,-0.10255,nan,nan,0,-0.230909,0.280243,0.00306892,-1.3431,0.194545,0.216149,nan,nan,0,0.0335992,0.440355,-0.0276184,-7.20391,0.5068,0.397851,nan,nan,0,0.0492687,-0.147065,-0.0373027,1.50091,-0.185366,nan,-1.28455,0.819413,1,-0.038302,-0.0145462,-0.0581785,-1.47629,-0.019151,nan,-0.0508771,-0.951795,1,0,0.145771,0.010326,-0.012096,-0.98919,0.00147688,0.00133104,0.0106932,-0.134703,0.325178,9.77408
1786071336225632901,0.898941,-0.43807,0.075,0,0,0.0269411,0.0169075,-2.84869,-0.00194358,0.00233558,0.00910357,0.0179032,0.340837,0.00306892,2.3199,0.408952,0.426217,nan,nan,0,-0.963434,0.0585799,-0.0153437,-2.0757,-0.431717,-0.154502,nan,nan,0,-0.223829,-0.267205,-0.0214806,0.0244217,-0.421914,-0.319088,nan,nan,0,-0.369906,0.4091,0.00306892,-10.525,0.305047,0.309334,nan,nan,0,-0.322256,-0.168015,-0.0018473,-1.9016,-0.371128,nan,-7.1062,-3.44233,1,0.56718,0.018203,0.0620959,0.797843,0.28359,nan,7.86847,2.73264,1,-0.0525305,-0.376119,0.00306892,1.73382,-0.426265,-0.336934,nan,nan,0,-0.346725,-0.0071907,-0.0214806,-2.66178,-0.223363,-0.190049,nan,nan,0,-0.141746,0.280052,-0.0276184,-1.92918,0.239127,0.198803,nan,nan,0,0.205724,0.440355,0.00920582,-5.54334,0.592862,0.444002,nan,nan,0,-0.0129614,-0.14708,-0.0748611,0.90666,-0.216481,nan,-2.31672,-0.144815,1,-0.0457764,-0.014161,-0.0577953,-1.06546,-0.0228882,nan,-0.175122,-0.372417,1,0,0.145795,0.010328,-0.012092,-0.989186,-0.00194358,0.00233558,0.00910357,-0.129402,0.281022,9.78856
1786071336235681392,0.855931,-0.517091,0.075,0,0,0.0269195,0.0169627,-2.84864,-0.00190518,0.0051519,0.00114488,-0.0556221,0.341028,0.00920582,2.61295,0.372189,0.422797,nan,nan,0,-1.29114,0.0580049,-0.0889931,-7.00854,-0.595572,-0.295499,nan,nan,0,-0.330185,-0.267972,-0.113543,-0.854698,-0.475092,-0.369583,nan,nan,0,-0.361957,0.4091,-0.00306892,-9.54823,0.309021,0.310245,nan,nan,0,-0.302288,-0.165954,-0.0793174,-3.52765,-0.361144,nan,-6.71269,-5.32626,1,0.764505,0.0156513,0.269934,2.1749,0.382252,nan,10.5931,5.22046,1,-0.222821,-0.376119,0.00306892,1.39194,-0.511411,-0.371674,nan,nan,0,-0.179195,-0.00776577,-0.0828552,-5.49451,-0.139597,-0.23536,nan,nan,0,0.000568241,0.279093,-0.107405,-2.17339,0.310284,0.207152,nan,nan,0,0.339226,0.44093,0.0644426,-2.22222,0.659613,0.514394,nan,nan,0,-0.0375162,-0.147097,-0.112582,0.311369,-0.228758,nan,-2.68927,-1.26381,1,-0.0713328,-0.0130052,-0.020412,-0.751802,-0.0356664,nan,-0.649219,-0.119708,1,0,0.145821,0.010354,-0.012077,-0.989183,-0.00190518,0.0051519,0.00114488,-0.212866,0.280736,9.7908
1786071336245705834,0.806051,-0.591846,0.075,0,0,0.0268764,0.016985,-2.84863,-0.00271317,-0.00171997,0.00542602,-0.117373,0.341028,0.0153437,2.5641,0.341313,0.403096,nan,nan,0,-1.65742,0.0562787,-0.21174,-11.5507,-0.778712,-0.450805,nan,nan,0,-0.460853,-0.270273,-0.273115,-2.27106,-0.540427,-0.425162,nan,nan,0,-0.361916,0.4091,0.00920582,-10.2808,0.309042,0.309194,nan,nan,0,-0.30553,-0.170104,-0.181604,-4.86942,-0.362765,nan,-6.47074,-6.49575,1,0.864042,0.0263893,0.761032,4.29496,0.432021,nan,11.0274,7.8778,1,-0.319093,-0.376119,-0.00306892,0.317459,-0.559546,-0.434896,nan,nan,0,-0.133935,-0.00910807,-0.174916,-5.9829,-0.116968,-0.213157,nan,nan,0,0.00792619,0.277559,-0.174916,-1.63614,0.313963,0.248131,nan,nan,0,0.44906,0.442464,0.181053,1.78266,0.71453,0.592111,nan,nan,0,-0.0574062,-0.149149,-0.169445,-0.563199,-0.238703,nan,-2.88021,-2.14845,1,-0.0875255,-0.0131956,0.0912698,-0.463466,-0.0437627,nan,-1.05392,-0.263278,1,0,0.145827,0.010362,-0.012054,-0.989182,-0.00271317,-0.00171997,0.00542602,-0.208179,0.296127,9.70407
1786071336255639040,0.749946,-0.661499,0.1,0,0,0.0268078,0.0168803,-2.84849,-0.00615864,-0.0186684,0.0238819,-0.067838,0.34122,0.0276184,1.73382,0.366081,0.373054,nan,nan,0,-1.86671,0.053019,-0.365176,-18.2418,-0.883357,-0.619906,nan,nan,0,-0.522925,-0.273916,-0.395864,-3.88278,-0.571463,-0.48467,nan,nan,0,-0.365252,0.409291,0.0214815,-10.8181,0.307374,0.308856,nan,nan,0,-0.313046,-0.172178,-0.258202,-6.51776,-0.366523,nan,-6.41476,-6.75689,1,0.960446,0.0396371,1.53295,7.13283,0.480223,nan,10.9182,9.748,1,-0.472558,-0.37631,-0.00920582,-1.29426,-0.636279,-0.503897,nan,nan,0,-0.0463251,-0.0116005,-0.266977,-5.83639,-0.0731626,-0.163975,nan,nan,0,0.0964319,0.276217,-0.0828552,-0.952377,0.358216,0.290087,nan,nan,0,0.502402,0.445532,0.395864,8.13187,0.741201,0.662281,nan,nan,0,-0.0782112,-0.151204,-0.241227,-1.79927,-0.249106,nan,-3.06473,-2.64195,1,-0.105277,-0.0118437,0.153835,-0.540674,-0.0526385,nan,-1.4546,-0.632599,1,0,0.145895,0.010306,-0.012027,-0.989173,-0.00615864,-0.0186684,0.0238819,0.011892,0.013127,9.68421
1786071336265576192,0.68801,-0.725701,0.1,0,0,0.0268861,0.0165294,-2.84802,0.0340181,-0.0366636,0.0856005,-0.079529,0.341412,0.0214815,1.14774,0.360235,0.358119,nan,nan,0,-2.06006,0.0486083,-0.469513,-25.5189,-0.980029,-0.773735,nan,nan,0,-0.494719,-0.277942,-0.371314,-6.52015,-0.557359,-0.536744,nan,nan,0,-0.348381,0.409867,0.0828552,-11.8926,0.315809,0.308342,nan,nan,0,-0.326887,-0.172111,-0.0475668,-8.51384,-0.373444,nan,-6.97529,-6.64362,1,1.00315,0.0549849,2.01209,9.26907,0.501576,nan,10.3796,10.4911,1,-0.548135,-0.376502,-0.0337563,-3.00366,-0.674068,-0.573219,nan,nan,0,-0.0438518,-0.0148611,-0.33449,-3.58974,-0.0719259,-0.114543,nan,nan,0,0.11832,0.2766,0.0828552,0.0244217,0.36916,0.32651,nan,nan,0,0.496008,0.45186,0.702735,10.7692,0.738004,0.713824,nan,nan,0,-0.0683003,-0.155309,-0.386501,-2.11659,-0.24415,nan,-2.52969,-2.8775,1,-0.107212,-0.0112602,0.177067,-0.638007,-0.053606,nan,-1.53597,-1.08827,1,0,0.146129,0.010141,-0.012089,-0.989139,0.0340181,-0.0366636,0.0856005,-0.237555,0.470169,9.86297
1786071336275573786,0.620309,-0.784358,0.1,0,0,0.0272745,0.0155789,-2.84727,0.0701956,-0.109704,0.0285989,0.0252878,0.341604,0.00920582,1.0989,0.412644,0.356634,nan,nan,0,-2.09123,0.0434313,-0.518612,-31.6728,-0.995617,-0.896784,nan,nan,0,-0.547649,-0.27986,-0.0767183,-9.49939,-0.583824,-0.56203,nan,nan,0,-0.354325,0.411401,0.193329,-12.7228,0.312837,0.310477,nan,nan,0,-0.365905,-0.167811,0.57796,-9.44781,-0.392953,nan,-8.7469,-6.80663,1,1.02534,0.0756339,2.16754,10.4276,0.512668,nan,9.85971,10.4431,1,-0.547951,-0.377269,-0.0889931,-4.12698,-0.673975,-0.633517,nan,nan,0,-0.00638726,-0.0183125,-0.359039,-1.78266,-0.0531936,-0.0816376,nan,nan,0,0.127329,0.278134,0.187191,0.65934,0.373664,0.354599,nan,nan,0,0.43601,0.460105,0.991194,12.6252,0.708005,0.738774,nan,nan,0,-0.0694818,-0.161481,-0.569544,-2.27358,-0.244741,nan,-2.05978,-2.77221,1,-0.102918,-0.0116437,0.0332297,-0.878785,-0.0514588,nan,-1.2443,-1.40863,1,0,0.146507,0.009704,-0.012347,-0.989084,0.0701956,-0.109704,0.0285989,1.25188,-0.586898,10.2414
1786071336285591192,0.547352,-0.836902,0.1,0,0,0.0279107,0.0134812,-2.84762,0.0944536,-0.172662,-0.0925659,0.122652,0.341604,-0.00306892,0.854698,0.461326,0.375217,nan,nan,0,-1.92861,0.0380626,-0.537024,-35.6777,-0.914307,-0.972711,nan,nan,0,-0.583096,-0.278901,0.131955,-10.5739,-0.601548,-0.574532,nan,nan,0,-0.363543,0.414085,0.28539,-14.9695,0.308229,0.312651,nan,nan,0,-0.408292,-0.159337,1.05883,-7.63937,-0.414146,nan,-10.5066,-7.73325,1,1.00048,0.0976038,1.95585,11.4393,0.500242,nan,9.14538,10.0304,1,-0.485297,-0.378612,-0.156505,-5.68987,-0.642648,-0.668108,nan,nan,0,0.0260956,-0.0217638,-0.33449,-2.41758,-0.0369522,-0.062701,nan,nan,0,0.0944005,0.281394,0.389727,0.757019,0.3572,0.370051,nan,nan,0,0.296767,0.471994,1.29806,11.2576,0.638383,0.734543,nan,nan,0,-0.0816254,-0.16567,-0.728588,-2.19041,-0.250813,nan,-1.88713,-2.39689,1,-0.0979086,-0.00815536,-0.158565,-1.02063,-0.0489543,nan,-0.986121,-1.43443,1,0,0.146347,0.008711,-0.012817,-0.989111,0.0944536,-0.172662,-0.0925659,1.77535,0.129851,10.2815
1786071336295658520,0.469441,-0.882964,0.1,0,0,0.0278609,0.0112415,-2.84881,-0.0591256,-0.115303,-0.0992861,0.0341946,0.341604,0.0337563,0.757019,0.417097,0.413954,nan,nan,0,-1.6224,0.0332689,-0.4511,-41.8315,-0.761201,-0.975684,nan,nan,0,-0.495187,-0.277367,0.162642,-11.0134,-0.557593,-0.587827,nan,nan,0,-0.345457,0.41677,0.309939,-12.8694,0.317271,0.311794,nan,nan,0,-0.396023,-0.15091,0.771559,-5.25875,-0.408012,nan,-10.1559,-9.16739,1,0.956288,0.114233,1.25465,11.6418,0.478144,nan,9.03536,9.58735,1,-0.401966,-0.380721,-0.242428,-5.44566,-0.600983,-0.669133,nan,nan,0,0.0422099,-0.0250235,-0.297665,-1.39194,-0.0288951,-0.0480949,nan,nan,0,0.0478471,0.286571,0.610673,0.415138,0.333924,0.370184,nan,nan,0,0.18688,0.486759,1.51287,9.49939,0.58344,0.697631,nan,nan,0,-0.0847795,-0.17602,-0.87618,-1.62958,-0.25239,nan,-1.35867,-1.9737,1,-0.0904499,-0.0155443,-0.448815,-1.25591,-0.045225,nan,-0.217197,-1.16711,1,0,0.145776,0.007592,-0.012961,-0.989203,-0.0591256,-0.115303,-0.0992861,1.79181,-3.62308,8.80357
1786071336305670143,0.388238,-0.921559,0.125,0,0,0.0270215,0.0108409,-2.84908,-0.0456578,0.00145009,0.030546,-0.13278,0.342179,0.0644436,1.88034,0.33361,0.432181,nan,nan,0,-1.43761,0.0296254,-0.316077,-40.9035,-0.668805,-0.896075,nan,nan,0,-0.288406,-0.275641,0.168778,-11.2088,-0.454203,-0.583293,nan,nan,0,-0.243071,0.419837,0.309939,-13.4066,0.368464,0.312887,nan,nan,0,-0.281422,-0.148803,-0.0668318,-6.29578,-0.350711,nan,-6.96653,-9.94128,1,0.883671,0.117024,-0.106939,11.3507,0.441835,nan,9.90475,9.47467,1,-0.314566,-0.38398,-0.352901,-5.78754,-0.557283,-0.642649,nan,nan,0,-0.00473396,-0.0277081,-0.254703,-1.24542,-0.052367,-0.0364721,nan,nan,0,0.0675853,0.292899,0.629086,0.463982,0.343793,0.356256,nan,nan,0,-0.044117,0.502482,1.61107,3.93163,0.467941,0.641252,nan,nan,0,-0.0576751,-0.184388,-1.00404,-1.7785,-0.238838,nan,-0.39967,-1.54662,1,-0.0808129,-0.0200544,-0.69458,-0.867451,-0.0404065,nan,0.431308,-0.650923,1,0,0.14565,0.007331,-0.012576,-0.989229,-0.0456578,0.00145009,0.030546,-0.579639,-2.40474,8.87788
1786071336315868860,0.30348,-0.952838,0.125,0,0,0.0262983,0.00939391,-2.84853,-0.0789615,-0.283929,0.138159,0.253747,0.342946,0.0644436,2.0757,0.526873,0.402455,nan,nan,0,-1.07682,0.027133,-0.181053,-37.1429,-0.488409,-0.779633,nan,nan,0,-0.127009,-0.27545,-0.0153437,-10.1343,-0.373505,-0.535672,nan,nan,0,-0.239487,0.423481,0.340627,-14.5788,0.370257,0.331979,nan,nan,0,-0.308286,-0.155115,-0.767254,-8.12139,-0.364143,nan,-6.16509,-8.9382,1,0.73995,0.106318,-1.15943,10.3321,0.369975,nan,9.64886,9.92751,1,-0.155211,-0.388774,-0.444963,-5.05495,-0.477606,-0.60123,nan,nan,0,-0.0570317,-0.0302005,-0.217878,-0.512817,-0.0785159,-0.0376013,nan,nan,0,0.0535522,0.299227,0.549299,0.21978,0.336776,0.345037,nan,nan,0,-0.37715,0.522041,1.62335,0.65934,0.301425,0.56102,nan,nan,0,-0.080972,-0.19486,-1.10314,-1.14095,-0.250486,nan,-0.292184,-0.937786,1,-0.0696189,-0.0283226,-0.880048,-0.47986,-0.0348095,nan,1.12547,0.0100441,1,0,0.145932,0.006566,-0.012322,-0.989196,-0.0789615,-0.283929,0.138159,-1.01934,-0.92071,10.3376
1786071336325703159,0.218427,-0.975853,0.125,0,0,0.0253091,0.00617317,-2.84652,-0.100471,-0.266788,0.234711,0.303983,0.343521,0.0644436,1.73382,0.551991,0.424181,nan,nan,0,-0.558272,0.0259824,-0.09513,-31.6239,-0.229136,-0.637278,nan,nan,0,0.101718,-0.275833,-0.0644426,-8.03419,-0.259141,-0.45734,nan,nan,0,-0.160521,0.426741,0.33449,-12.8205,0.40974,0.355312,nan,nan,0,-0.247115,-0.163539,-0.964367,-8.36679,-0.333558,nan,-4.50409,-7.26614,1,0.537131,0.0960322,-1.5822,10.3135,0.268565,nan,7.54929,10.2278,1,0.111371,-0.392993,-0.487926,-3.39439,-0.344315,-0.543217,nan,nan,0,-0.0639987,-0.0319266,-0.181053,-0.65934,-0.0819993,-0.0536819,nan,nan,0,0.0508349,0.303829,0.487926,-0.122101,0.335417,0.339405,nan,nan,0,-0.659806,0.536038,1.48833,-4.85959,0.160097,0.441031,nan,nan,0,-0.0782196,-0.203246,-1.12544,-0.745067,-0.24911,nan,0.0829269,-0.393321,1,-0.0474785,-0.0344676,-0.952494,-0.143617,-0.0237393,nan,1.75059,0.707742,1,0,0.146951,0.004913,-0.012063,-0.989057,-0.100471,-0.266788,0.234711,-0.089734,-2.71846,9.59016
1786071336335984192,0.129571,-0.99157,0.125,0,0,0.0225918,0.00402841,-2.84278,-0.174583,-0.114615,0.19719,0.175635,0.344096,0.0521679,2.95483,0.487817,0.488186,nan,nan,0,0.0158695,0.0252151,-0.0644426,-24.2002,0.0579348,-0.444105,nan,nan,0,0.126112,-0.276984,-0.0767183,-5.10378,-0.246944,-0.359647,nan,nan,0,-0.125145,0.430959,0.420414,-13.0159,0.427427,0.381257,nan,nan,0,-0.0463769,-0.171959,-0.894915,-8.022,-0.233188,nan,-0.800652,-5.65681,1,0.307681,0.0757731,-1.47246,9.59989,0.153841,nan,4.55071,9.52302,1,0.315752,-0.398746,-0.506338,-3.00366,-0.242124,-0.453098,nan,nan,0,0.0314883,-0.0336523,-0.138092,-1.00122,-0.0342558,-0.0708772,nan,nan,0,0.0136473,0.307856,0.291528,-0.122101,0.316824,0.336251,nan,nan,0,-0.773861,0.550036,1.13235,-15.0183,0.10307,0.29679,nan,nan,0,-0.0804631,-0.217821,-1.11458,-1.0156,-0.250232,nan,0.53749,0.0225939,1,-0.0758337,-0.048783,-0.849627,0.452417,-0.0379169,nan,1.60042,1.36736,1,0,0.148818,0.003673,-0.01087,-0.988797,-0.174583,-0.114615,0.19719,0.664005,-1.13931,8.33488
1786071336345625720,0.0409836,-0.99916,0.125,0,0,0.0218712,0.00312461,-2.84213,-0.0939905,-0.190654,0.0684468,0.203933,0.344288,0.0214815,4.22466,0.501967,0.514413,nan,nan,0,0.38324,0.0250235,-0.00306892,-18.2418,0.24162,-0.19713,nan,nan,0,0.000276409,-0.276792,0.0889931,-3.00366,-0.309862,-0.282432,nan,nan,0,-0.0885647,0.435369,0.543161,-10.6715,0.445718,0.407431,nan,nan,0,0.140873,-0.178264,-0.608147,-7.27474,-0.139563,nan,2.26674,-3.45232,1,0.120243,0.0656632,-1.00117,8.55416,0.0601216,nan,1.33552,7.41394,1,0.215931,-0.403155,-0.487926,-0.805862,-0.292034,-0.344327,nan,nan,0,0.267234,-0.0349946,-0.138092,-1.0989,0.0836169,-0.0647428,nan,nan,0,0.154392,0.309581,0.162642,0.317459,0.387196,0.329186,nan,nan,0,-0.744963,0.556556,0.678185,-21.8071,0.117519,0.175682,nan,nan,0,-0.103674,-0.226173,-1.08798,-0.390162,-0.261837,nan,0.383719,0.372459,1,-0.192938,-0.0524518,-0.659315,0.784431,-0.0964688,nan,-0.331539,1.66508,1,0,0.149147,0.003176,-0.01058,-0.988753,-0.0939905,-0.190654,0.0684468,0.553541,0.077607,8.24659
1786071336355599560,-0.0491569,-0.998791,0.15,0,0,0.0217098,0.00093614,-2.8427,0.0665413,-0.151132,-0.151084,0.28585,0.34448,0.0153437,5.25031,0.542925,0.512368,nan,nan,0,0.408578,0.0254068,0.0705805,-9.49939,0.254289,0.0486945,nan,nan,0,-0.0841401,-0.274107,0.352901,-1.88034,-0.35207,-0.266691,nan,nan,0,0.144493,0.441314,0.684322,-9.89011,0.562246,0.429896,nan,nan,0,0.233842,-0.182461,-0.199295,-4.71517,-0.093079,nan,3.4273,-0.656501,1,-0.00828344,0.0611093,-0.336388,6.45857,-0.00414172,nan,-1.45295,4.29502,1,-0.0726494,-0.407566,-0.420414,0.0732574,-0.436325,-0.283977,nan,nan,0,0.694243,-0.0363364,-0.138092,-0.708183,0.297121,-0.00934758,nan,nan,0,0.299229,0.311115,0.14423,0.317459,0.459614,0.344431,nan,nan,0,-0.640481,0.558282,-0.0889931,-26.4469,0.169759,0.115182,nan,nan,0,-0.14091,-0.236577,-1.00174,-0.233842,-0.280455,nan,-0.0331142,0.538833,1,-0.376735,-0.0593288,-0.382701,1.01998,-0.188368,nan,-3.29711,1.03074,1,0,0.148878,0.002079,-0.010664,-0.988795,0.0665413,-0.151132,-0.151084,1.69348,1.06868,8.30711
1786071336365544312,-0.137987,-0.990434,0.15,0,0,0.0228247,-0.000736382,-2.84466,0.153504,-0.171984,-0.18724,0.488801,0.34448,0.0153437,5.29915,0.6444,0.5203,nan,nan,0,0.355391,0.027133,0.224015,-2.71062,0.227695,0.207825,nan,nan,0,-0.005956,-0.269506,0.494062,-1.92918,-0.312978,-0.297813,nan,nan,0,0.411474,0.448984,0.825483,-9.30403,0.695737,0.481403,nan,nan,0,0.114687,-0.182468,0.0818107,-1.05556,-0.152657,nan,0.920677,1.75109,1,-0.0661664,0.06033,-0.0812872,3.79509,-0.0330832,nan,-2.68046,1.02725,1,-0.232397,-0.411017,-0.279252,1.14774,-0.516198,-0.320402,nan,nan,0,0.95961,-0.0376787,-0.113543,0.463982,0.429805,0.119809,nan,nan,0,0.338597,0.312074,0.0889931,0.854698,0.479298,0.392863,nan,nan,0,-0.591577,0.553104,-0.757972,-26.4469,0.194212,0.118666,nan,nan,0,-0.286651,-0.244894,-0.860408,0.116157,-0.353325,nan,-2.5045,0.394762,1,-0.458179,-0.0588812,-0.0480369,0.568397,-0.22909,nan,-5.0342,-0.850831,1,0,0.147918,0.001324,-0.011341,-0.988933,0.153504,-0.171984,-0.18724,0.773534,0.806124,7.36211
1786071336375463111,-0.226026,-0.974121,0.15,0,0,0.0244749,-0.00243477,-2.846,0.196578,-0.11608,-0.130814,0.550108,0.344672,0.0276184,4.90842,0.675054,0.56649,nan,nan,0,0.316554,0.0305843,0.402001,0.21978,0.208277,0.260796,nan,nan,0,0.0877314,-0.265479,0.346765,-2.36874,-0.266134,-0.319342,nan,nan,0,0.599084,0.458188,0.948232,-6.61783,0.789542,0.577503,nan,nan,0,0.0101944,-0.180404,0.194125,1.54147,-0.204903,nan,-1.14866,2.26442,1,-0.104464,0.0573499,-0.383868,1.44367,-0.0522322,nan,-2.71166,-1.40766,1,-0.210977,-0.412551,-0.0889931,0.21978,-0.505489,-0.412458,nan,nan,0,1.09554,-0.0380626,0.00306892,3.44322,0.497768,0.282107,nan,nan,0,0.441872,0.312458,0.0828552,1.97802,0.530936,0.444128,nan,nan,0,-0.561216,0.540065,-1.36558,-26.6423,0.209392,0.152727,nan,nan,0,-0.354291,-0.253192,-0.641402,-1.24007,-0.387146,nan,-3.72627,-0.64992,1,-0.481822,-0.0616013,0.21177,-1.25298,-0.240911,nan,-5.69695,-3.17583,1,0,0.147262,0.000598,-0.012283,-0.989021,0.196578,-0.11608,-0.130814,-0.504532,1.41275,7.14083
1786071336385539771,-0.312682,-0.949858,0.15,0,0,0.0274817,-0.00252186,-2.84793,0.342212,-0.0300867,-0.267378,0.601002,0.345247,0.0705805,4.46886,0.700501,0.626226,nan,nan,0,0.227901,0.0355697,0.561574,5.10378,0.16395,0.250928,nan,nan,0,0.108135,-0.264328,-0.046031,-1.14774,-0.255932,-0.306174,nan,nan,0,0.763099,0.469885,1.13849,-2.66178,0.871549,0.689974,nan,nan,0,-0.063681,-0.180444,0.0651946,2.52356,-0.24184,nan,-2.24668,1.03079,1,-0.124303,0.0520913,-0.932125,-0.262859,-0.0621513,nan,-2.02909,-2.50245,1,-0.243006,-0.412359,0.0644436,-2.41758,-0.521503,-0.482627,nan,nan,0,1.21341,-0.0372953,0.14423,10.1343,0.556705,0.416773,nan,nan,0,0.358398,0.316676,0.543161,2.12454,0.489199,0.490673,nan,nan,0,-0.516913,0.525876,-1.39626,-29.3773,0.231544,0.186487,nan,nan,0,-0.394374,-0.251087,0.300278,-4.37649,-0.407187,nan,-5.91391,-2.37678,1,-0.459726,-0.0479111,1.33717,-4.58684,-0.229863,nan,-7.46431,-5.13964,1,0,0.146305,0.000763,-0.013777,-0.989143,0.342212,-0.0300867,-0.267378,-2.62955,2.67418,7.40212
1786071336395567726,-0.39709,-0.91778,0.15,0,0,0.0307147,-0.00311148,-2.85052,0.106022,-0.24629,-0.0537007,0.497479,0.346781,0.205604,5.44566,0.64874,0.673029,nan,nan,0,0.339587,0.0418973,0.635223,5.20146,0.219793,0.213178,nan,nan,0,0.167607,-0.268163,-0.5002,0.512817,-0.226196,-0.279815,nan,nan,0,0.903136,0.483115,1.40854,5.05495,0.941568,0.793348,nan,nan,0,-0.0988012,-0.18048,-0.115768,2.08931,-0.259401,nan,-2.58857,-0.660866,1,-0.16416,0.0357309,-1.77677,-1.15373,-0.0820801,nan,-0.869179,-2.36019,1,-0.475086,-0.410634,0.21174,-4.81075,-0.637543,-0.516473,nan,nan,0,1.5325,-0.0344191,0.340627,13.7973,0.716252,0.509083,nan,nan,0,0.670163,0.322237,0.438826,5.15263,0.645081,0.50866,nan,nan,0,-0.583092,0.514946,-1.13849,-29.8657,0.198454,0.213142,nan,nan,0,-0.566982,-0.240544,1.2214,-4.96377,-0.493491,nan,-10.6852,-4.53278,1,-0.644787,-0.0272074,2.00206,-5.27982,-0.322393,nan,-11.8587,-6.89557,1,0,0.145031,0.000688,-0.01542,-0.989306,0.106022,-0.24629,-0.0537007,-0.539476,-0.402272,11.7464
1786071336405600491,-0.477657,-0.878547,0.175,0,0,0.0283009,-0.00243929,-2.84762,-0.194988,0.280281,0.195157,0.377428,0.349849,0.365176,4.22466,0.588714,0.681,nan,nan,0,0.301641,0.0478415,0.579986,6.66666,0.20082,0.197816,nan,nan,0,0.228121,-0.275066,-0.733422,2.51526,-0.195939,-0.251863,nan,nan,0,0.945866,0.497305,1.65403,12.0391,0.962933,0.879947,nan,nan,0,-0.1048,-0.18253,-0.23553,-0.0760855,-0.2624,nan,-2.44216,-1.91065,1,-0.159123,0.0135586,-2.45177,-1.51372,-0.0795615,nan,0.884057,-1.39704,1,0.0931983,-0.407949,0.322214,-5.73871,-0.353401,-0.564292,nan,nan,0,2.21209,-0.0300088,0.494062,19.1697,1.05605,0.607767,nan,nan,0,1.12544,0.323387,0.046031,6.81319,0.872722,0.554685,nan,nan,0,-0.442124,0.504783,-0.874582,-25.5189,0.268938,0.218111,nan,nan,0,-0.42778,-0.227963,1.30652,-3.77364,-0.42389,nan,-8.81723,-7.5586,1,-0.823491,-0.0128811,1.13566,-5.03314,-0.411746,nan,-13.6694,-9.16177,1,0,0.14646,0.000866,-0.014176,-0.989114,-0.194988,0.280281,0.195157,-0.361073,3.00414,17.1647
1786071336415729311,-0.555754,-0.831347,0.175,0,0,0.0273472,-0.000652817,-2.84698,-0.242641,0.30507,0.0188957,0.543093,0.354834,0.549299,6.2271,0.671547,0.647676,nan,nan,0,0.158203,0.0528274,0.457238,6.27595,0.129101,0.198585,nan,nan,0,0.0819661,-0.281394,-0.579986,3.49207,-0.269017,-0.222714,nan,nan,0,1.09063,0.517631,1.92408,19.9512,1.03531,0.938565,nan,nan,0,-0.17168,-0.186536,-0.494246,-0.862142,-0.29584,nan,-3.08428,-2.42182,1,-0.166504,-0.0127175,-2.67771,-1.31883,-0.083252,nan,1.90053,0.010343,1,0.0989715,-0.404114,0.383589,-6.37363,-0.350514,-0.519625,nan,nan,0,2.53013,-0.0248318,0.494062,25.6654,1.21507,0.796278,nan,nan,0,1.0706,0.323387,0.00920582,8.66911,0.845299,0.68452,nan,nan,0,-0.36501,0.497305,-0.653635,-26.9841,0.307495,0.232642,nan,nan,0,-0.277616,-0.219625,0.873794,-5.5853,-0.348808,nan,-5.83208,-9.26219,1,-0.934005,-0.0151792,-0.512397,-6.51979,-0.467003,nan,-12.7861,-11.28,1,0,0.146763,0.001684,-0.013573,-0.989077,-0.242641,0.30507,0.0188957,-1.67575,4.75287,14.2852
1786071336425709294,-0.62792,-0.778278,0.175,0,0,0.0271958,0.00318752,-2.85017,0.0406556,0.122237,-0.606588,0.764908,0.361354,0.702735,3.88278,0.782454,0.637671,nan,nan,0,0.0359232,0.0562787,0.322214,6.86203,0.0679616,0.176396,nan,nan,0,-0.0721323,-0.285804,-0.291528,2.3199,-0.346066,-0.226361,nan,nan,0,1.17262,0.538531,2.19413,17.2161,1.07631,0.988509,nan,nan,0,-0.232155,-0.192455,-0.721396,-1.45547,-0.326077,nan,-3.59468,-2.64658,1,-0.167358,-0.0394391,-2.68041,-0.52476,-0.0836789,nan,2.69342,1.35833,1,-0.376757,-0.40028,0.377452,-3.63858,-0.588379,-0.426314,nan,nan,0,2.40447,-0.0200381,0.481788,32.3565,1.15223,1.02199,nan,nan,0,0.461969,0.324154,0.168778,12.5763,0.540985,0.799394,nan,nan,0,-0.359291,0.492703,-0.494062,-25.2259,0.310355,0.266649,nan,nan,0,-0.130033,-0.213608,0.33919,-7.54983,-0.275017,nan,-2.65808,-8.36209,1,-0.818466,-0.0335972,-2.42743,-8.91377,-0.409233,nan,-7.62793,-12.0179,1,0,0.145159,0.003551,-0.013222,-0.989313,0.0406556,0.122237,-0.606588,-3.83081,5.82036,10.2998
1786071336435680211,-0.694921,-0.719086,0.175,0,0,0.0270523,0.00440026,-2.85943,0.00319606,-0.145967,-0.7297,0.800318,0.369024,0.794796,4.66422,0.800159,0.688088,nan,nan,0,-0.0616086,0.0593467,0.297665,3.10134,0.0191957,0.127641,nan,nan,0,-0.0953558,-0.285229,0.125817,1.48962,-0.357678,-0.273403,nan,nan,0,1.16398,0.563076,2.54396,16.5324,1.07199,1.0371,nan,nan,0,-0.215815,-0.200312,-0.923629,-2.16947,-0.317908,nan,-2.73042,-2.96161,1,-0.163648,-0.0646819,-2.41983,0.672237,-0.081824,nan,3.11548,2.36304,1,-0.586832,-0.396828,0.346765,-1.78266,-0.693416,-0.443828,nan,nan,0,2.47708,-0.0148611,0.549299,39.9756,1.18854,1.15188,nan,nan,0,0.516221,0.328181,0.481788,14.4322,0.56811,0.751056,nan,nan,0,-0.443764,0.489635,-0.21174,-26.3004,0.268118,0.295922,nan,nan,0,-0.240398,-0.211651,0.433549,-9.89809,-0.330199,nan,-4.79951,-5.73359,1,-0.86448,-0.0681327,-3.46657,-11.7808,-0.43224,nan,-5.72337,-10.1719,1,0,0.140573,0.00408,-0.013082,-0.989975,0.00319606,-0.145967,-0.7297,-0.544629,3.62458,11.0431
1786071336445681669,-0.756702,-0.65376,0.175,0,0,0.0271068,0.00225538,-2.86623,-0.00127397,-0.217334,-0.584337,0.721165,0.377461,0.874582,6.17827,0.760583,0.752611,nan,nan,0,-0.112109,0.0624146,0.328352,1.5873,-0.00605452,0.0703864,nan,nan,0,-0.0560765,-0.283503,0.187191,0.0244217,-0.338038,-0.324456,nan,nan,0,1.12206,0.590688,2.88152,17.8022,1.05103,1.06683,nan,nan,0,-0.189475,-0.208188,-1.12792,-2.36598,-0.304737,nan,-1.68736,-2.93906,1,-0.161624,-0.0884388,-1.87977,1.3601,-0.0808122,nan,3.04845,2.94857,1,-0.521122,-0.393568,0.309939,-1.14774,-0.660561,-0.553549,nan,nan,0,2.54279,-0.00910807,0.579986,45.4945,1.22139,1.19556,nan,nan,0,0.728221,0.3324,0.254703,13.895,0.67411,0.644665,nan,nan,0,-0.470565,0.489635,0.0767183,-24.4933,0.254718,0.296397,nan,nan,0,-0.297347,-0.205346,0.898758,-7.01019,-0.358674,nan,-6.71461,-4.35754,1,-0.945936,-0.0989975,-2.45077,-12.7985,-0.472968,nan,-7.54296,-7.54389,1,0,0.137217,0.002977,-0.01327,-0.990447,-0.00127397,-0.217334,-0.584337,3.58991,3.12111,11.8216
1786071336455666700,-0.81206,-0.583574,0.2,0,0,0.0275233,0.000326432,-2.87157,0.129713,-0.0276517,-0.471199,0.698427,0.387623,0.966643,7.35043,0.749213,0.778883,nan,nan,0,-0.134965,0.0666332,0.420414,-1.48962,-0.0174823,0.0229379,nan,nan,0,-0.0277028,-0.281969,0.107406,-1.8315,-0.323851,-0.346858,nan,nan,0,1.08695,0.62156,3.2068,18.2418,1.03347,1.06975,nan,nan,0,-0.165384,-0.222128,-1.34268,-2.51101,-0.292692,nan,-0.455722,-2.32409,1,-0.170254,-0.106625,-1.25416,2.01613,-0.0851269,nan,2.5262,3.07914,1,-0.228663,-0.390883,0.193329,-3.19902,-0.514332,-0.638268,nan,nan,0,2.43332,-0.00297213,0.555436,47.7411,1.16666,1.21329,nan,nan,0,0.654527,0.330482,-0.309939,12.2344,0.637263,0.615385,nan,nan,0,-0.313514,0.491552,0.193328,-19.9512,0.333243,0.278375,nan,nan,0,-0.0358727,-0.194883,0.764592,-2.06827,-0.227936,nan,-2.30374,-5.03551,1,-1.00765,-0.10537,-0.336943,-10.0549,-0.503825,nan,-11.4482,-6.92279,1,0,0.134587,0.002014,-0.013614,-0.990806,0.129713,-0.0276517,-0.471199,2.19183,1.57896,11.5043
1786071336465546427,-0.860697,-0.509117,0.2,0,0,0.0297566,-0.000259313,-2.87606,0.310432,-0.0695893,-0.450046,0.69841,0.396828,1.05257,6.56898,0.749205,0.772545,nan,nan,0,-0.027846,0.0714269,0.573849,-5.68987,0.036077,-0.00651691,nan,nan,0,0.00217006,-0.27986,0.291528,-3.83395,-0.308915,-0.343306,nan,nan,0,1.08222,0.655691,3.45844,10.0855,1.03111,1.0555,nan,nan,0,-0.16903,-0.234221,-1.48512,-2.02367,-0.294515,nan,0.117384,-1.2971,1,-0.189142,-0.111832,-0.711525,2.15095,-0.094571,nan,1.58511,2.79543,1,-0.463089,-0.390117,0.0583057,-4.46886,-0.631544,-0.622584,nan,nan,0,2.1326,0.00182152,0.543161,45.8364,1.0163,1.20345,nan,nan,0,0.400464,0.327989,-0.224015,10.4762,0.510232,0.624961,nan,nan,0,-0.300353,0.492703,0.0521679,-17.8999,0.339823,0.287878,nan,nan,0,0.0906413,-0.192847,0.101509,-2.54398,-0.164679,nan,0.833606,-4.55006,1,-0.993295,-0.0996411,0.944835,-8.23963,-0.496648,nan,-13.3274,-8.87491,1,0,0.132366,0.001841,-0.014764,-0.991089,0.310432,-0.0695893,-0.450046,1.39797,0.561748,9.57078
1786071336475532978,-0.902787,-0.430089,0.2,0,0,0.0337074,-0.000618775,-2.87968,0.492476,0.0260527,-0.236524,0.749581,0.407949,1.14463,6.2271,0.77479,0.759542,nan,nan,0,-0.109823,0.07833,0.745697,-7.49695,-0.00491175,-0.00176683,nan,nan,0,0.0734413,-0.276408,0.383589,-3.5409,-0.273279,-0.327895,nan,nan,0,0.975741,0.691548,3.63642,9.98779,0.977871,1.04027,nan,nan,0,-0.141968,-0.2485,-1.57108,-1.068,-0.280984,nan,1.21969,-0.288313,1,-0.185627,-0.11603,-0.204633,1.86241,-0.0928135,nan,1.00345,2.11837,1,-0.353147,-0.3905,-0.0644426,-4.85959,-0.576573,-0.603342,nan,nan,0,1.61388,0.00795746,0.647498,43.3944,0.75694,1.13336,nan,nan,0,0.383951,0.328181,0.168778,9.15751,0.501975,0.59201,nan,nan,0,-0.290226,0.491936,-0.107406,-17.0696,0.344887,0.314738,nan,nan,0,0.157074,-0.194981,-0.467276,-2.35174,-0.131463,nan,2.92403,-2.07146,1,-0.945325,-0.0856171,1.27051,-8.88222,-0.472663,nan,-13.5171,-11.6027,1,0,0.130569,0.001894,-0.016749,-0.991295,0.492476,0.0260527,-0.236524,0.287746,0.859565,7.80616
1786071336485536979,-0.937711,-0.347416,0.2,0,0,0.0386634,2.47801e-05,-2.88098,0.477148,0.0890319,-0.018384,0.719401,0.420029,1.22441,5.29915,0.759701,0.759564,nan,nan,0,-0.114467,0.0860004,0.776384,-4.42002,-0.00723361,0.00472746,nan,nan,0,0.0922268,-0.273532,0.205604,-1.8315,-0.263887,-0.303157,nan,nan,0,0.837775,0.727981,3.67938,3.05251,0.908887,1.01455,nan,nan,0,-0.123039,-0.264838,-1.57257,-0.714588,-0.27152,nan,2.125,0.668853,1,-0.180954,-0.112854,0.252525,1.26874,-0.090477,nan,0.292516,1.31908,1,-0.220214,-0.391459,-0.131955,-4.0293,-0.510107,-0.594538,nan,nan,0,1.43969,0.0154357,0.776384,39.9267,0.669846,0.973918,nan,nan,0,0.544419,0.331249,0.279252,7.98535,0.582209,0.541121,nan,nan,0,-0.293574,0.490594,-0.150368,-17.1184,0.343213,0.335303,nan,nan,0,0.137495,-0.201249,-0.644226,-2.35364,-0.141253,nan,3.0662,0.855089,1,-0.954635,-0.0749892,1.00952,-11.6415,-0.477317,nan,-13.5841,-13.2778,1,0,0.129911,0.002524,-0.019165,-0.991337,0.477148,0.0890319,-0.018384,-0.191364,-0.83799,5.98867
1786071336495556558,-0.965074,-0.261977,0.2,0,0,0.0432475,0.000702843,-2.87966,0.432093,0.0424633,0.240045,0.635171,0.432493,1.2551,5.29915,0.717585,0.762078,nan,nan,0,-0.0450444,0.0929031,0.635223,-2.8083,0.0274778,0.000875296,nan,nan,0,0.0953636,-0.273916,-0.101268,-0.561661,-0.262318,-0.279327,nan,nan,0,0.733173,0.764797,3.65483,-0.757019,0.856587,0.967619,nan,nan,0,-0.126663,-0.279363,-1.50132,0.258192,-0.273331,nan,2.46307,1.57619,1,-0.186203,-0.108409,0.580343,0.827407,-0.0931014,nan,-0.411287,0.588341,1,-0.141794,-0.393568,-0.21174,-4.12698,-0.470897,-0.561808,nan,nan,0,1.33816,0.0234895,0.807072,34.4078,0.619082,0.799542,nan,nan,0,0.713806,0.331633,-0.0583057,7.83883,0.666903,0.535716,nan,nan,0,-0.295531,0.490018,0.00920582,-18.6813,0.342234,0.344492,nan,nan,0,0.114683,-0.205415,-0.287103,-0.90501,-0.152659,nan,2.27712,2.68441,1,-0.965013,-0.0674273,0.630863,-12.6564,-0.482506,nan,-13.3987,-13.7777,1,0,0.130554,0.003172,-0.021391,-0.991205,0.432093,0.0424633,0.240045,0.563379,-0.188265,8.00932
1786071336505700926,-0.984899,-0.173132,0.225,0,0,0.0472684,0.000565237,-2.87626,0.383554,0.0368194,0.44792,0.554401,0.446491,1.29193,4.07815,0.6772,0.747718,nan,nan,0,0.000572547,0.098464,0.457238,-1.88034,0.0502863,0.00728289,nan,nan,0,0.103674,-0.276217,-0.193328,0.512817,-0.258163,-0.265385,nan,nan,0,0.672791,0.803339,3.40934,-6.61783,0.826395,0.910113,nan,nan,0,-0.127917,-0.294008,-1.32931,0.759546,-0.273958,nan,2.6957,2.25066,1,-0.184536,-0.100914,0.782172,0.573736,-0.0922679,nan,-0.913888,-0.0921462,1,-0.156323,-0.396253,-0.242428,-3.5409,-0.478162,-0.515578,nan,nan,0,1.21333,0.0315428,0.684322,31.1844,0.556663,0.676411,nan,nan,0,0.819841,0.329523,-0.217878,8.47375,0.719921,0.585033,nan,nan,0,-0.309971,0.491745,0.187191,-17.4603,0.335014,0.345762,nan,nan,0,0.0814417,-0.207491,0.122513,2.2258,-0.169279,nan,1.15366,2.95708,1,-0.971925,-0.0690356,0.0344832,-13.2232,-0.485962,nan,-12.5595,-13.5917,1,0,0.132232,0.003406,-0.023387,-0.990936,0.383554,0.0368194,0.44792,1.36175,1.46874,10.1081
1786071336515610134,-0.996362,-0.0852197,0.225,0,0,0.050656,0.000750396,-2.87137,0.296043,0.0974412,0.48484,0.509384,0.458188,1.31648,5.39683,0.654692,0.716155,nan,nan,0,0.0164615,0.10134,0.28539,-1.05006,0.0582307,0.0262518,nan,nan,0,0.104295,-0.27775,-0.174916,1.05006,-0.257852,-0.259124,nan,nan,0,0.613111,0.832294,3.1086,-11.8437,0.796556,0.8598,nan,nan,0,-0.139346,-0.302616,-1.16853,1.32205,-0.279673,nan,2.5558,2.63139,1,-0.16936,-0.0970222,0.840247,-0.0540289,-0.0846801,nan,-0.890108,-0.668441,1,-0.185548,-0.398362,-0.23629,-3.19902,-0.492774,-0.484667,nan,nan,0,1.20349,0.0365286,0.506338,27.8633,0.551745,0.597818,nan,nan,0,0.847882,0.328372,-0.0828552,9.40171,0.733941,0.654736,nan,nan,0,-0.334989,0.494237,0.28539,-19.4628,0.322506,0.341952,nan,nan,0,0.0167679,-0.205415,0.0325574,3.55893,-0.201616,nan,0.084113,2.23507,1,-0.954016,-0.0684079,-0.2134,-13.6591,-0.477008,nan,-11.9379,-13.0225,1,0,0.134648,0.003783,-0.025044,-0.990569,0.296043,0.0974412,0.48484,0.792511,2.08261,10.658
1786071336525735056,-0.999987,0.00504128,0.225,0,0,0.0536767,0.00210771,-2.86725,0.290471,0.164489,0.284353,0.544191,0.472569,1.28579,5.29915,0.672095,0.681959,nan,nan,0,0.0106609,0.102874,0.0767183,-0.268623,0.0553305,0.0453115,nan,nan,0,0.0738831,-0.279284,-0.09513,1.0989,-0.273058,-0.25706,nan,nan,0,0.551939,0.863357,2.67285,-15.409,0.76597,0.821283,nan,nan,0,-0.137131,-0.315038,-0.878653,1.30205,-0.278566,nan,2.59451,2.73345,1,-0.161221,-0.0848942,0.707251,-0.523789,-0.0806104,nan,-0.932362,-0.991339,1,-0.136709,-0.400663,-0.187191,-2.61295,-0.468355,-0.47863,nan,nan,0,1.16027,0.0403633,0.273115,23.6142,0.530135,0.556722,nan,nan,0,0.732063,0.330674,0.365176,9.59707,0.676031,0.708307,nan,nan,0,-0.311528,0.497497,0.340627,-19.9023,0.334236,0.333557,nan,nan,0,0.0462955,-0.205415,-0.198998,2.5414,-0.186852,nan,0.948189,1.22125,1,-0.928459,-0.0668393,-0.0658385,-12.9901,-0.464229,nan,-11.8229,-12.4384,1,0,0.136662,0.004713,-0.026439,-0.990253,0.290471,0.164489,0.284353,-0.89028,2.2902,11.0533
1786071336535639593,-0.995573,0.0939908,0.225,0,0,0.056668,0.00413447,-2.86573,0.262491,0.135023,0.0234498,0.554386,0.483499,1.21214,3.7851,0.677193,0.665851,nan,nan,0,-0.00947635,0.102682,-0.0398932,-0.463982,0.0452618,0.055361,nan,nan,0,0.00377303,-0.279284,0.0398932,0.561661,-0.308113,-0.261979,nan,nan,0,0.471578,0.884449,2.24936,-12.1856,0.725789,0.789655,nan,nan,0,-0.134903,-0.319418,-0.612228,1.87828,-0.277451,nan,2.38716,2.66123,1,-0.147039,-0.0830234,0.50998,-0.680479,-0.0735194,nan,-0.479852,-1.02433,1,-0.233621,-0.402197,-0.168779,-1.92918,-0.516811,-0.476309,nan,nan,0,1.19096,0.0417056,0.138092,22.5885,0.545481,0.537266,nan,nan,0,0.573547,0.33681,0.807072,9.35287,0.596774,0.714972,nan,nan,0,-0.302563,0.500373,0.316077,-19.4628,0.338719,0.329886,nan,nan,0,0.0230119,-0.209572,-0.283461,1.32589,-0.198494,nan,0.812924,0.773297,1,-0.897725,-0.0712343,-0.0909956,-12.4768,-0.448862,nan,-11.1924,-12.0039,1,0,0.13738,0.005942,-0.027777,-0.99011,0.262491,0.135023,0.0234498,-2.11313,2.08503,9.91152
1786071336546014002,-0.982614,0.185658,0.225,0,0,0.0593215,0.00630025,-2.8661,0.224111,0.142684,-0.0935769,0.517862,0.495963,1.10167,3.05251,0.658931,0.666629,nan,nan,0,-0.0284271,0.101724,-0.09513,-0.561661,0.0357864,0.0544937,nan,nan,0,-0.00839062,-0.278709,0.0767183,0.463982,-0.314195,-0.280066,nan,nan,0,0.388736,0.904967,1.68472,-16.9231,0.684368,0.757093,nan,nan,0,-0.134743,-0.323617,-0.282778,1.56468,-0.277371,nan,2.04278,2.48331,1,-0.132389,-0.0791636,0.227096,-0.731467,-0.0661945,nan,0.0484301,-0.789144,1,-0.228902,-0.404114,-0.193328,-1.53846,-0.514451,-0.48758,nan,nan,0,1.20722,0.042089,0.00306892,19.6581,0.55361,0.534023,nan,nan,0,0.510157,0.34774,1.04029,8.27839,0.565079,0.671508,nan,nan,0,-0.292324,0.503441,0.217878,-18.3394,0.343838,0.33261,nan,nan,0,0.00935229,-0.21165,-0.306612,0.856128,-0.205324,nan,0.681326,0.76621,1,-0.85811,-0.0695074,0.00953311,-12.2799,-0.429055,nan,-10.8007,-11.5885,1,0,0.137156,0.007191,-0.028943,-0.9901,0.224111,0.142684,-0.0935769,-2.14357,0.782554,9.32872
1786071336555853092,-0.962382,0.271699,0.25,0,0,0.061443,0.00825717,-2.86759,0.183366,0.158461,-0.211604,0.48047,0.506125,0.985056,3.88278,0.640235,0.666047,nan,nan,0,-0.0239996,0.100573,-0.11968,-0.708183,0.0380002,0.0466473,nan,nan,0,-0.016356,-0.27775,0.107406,-0.21978,-0.318178,-0.300302,nan,nan,0,0.297323,0.917239,1.2551,-17.5092,0.638661,0.72013,nan,nan,0,-0.125632,-0.323684,-0.0110293,1.45618,-0.272816,nan,1.79694,2.20283,1,-0.113119,-0.0805525,-0.0410182,-0.52127,-0.0565593,nan,0.781325,-0.324933,1,-0.219128,-0.406223,-0.205604,-1.39194,-0.509564,-0.503973,nan,nan,0,1.20928,0.042089,0.00920582,19.8046,0.554639,0.541537,nan,nan,0,0.431737,0.357135,0.997331,7.25275,0.525868,0.613632,nan,nan,0,-0.281701,0.504975,0.156505,-17.5092,0.349149,0.337967,nan,nan,0,-0.0137404,-0.21373,-0.151475,0.386767,-0.21687,nan,0.117302,0.761547,1,-0.817884,-0.0687614,0.113245,-11.8928,-0.408942,nan,-10.3753,-11.1843,1,0,0.136382,0.008283,-0.029865,-0.990171,0.183366,0.158461,-0.211604,-1.19874,1.64979,8.57051
1786071336566012470,-0.934683,0.355482,0.25,0,0,0.0631637,0.0107761,-2.86971,0.125438,0.267339,-0.226726,0.433408,0.515138,0.843896,3.83395,0.616704,0.656254,nan,nan,0,0.014711,0.0992308,-0.14423,-1.00122,0.0573555,0.0401416,nan,nan,0,0.00896152,-0.27775,-0.046031,-0.463982,-0.305519,-0.313352,nan,nan,0,0.180994,0.926826,0.66591,-19.2674,0.580497,0.678471,nan,nan,0,-0.111435,-0.323558,0.172118,1.51126,-0.265718,nan,1.76624,1.89869,1,-0.102216,-0.0797586,-0.175277,-0.0739428,-0.051108,nan,1.12244,0.285705,1,-0.0562016,-0.408525,-0.248566,-0.65934,-0.428101,-0.511356,nan,nan,0,1.21643,0.042089,0.00306892,19.8535,0.558214,0.549669,nan,nan,0,0.37271,0.365572,0.610673,6.32478,0.496355,0.562749,nan,nan,0,-0.237496,0.506125,0.0644426,-15.8486,0.371252,0.343949,nan,nan,0,0.0478143,-0.21373,-0.0268599,0.543644,-0.186093,nan,1.00758,0.503676,1,-0.774343,-0.0662076,0.160366,-11.1777,-0.387171,nan,-9.86947,-10.8021,1,0,0.135287,0.009615,-0.030555,-0.990288,0.125438,0.267339,-0.226726,-0.810323,-0.008705,8.39232
1786071336576557858,-0.898854,0.438249,0.25,0,0,0.0635824,0.0123138,-2.87066,0.0400587,0.246436,-0.184862,0.377617,0.520507,0.776384,4.61539,0.588808,0.638241,nan,nan,0,0.0458436,0.0980802,-0.168779,-0.903542,0.0729218,0.0438354,nan,nan,0,0.0166735,-0.278518,-0.113543,-0.512817,-0.301663,-0.314783,nan,nan,0,0.090376,0.929319,0.303802,-17.9976,0.535188,0.629648,nan,nan,0,-0.106664,-0.321512,0.236108,1.71222,-0.263332,nan,1.68215,1.7186,1,-0.0870476,-0.0821853,-0.206316,0.0932503,-0.0435238,nan,1.46932,0.815644,1,-0.036665,-0.410442,-0.291528,-0.757019,-0.418333,-0.485738,nan,nan,0,1.18239,0.042089,0.0153437,19.6093,0.541195,0.555225,nan,nan,0,0.373138,0.368449,0.383589,5.9829,0.496569,0.522555,nan,nan,0,-0.240845,0.506317,0.0337563,-16.044,0.369577,0.35516,nan,nan,0,0.0350346,-0.215807,0.0306685,0.425859,-0.192483,nan,0.770343,0.515406,1,-0.732961,-0.068801,0.16042,-10.8629,-0.36648,nan,-9.17101,-10.3461,1,0,0.134786,0.01039,-0.030663,-0.990345,0.0400587,0.246436,-0.184862,-1.57505,-0.546886,8.04644
1786071336585615341,-0.856176,0.516685,0.25,0,0,0.0632305,0.0157476,-2.87222,-0.0655524,0.193992,-0.06159,0.279441,0.529519,0.64136,3.24786,0.53972,0.614034,nan,nan,0,0.0213039,0.0955877,-0.205604,-0.463982,0.060652,0.0564451,nan,nan,0,0.0137126,-0.281586,-0.254703,-0.0732574,-0.303144,-0.309307,nan,nan,0,-0.0617214,0.927402,-0.377452,-19.0232,0.459139,0.578581,nan,nan,0,-0.109352,-0.317368,0.373049,1.29788,-0.264676,nan,1.28466,1.61747,1,-0.0543806,-0.0838598,-0.0708503,0.439955,-0.0271903,nan,1.80636,1.19929,1,-0.0142447,-0.414852,-0.352901,-0.366302,-0.407122,-0.447846,nan,nan,0,1.08596,0.0428562,0.09513,18.8278,0.49298,0.552403,nan,nan,0,0.39014,0.369216,-0.0337563,5.34798,0.50507,0.499928,nan,nan,0,-0.240376,0.506509,-0.00306892,-14.823,0.369812,0.365288,nan,nan,0,-0.0136566,-0.215805,-0.0230347,0.855933,-0.216828,nan,-0.00125252,0.684761,1,-0.661904,-0.0672286,0.135273,-10.3626,-0.330952,nan,-8.11461,-9.75382,1,0,0.133962,0.012043,-0.030266,-0.99045,-0.0655524,0.193992,-0.06159,-0.153282,0.24588,8.31322
1786071336595547734,-0.806534,0.591187,0.25,0,0,0.0618587,0.0177567,-2.87229,-0.184862,0.231487,0.0176152,0.166675,0.53508,0.549299,1.8315,0.483337,0.579585,nan,nan,0,-0.00461435,0.0932865,-0.23629,-0.561661,0.0476928,0.0636251,nan,nan,0,0.0475227,-0.283886,-0.23629,0.0244217,-0.286239,-0.304643,nan,nan,0,-0.271002,0.920307,-0.868444,-18.7302,0.354499,0.519741,nan,nan,0,-0.113334,-0.313326,0.441499,1.26882,-0.266667,nan,0.970836,1.44106,1,-0.0334389,-0.0831488,0.16001,0.74451,-0.0167195,nan,1.75287,1.46965,1,0.166487,-0.418687,-0.371314,0.366302,-0.316757,-0.420196,nan,nan,0,1.00412,0.0441985,0.14423,18.9255,0.452062,0.530399,nan,nan,0,0.428303,0.368449,-0.0889931,4.90842,0.524152,0.495573,nan,nan,0,-0.192192,0.506509,0.00306892,-14.0415,0.393904,0.370003,nan,nan,0,0.00989054,-0.215805,-0.105519,1.16905,-0.205055,nan,0.534531,0.532939,1,-0.572274,-0.0642802,0.220231,-9.98145,-0.286137,nan,-6.98604,-8.97874,1,0,0.133904,0.012945,-0.029452,-0.990471,-0.184862,0.231487,0.0176152,0.35238,-0.126338,8.54974
1786071336605686723,-0.749555,0.661942,0.265243,0,0,0.0596161,0.0198226,-2.87164,-0.240178,0.23268,0.0780206,0.0790303,0.53949,0.463376,1.63614,0.439515,0.533072,nan,nan,0,-0.00736934,0.0909858,-0.254703,-0.170937,0.0463153,0.0596851,nan,nan,0,0.0337865,-0.286188,-0.242428,0.268623,-0.293107,-0.297283,nan,nan,0,-0.482923,0.909377,-1.33489,-19.2186,0.248539,0.441207,nan,nan,0,-0.114026,-0.311244,0.510994,1.27226,-0.267013,nan,0.781601,1.18007,1,-0.0123105,-0.0774329,0.365871,0.93164,-0.00615526,nan,1.58952,1.58926,1,0.283818,-0.421947,-0.371314,0.268623,-0.258091,-0.377471,nan,nan,0,0.72465,0.0457325,0.174916,19.2186,0.312325,0.492932,nan,nan,0,0.365979,0.367682,-0.0828552,4.90842,0.49299,0.505337,nan,nan,0,-0.130821,0.506701,0.00920582,-13.9438,0.42459,0.378967,nan,nan,0,0.0453653,-0.215803,-0.130463,0.622993,-0.187317,nan,1.1927,0.431712,1,-0.4727,-0.059563,0.449869,-9.50498,-0.23635,nan,-5.97842,-8.03997,1,0,0.134207,0.013827,-0.028198,-0.990455,-0.240178,0.23268,0.0780206,0.411636,-0.381147,8.84409
1786071336615740072,-0.686754,0.72689,0.265243,0,0,0.0570726,0.02191,-2.87059,-0.240331,0.266707,0.0966367,0.0037038,0.543517,0.322214,1.24542,0.401852,0.482853,nan,nan,0,0.0319205,0.0879178,-0.266977,-0.0732574,0.0659602,0.0524038,nan,nan,0,0.0689841,-0.288297,-0.162642,0.366302,-0.275508,-0.292233,nan,nan,0,-0.675817,0.891927,-1.88726,-19.3162,0.152092,0.344586,nan,nan,0,-0.108562,-0.303411,0.581213,1.0814,-0.264281,nan,0.497714,0.878663,1,-0.0103864,-0.0732133,0.735336,1.18702,-0.00519321,nan,0.9376,1.51748,1,0.410707,-0.425974,-0.340627,1.63614,-0.194647,-0.317863,nan,nan,0,0.309003,0.0474582,0.138092,17.851,0.104502,0.417683,nan,nan,0,0.234203,0.367106,-0.00920582,4.81075,0.427101,0.506708,nan,nan,0,-0.0733767,0.506892,0.0337563,-12.674,0.453312,0.398574,nan,nan,0,0.127111,-0.219919,-0.176616,0.585156,-0.146445,nan,2.83652,0.710973,1,-0.357224,-0.0543215,0.947696,-8.56851,-0.178612,nan,-5.15026,-7.10716,1,0,0.134712,0.014704,-0.02679,-0.990413,-0.240331,0.266707,0.0966367,0.973093,0.551706,8.82407
1786071336625704383,-0.619152,0.785271,0.265243,0,0,0.0547886,0.0244296,-2.8694,-0.210636,0.297308,0.115023,-0.0683787,0.545626,0.187191,1.24542,0.365811,0.436896,nan,nan,0,0.112968,0.0856166,-0.254703,-0.21978,0.106484,0.0541127,nan,nan,0,0.11687,-0.289256,-0.0889931,0.21978,-0.251565,-0.285653,nan,nan,0,-0.845134,0.868917,-2.48872,-22.149,0.0674331,0.242074,nan,nan,0,-0.154827,-0.299518,0.614991,0.798844,-0.287413,nan,-0.498839,0.594999,1,-0.00701285,-0.0623621,1.0489,0.971515,-0.00350643,nan,0.192325,1.17155,1,0.507888,-0.428658,-0.28539,3.00366,-0.146056,-0.253091,nan,nan,0,-0.216251,0.0482249,0.0583057,15.8974,-0.158125,0.279122,nan,nan,0,0.0650672,0.367106,0.00920582,4.7619,0.342534,0.478633,nan,nan,0,-0.0546674,0.507276,0.0583057,-11.5507,0.462666,0.425557,nan,nan,0,0.185146,-0.221924,-0.174538,1.01748,-0.117427,nan,3.9192,1.56372,1,-0.230338,-0.0427435,1.32283,-7.54211,-0.115169,nan,-4.15701,-6.26169,1,0,0.135283,0.015813,-0.025479,-0.990353,-0.210636,0.297308,0.115023,0.562706,0.337007,8.80485
1786071336635496673,-0.547568,0.836761,0.265243,0,0,0.0526983,0.0272529,-2.86788,-0.216195,0.323536,0.163139,-0.147202,0.546201,0.0214815,0.21978,0.326399,0.396592,nan,nan,0,0.161637,0.0831242,-0.254703,-0.366302,0.130818,0.0736201,nan,nan,0,0.158564,-0.289447,0.0153437,0.122101,-0.230718,-0.271204,nan,nan,0,-0.927948,0.839772,-3.09633,-27.3748,0.0260261,0.14506,nan,nan,0,-0.210801,-0.293681,0.63904,0.402552,-0.3154,nan,-1.71873,0.0919125,1,-0.00411364,-0.0507445,1.24826,0.779557,-0.00205682,nan,-0.411757,0.578347,1,0.544891,-0.430959,-0.193328,4.0293,-0.127555,-0.19262,nan,nan,0,-0.627271,0.0480332,-0.0398932,9.98779,-0.363635,0.07326,nan,nan,0,-0.0421408,0.367298,-0.0153437,3.68742,0.28893,0.418719,nan,nan,0,-0.054757,0.508426,0.11968,-10.1832,0.462622,0.448869,nan,nan,0,0.269848,-0.221818,-0.164541,1.68478,-0.0750762,nan,5.38276,2.7363,1,-0.111035,-0.0270009,1.50862,-6.18626,-0.0555176,nan,-3.11842,-5.38962,1,0,0.136014,0.017088,-0.024239,-0.990262,-0.216195,0.323536,0.163139,0.339689,1.07497,8.39619
1786071336645517184,-0.470531,0.882384,0.265243,0,0,0.0503025,0.0305747,-2.86566,-0.285764,0.348038,0.252421,-0.238403,0.545434,-0.131955,-0.512817,0.280798,0.358656,nan,nan,0,-0.0987268,0.0804396,-0.242428,-0.317459,0.000636584,0.102206,nan,nan,0,0.145007,-0.289064,0.046031,0.366302,-0.237497,-0.251225,nan,nan,0,-0.901809,0.804298,-3.73462,-26.1538,0.0390957,0.0696832,nan,nan,0,-0.280913,-0.287795,0.685467,0.00792829,-0.350457,nan,-3.22137,-0.775425,1,0.0723992,-0.0367412,1.3741,0.54168,0.0361996,nan,0.127078,-0.0988585,1,0.418308,-0.43211,-0.0767183,5.05495,-0.190846,-0.149043,nan,nan,0,-0.781243,0.0466909,-0.187191,4.37119,-0.440621,-0.15812,nan,nan,0,-0.0984848,0.366531,-0.131955,2.41758,0.260758,0.349019,nan,nan,0,0.0560217,0.50996,0.174916,-8.96215,0.518011,0.461469,nan,nan,0,0.300247,-0.22167,-0.125728,2.62711,-0.0598763,nan,5.85137,4.06691,1,-0.00764402,-0.00988277,1.45201,-5.18741,-0.00382201,nan,-1.9962,-4.38519,1,0,0.13709,0.018595,-0.022805,-0.990121,-0.285764,0.348038,0.252421,-0.584338,0.371891,8.21719
1786071336655670543,-0.388228,0.921564,0.265243,0,0,0.0471656,0.0338779,-2.86253,-0.365702,0.319585,0.327706,-0.249863,0.543133,-0.279252,-1.19658,0.275068,0.318647,nan,nan,0,-0.497713,0.0779462,-0.26084,1.24542,-0.198856,0.0804629,nan,nan,0,0.0440454,-0.288105,0.107406,0.854698,-0.287977,-0.238562,nan,nan,0,-0.796051,0.76729,-4.28085,-25.1282,0.0919745,0.0341613,nan,nan,0,-0.328181,-0.281838,0.68021,-0.65456,-0.37409,nan,-4.24917,-1.99436,1,0.184429,-0.0229372,1.33168,0.327367,0.0922144,nan,1.45702,-0.351978,1,0.213057,-0.431918,0.0521679,6.47131,-0.293471,-0.148662,nan,nan,0,-0.699978,0.0432396,-0.420414,-0.0244217,-0.399989,-0.340845,nan,nan,0,-0.115522,0.36308,-0.432689,1.48962,0.252239,0.293205,nan,nan,0,0.258028,0.512453,0.273115,-8.37607,0.619014,0.483363,nan,nan,0,0.249657,-0.22352,-0.0393644,3.76291,-0.0851715,nan,4.90126,5.18397,1,0.0447307,0.00053412,1.19102,-4.02186,0.0223653,nan,-1.1316,-3.19168,1,0,0.138626,0.020048,-0.020993,-0.989919,-0.365702,0.319585,0.327706,-0.914585,0.436078,8.15326
1786071336665634112,-0.304154,0.952623,0.265243,0,0,0.0429741,0.0372909,-2.85895,-0.528451,0.321864,0.389101,-0.246726,0.539106,-0.432689,-1.88034,0.276637,0.288365,nan,nan,0,-0.989209,0.0750704,-0.291528,1.39194,-0.444604,-0.0297214,nan,nan,0,-0.0074299,-0.287722,0.0398932,1.63614,-0.313715,-0.25144,nan,nan,0,-0.643073,0.715134,-4.93756,-21.0256,0.168464,0.0453355,nan,nan,0,-0.290691,-0.273774,0.639173,-1.31525,-0.355346,nan,-3.81378,-3.286,1,0.325055,-0.013734,1.21844,0.208817,0.162527,nan,3.46018,0.200136,1,-0.0296808,-0.430768,0.138092,6.2271,-0.41484,-0.203069,nan,nan,0,-0.389496,0.036912,-0.739559,-6.81319,-0.244748,-0.420992,nan,nan,0,-0.123835,0.356752,-0.708872,0.854698,0.248083,0.26082,nan,nan,0,0.505728,0.515522,0.371314,-7.35043,0.742864,0.53895,nan,nan,0,0.122865,-0.22132,0.0676293,4.47107,-0.148568,nan,2.44488,5.43942,1,0.025209,0.0127391,0.819222,-2.92948,0.0126045,nan,-1.23287,-1.98624,1,0,0.140399,0.02148,-0.018642,-0.989686,-0.528451,0.321864,0.389101,-0.633962,0.660807,8.51147
1786071336675565729,-0.218228,0.975898,0.265243,0,0,0.0372698,0.0407212,-2.85455,-0.638739,0.374441,0.407388,-0.350198,0.533738,-0.586123,-3.10134,0.224901,0.27482,nan,nan,0,-1.3762,0.0714269,-0.377452,-0.708183,-0.6381,-0.220448,nan,nan,0,-0.0816201,-0.287146,0.0521679,1.24542,-0.35081,-0.281072,nan,nan,0,-0.537485,0.662402,-5.34263,-7.15507,0.221258,0.0960903,nan,nan,0,-0.194503,-0.271759,0.453223,-2.399,-0.307251,nan,-1.92207,-3.92431,1,0.476592,0.00230207,1.06535,0.113885,0.238296,nan,5.48179,1.54996,1,-0.247016,-0.429042,0.193329,5.29915,-0.523508,-0.300684,nan,nan,0,-0.182793,0.0269408,-1.08325,-8.42491,-0.141397,-0.379377,nan,nan,0,-0.126492,0.348506,-0.837758,0.366302,0.246754,0.247346,nan,nan,0,0.710902,0.520123,0.494062,-3.83395,0.845451,0.632542,nan,nan,0,0.00130996,-0.221153,0.130545,4.90251,-0.209345,nan,0.217452,4.40377,1,-0.0125283,0.0176558,0.658593,-1.95464,-0.00626417,nan,-1.70549,-1.23853,1,0,0.142598,0.022811,-0.015527,-0.989395,-0.638739,0.374441,0.407388,-1.88648,0.641157,8.22444
1786071336685560983,-0.12989,0.991528,0.265243,0,0,0.0302742,0.0440583,-2.85029,-0.797813,0.297065,0.450889,-0.337746,0.527027,-0.702735,-2.66178,0.231127,0.2556,nan,nan,0,-1.59249,0.0666332,-0.543161,-5.78754,-0.746244,-0.440739,nan,nan,0,-0.091137,-0.287338,-0.0398932,0.708183,-0.355569,-0.31648,nan,nan,0,-0.488484,0.606986,-5.61881,-4.22466,0.245758,0.161406,nan,nan,0,-0.103059,-0.269761,0.177089,-2.9382,-0.26153,nan,0.0224531,-3.36066,1,0.589974,0.0139711,1.13985,1.10609,0.294987,nan,6.72069,3.4349,1,-0.482299,-0.426933,0.205604,3.63858,-0.64115,-0.41643,nan,nan,0,-0.0547432,0.0140934,-1.33489,-7.59463,-0.0773716,-0.269011,nan,nan,0,-0.114844,0.340645,-0.757972,-0.0732574,0.252578,0.244011,nan,nan,0,0.855721,0.527026,0.696597,0.21978,0.917861,0.743332,nan,nan,0,-0.0934912,-0.218962,0.153403,4.47613,-0.256746,nan,-1.55252,2.43208,1,-0.0351332,0.0263062,0.841048,-1.74049,-0.0175666,nan,-2.57776,-1.2371,1,0,0.144755,0.023988,-0.011776,-0.989106,-0.797813,0.297065,0.450889,-0.040859,-0.812562,7.90051
1786071336695698582,-0.0395263,0.999219,0.265243,0,0,0.0215578,0.0466684,-2.84579,-0.950275,0.280809,0.418445,-0.353577,0.518781,-0.721148,-6.42247,0.223211,0.237775,nan,nan,0,-1.54752,0.0581965,-0.843896,-15.4579,-0.723759,-0.626921,nan,nan,0,-0.0826394,-0.287722,-0.0889931,-0.952377,-0.35132,-0.343584,nan,nan,0,-0.462146,0.553104,-4.93756,-28.1563,0.258927,0.214853,nan,nan,0,-0.0121419,-0.259447,1.57249,-12.1704,-0.216071,nan,-0.840584,-1.91705,1,0.639396,0.0302338,1.88459,3.61775,0.319698,nan,5.85705,5.17497,1,-0.592723,-0.425015,0.181053,0.415138,-0.696362,-0.53587,nan,nan,0,0.0233358,-0.00143814,-1.4024,-3.34554,-0.0383321,-0.158227,nan,nan,0,-0.13814,0.333167,-0.678185,-0.366302,0.24093,0.246421,nan,nan,0,0.92317,0.535655,0.954369,6.91087,0.951585,0.844349,nan,nan,0,-0.138973,-0.22063,-0.0123843,2.83122,-0.279487,nan,-2.0414,0.285777,1,-0.0413887,0.0353534,1.25324,-1.59667,-0.0206943,nan,-3.56129,-1.90511,1,0,0.147066,0.024664,-0.00722,-0.988792,-0.950275,0.280809,0.418445,-0.21156,-1.32454,7.47967
1786071336705737585,0.050606,0.998719,0.265243,0,0,0.0141601,0.043324,-2.84337,0.0625023,-0.98951,-0.4498,0.724566,0.509385,-1.06484,0.757019,0.762283,0.228835,nan,nan,0,-2.21382,0.0495677,-0.782521,-29.1331,-1.05691,-0.724601,nan,nan,0,-1.16482,-0.280818,1.16918,-9.10867,-0.89241,-0.355975,nan,nan,0,-0.775784,0.517631,-3.10247,-36.9475,0.102108,0.247038,nan,nan,0,-0.611701,-0.232417,3.37092,-6.31443,-0.51585,nan,-14.9765,-1.46928,1,0.971387,0.0476611,1.32412,5.48606,0.485694,nan,11.1548,6.04098,1,-0.532922,-0.424632,-0.0398932,0.317459,-0.666461,-0.634808,nan,nan,0,-0.35155,-0.0125594,-1.08939,-14.9695,-0.225775,-0.0790821,nan,nan,0,-0.349219,0.330482,-0.00920582,-5.88522,0.135391,0.246011,nan,nan,0,0.983826,0.549078,1.5988,4.07815,0.981913,0.91627,nan,nan,0,-0.108351,-0.220334,-0.394106,2.05252,-0.264175,nan,-0.943297,-1.26416,1,0.0697333,0.0548158,1.62107,-1.73892,0.0348667,nan,-3.03008,-2.92364,1,0,0.148371,0.022471,-0.003782,-0.988669,0.0625023,-0.98951,-0.4498,11.5145,7.53135,27.5834
1786071336715697173,0.139445,0.99023,0.265243,0,0,0.0178061,0.0398042,-2.84832,1.30544,0.0437631,-1.3312,-0.0991536,0.496922,-1.34103,1.63614,0.350423,0.398335,nan,nan,0,-2.99893,0.0418973,-0.770247,-30.5495,-1.44947,-0.857282,nan,nan,0,-1.88638,-0.255699,2.61147,-14.2369,-1.25319,-0.533602,nan,nan,0,-0.609478,0.494237,-1.7952,-20.7814,0.185261,0.209906,nan,nan,0,-0.473906,-0.199114,3.61484,-1.3312,-0.446953,nan,-14.0966,-6.2529,1,1.27189,0.0562863,1.67084,4.56784,0.635945,nan,14.8835,7.99551,1,-0.178966,-0.425974,-0.150367,-2.46642,-0.489483,-0.679134,nan,nan,0,-1.00744,-0.0194631,-0.457238,-8.76679,-0.553718,-0.101459,nan,nan,0,-0.558472,0.338919,0.960506,-7.59463,0.030764,0.208817,nan,nan,0,1.15094,0.567294,1.77678,24.2002,1.06547,0.961272,nan,nan,0,0.0627334,-0.22618,-0.739149,-0.619532,-0.178633,nan,2.77287,-1.54643,1,0.0808813,0.0631173,0.739883,-1.68564,0.0404407,nan,-1.79012,-3.33274,1,0,0.145902,0.020987,-0.005898,-0.989058,1.30544,0.0437631,-1.3312,4.54987,15.5526,30.3649
1786071336725538950,0.226555,0.973998,0.265243,0,0,0.024667,0.0504502,-2.85633,-0.0618132,1.42319,-0.0977169,-1.86364,0.482732,-1.64176,4.95727,-0.531821,0.483177,nan,nan,0,-3.03769,0.0351863,-0.757972,-30.9402,-1.46885,-1.1159,nan,nan,0,-1.00174,-0.239209,1.32261,-13.2112,-0.81087,-0.870324,nan,nan,0,-0.234866,0.480047,-1.50674,-17.4115,0.372567,0.175149,nan,nan,0,0.129919,-0.167811,3.20776,-3.32783,-0.14504,nan,-4.01467,-11.6703,1,1.1901,0.0758279,2.78276,6.84551,0.595048,nan,11.4025,10.9604,1,-0.427875,-0.428275,-0.309939,-3.2967,-0.613938,-0.626369,nan,nan,0,-0.145801,-0.0221472,-0.279252,-2.66178,-0.1229,-0.27398,nan,nan,0,-0.0682767,0.344288,0.316077,-4.37119,0.275862,0.130044,nan,nan,0,1.46474,0.586086,1.96091,18.5348,1.22237,1.00997,nan,nan,0,-0.167298,-0.232285,-0.800079,-1.23684,-0.293649,nan,-0.947623,-0.0103209,1,-0.0950753,0.0666982,0.0718669,-2.44017,-0.0475377,nan,-3.53488,-2.70035,1,0,0.141784,0.026717,-0.008619,-0.989499,-0.0618132,1.42319,-0.0977169,-1.19852,-13.2525,27.2342
1786071336735522801,0.31291,0.949783,0.265243,0,0,0.0224001,0.0639599,-2.85142,-0.573414,0.587619,0.983554,-1.12202,0.466625,-1.54356,1.73382,-0.161009,0.152082,nan,nan,0,-2.61118,0.0259824,-0.978919,-42.6618,-1.25559,-1.34932,nan,nan,0,-0.104615,-0.243619,-1.2551,-14.5299,-0.362308,-0.996307,nan,nan,0,-0.232236,0.465091,-1.52515,-13.4554,0.373882,0.232632,nan,nan,0,0.107021,-0.146828,1.51766,-3.22835,-0.156489,nan,-2.61462,-10.8016,1,1.09023,0.105939,2.92928,11.6454,0.545114,nan,8.78134,12.0411,1,-1.05121,-0.431918,-0.377452,-2.90598,-0.925607,-0.587177,nan,nan,0,0.0802678,-0.0254068,-0.359039,-6.91087,-0.00986611,-0.313612,nan,nan,0,0.113562,0.339494,-0.757972,-3.58974,0.366781,0.141827,nan,nan,0,1.30525,0.608137,2.31688,15.1648,1.14263,1.10009,nan,nan,0,-0.210354,-0.240619,-0.82928,0.101487,-0.315177,nan,-1.3656,0.599272,1,-0.0965966,0.0621981,-0.604255,-1.96704,-0.0482983,nan,-2.40851,-2.43001,1,0,0.14414,0.033255,-0.006454,-0.988977,-0.573414,0.587619,0.983554,-9.00452,-14.5876,4.7031
1786071336745558107,0.3968,0.917905,0.265243,0,0,0.0142574,0.068719,-2.83714,-1.01461,0.249861,1.66649,-0.439388,0.452435,-1.34716,-10.1343,0.180306,-0.144652,nan,nan,0,-1.78674,0.0156274,-0.997331,-56.337,-0.84337,-1.39479,nan,nan,0,0.669092,-0.266438,-2.46418,-14.9206,0.0245458,-0.788572,nan,nan,0,-0.143276,0.450709,-1.57425,-9.40171,0.418362,0.316232,nan,nan,0,0.220073,-0.146531,-0.562234,-4.7828,-0.0999636,nan,2.47322,-6.22159,1,0.962812,0.130983,1.75304,13.7923,0.481406,nan,7.88313,11.0173,1,-1.3951,-0.435945,-0.371314,-4.27351,-1.09755,-0.692664,nan,nan,0,0.188756,-0.0309677,-0.653635,-1.5873,0.0443781,-0.192209,nan,nan,0,0.296405,0.326838,-1.43923,0.0244217,0.458202,0.240657,nan,nan,0,0.938909,0.634215,2.70967,19.2674,0.959454,1.15601,nan,nan,0,-0.171557,-0.249125,-0.761773,0.18058,-0.295779,nan,-0.490228,-0.0883753,1,-0.114179,0.0513452,-1.12495,-1.77566,-0.0570896,nan,-1.56562,-2.27911,1,0,0.151303,0.035035,-0.001833,-0.987864,-1.01461,0.249861,1.66649,-3.26273,0.036871,4.77878
1786071336755669023,0.478507,0.878084,0.265243,0,0,0.0054193,0.0659326,-2.81277,-0.552341,-0.261514,1.4009,0.131846,0.438629,-1.23055,-17.6557,0.465923,-0.113226,nan,nan,0,-2.35518,0.00699902,-0.678185,-62.0024,-1.12759,-1.20367,nan,nan,0,0.124397,-0.281777,-0.537024,-16.1905,-0.247801,-0.402343,nan,nan,0,-0.241887,0.43326,-1.37171,-2.90598,0.369056,0.379398,nan,nan,0,0.00724475,-0.154566,-0.832185,-7.03976,-0.206378,nan,-0.565126,-1.15168,1,1.00031,0.13839,0.324156,13.3043,0.500154,nan,10.3667,9.62291,1,-1.22249,-0.43978,-0.352901,-7.49695,-1.01124,-0.889077,nan,nan,0,0.282821,-0.042089,-1.16304,4.07815,0.0914107,-0.0548876,nan,nan,0,0.320741,0.306322,-1.94863,7.00854,0.47037,0.356749,nan,nan,0,0.743544,0.667387,3.21294,14.7741,0.861772,1.10318,nan,nan,0,-0.0824386,-0.255852,-0.722332,-0.165022,-0.251219,nan,1.24564,-0.558651,1,-0.0344098,0.0378853,-1.57308,-2.12651,-0.0172049,nan,0.706918,-1.77328,1,0,0.163494,0.032959,0.002723,-0.985989,-0.552341,-0.261514,1.4009,1.97815,6.91027,10.0163
1786071336765668730,0.555358,0.831611,0.265243,0,0,-0.000211296,0.0636403,-2.80367,-0.638205,-0.0323627,0.551729,-0.247825,0.426933,-1.14463,-12.4786,0.276087,0.131818,nan,nan,0,-2.15679,0.0033555,-0.28539,-46.6667,-1.02839,-1.07154,nan,nan,0,-0.414462,-0.271615,1.58652,-9.45055,-0.517231,-0.186853,nan,nan,0,-0.360149,0.42118,-1.13235,-1.24542,0.309926,0.397825,nan,nan,0,0.293004,-0.158765,-0.225406,-2.95475,-0.063498,nan,3.67246,0.958678,1,1.02324,0.134366,-0.618884,9.9756,0.511621,nan,12.246,9.59249,1,-0.851787,-0.443615,-0.414276,-10.7692,-0.825893,-1.01128,nan,nan,0,-0.189409,-0.0557036,-1.4515,8.76679,-0.144704,0.0422928,nan,nan,0,-0.167875,0.289831,-1.37785,6.66666,0.226062,0.438478,nan,nan,0,0.938816,0.702287,3.56891,7.64347,0.959408,0.987818,nan,nan,0,-0.155296,-0.264503,-0.735278,-0.562967,-0.287648,nan,0.292858,-0.0294003,1,0.078148,0.0182354,-1.82528,-1.50836,0.039074,nan,3.36308,-0.589155,1,0,0.168076,0.031344,0.005454,-0.98526,-0.638205,-0.0323627,0.551729,3.58038,0.417769,12.105
1786071336775642149,0.62747,0.778641,0.265243,0,0,-0.00385214,0.0627592,-2.80175,-0.750384,0.000995291,0.204626,-0.498734,0.416961,-1.07712,-6.71551,0.150633,0.294325,nan,nan,0,-1.48983,0.00067091,-0.328352,-36.4103,-0.694916,-1.034,nan,nan,0,-0.0624687,-0.250714,2.42121,-7.30159,-0.341234,-0.251749,nan,nan,0,-0.331917,0.412935,-0.843896,0.0732574,0.324042,0.368901,nan,nan,0,0.412256,-0.158899,0.277149,-0.739272,-0.00387213,nan,5.0102,1.95535,1,0.907076,0.131077,-0.52148,8.97205,0.453538,nan,10.456,10.7674,1,-0.957877,-0.448409,-0.598398,-10.4274,-0.878938,-0.980817,nan,nan,0,-0.109112,-0.0693178,-1.50674,7.78999,-0.104556,0.0134562,nan,nan,0,-0.31816,0.28312,-0.524749,6.32478,0.15092,0.394443,nan,nan,0,0.964352,0.73124,3.61801,-0.268623,0.972176,0.929316,nan,nan,0,-0.206435,-0.271179,-0.775276,0.0836478,-0.313218,nan,-0.308454,0.475708,1,0.0111867,0.00132785,-1.94066,-0.495791,0.00559333,nan,3.03895,1.37762,1,0,0.169082,0.030597,0.007203,-0.9851,-0.750384,0.000995291,0.204626,4.2,-4.82506,9.2644
1786071336785548544,0.694134,0.719846,0.265243,0,0,-0.0134693,0.0614859,-2.80253,-1.00551,0.0631493,-0.238075,-0.446482,0.406991,-0.948232,-2.66178,0.176759,0.284116,nan,nan,0,-1.01275,-0.00527287,-0.733422,-29.3773,-0.456376,-0.913023,nan,nan,0,-0.272269,-0.230963,1.59266,-6.03175,-0.446135,-0.341572,nan,nan,0,-0.414755,0.405648,-0.678185,-0.21978,0.282623,0.337245,nan,nan,0,0.315736,-0.152657,0.490554,1.91836,-0.0521318,nan,2.78256,3.32619,1,0.891001,0.128427,0.393457,9.44382,0.445501,nan,8.92201,11.0803,1,-0.870981,-0.456271,-0.850034,-8.52259,-0.83549,-0.914086,nan,nan,0,-0.0455281,-0.0835075,-1.3533,5.73871,-0.0727641,-0.0584984,nan,nan,0,-0.34545,0.283695,0.230153,1.63614,0.137275,0.276123,nan,nan,0,0.859353,0.766523,3.46457,-5.68987,0.919677,0.933963,nan,nan,0,-0.166168,-0.277728,-0.720408,-0.0449033,-0.293084,nan,0.543144,0.360794,1,0.00883117,-0.0154144,-1.75545,0.613126,0.00441558,nan,3.22808,2.83399,1,0,0.168843,0.029161,0.011821,-0.98514,-1.00551,0.0631493,-0.238075,4.74722,2.79563,7.17824
1786071336795684300,0.756611,0.653865,0.265243,0,0,-0.026925,0.062654,-2.80936,-0.711683,0.0748735,-0.57681,-0.422787,0.397787,-0.794796,-3.88278,0.188606,0.224268,nan,nan,0,-1.09584,-0.0167785,-1.14463,-25.6654,-0.497918,-0.698389,nan,nan,0,-0.557783,-0.22291,0.420414,-5.64103,-0.588892,-0.397736,nan,nan,0,-0.457842,0.399129,-0.567711,-3.83395,0.261079,0.309494,nan,nan,0,0.152209,-0.150522,0.487512,3.62366,-0.133895,nan,-0.149327,3.68566,1,0.956692,0.144522,1.05849,10.6059,0.478346,nan,8.42699,9.99234,1,-0.77302,-0.4672,-1.04643,-7.39927,-0.78651,-0.866241,nan,nan,0,-0.00998949,-0.09693,-1.15077,2.02686,-0.0549947,-0.088362,nan,nan,0,-0.264122,0.28753,0.340627,-1.14774,0.177939,0.181173,nan,nan,0,0.798562,0.80238,3.16384,-7.15507,0.889281,0.936804,nan,nan,0,-0.16734,-0.284121,-0.668091,0.216345,-0.29367,nan,0.667906,0.321913,1,0.00666648,-0.0301988,-1.21387,2.00201,0.00333324,nan,2.82677,3.38932,1,0,0.165674,0.028663,0.018449,-0.985591,-0.711683,0.0748735,-0.57681,2.19744,1.8824,3.53877
1786071336807541830,0.817111,0.57648,0.265243,0,0,-0.0304185,0.0624842,-2.81215,-0.597445,-0.00969899,-0.530723,-0.405431,0.390308,-0.622948,-6.71551,0.197285,0.190124,nan,nan,0,-1.24936,-0.0296254,-1.10167,-25.4212,-0.574678,-0.540376,nan,nan,0,-0.685573,-0.220417,0.266977,-8.22955,-0.652786,-0.481899,nan,nan,0,-0.480631,0.393952,-0.487926,-7.00854,0.249685,0.282438,nan,nan,0,0.0741217,-0.144123,0.171004,5.20636,-0.172939,nan,-1.26506,2.35554,1,0.963878,0.149732,0.48581,11.0858,0.481939,nan,9.2375,8.86902,1,-0.757895,-0.479664,-1.16304,-7.88766,-0.778948,-0.82346,nan,nan,0,-0.00710894,-0.108243,-0.991194,1.48962,-0.0535545,-0.0821459,nan,nan,0,-0.168448,0.286763,-0.279252,-2.17339,0.225776,0.149735,nan,nan,0,0.800289,0.837662,2.82015,-7.59463,0.890144,0.919152,nan,nan,0,-0.210121,-0.290404,-0.579018,-0.170313,-0.31506,nan,0.00555918,0.483369,1,-0.011489,-0.0376532,-0.446265,2.33159,-0.00574449,nan,1.62666,3.21516,1,0,0.164345,0.028318,0.020117,-0.985791,-0.597445,-0.00969899,-0.530723,2.37705,2.09826,5.50702
1786071336815587821,0.86058,0.509316,0.265243,0,0,-0.0356431,0.06031,-2.81644,-0.3975,-0.197367,-0.309951,-0.265195,0.385898,-0.518612,-6.37363,0.267402,0.184051,nan,nan,0,-1.53649,-0.0367203,-0.800934,-26.4469,-0.718244,-0.506267,nan,nan,0,-0.3562,-0.218691,0.187191,-10.232,-0.4881,-0.575608,nan,nan,0,-0.441823,0.389925,-0.432689,-8.96215,0.269088,0.261646,nan,nan,0,-0.0987179,-0.144123,-0.104595,3.84636,-0.259359,nan,-3.87635,0.47344,1,1.02576,0.148577,-0.194723,9.78483,0.512881,nan,11.2212,8.76675,1,-0.85395,-0.48906,-1.16304,-7.78999,-0.826975,-0.792458,nan,nan,0,-0.190715,-0.11553,-0.874582,0.854698,-0.145357,-0.0669753,nan,nan,0,-0.0478107,0.282352,-0.598398,-1.78266,0.286095,0.171712,nan,nan,0,0.894394,0.856262,2.59306,-9.15751,0.937197,0.900501,nan,nan,0,-0.18175,-0.294538,-0.463166,-0.092346,-0.300875,nan,0.472931,0.418812,1,-0.0582569,-0.0381235,0.194116,2.14227,-0.0291284,nan,-0.0213238,2.43827,1,0,0.162291,0.026865,0.022457,-0.986121,-0.3975,-0.197367,-0.309951,1.91102,0.493579,7.41173
1786071336825536725,0.902621,0.430436,0.265243,0,0,-0.0396385,0.0587653,-2.81834,-0.388779,-0.0999078,-0.0845107,-0.240254,0.381296,-0.420414,-6.03175,0.279873,0.21195,nan,nan,0,-1.30955,-0.0413222,-0.309939,-26.7888,-0.604774,-0.578186,nan,nan,0,-0.0393523,-0.219075,-0.14423,-11.6484,-0.329676,-0.582558,nan,nan,0,-0.409995,0.386281,-0.377452,-11.1111,0.285002,0.257032,nan,nan,0,-0.138763,-0.148353,-0.47786,1.36246,-0.279382,nan,-3.86922,-1.55499,1,1.00725,0.143242,-0.792266,9.52896,0.503625,nan,11.9999,9.84526,1,-0.91557,-0.500181,-1.08325,-9.15751,-0.857785,-0.793942,nan,nan,0,-0.235045,-0.122816,-0.64136,-0.268623,-0.167523,-0.0865815,nan,nan,0,0.0251262,0.276217,-0.530887,-1.73382,0.322563,0.223462,nan,nan,0,0.895122,0.880039,2.29233,-9.74359,0.937561,0.90616,nan,nan,0,-0.135697,-0.300623,-0.410906,0.0619115,-0.277849,nan,1.41346,0.374219,1,-0.116856,-0.0356509,0.799234,1.71673,-0.0584282,nan,-1.88217,1.11496,1,0,0.161398,0.025802,0.024278,-0.986253,-0.388779,-0.0999078,-0.0845107,-1.40458,-0.910014,8.14864
1786071336835489683,0.937572,0.347791,0.265243,0,0,-0.0437661,0.0586623,-2.81788,-0.465234,0.0117201,0.171904,-0.237327,0.377653,-0.328352,-5.44566,0.281336,0.250176,nan,nan,0,-1.12427,-0.0418973,0.0153437,-23.956,-0.512134,-0.627691,nan,nan,0,0.116936,-0.22291,-0.506338,-9.25519,-0.251532,-0.485889,nan,nan,0,-0.378521,0.38283,-0.33449,-10.6715,0.30074,0.267075,nan,nan,0,-0.135916,-0.156825,-0.763353,-1.1945,-0.277958,nan,-3.09462,-3.00314,1,0.967628,0.132127,-1.31837,10.0407,0.483814,nan,12.5282,11.3092,1,-0.939079,-0.50996,-0.942094,-7.78999,-0.86954,-0.820663,nan,nan,0,-0.141543,-0.127035,-0.328352,-2.0757,-0.120772,-0.127471,nan,nan,0,0.0705509,0.273724,-0.14423,-1.39194,0.345275,0.278895,nan,nan,0,0.769021,0.903241,2.02228,-11.9414,0.874511,0.92283,nan,nan,0,-0.100158,-0.302588,-0.369709,0.183433,-0.260079,nan,2.04239,0.736446,1,-0.141525,-0.0225682,1.05309,0.798984,-0.0707624,nan,-3.02546,-0.605605,1,0,0.161678,0.025412,0.026311,-0.986165,-0.465234,0.0117201,0.171904,-2.31706,-1.24746,7.84903
1786071336845661060,0.965344,0.260979,0.265243,0,0,-0.0517982,0.0615758,-2.81419,-0.587205,0.0755211,0.326382,-0.230441,0.374968,-0.224015,-4.51771,0.28478,0.274624,nan,nan,0,-1.0144,-0.0418973,-0.00306892,-22.7839,-0.457202,-0.598155,nan,nan,0,0.0886144,-0.23058,-0.672048,-5.59219,-0.265693,-0.359852,nan,nan,0,-0.38711,0.379762,-0.205604,-11.2088,0.296445,0.28348,nan,nan,0,-0.0973509,-0.163183,-0.729055,-3.8885,-0.258675,nan,-2.24864,-3.40792,1,0.919072,0.117346,-1.20373,10.7106,0.459536,nan,12.0713,12.3682,1,-0.88169,-0.519356,-0.819346,-7.54578,-0.840845,-0.849249,nan,nan,0,-0.212087,-0.129144,-0.125817,-2.41758,-0.156044,-0.142064,nan,nan,0,-0.0106626,0.272957,-0.0644426,0.268623,0.304669,0.32124,nan,nan,0,0.567009,0.923759,1.78292,-11.16,0.773504,0.913408,nan,nan,0,-0.0863624,-0.304485,-0.270809,0.158843,-0.253181,nan,2.20183,1.36373,1,-0.0970881,-0.00849409,1.07863,-0.259696,-0.048544,nan,-2.81945,-2.18169,1,0,0.163626,0.026143,0.030553,-0.985702,-0.587205,0.0755211,0.326382,-3.96212,-2.24164,9.83958
1786071336855543139,0.984703,0.174241,0.265243,0,0,-0.056464,0.0630975,-2.81175,-0.391489,0.115154,0.130022,-0.228644,0.373051,-0.162642,-3.5409,0.285678,0.285011,nan,nan,0,-0.993835,-0.0418973,-0.0153437,-22.149,-0.446917,-0.530605,nan,nan,0,0.018442,-0.233265,-0.0398932,-4.12698,-0.300779,-0.280393,nan,nan,0,-0.422736,0.378228,-0.113543,-10.2808,0.278632,0.294554,nan,nan,0,-0.0368612,-0.169523,-0.443441,-4.57484,-0.228431,nan,-1.39659,-3.05239,1,0.867043,0.110845,-0.601661,11.1484,0.433522,nan,10.5828,12.5346,1,-0.752735,-0.52741,-0.807072,-6.66666,-0.776367,-0.856736,nan,nan,0,-0.235795,-0.129911,-0.0644426,-1.78266,-0.167898,-0.146611,nan,nan,0,-0.153416,0.273149,0.0398932,1.3431,0.233292,0.330032,nan,nan,0,0.493585,0.939865,1.50674,-10.0366,0.736792,0.858961,nan,nan,0,-0.100112,-0.308351,-0.179256,1.11052,-0.260056,nan,1.95922,1.9051,1,-0.0854355,-0.00360089,0.710459,-1.48889,-0.0427177,nan,-2.23919,-2.93088,1,0,0.164907,0.026471,0.033008,-0.985401,-0.391489,0.115154,0.130022,-1.95691,0.809304,9.34799
1786071336865644135,0.996429,0.0844335,0.265243,0,0,-0.0591825,0.0641698,-2.81069,-0.231553,-0.0375119,0.127752,-0.0266687,0.371708,-0.131955,-2.5641,0.386666,0.287952,nan,nan,0,-1.14791,-0.042089,0.00306892,-18.4371,-0.523956,-0.474761,nan,nan,0,0.141636,-0.23058,0.371314,-3.10134,-0.239182,-0.265069,nan,nan,0,-0.456616,0.377844,0.00920582,-9.93895,0.261692,0.292347,nan,nan,0,-0.0840979,-0.169482,-0.0895313,-4.33756,-0.252049,nan,-2.75555,-2.36685,1,0.859275,0.10735,0.224564,11.488,0.429637,nan,9.33177,11.677,1,-0.752252,-0.535847,-0.85617,-6.52015,-0.776126,-0.829733,nan,nan,0,-0.318033,-0.130294,-0.0214806,-1.48962,-0.209017,-0.156327,nan,nan,0,-0.239089,0.273916,0.107406,1.39194,0.190456,0.296326,nan,nan,0,0.541301,0.952521,1.15077,-13.9927,0.760651,0.791633,nan,nan,0,-0.0991045,-0.308318,-0.0364482,1.39473,-0.259552,nan,1.76149,2.06955,1,-0.0801668,0.000174803,0.0502629,-2.07929,-0.0400834,nan,-1.28314,-2.76986,1,0,0.165479,0.026757,0.034449,-0.985248,-0.231553,-0.0375119,0.127752,-1.41297,1.19532,6.24587
1786071336875647001,0.999988,-0.00493957,0.265243,0,0,-0.0608423,0.0636909,-2.80906,-0.124409,-0.0559962,0.197812,0.0760288,0.370366,-0.138092,-1.73382,0.438014,0.320526,nan,nan,0,-1.29792,-0.042089,0.00306892,-17.1673,-0.598962,-0.472666,nan,nan,0,0.284646,-0.225786,0.457238,-2.85714,-0.167677,-0.258757,nan,nan,0,-0.45956,0.378612,0.09513,-10.7692,0.26022,0.279524,nan,nan,0,-0.141997,-0.169434,0.21692,-3.33809,-0.280998,nan,-4.23014,-2.25726,1,0.885536,0.114533,0.541605,11.4178,0.442768,nan,9.03464,10.2553,1,-0.754714,-0.544859,-0.911407,-4.71307,-0.777357,-0.796741,nan,nan,0,-0.396044,-0.130294,0.00920582,-1.19658,-0.248022,-0.177874,nan,nan,0,-0.258939,0.274875,0.0767183,0.610504,0.18053,0.243044,nan,nan,0,0.575257,0.960766,0.672048,-14.9206,0.777628,0.755977,nan,nan,0,-0.0614117,-0.308381,0.100923,1.46446,-0.240706,nan,2.21724,1.93243,1,-0.0781896,-0.00459412,-0.55581,-1.84385,-0.0390948,nan,-0.201305,-1.97902,1,0,0.166298,0.026355,0.035249,-0.985092,-0.124409,-0.0559962,0.197812,-0.093544,0.114354,7.24441
1786071336885582958,0.995543,-0.0943092,0.265243,0,0,-0.0612049,0.0635497,-2.80791,-0.0660897,-0.0533753,0.250044,0.0675548,0.369024,-0.150367,-1.44078,0.433777,0.377803,nan,nan,0,-1.43956,-0.042089,0.00306892,-17.2161,-0.669782,-0.522047,nan,nan,0,0.323759,-0.221951,0.432689,-2.95483,-0.148121,-0.224245,nan,nan,0,-0.426725,0.379762,0.150368,-12.3321,0.276638,0.267159,nan,nan,0,-0.2085,-0.167314,0.237834,-1.78707,-0.31425,nan,-5.4995,-3.02404,1,0.944141,0.119094,0.388602,10.6821,0.472071,nan,10.0064,9.24363,1,-0.684356,-0.553296,-0.935957,-3.63858,-0.742178,-0.778853,nan,nan,0,-0.370772,-0.130294,0.00920582,-1.78266,-0.235386,-0.211155,nan,nan,0,-0.215423,0.274491,-0.0705805,-0.317459,0.202288,0.200936,nan,nan,0,0.529565,0.964026,0.230153,-13.9927,0.754782,0.755076,nan,nan,0,-0.000968222,-0.304503,0.228953,1.18714,-0.210484,nan,2.94724,1.90215,1,-0.0714071,-0.0078981,-0.939087,-1.67729,-0.0357036,nan,0.574467,-0.893273,1,0,0.166864,0.026235,0.035431,-0.984993,-0.0660897,-0.0533753,0.250044,-0.658048,0.993724,7.38934
1786071336895599131,0.983045,-0.183366,0.265243,0,0,-0.0606361,0.0634312,-2.80364,0.0718398,0.0203199,0.317465,-0.0131393,0.36749,-0.125817,-0.366302,0.39343,0.419994,nan,nan,0,-1.71418,-0.042089,0.00920582,-20.1954,-0.807091,-0.595399,nan,nan,0,0.156831,-0.216391,0.506338,-1.78266,-0.231584,-0.181751,nan,nan,0,-0.397661,0.381488,0.150368,-12.2833,0.29117,0.2661,nan,nan,0,-0.180814,-0.167314,-0.0917323,-2.07281,-0.300407,nan,-4.52065,-4.179,1,0.973732,0.119871,-0.154228,9.93276,0.486866,nan,11.2412,9.29864,1,-0.593782,-0.563651,-0.929819,-4.81075,-0.696891,-0.762208,nan,nan,0,-0.323482,-0.130103,0.00306892,-2.90598,-0.211741,-0.233288,nan,nan,0,-0.150214,0.272957,-0.125817,-2.02686,0.234893,0.18777,nan,nan,0,0.408259,0.963067,-0.230153,-13.6508,0.69413,0.758414,nan,nan,0,0.0386471,-0.302591,0.437185,0.974747,-0.190676,nan,3.26124,2.21936,1,-0.0572215,-0.0233635,-1.17024,-0.757,-0.0286107,nan,1.59795,0.195529,1,0,0.168957,0.026149,0.035197,-0.984647,0.0718398,0.0203199,0.317465,-0.17603,1.16171,8.82006
1786071336905560967,0.962758,-0.270364,0.265243,0,0,-0.0595753,0.0644163,-2.80072,0.0823665,0.107354,0.243748,-0.170012,0.366531,-0.0705805,0.805862,0.314994,0.423756,nan,nan,0,-1.67305,-0.0418973,0.00920582,-23.1746,-0.786525,-0.694603,nan,nan,0,0.0693065,-0.21083,0.567711,-0.952377,-0.275347,-0.182067,nan,nan,0,-0.385581,0.382638,0.113543,-12.0879,0.29721,0.275787,nan,nan,0,-0.0667836,-0.169431,-0.324676,-3.63384,-0.243392,nan,-2.10162,-4.68851,1,0.963164,0.115115,-0.487661,9.60794,0.481582,nan,11.7255,10.2078,1,-0.544197,-0.572471,-0.850034,-4.42002,-0.672098,-0.733475,nan,nan,0,-0.288862,-0.130103,0.00306892,-4.12698,-0.194431,-0.231977,nan,nan,0,-0.236364,0.272573,0.0153437,-3.00366,0.191818,0.202241,nan,nan,0,0.39886,0.958465,-0.537024,-11.9414,0.68943,0.737687,nan,nan,0,0.0127997,-0.2986,0.57482,1.69778,-0.2036,nan,2.46277,2.67609,1,-0.0691788,-0.0368063,-1.19614,0.112522,-0.0345894,nan,1.86072,1.126,1,0,0.170393,0.026673,0.034796,-0.9844,0.0823665,0.107354,0.243748,-1.21113,0.015266,9.32023
1786071336915726473,0.934276,-0.356551,0.265243,0,0,-0.0587262,0.065981,-2.79911,0.0455973,0.119723,0.0865097,-0.233358,0.36634,-0.00306892,0.512817,0.283321,0.384105,nan,nan,0,-1.57248,-0.0418973,0.00306892,-27.1795,-0.73624,-0.767469,nan,nan,0,-0.0730803,-0.205461,0.555436,-1.44078,-0.34654,-0.220994,nan,nan,0,-0.409553,0.383597,0.101268,-11.5018,0.285224,0.287676,nan,nan,0,-0.00437359,-0.173623,-0.512957,-4.63484,-0.212187,nan,-0.580282,-3.83575,1,0.933151,0.109668,-0.415668,9.57086,0.466576,nan,11.3307,11.1696,1,-0.490563,-0.580525,-0.776384,-3.05251,-0.645281,-0.700292,nan,nan,0,-0.261703,-0.130103,0.0153437,-3.88278,-0.180852,-0.216004,nan,nan,0,-0.296422,0.272382,-0.0398932,-1.88034,0.161789,0.207795,nan,nan,0,0.319005,0.952137,-0.788659,-11.9902,0.649502,0.709518,nan,nan,0,-0.0261048,-0.290462,0.752665,2.00403,-0.223052,nan,1.23036,2.72521,1,-0.0649307,-0.0446079,-1.01453,0.961727,-0.0324653,nan,1.88607,1.72237,1,0,0.171191,0.027488,0.034532,-0.984248,0.0455973,0.119723,0.0865097,-1.33647,-0.181625,9.73937
1786071336925721696,0.898523,-0.438927,0.265243,0,0,-0.0584621,0.066568,-2.79902,0.0544729,0.0826883,-0.0443915,-0.150157,0.36634,-0.00306892,1.00122,0.324921,0.330129,nan,nan,0,-1.50683,-0.0418973,0.00306892,-28.9866,-0.703414,-0.778173,nan,nan,0,-0.134545,-0.200475,0.537024,-2.90598,-0.377272,-0.280537,nan,nan,0,-0.460543,0.384939,0.162642,-11.5018,0.259729,0.291316,nan,nan,0,-0.0354891,-0.177747,-0.574049,-3.64675,-0.227745,nan,-0.888855,-2.18516,1,0.893828,0.108291,0.15375,10.0691,0.446914,nan,9.92805,11.4687,1,-0.442062,-0.587044,-0.71501,-2.27106,-0.621031,-0.669515,nan,nan,0,-0.270047,-0.130103,-0.00920582,-2.8083,-0.185024,-0.197058,nan,nan,0,-0.341382,0.271807,-0.0583057,-1.97802,0.139309,0.191436,nan,nan,0,0.188976,0.942166,-1.06484,-10.8181,0.584488,0.679601,nan,nan,0,-0.0460472,-0.284289,0.902935,1.89,-0.233024,nan,0.439897,2.1008,1,-0.0499603,-0.054231,-0.783149,1.17589,-0.0249801,nan,2.05225,1.94406,1,0,0.171239,0.027798,0.034453,-0.984234,0.0544729,0.0826883,-0.0443915,-0.906179,-0.40211,10.588
1786071336935551824,0.856222,-0.516608,0.265243,0,0,-0.057928,0.0667062,-2.80109,0.075266,0.0339898,-0.365197,-0.215753,0.365956,-0.046031,-0.0244217,0.292123,0.307345,nan,nan,0,-1.42531,-0.0418973,0.00306892,-29.1819,-0.662654,-0.749303,nan,nan,0,-0.265445,-0.19664,0.316077,-4.17583,-0.442723,-0.337764,nan,nan,0,-0.457045,0.387048,0.254703,-13.0159,0.261477,0.280903,nan,nan,0,-0.044346,-0.18597,-0.528909,-2.49806,-0.232173,nan,-0.823756,-1.02019,1,0.882219,0.119957,0.774869,10.9829,0.44111,nan,8.47227,10.7492,1,-0.347526,-0.593756,-0.647498,-1.48962,-0.573763,-0.64206,nan,nan,0,-0.185123,-0.130486,-0.0276184,-2.02686,-0.142561,-0.185705,nan,nan,0,-0.347069,0.270464,-0.205604,-1.68498,0.136466,0.165498,nan,nan,0,0.11114,0.930853,-1.32261,-9.40171,0.54557,0.636216,nan,nan,0,-0.0721743,-0.273951,1.0885,1.89353,-0.246087,nan,-0.657525,1.12951,1,-0.0549663,-0.0580138,-0.376323,1.17812,-0.0274832,nan,1.4804,1.96246,1,0,0.170218,0.027947,0.034173,-0.984417,0.075266,0.0339898,-0.365197,0.084241,-1.32351,11.2832
1786071336945623586,0.806355,-0.591432,0.265243,0,0,-0.0579403,0.0669305,-2.80592,0.0307058,0.166856,-0.54253,-0.515403,0.364997,-0.107405,-0.122101,0.142299,0.299454,nan,nan,0,-1.3078,-0.0418973,0.00920582,-28.4005,-0.603902,-0.706223,nan,nan,0,-0.340542,-0.195106,0.0644436,-5.29915,-0.480271,-0.392581,nan,nan,0,-0.415494,0.390116,0.340627,-14.2369,0.282253,0.268533,nan,nan,0,0.0553624,-0.189968,-0.416748,-1.23987,-0.182319,nan,0.89286,-0.627762,1,0.859849,0.127174,0.640331,10.9732,0.429925,nan,8.12204,9.51586,1,-0.288374,-0.599699,-0.573849,-0.952377,-0.544187,-0.609547,nan,nan,0,-0.153206,-0.130869,-0.0398932,-1.92918,-0.126603,-0.168751,nan,nan,0,-0.371903,0.26682,-0.408138,-1.63614,0.124048,0.145302,nan,nan,0,0.102005,0.915513,-1.63562,-11.0134,0.541003,0.587446,nan,nan,0,-0.109974,-0.263583,1.16477,1.00548,-0.264987,nan,-1.79629,0.0705142,1,-0.0773878,-0.060205,-0.0209477,1.39288,-0.0386939,nan,0.676756,1.74406,1,0,0.16784,0.028139,0.03413,-0.984821,0.0307058,0.166856,-0.54253,0.70241,-1.87697,10.8729
1786071336955616158,0.750054,-0.661376,0.265243,0,0,-0.0582468,0.0680655,-2.81108,0.000103481,0.150161,-0.438625,-0.542936,0.363847,-0.125817,-1.19658,0.128532,0.24513,nan,nan,0,-1.30858,-0.0417056,0.046031,-27.4237,-0.604291,-0.655113,nan,nan,0,-0.22156,-0.195298,-0.0398932,-6.95971,-0.42078,-0.442755,nan,nan,0,-0.417336,0.394144,0.365176,-14.6764,0.281332,0.268798,nan,nan,0,0.116355,-0.191952,-0.32472,-0.935379,-0.151822,nan,1.89161,-0.071268,1,0.830261,0.127855,0.133046,10.2026,0.415131,nan,8.4187,8.64208,1,-0.314631,-0.604877,-0.475651,-0.561661,-0.557316,-0.574375,nan,nan,0,-0.189197,-0.131253,-0.0276184,-1.48962,-0.144598,-0.146545,nan,nan,0,-0.343651,0.26126,-0.64136,-1.24542,0.138175,0.132017,nan,nan,0,0.0619585,0.894996,-1.99773,-10.232,0.520979,0.553371,nan,nan,0,-0.125334,-0.2532,1.11476,0.580802,-0.272667,nan,-2.35347,-1.01067,1,-0.102114,-0.0582365,0.35597,1.08778,-0.051057,nan,-0.31857,1.17498,1,0,0.165315,0.028761,0.034301,-0.985224,0.000103481,0.150161,-0.438625,-0.799264,-1.84619,9.79724
1786071336965547162,0.688159,-0.72556,0.265243,0,0,-0.0587742,0.0693658,-2.81483,-0.0374572,0.144752,-0.291177,-0.500694,0.362313,-0.150367,-2.17339,0.149653,0.176716,nan,nan,0,-1.24093,-0.0409384,0.107406,-25.5678,-0.570463,-0.617441,nan,nan,0,-0.0843135,-0.196065,-0.113543,-8.03419,-0.352157,-0.453969,nan,nan,0,-0.403652,0.397595,0.322214,-13.2112,0.288174,0.27522,nan,nan,0,0.162252,-0.194046,-0.267195,-0.118488,-0.128874,nan,2.68181,0.853878,1,0.793316,0.124625,-0.380723,9.31334,0.396658,nan,8.73206,8.44689,1,-0.321928,-0.608904,-0.365176,-0.463982,-0.560964,-0.555193,nan,nan,0,-0.196216,-0.131637,-0.0337563,-0.610504,-0.148108,-0.13716,nan,nan,0,-0.270774,0.253207,-0.880719,-0.512817,0.174613,0.129531,nan,nan,0,-0.0451352,0.875245,-2.26778,-10.1343,0.467432,0.532331,nan,nan,0,-0.127574,-0.240727,1.00246,-0.701028,-0.273787,nan,-2.66081,-1.90898,1,-0.112674,-0.0481421,0.662075,0.829972,-0.0563368,nan,-1.23895,0.311891,1,0,0.163493,0.029423,0.034612,-0.985497,-0.0374572,0.144752,-0.291177,-1.53537,-1.64951,9.68983
1786071336975598526,0.619978,-0.784619,0.265243,0,0,-0.059727,0.070609,-2.81688,-0.118275,0.127185,-0.0933627,-0.505766,0.360587,-0.181053,-3.7851,0.147117,0.143145,nan,nan,0,-1.19175,-0.0394044,0.168778,-23.0281,-0.545877,-0.590715,nan,nan,0,0.0849602,-0.198366,-0.254703,-7.74115,-0.26752,-0.417788,nan,nan,0,-0.349129,0.40028,0.254703,-12.5275,0.315436,0.28209,nan,nan,0,0.218534,-0.198319,-0.324661,1.24789,-0.100733,nan,3.90248,1.87315,1,0.719059,0.121481,-0.525457,8.46657,0.359529,nan,7.92963,8.63985,1,-0.270551,-0.611588,-0.242428,-0.463982,-0.535275,-0.552699,nan,nan,0,-0.165901,-0.131637,-0.00306892,-0.65934,-0.132951,-0.139654,nan,nan,0,-0.189441,0.242852,-1.05871,0.122101,0.21528,0.145144,nan,nan,0,-0.243912,0.8484,-2.51941,-9.01099,0.368044,0.503951,nan,nan,0,-0.110867,-0.236499,0.83813,-0.973235,-0.265433,nan,-2.26989,-2.45313,1,-0.1186,-0.0472884,0.841444,0.33254,-0.0593001,nan,-1.62252,-0.614861,1,0,0.162509,0.029994,0.035151,-0.985624,-0.118275,0.127185,-0.0933627,-0.777184,-2.38857,9.22018
1786071336985626688,0.546942,-0.837171,0.265243,0,0,-0.0610169,0.0722404,-2.81731,-0.0915309,0.198308,-0.00668128,-0.605509,0.358478,-0.224015,-4.90842,0.0972455,0.137245,nan,nan,0,-1.11088,-0.0372953,0.224015,-23.6142,-0.50544,-0.566119,nan,nan,0,0.190793,-0.200283,-0.14423,-6.91087,-0.214604,-0.34892,nan,nan,0,-0.285487,0.402197,0.199466,-11.7949,0.347256,0.295711,nan,nan,0,0.37168,-0.200436,-0.287258,1.86764,-0.0241599,nan,6.60055,2.94849,1,0.630848,0.115107,-0.306604,8.17654,0.315424,nan,6.46943,8.52939,1,-0.161113,-0.613122,-0.113543,-0.610504,-0.480556,-0.547685,nan,nan,0,-0.176547,-0.131637,0.0153437,-0.415138,-0.138274,-0.139514,nan,nan,0,-0.204913,0.232114,-1.08939,0.65934,0.207543,0.176706,nan,nan,0,-0.330646,0.82213,-2.70353,-10.232,0.324677,0.446574,nan,nan,0,-0.101749,-0.228147,0.628862,-1.71503,-0.260875,nan,-2.08877,-2.56488,1,-0.125505,-0.0357352,0.846079,-0.450633,-0.0627527,nan,-2.07964,-1.38963,1,0,0.16234,0.030701,0.035911,-0.985603,-0.0915309,0.198308,-0.00668128,-1.11782,-2.02974,8.72016
1786071336995646700,0.469587,-0.882886,0.265243,0,0,-0.0615977,0.0736243,-2.81725,-0.011894,0.0605338,0.0533915,-0.420441,0.355985,-0.26084,-5.49451,0.189779,0.124669,nan,nan,0,-1.10088,-0.0348024,0.273115,-21.0256,-0.50044,-0.53697,nan,nan,0,0.318843,-0.1999,0.125817,-5.83639,-0.150578,-0.274607,nan,nan,0,-0.291445,0.403923,0.162642,-10.6715,0.344278,0.31911,nan,nan,0,0.490757,-0.202482,-0.262938,2.92314,0.0353787,nan,8.71954,4.58503,1,0.493327,0.1148,0.129,7.71893,0.246664,nan,3.76241,7.64033,1,-0.0463751,-0.613314,0.0214815,-0.122101,-0.423188,-0.5224,nan,nan,0,-0.262841,-0.131445,0.00920582,-0.170937,-0.18142,-0.138073,nan,nan,0,-0.236953,0.222718,-0.85617,1.53846,0.191523,0.200875,nan,nan,0,-0.383905,0.79682,-2.86925,-9.25519,0.298048,0.37967,nan,nan,0,-0.108362,-0.223927,0.370761,-1.7555,-0.264181,nan,-1.96501,-2.36914,1,-0.145243,-0.0287936,0.655874,-1.04563,-0.0726217,nan,-2.29866,-1.90216,1,0,0.162395,0.031335,0.036309,-0.985559,-0.011894,0.0605338,0.0533915,-0.414832,-1.05436,9.38426
1786071337005641318,0.388655,-0.921383,0.265243,0,0,-0.0612598,0.0741589,-2.8167,0.111911,0.137597,0.0476054,-0.410601,0.353108,-0.279252,-5.39683,0.194699,0.138193,nan,nan,0,-1.08156,-0.0315428,0.328352,-20.4884,-0.490779,-0.512661,nan,nan,0,0.383306,-0.195873,0.487926,-4.61539,-0.118347,-0.20599,nan,nan,0,-0.244455,0.405265,0.113543,-7.98535,0.367772,0.337785,nan,nan,0,0.657961,-0.206644,-0.198354,4.33203,0.11898,nan,11.6944,6.69824,1,0.326623,0.121245,0.329972,7.4698,0.163311,nan,0.767039,5.80207,1,0.0488571,-0.612356,0.11968,0.268623,-0.375571,-0.476811,nan,nan,0,-0.304501,-0.131445,0.00306892,-0.170937,-0.20225,-0.151909,nan,nan,0,-0.208862,0.216582,-0.494062,1.19658,0.205569,0.20487,nan,nan,0,-0.454103,0.766715,-3.10247,-9.30403,0.262949,0.327491,nan,nan,0,-0.110386,-0.22181,0.161242,-1.75644,-0.265193,nan,-1.76028,-2.09493,1,-0.177881,-0.0248356,0.261594,-1.37926,-0.0889404,nan,-2.31554,-2.14673,1,0,0.162668,0.031616,0.036194,-0.985509,0.111911,0.137597,0.0476054,0.146142,-1.79517,9.1503
1786071337015696403,0.304006,-0.95267,0.265243,0,0,-0.0595151,0.0755618,-2.8165,0.238615,0.142662,0.0200186,-0.411418,0.35004,-0.316077,-4.61539,0.194291,0.168549,nan,nan,0,-0.965387,-0.0280914,0.352901,-19.6093,-0.432693,-0.497433,nan,nan,0,0.368048,-0.189162,0.739559,-3.49207,-0.125976,-0.151465,nan,nan,0,-0.162833,0.406223,0.09513,-7.25275,0.408584,0.353276,nan,nan,0,0.811848,-0.208696,-0.0972626,6.29244,0.195924,nan,14.3076,9.18796,1,0.12165,0.124667,0.100629,6.27257,0.060825,nan,-2.06621,3.31981,1,0.174698,-0.610822,0.181053,1.78266,-0.312651,-0.423603,nan,nan,0,-0.319007,-0.131445,0.00306892,-0.463982,-0.209504,-0.17664,nan,nan,0,-0.125108,0.213323,-0.266977,0.805862,0.247446,0.203922,nan,nan,0,-0.597407,0.729706,-3.4032,-10.5739,0.191296,0.288668,nan,nan,0,-0.111594,-0.221812,-0.061446,-1.36556,-0.265797,nan,-1.44731,-1.83315,1,-0.182319,-0.0252295,-0.160701,-1.6649,-0.0911594,nan,-1.73684,-2.1701,1,0,0.162753,0.032446,0.03545,-0.985495,0.238615,0.142662,0.0200186,-0.576007,-0.846596,8.74366
1786071337025726440,0.217108,-0.976148,0.265243,0,0,-0.0554327,0.0773107,-2.81643,0.316188,0.114266,-0.00182015,-0.440799,0.346397,-0.352901,-3.19902,0.1796,0.18868,nan,nan,0,-0.735198,-0.0240645,0.377452,-20.3419,-0.317599,-0.471273,nan,nan,0,0.338391,-0.179958,0.886857,-2.17339,-0.140804,-0.124362,nan,nan,0,-0.0635574,0.407374,0.11968,-6.76434,0.458221,0.377598,nan,nan,0,0.976615,-0.206584,-0.0399731,8.45391,0.278308,nan,17.0312,11.864,1,-0.070801,0.117909,-0.345351,3.58156,-0.0354005,nan,-4.08127,0.634589,1,0.275285,-0.608329,0.266977,3.05251,-0.262358,-0.366351,nan,nan,0,-0.249743,-0.131637,-0.00306892,-1.44078,-0.174872,-0.197581,nan,nan,0,-0.0399453,0.211405,-0.174916,0.561661,0.290027,0.21823,nan,nan,0,-0.656777,0.694808,-3.63642,-8.03419,0.161612,0.243138,nan,nan,0,-0.106148,-0.223944,-0.251725,-1.2863,-0.263074,nan,-0.991977,-1.554,1,-0.18879,-0.0299744,-0.592717,-1.71165,-0.0943948,nan,-1.04354,-1.9077,1,0,0.162741,0.033639,0.03358,-0.985523,0.316188,0.114266,-0.00182015,-0.43361,-0.218338,8.81072
1786071337035872098,0.129122,-0.991629,0.265243,0,0,-0.0537745,0.077871,-2.81654,0.348261,0.11553,-0.0326176,-0.397116,0.342946,-0.383589,-2.85714,0.201442,0.19162,nan,nan,0,-0.42901,-0.0208049,0.371314,-18.2418,-0.164505,-0.408053,nan,nan,0,0.272819,-0.17248,0.831621,-1.48962,-0.173591,-0.123463,nan,nan,0,0.102111,0.408716,0.156505,-5.25031,0.541055,0.415159,nan,nan,0,1.16962,-0.206719,0.0859974,11.1585,0.374809,nan,20.2245,14.5927,1,-0.231019,0.111828,-0.929449,1.74421,-0.11551,nan,-5.42595,-1.8365,1,0.376931,-0.60526,0.365176,4.12698,-0.211535,-0.309423,nan,nan,0,-0.0223151,-0.131637,-0.00306892,-2.0757,-0.0611575,-0.19703,nan,nan,0,0.0886258,0.210446,-0.0521679,0.463982,0.354313,0.25014,nan,nan,0,-0.608336,0.65665,-3.86351,-6.61783,0.185832,0.196862,nan,nan,0,-0.0762233,-0.22813,-0.359756,-1.0122,-0.248112,nan,-0.159724,-1.22655,1,-0.279576,-0.0394793,-0.864534,-1.44901,-0.139788,nan,-1.71246,-1.40074,1,0,0.162663,0.034052,0.032806,-0.985547,0.348261,0.11553,-0.0326176,-0.435732,0.335077,8.67682
1786071337045700770,0.040072,-0.999197,0.265243,0,0,-0.0478377,0.0796392,-2.81792,0.438569,0.113885,-0.133604,0.0455216,0.338536,-0.402001,-2.51526,0.422761,0.194025,nan,nan,0,-0.0845727,-0.0163951,0.432689,-18.4371,0.00771367,-0.297796,nan,nan,0,-0.0264027,-0.163467,0.788659,-1.5873,-0.323201,-0.142821,nan,nan,0,0.398914,0.411017,0.254703,-2.5641,0.689457,0.472858,nan,nan,0,0.993325,-0.204983,0.493304,12.7952,0.286663,nan,16.4676,17.4128,1,-0.272095,0.0956671,-2.08141,-0.401463,-0.136047,nan,-3.82932,-3.64056,1,0.483833,-0.600083,0.512474,4.42002,-0.158083,-0.255671,nan,nan,0,0.676652,-0.131828,-0.00306892,-2.85714,0.288326,-0.148141,nan,nan,0,0.378739,0.210638,0.0644436,1.19658,0.49937,0.298853,nan,nan,0,-0.56057,0.615807,-4.09059,-8.03419,0.209715,0.176134,nan,nan,0,-0.0555641,-0.232387,-0.504538,-0.816867,-0.237782,nan,0.567974,-0.707155,1,-0.516741,-0.0501843,-1.15261,-1.09176,-0.258371,nan,-4.51667,-1.19505,1,0,0.161897,0.035427,0.029998,-0.985715,0.438569,0.113885,-0.133604,-0.351656,0.426882,8.75043
1786071337055695096,-0.0495004,-0.998774,0.265243,0,0,-0.0456544,0.0801228,-2.81874,0.462772,0.112669,-0.184734,0.634964,0.334892,-0.408138,-2.51526,0.717482,0.270975,nan,nan,0,0.154302,-0.0117927,0.543161,-16.9719,0.127151,-0.148844,nan,nan,0,-0.243359,-0.157523,0.604536,-1.73382,-0.431679,-0.211658,nan,nan,0,0.84911,0.414085,0.377452,-0.366302,0.914555,0.569381,nan,nan,0,0.409337,-0.196939,0.953506,16.1385,-0.00533143,nan,5.27599,18.0414,1,-0.215157,0.0689518,-2.92622,-3.24641,-0.107579,nan,-0.90658,-3.92218,1,0.652275,-0.594522,0.653635,5.29915,-0.0738624,-0.203211,nan,nan,0,1.71281,-0.131637,0.0153437,-1.05006,0.806405,0.0216241,nan,nan,0,0.560941,0.212172,0.224015,2.0757,0.59047,0.3855,nan,nan,0,-0.438701,0.578224,-4.21948,-4.27351,0.27065,0.183789,nan,nan,0,0.0743465,-0.236582,-0.554931,-0.660993,-0.172827,nan,3.06383,-0.020994,1,-0.804363,-0.0609079,-1.28602,-1.09102,-0.402182,nan,-8.30918,-2.2111,1,0,0.161459,0.035854,0.028946,-0.985802,0.462772,0.112669,-0.184734,-0.123808,0.224892,8.75977
1786071337065619636,-0.138472,-0.990366,0.265243,0,0,-0.0386788,0.0813909,-2.82326,0.510954,0.0972712,-0.396439,1.04248,0.331058,-0.365176,-1.48962,0.921241,0.461007,nan,nan,0,0.209969,-0.0046978,0.813209,-12.1856,0.154985,0.00362359,nan,nan,0,-0.525621,-0.153496,0.328352,-3.34554,-0.572811,-0.319102,nan,nan,0,1.10078,0.419071,0.586123,6.27595,1.04039,0.725688,nan,nan,0,-0.0483976,-0.188765,0.692055,20.1754,-0.234199,nan,-2.62828,13.6251,1,-0.192193,0.0439088,-2.03148,-5.94264,-0.0960967,nan,-1.15294,-2.73077,1,0.737138,-0.587044,0.807072,6.76434,-0.0314312,-0.140661,nan,nan,0,2.27859,-0.131253,0.0705805,3.49207,1.08929,0.36384,nan,nan,0,0.563913,0.217157,0.69046,3.19902,0.591957,0.492448,nan,nan,0,-0.262354,0.531245,-4.32381,0.805862,0.358823,0.218484,nan,nan,0,0.188358,-0.24075,-0.597255,0.192959,-0.115821,nan,5.26841,1.30015,1,-0.934323,-0.0718469,-1.44443,-2.13321,-0.467161,nan,-9.69278,-4.72287,1,0,0.159111,0.0371,0.025525,-0.986233,0.510954,0.0972712,-0.396439,-0.594598,-0.028504,9.6518
1786071337075684362,-0.227236,-0.97384,0.265243,0,0,-0.0360254,0.0816303,-2.82531,0.620714,0.0120637,-0.416059,1.06134,0.328181,-0.230153,0.0244217,0.93067,0.700192,nan,nan,0,0.103449,0.00584841,1.17532,-8.57143,0.101724,0.110646,nan,nan,0,-0.510536,-0.15273,-0.0337563,-5.83639,-0.565268,-0.446733,nan,nan,0,1.23571,0.427891,1.05871,15.9463,1.10786,0.898068,nan,nan,0,-0.20095,-0.188788,-0.0266508,15.6953,-0.310475,nan,-4.21906,5.95402,1,-0.177841,0.0392233,-0.278054,-4.74816,-0.0889205,nan,-3.42723,-1.92506,1,0.755342,-0.57784,0.997331,7.20391,-0.022329,-0.0786338,nan,nan,0,2.2165,-0.129144,0.316077,14.4322,1.05825,0.757582,nan,nan,0,0.530504,0.228471,1.34103,3.68742,0.575252,0.567312,nan,nan,0,-0.164842,0.488484,-4.3054,3.2967,0.407579,0.281485,nan,nan,0,0.335684,-0.246929,-0.563502,0.767227,-0.0421578,nan,8.01224,3.26794,1,-0.876674,-0.0907577,-1.96738,-3.71622,-0.438337,nan,-7.47632,-7.34358,1,0,0.158051,0.037454,0.024197,-0.986423,0.620714,0.0120637,-0.416059,-1.54502,-0.827602,12.3294
1786071337086104337,-0.313935,-0.949445,0.265243,0,0,-0.0291395,0.0814174,-2.82995,0.793471,0.0534852,-0.494787,1.05613,0.327414,0.00306892,5.78754,0.928063,0.870591,nan,nan,0,0.0824052,0.0192714,1.39626,-4.95727,0.0912026,0.141228,nan,nan,0,-0.385795,-0.156373,-0.573849,-7.25275,-0.502898,-0.537436,nan,nan,0,1.30655,0.440547,1.58652,23.2723,1.14328,1.03232,nan,nan,0,-0.219713,-0.190853,-0.505213,6.643,-0.319856,nan,-3.7573,-0.448089,1,-0.191964,0.0400499,0.475388,-2.15639,-0.095982,nan,-4.79404,-2.54752,1,0.464938,-0.566719,1.17532,6.32478,-0.167531,-0.0376114,nan,nan,0,2.10075,-0.122624,0.831621,23.3211,1.00038,1.00693,nan,nan,0,0.291807,0.246495,1.97932,3.49207,0.455904,0.591986,nan,nan,0,-0.148014,0.447066,-4.04763,4.85959,0.415993,0.350881,nan,nan,0,0.393867,-0.248772,0.0478528,-3.06658,-0.0130663,nan,8.17792,5.60636,1,-0.825182,-0.114349,-2.65662,-6.4678,-0.412591,nan,-4.96234,-8.01635,1,0,0.155631,0.037941,0.020696,-0.986869,0.793471,0.0534852,-0.494787,-0.609771,0.761339,12.8485
1786071337095793730,-0.396865,-0.917877,0.265243,0,0,-0.0215806,0.0824629,-2.83419,0.729952,0.132069,-0.297619,0.979819,0.329523,0.33449,7.88766,0.889909,0.940787,nan,nan,0,0.128948,0.0330768,1.32875,2.75946,0.114474,0.125802,nan,nan,0,-0.162979,-0.169028,-1.57425,-4.56654,-0.391489,-0.552698,nan,nan,0,1.29916,0.463749,2.36598,27.6679,1.13958,1.1138,nan,nan,0,-0.189836,-0.197074,-0.822951,1.60874,-0.304918,nan,-2.5401,-3.52797,1,-0.211181,0.043122,0.357226,-1.62706,-0.10559,nan,-4.99721,-3.7317,1,0.367902,-0.553872,1.29806,6.81319,-0.216049,-0.0674435,nan,nan,0,2.02929,-0.109777,1.43923,32.1123,0.964643,1.07404,nan,nan,0,0.245589,0.266629,1.86884,5.0061,0.432795,0.550842,nan,nan,0,-0.121305,0.415044,-2.7956,-3.98046,0.429348,0.39853,nan,nan,0,0.519199,-0.235939,1.99404,-1.68102,0.0495994,nan,7.00279,6.93991,1,-0.844906,-0.143231,-2.73517,-7.52112,-0.422453,nan,-4.27391,-6.69715,1,0,0.153395,0.039081,0.016964,-0.987246,0.729952,0.132069,-0.297619,-1.26261,-0.266074,9.30939
1786071337105578374,-0.477262,-0.878761,0.265243,0,0,-0.0175888,0.0808242,-2.835,-0.198226,-0.463438,0.357836,0.77036,0.33566,0.751834,10.4274,0.78518,0.938933,nan,nan,0,0.319962,0.0441985,1.04643,1.63614,0.209981,0.112763,nan,nan,0,-0.0154504,-0.191655,-2.54396,-0.65934,-0.317725,-0.495406,nan,nan,0,1.36394,0.489443,3.01041,31.4286,1.17197,1.14706,nan,nan,0,-0.191489,-0.209543,-1.3483,-1.95571,-0.305745,nan,-1.3446,-3.74475,1,-0.244898,0.0445816,-0.261075,-2.79098,-0.122449,nan,-4.61931,-4.50046,1,-0.168433,-0.53834,1.62949,3.00366,-0.484217,-0.140524,nan,nan,0,2.96712,-0.0944371,1.48219,45.8364,1.43356,1.04348,nan,nan,0,1.07544,0.27775,0.678185,9.79243,0.847718,0.487409,nan,nan,0,-0.344092,0.39376,-1.86884,-0.463982,0.317954,0.422834,nan,nan,0,0.0463657,-0.204374,3.838,-1.0513,-0.186817,nan,-5.1425,6.60154,1,-1.2238,-0.169393,-2.49228,-7.11387,-0.611902,nan,-9.53685,-5.13991,1,0,0.152918,0.038584,0.014853,-0.987373,-0.198226,-0.463438,0.357836,9.52963,-10.6297,11.9175
1786071337115612391,-0.554345,-0.832287,0.265243,0,0,-0.0241071,0.079373,-2.82769,-0.418074,0.317709,0.846463,0.629582,0.345055,1.02188,9.01099,0.714791,0.88004,nan,nan,0,0.288167,0.0543613,1.01574,0.854698,0.194084,0.141474,nan,nan,0,0.0411962,-0.22291,-3.21294,2.5641,-0.289402,-0.406095,nan,nan,0,1.26301,0.525684,3.45844,26.6423,1.12151,1.16188,nan,nan,0,-0.207993,-0.226201,-1.68437,-2.76523,-0.313997,nan,-0.546284,-2.54075,1,-0.226775,0.0396376,-1.00067,-3.37415,-0.113388,nan,-3.08975,-4.56451,1,0.904829,-0.52089,1.77678,4.0293,0.0524145,-0.281605,nan,nan,0,3.55257,-0.0813985,1.19987,43.5409,1.72629,1.15039,nan,nan,0,1.55001,0.273724,-0.819346,13.5531,1.085,0.580577,nan,nan,0,-0.1371,0.380912,-1.02188,-1.88034,0.42145,0.39596,nan,nan,0,0.365568,-0.154495,5.51957,1.11898,-0.0272161,nan,-3.82459,1.79604,1,-1.26703,-0.186504,-1.67449,-6.11359,-0.633515,nan,-10.8986,-6.07582,1,0,0.156647,0.037303,0.018097,-0.986784,-0.418074,0.317709,0.846463,-0.113022,11.6234,9.09052
1786071337125710522,-0.627391,-0.778705,0.265243,0,0,-0.015342,0.0799664,-2.82092,0.786028,-0.665778,0.299555,0.947893,0.358286,1.29806,6.76434,0.873946,0.796345,nan,nan,0,-0.0571822,0.0672083,1.27351,-3.63858,0.0214089,0.176705,nan,nan,0,0.0315897,-0.247646,-1.59266,-0.0732574,-0.294205,-0.331529,nan,nan,0,1.24648,0.568061,4.07218,15.7998,1.11324,1.15403,nan,nan,0,-0.27613,-0.244887,-1.92295,-1.86671,-0.348065,nan,-0.726814,-1.16281,1,-0.221278,0.0196721,-2.07438,-3.29244,-0.110639,nan,-0.797754,-3.69449,1,-0.146023,-0.50114,1.80133,3.15018,-0.473011,-0.242568,nan,nan,0,1.46198,-0.0677838,1.33489,42.7106,0.68099,1.40901,nan,nan,0,0.382792,0.262411,-0.813209,14.7253,0.501396,0.810977,nan,nan,0,-0.305819,0.374776,-0.432689,-0.952377,0.33709,0.384393,nan,nan,0,0.333567,-0.088929,6.36936,-0.380851,-0.0432164,nan,-7.9541,-3.34309,1,-0.905046,-0.201754,-1.03277,-6.41726,-0.452523,nan,-5.97393,-8.56981,1,0,0.159822,0.038235,0.013948,-0.986306,0.786028,-0.665778,0.299555,3.562,8.11242,6.56538
1786071337135711703,-0.694407,-0.719582,0.265243,0,0,-0.0107645,0.0771235,-2.81995,0.983309,-0.265451,0.0689231,0.981609,0.37075,1.39013,7.78999,0.890805,0.787543,nan,nan,0,-0.154832,0.0804396,1.56197,-5.44566,-0.027416,0.137558,nan,nan,0,0.161432,-0.251481,-0.174916,-2.61295,-0.229284,-0.293995,nan,nan,0,0.992437,0.602767,4.39746,12.2344,0.986219,1.13308,nan,nan,0,-0.224291,-0.261327,-1.99381,-0.633642,-0.322146,nan,0.86208,-0.400421,1,-0.193782,-0.0113367,-3.01513,-2.38735,-0.0968911,nan,1.95606,-1.91492,1,-0.280435,-0.485992,1.64176,6.12943,-0.540217,-0.25858,nan,nan,0,0.88506,-0.053978,1.59266,53.1136,0.39253,1.28777,nan,nan,0,0.0223474,0.260877,0.138092,17.265,0.321174,0.812005,nan,nan,0,-0.270186,0.372092,-0.33449,1.24542,0.354907,0.372461,nan,nan,0,0.521311,-0.030567,6.06213,1.00191,0.0506554,nan,-6.25041,-6.82395,1,-0.761011,-0.203578,-0.410865,-10.3384,-0.380506,nan,-4.69152,-8.82335,1,0,0.160211,0.037193,0.011482,-0.986314,0.983309,-0.265451,0.0689231,2.78006,1.55226,6.39081
1786071337145719498,-0.756051,-0.654513,0.265243,0,0,6.11033e-05,0.0756311,-2.82444,0.323863,-0.517447,-0.639453,0.735261,0.385706,1.33489,9.10867,0.76763,0.833251,nan,nan,0,-0.050126,0.0963545,1.36558,2.75946,0.024937,0.0549284,nan,nan,0,0.0205579,-0.252439,-0.156505,-0.610504,-0.299721,-0.264002,nan,nan,0,1.03196,0.658567,4.77185,6.32478,1.00598,1.0769,nan,nan,0,-0.146757,-0.281397,-1.98868,0.218883,-0.283378,nan,2.91368,0.283343,1,-0.211313,-0.0435778,-3.62737,-0.917771,-0.105657,nan,3.57869,0.447133,1,-0.603437,-0.470077,1.31034,13.4066,-0.701719,-0.390573,nan,nan,0,2.24843,-0.0378704,1.34103,53.5043,1.07422,0.866458,nan,nan,0,0.271839,0.272573,1.2551,13.2112,0.445919,0.600574,nan,nan,0,-0.348498,0.368832,-0.205604,-0.463982,0.315751,0.357803,nan,nan,0,-0.0994354,0.0168889,3.50656,8.56247,-0.259718,nan,-14.9411,-7.7265,1,-0.968779,-0.19112,2.56352,-15.7519,-0.484389,nan,-12.6434,-7.59981,1,0,0.157799,0.037337,0.00594,-0.986747,0.323863,-0.517447,-0.639453,-2.83535,-0.590527,7.56859
1786071337155713602,-0.812007,-0.583648,0.265243,0,0,0.000677888,0.0732197,-2.82816,-0.00900468,-0.637787,-0.837569,0.59973,0.397403,1.28579,12.3321,0.699865,0.832549,nan,nan,0,-0.205784,0.105558,0.850033,7.20391,-0.0528919,0.0110219,nan,nan,0,-0.224798,-0.256083,-0.635223,3.34554,-0.422399,-0.262769,nan,nan,0,0.936117,0.702861,4.93756,1.53846,0.958059,1.02478,nan,nan,0,-0.148342,-0.294993,-1.98695,-0.195775,-0.284171,nan,3.3592,1.53454,1,-0.152233,-0.0826685,-3.78994,-0.0490353,-0.0761166,nan,5.88147,2.7063,1,-0.511084,-0.461448,0.843896,6.08059,-0.655542,-0.549015,nan,nan,0,3.24124,-0.0294337,0.721148,46.7155,1.57062,0.752933,nan,nan,0,0.394228,0.280627,0.782521,7.20391,0.507114,0.451923,nan,nan,0,-0.263613,0.367298,-0.205604,1.5873,0.358194,0.340163,nan,nan,0,-0.163877,0.0308726,1.08014,2.9391,-0.291938,nan,-12.9186,-9.45671,1,-1.10972,-0.153132,4.79337,-11.0561,-0.554861,nan,-19.2419,-9.56103,1,0,0.155957,0.036206,0.005378,-0.987085,-0.00900468,-0.637787,-0.837569,-6.72672,-0.332816,16.3881
1786071337166392537,-0.860741,-0.509043,0.265243,0,0,-0.00189701,0.0674927,-2.83613,-0.261357,-0.502567,-0.617228,0.551511,0.409867,1.23669,8.81563,0.675755,0.778225,nan,nan,0,-0.14962,0.111119,0.506338,-0.561661,-0.0248102,-0.0180561,nan,nan,0,-0.227602,-0.269122,-1.26738,4.12698,-0.423801,-0.320632,nan,nan,0,0.989563,0.752333,4.88232,-5.20146,0.984781,0.987284,nan,nan,0,-0.188541,-0.313826,-1.84146,1.39537,-0.304271,nan,3.09663,2.77547,1,-0.113331,-0.113845,-3.24176,1.50353,-0.0566654,nan,6.57803,4.65181,1,-0.268457,-0.45512,0.543161,1.14774,-0.534229,-0.647653,nan,nan,0,3.59657,-0.0269408,0.11968,37.9243,1.74829,1.04584,nan,nan,0,0.643051,0.287338,0.653635,2.71062,0.631525,0.432979,nan,nan,0,-0.19881,0.363655,-0.402001,2.12454,0.390595,0.337705,nan,nan,0,-0.0700246,0.0271513,-0.998322,-3.0134,-0.245012,nan,-8.02824,-11.082,1,-1.20304,-0.0949509,5.65164,-9.73531,-0.601519,nan,-23.6745,-14.763,1,0,0.152081,0.033203,0.00607,-0.987791,-0.261357,-0.502567,-0.617228,-3.56281,-5.34822,20.045
1786071337176536590,-0.90261,-0.43046,0.265243,0,0,-0.000844388,0.0649971,-2.83934,0.504943,-0.358312,-0.194226,0.882078,0.422522,1.29806,5.64103,0.841039,0.718861,nan,nan,0,-0.210763,0.115913,0.494062,-9.74359,-0.0553816,-0.0332636,nan,nan,0,-0.0705547,-0.275833,-0.487926,0.0244217,-0.345277,-0.385225,nan,nan,0,1.02069,0.798929,4.52635,-12.0391,1.00034,0.972462,nan,nan,0,-0.210441,-0.328596,-1.68152,2.10198,-0.315221,nan,2.99044,3.37296,1,-0.181866,-0.142343,-2.41055,3.40802,-0.0909332,nan,5.15811,5.96374,1,-0.0600496,-0.451285,0.346765,-1.97802,-0.430025,-0.635839,nan,nan,0,1.89226,-0.0263658,0.14423,38.0708,0.896132,1.43201,nan,nan,0,0.603094,0.294241,0.71501,2.27106,0.611547,0.5054,nan,nan,0,-0.268966,0.360204,-0.383589,1.00122,0.355517,0.357682,nan,nan,0,0.0635283,0.00735922,-2.29299,-6.68272,-0.178236,nan,-3.05635,-10.0414,1,-1.1256,-0.0455848,4.46539,-11.3093,-0.5628,nan,-22.2145,-20.1355,1,0,0.150485,0.032059,0.005309,-0.988077,0.504943,-0.358312,-0.194226,-1.0309,7.41412,12.8436
1786071337185649064,-0.93773,-0.347366,0.265243,0,0,0.00707457,0.0612305,-2.83993,0.993013,-0.177505,0.251448,0.973654,0.436328,1.44536,1.48962,0.886827,0.737022,nan,nan,0,-0.264632,0.122049,0.684322,-12.5763,-0.0823162,-0.0428029,nan,nan,0,0.0280757,-0.274107,0.524749,-8.13187,-0.295962,-0.394324,nan,nan,0,0.819513,0.840922,4.07218,-10.3297,0.899756,0.979765,nan,nan,0,-0.16009,-0.341533,-1.40715,2.76033,-0.290045,nan,3.91282,3.39103,1,-0.168548,-0.159833,-1.33108,4.44944,-0.0842738,nan,4.26339,5.9727,1,0.0569688,-0.4486,0.254703,-3.83395,-0.371516,-0.548761,nan,nan,0,0.560013,-0.0204215,0.862308,38.9499,0.230007,1.40329,nan,nan,0,0.29045,0.303445,1.04029,2.95483,0.455225,0.578423,nan,nan,0,-0.279256,0.35656,-0.346765,0.610504,0.350372,0.367366,nan,nan,0,0.191782,-0.0246261,-3.37628,-5.61881,-0.114109,nan,1.93251,-6.54008,1,-0.97709,-0.0245678,1.28148,-13.8121,-0.488545,nan,-15.8415,-22.3426,1,0,0.150081,0.030794,0.001104,-0.988193,0.993013,-0.177505,0.251448,1.19873,2.73828,4.34842
1786071337195605446,-0.965142,-0.261726,0.265243,0,0,0.0173962,0.0589598,-2.83621,1.01065,-0.226502,0.286969,0.821922,0.45186,1.5988,1.97802,0.810961,0.807512,nan,nan,0,-0.149309,0.129528,0.71501,-6.81319,-0.0246546,-0.0599642,nan,nan,0,0.10633,-0.265862,0.739559,-5.73871,-0.256835,-0.356189,nan,nan,0,0.679954,0.878505,3.63642,-12.4786,0.829977,0.958808,nan,nan,0,-0.129638,-0.352944,-1.11739,2.06889,-0.274819,nan,4.41045,3.52301,1,-0.177349,-0.165623,-0.273155,4.51105,-0.0886744,nan,2.71819,4.98805,1,-0.161734,-0.446682,0.156505,-2.12454,-0.480867,-0.450169,nan,nan,0,0.630385,-0.00623178,1.63562,37.1917,0.265192,0.929279,nan,nan,0,0.305057,0.315717,1.26738,5.0061,0.462529,0.561699,nan,nan,0,-0.314702,0.353683,-0.23629,0.65934,0.332649,0.362158,nan,nan,0,0.0366973,-0.0610194,-3.91492,-4.98775,-0.191651,nan,1.30026,-1.87778,1,-0.93565,-0.0354241,-2.4197,-16.2726,-0.467825,nan,-9.34248,-19.816,1,0,0.151774,0.030454,-0.00411,-0.987937,1.01065,-0.226502,0.286969,3.79357,-4.21683,2.81482
1786071337205744252,-0.984883,-0.17322,0.265243,0,0,0.0252986,0.0561234,-2.83414,0.595132,-0.175699,0.171196,0.671487,0.467584,1.56811,7.78999,0.735744,0.83896,nan,nan,0,-0.143753,0.134896,0.426551,-1.48962,-0.0218764,-0.0564058,nan,nan,0,0.0552927,-0.264904,-0.156505,-1.39194,-0.282354,-0.304504,nan,nan,0,0.540811,0.91187,3.19453,-11.8437,0.760406,0.901689,nan,nan,0,-0.100579,-0.361307,-0.864916,2.34133,-0.26029,nan,4.83299,3.90195,1,-0.185723,-0.162283,0.818119,3.46589,-0.0928614,nan,0.855473,3.53064,1,-0.0875961,-0.446875,-0.101268,3.73627,-0.443798,-0.422841,nan,nan,0,1.25114,0.011601,1.70927,37.8755,0.57557,0.480887,nan,nan,0,0.436552,0.322045,0.150368,10.8669,0.528276,0.507599,nan,nan,0,-0.245166,0.355217,0.389727,-15.0672,0.367417,0.349387,nan,nan,0,0.00414819,-0.0916826,-2.45492,-11.7068,-0.207926,nan,-0.386142,1.08157,1,-0.960309,-0.0712483,-3.60727,-20.3957,-0.480155,nan,-6.85629,-14.0627,1,0,0.152697,0.029661,-0.008199,-0.987793,0.595132,-0.175699,0.171196,-1.19597,-0.426288,3.48465
1786071337215694052,-0.996409,-0.0846717,0.265243,0,0,0.0283792,0.0519258,-2.83418,-0.077766,-0.75068,-0.118012,0.420875,0.482732,1.47605,9.35287,0.610437,0.808026,nan,nan,0,-0.0909684,0.135472,-0.0521679,-0.903542,0.00451582,-0.0389006,nan,nan,0,-0.187999,-0.271998,-1.02802,3.2967,-0.403999,-0.27698,nan,nan,0,0.530317,0.940632,2.71581,-15.5067,0.755159,0.829736,nan,nan,0,-0.15489,-0.368247,-0.611661,2.77893,-0.287445,nan,3.74555,4.36201,1,-0.138884,-0.149205,1.58201,2.39593,-0.069442,nan,0.0198815,1.78814,1,-0.80592,-0.448984,-0.224015,2.90598,-0.80296,-0.433607,nan,nan,0,2.20631,0.024065,1.02188,28.4005,1.05315,0.367378,nan,nan,0,0.510394,0.31169,-1.53742,15.7021,0.565197,0.493662,nan,nan,0,-0.346816,0.36423,0.954369,-14.9695,0.316592,0.349211,nan,nan,0,-0.297971,-0.101886,-0.751617,-6.05477,-0.358986,nan,-7.87105,1.02034,1,-0.988171,-0.102663,-3.08294,-17.2175,-0.494085,nan,-7.11825,-8.94713,1,0,0.15267,0.027823,-0.010043,-0.987834,-0.077766,-0.75068,-0.118012,1.43933,-3.09334,16.6324
1786071337225531932,-0.999993,0.00367247,0.265243,0,0,0.0249139,0.0461966,-2.83299,-0.107154,0.0813645,0.391574,0.515105,0.496346,1.3042,7.25275,0.657552,0.724151,nan,nan,0,-0.141293,0.133554,-0.217878,-4.0293,-0.0206467,-0.0177067,nan,nan,0,-0.0334318,-0.281969,-0.76411,2.27106,-0.326716,-0.312336,nan,nan,0,0.399946,0.963834,2.13889,-18.0952,0.689973,0.776139,nan,nan,0,-0.148129,-0.373469,-0.325766,2.49241,-0.284064,nan,3.61781,4.30969,1,-0.130179,-0.128761,2.10883,1.20265,-0.0650896,nan,-1.25311,0.271451,1,0.185635,-0.451477,-0.230153,0.512817,-0.307182,-0.556973,nan,nan,0,1.9792,0.0284748,0.205604,26.3004,0.939598,0.597659,nan,nan,0,0.969285,0.292707,-1.7461,13.1624,0.794642,0.519905,nan,nan,0,-0.202581,0.376119,1.24897,-15.1648,0.388709,0.341785,nan,nan,0,0.049016,-0.0997852,0.522521,-1.16118,-0.185492,nan,-3.78352,-2.64201,1,-0.985444,-0.11696,-0.732716,-11.0884,-0.492722,nan,-10.1738,-7.06876,1,0,0.153351,0.024734,-0.008756,-0.987823,-0.107154,0.0813645,0.391574,1.03745,2.0291,17.2286
1786071337235517611,-0.995634,0.0933401,0.265243,0,0,0.0273096,0.0461945,-2.83111,0.290275,-0.254563,-0.0414886,0.680406,0.508618,1.18759,4.12698,0.740203,0.663126,nan,nan,0,-0.153974,0.131062,-0.23629,-6.61783,-0.0269868,-0.00978064,nan,nan,0,-0.0967812,-0.284462,-0.00306892,-0.854698,-0.358391,-0.341116,nan,nan,0,0.471403,0.9809,1.52515,-21.3187,0.725701,0.731608,nan,nan,0,-0.156565,-0.374844,0.0258126,2.949,-0.288283,nan,2.99092,3.89426,1,-0.142219,-0.106724,2.27854,0.261571,-0.0711095,nan,-2.34937,-0.921095,1,-0.255463,-0.453203,-0.162642,-2.36874,-0.527732,-0.547619,nan,nan,0,1.34756,0.0284748,0.00920582,23.7607,0.623782,0.840873,nan,nan,0,0.508581,0.283311,-0.481788,7.83883,0.56429,0.622774,nan,nan,0,-0.278217,0.387432,1.24283,-12.967,0.350892,0.35092,nan,nan,0,0.00396667,-0.0957004,0.259919,-0.884447,-0.208017,nan,-4.32095,-5.08062,1,-0.940005,-0.114909,0.704699,-8.33276,-0.470003,nan,-11.7098,-8.26075,1,0,0.15425,0.024926,-0.009916,-0.987667,0.290275,-0.254563,-0.0414886,-6.21289,8.24396,14.5317
1786071337245624070,-0.983096,0.183092,0.265243,0,0,0.0323858,0.0461102,-2.8314,0.69234,-0.258935,-0.0628946,0.657598,0.519548,1.07098,1.97802,0.728799,0.672388,nan,nan,0,-0.188012,0.129336,-0.150367,-5.15263,-0.0440058,-0.0153179,nan,nan,0,-0.0673077,-0.281394,0.395864,-3.63858,-0.343654,-0.351286,nan,nan,0,0.267952,0.992022,0.935957,-24.2491,0.623976,0.711606,nan,nan,0,-0.125025,-0.372022,0.378748,2.16062,-0.272512,nan,2.91471,3.33956,1,-0.118719,-0.0873792,2.05691,-0.356096,-0.0593593,nan,-2.24477,-1.89544,1,-0.374263,-0.454545,-0.101268,-3.05251,-0.587132,-0.498558,nan,nan,0,0.697939,0.0298171,0.224015,25.9585,0.29897,0.845286,nan,nan,0,0.206015,0.290598,1.1569,5.73871,0.413008,0.657346,nan,nan,0,-0.298188,0.399896,1.08325,-10.2808,0.340906,0.359469,nan,nan,0,-0.0417735,-0.0957205,-0.318849,-2.41891,-0.230887,nan,-4.25254,-5.14611,1,-0.816762,-0.105476,0.654267,-7.90125,-0.408381,nan,-10.0685,-10.3031,1,0,0.154043,0.025274,-0.012433,-0.987662,0.69234,-0.258935,-0.0628946,-4.99713,-3.97696,6.75268
1786071337255569706,-0.962852,0.270031,0.265243,0,0,0.0390267,0.0444961,-2.83322,0.49258,-0.270347,-0.220652,0.442193,0.529711,0.985056,3.15018,0.621097,0.704157,nan,nan,0,-0.32025,0.12761,-0.187191,-3.83395,-0.110125,-0.0281178,nan,nan,0,-0.0606066,-0.278518,0.14423,-2.17339,-0.340303,-0.352465,nan,nan,0,0.0974206,0.997007,0.303802,-20.2442,0.53871,0.680395,nan,nan,0,-0.0895692,-0.366681,0.754912,2.18957,-0.254785,nan,2.784,2.86498,1,-0.086356,-0.0698263,1.56204,-1.35217,-0.043178,nan,-1.54361,-2.36472,1,-0.42166,-0.455312,-0.0828552,-1.29426,-0.61083,-0.520401,nan,nan,0,0.872717,0.0348029,0.64136,23.3211,0.386358,0.631529,nan,nan,0,0.150861,0.307472,1.80747,3.98046,0.38543,0.570534,nan,nan,0,-0.233772,0.409675,0.90527,-9.05983,0.373114,0.354141,nan,nan,0,-0.187904,-0.101875,-0.912358,-3.21725,-0.303952,nan,-5.70416,-4.51155,1,-0.745918,-0.101717,-0.0318473,-9.45788,-0.372959,nan,-8.08949,-10.9038,1,0,0.153082,0.024974,-0.01586,-0.98777,0.49258,-0.270347,-0.220652,-2.15061,0.464035,6.9282
1786071337265434181,-0.93509,0.354411,0.265243,0,0,0.0432087,0.0425332,-2.83474,0.425252,-0.205138,-0.0819054,0.245606,0.539106,0.917544,4.17583,0.522803,0.688779,nan,nan,0,-0.225009,0.125309,-0.254703,-3.93163,-0.0625046,-0.0604803,nan,nan,0,-0.0537008,-0.280435,-0.26084,-1.00122,-0.33685,-0.347304,nan,nan,0,-0.118036,0.995856,-0.279252,-20.4396,0.430982,0.616952,nan,nan,0,-0.0838153,-0.358971,1.00665,2.26435,-0.251908,nan,2.23725,2.57001,1,-0.0603098,-0.0562354,1.02871,-1.59186,-0.0301549,nan,-0.760647,-2.13656,1,-0.279122,-0.456462,-0.113543,-0.708183,-0.539561,-0.566204,nan,nan,0,0.666695,0.0426645,0.794796,20.8303,0.283347,0.443532,nan,nan,0,0.148819,0.325496,1.58652,3.39439,0.384409,0.462667,nan,nan,0,-0.155708,0.416961,0.770247,-10.5739,0.412146,0.356882,nan,nan,0,-0.179502,-0.11625,-1.34625,-3.46882,-0.299751,nan,-4.40317,-4.41311,1,-0.669773,-0.109611,-0.469627,-10.6569,-0.334887,nan,-6.05382,-9.73406,1,0,0.152301,0.024311,-0.018095,-0.987869,0.425252,-0.205138,-0.0819054,-3.33347,-2.35784,4.7142
1786071337275584472,-0.899091,0.437763,0.265243,0,0,0.0473479,0.0407481,-2.83598,0.315133,-0.382981,-0.120803,0.0938942,0.547735,0.843896,2.66178,0.446947,0.619464,nan,nan,0,-0.102085,0.122049,-0.359039,-3.58974,-0.00104246,-0.0772253,nan,nan,0,-0.0779242,-0.283886,-0.365176,-0.65934,-0.348962,-0.341497,nan,nan,0,-0.186266,0.989337,-0.825483,-23.6142,0.396867,0.527753,nan,nan,0,-0.0717838,-0.349005,1.18303,2.10788,-0.245892,nan,1.83441,2.27392,1,-0.0446471,-0.0487946,0.487792,-1.83242,-0.0223236,nan,0.0624426,-1.422,1,-0.566621,-0.45838,-0.230153,0.122101,-0.683311,-0.576526,nan,nan,0,0.390184,0.0495677,0.598398,18.486,0.145092,0.335708,nan,nan,0,-0.00853052,0.332016,0.230153,5.20146,0.305735,0.397769,nan,nan,0,-0.143175,0.425015,0.727284,-11.6972,0.418412,0.378277,nan,nan,0,-0.184919,-0.13068,-1.41879,-4.58656,-0.302459,nan,-3.8841,-4.38499,1,-0.620231,-0.112606,-0.0172159,-11.0358,-0.310116,nan,-5.89947,-7.90917,1,0,0.15166,0.023732,-0.020291,-0.987939,0.315133,-0.382981,-0.120803,-1.50988,1.85801,5.24233
1786071337285585099,-0.856413,0.516292,0.265243,0,0,0.049231,0.0359327,-2.83695,0.0897971,-0.490016,-0.0342984,-0.15039,0.555406,0.751834,1.24542,0.324805,0.529909,nan,nan,0,0.0142325,0.117639,-0.487926,-3.58974,0.0571163,-0.0538995,nan,nan,0,-0.103439,-0.287913,-0.438826,-0.0732574,-0.361719,-0.34176,nan,nan,0,-0.394326,0.976873,-1.41468,-25.177,0.292837,0.446928,nan,nan,0,-0.100169,-0.336859,1.33147,1.66963,-0.260084,nan,0.689908,1.88869,1,-0.0147584,-0.0469227,0.112055,-1.13439,-0.0073792,nan,1.01822,-0.500591,1,-0.714861,-0.461256,-0.316077,-1.14774,-0.757431,-0.607739,nan,nan,0,0.126816,0.0532107,0.279252,15.2625,0.0134079,0.238321,nan,nan,0,-0.0745794,0.327989,-0.579986,4.7619,0.27271,0.3497,nan,nan,0,-0.154406,0.432685,0.800934,-12.4786,0.412797,0.40223,nan,nan,0,-0.282136,-0.141032,-1.06392,-5.97039,-0.351068,nan,-5.75537,-4.16103,1,-0.489845,-0.102397,1.22368,-9.4827,-0.244922,nan,-6.11126,-6.81874,1,0,0.151225,0.021486,-0.021599,-0.988029,0.0897971,-0.490016,-0.0342984,0.534079,0.893894,7.52236
1786071337295609589,-0.806502,0.591231,0.265243,0,0,0.0498678,0.0320889,-2.83727,0.0479371,-0.22171,0.0303985,-0.290412,0.561925,0.622948,-0.21978,0.254794,0.42725,nan,nan,0,0.152311,0.112078,-0.573849,-3.34554,0.126155,-0.00304429,nan,nan,0,0.0302108,-0.294049,-0.647498,0.610504,-0.294895,-0.349375,nan,nan,0,-0.618346,0.958273,-2.07138,-23.5653,0.180827,0.368431,nan,nan,0,-0.0998377,-0.322583,1.41261,1.53685,-0.259919,nan,0.0743224,1.24842,1,-0.0239365,-0.0500256,-0.138265,-0.432361,-0.0119682,nan,1.34912,0.433328,1,-0.324154,-0.464707,-0.33449,-2.22222,-0.562077,-0.676305,nan,nan,0,-0.272853,0.0543613,0.0644436,9.10867,-0.186427,0.12528,nan,nan,0,-0.154038,0.320703,-0.696597,3.5409,0.232981,0.305459,nan,nan,0,-0.128191,0.441122,0.85617,-10.525,0.425905,0.414252,nan,nan,0,-0.189687,-0.149365,-0.775265,-5.0781,-0.304843,nan,-4.27886,-4.61465,1,-0.347478,-0.0860707,1.73227,-7.01197,-0.173739,nan,-5.22846,-6.6027,1,0,0.151115,0.019632,-0.022209,-0.988071,0.0479371,-0.22171,0.0303985,1.78398,2.42843,10.5219
1786071337305595727,-0.750173,0.661241,0.265243,0,0,0.0497079,0.0301919,-2.83662,-0.0454873,-0.115283,0.084623,-0.34522,0.567294,0.494062,-1.00122,0.22739,0.328847,nan,nan,0,0.182632,0.10575,-0.622948,-2.3199,0.141316,0.061532,nan,nan,0,0.102288,-0.29961,-0.469513,0.170937,-0.258856,-0.335494,nan,nan,0,-0.777815,0.932962,-2.72808,-24.9328,0.101092,0.275375,nan,nan,0,-0.166698,-0.310194,1.46432,1.1343,-0.293349,nan,-1.60689,0.488228,1,-0.0764527,-0.0486794,-0.0937519,0.526617,-0.0382264,nan,0.454218,1.08667,1,-0.0946012,-0.468159,-0.346765,-4.71307,-0.447301,-0.669206,nan,nan,0,-0.542607,0.0541697,-0.0214806,3.68742,-0.321303,-0.0227983,nan,nan,0,-0.198344,0.316101,-0.33449,0.708183,0.210828,0.265545,nan,nan,0,-0.0713507,0.448984,0.862308,-9.35287,0.454325,0.420791,nan,nan,0,-0.0665115,-0.155596,-0.626318,-4.69114,-0.243256,nan,-2.12862,-4.82705,1,-0.247877,-0.0690271,1.61776,-6.17922,-0.123939,nan,-4.07398,-6.24212,1,0,0.151461,0.01869,-0.022268,-0.988035,-0.0454873,-0.115283,0.084623,0.920542,0.169169,7.75387
1786071337315638573,-0.687656,0.726037,0.265243,0,0,0.0492253,0.0285147,-2.83581,-0.0417157,-0.12594,0.124143,-0.250807,0.570745,0.322214,-4.17583,0.274597,0.259532,nan,nan,0,0.185778,0.10019,-0.629086,-0.317459,0.142889,0.114088,nan,nan,0,0.157796,-0.302678,-0.279252,-0.0244217,-0.231102,-0.300282,nan,nan,0,-0.846594,0.904583,-3.29886,-25.6166,0.0667031,0.180027,nan,nan,0,-0.278533,-0.297855,1.47019,0.942151,-0.349266,nan,-4.00468,-0.579022,1,-0.108958,-0.0484964,0.0251228,0.642059,-0.0544789,nan,-0.217161,1.05517,1,-0.0595296,-0.471418,-0.371314,-4.37119,-0.429765,-0.577207,nan,nan,0,-0.741435,0.0537863,-0.0398932,-0.65934,-0.420718,-0.183734,nan,nan,0,-0.219669,0.31495,-0.0828552,-0.854698,0.200165,0.232521,nan,nan,0,-0.114994,0.457421,0.850034,-11.2088,0.432503,0.434104,nan,nan,0,-0.0379001,-0.159727,-0.569723,-4.97431,-0.22895,nan,-1.56824,-3.90277,1,-0.171441,-0.0542067,1.44483,-6.05241,-0.0857203,nan,-3.11266,-5.34575,1,0,0.151889,0.017834,-0.02215,-0.987988,-0.0417157,-0.12594,0.124143,0.330125,0.107788,5.31245
1786071337325780290,-0.619859,0.784714,0.265243,0,0,0.0484575,0.0270773,-2.83413,-0.124031,-0.142896,0.199897,-0.0987001,0.572279,0.0521679,-4.66422,0.35065,0.242332,nan,nan,0,0.166681,0.0930948,-0.64136,1.88034,0.133341,0.140811,nan,nan,0,0.217566,-0.304596,-0.125817,0.512817,-0.201217,-0.262161,nan,nan,0,-0.91032,0.862782,-4.02308,-21.7094,0.0348401,0.106589,nan,nan,0,-0.47748,-0.283466,1.42705,0.204903,-0.44874,nan,-7.92516,-2.2533,1,-0.0693345,-0.0451371,0.263889,0.707925,-0.0346673,nan,-0.0817388,0.470753,1,0.035269,-0.475445,-0.340627,-2.22222,-0.382366,-0.484871,nan,nan,0,-0.833643,0.0526357,-0.181053,-5.25031,-0.466821,-0.323273,nan,nan,0,-0.184134,0.3138,-0.14423,-1.73382,0.217933,0.210346,nan,nan,0,-0.205006,0.467392,0.923681,-10.0855,0.387497,0.44012,nan,nan,0,-0.0449482,-0.167948,-0.615248,-3.66579,-0.232474,nan,-1.33555,-2.57464,1,-0.0643663,-0.0422949,1.37793,-5.43646,-0.0321832,nan,-1.76354,-4.22948,1,0,0.152744,0.017084,-0.021866,-0.987876,-0.124031,-0.142896,0.199897,-0.085525,-0.217624,5.43392
1786071337336163932,-0.544919,0.838489,0.265243,0,0,0.0443576,0.0256822,-2.8303,-0.442441,-0.050471,0.342987,-0.0575432,0.570745,-0.205604,-5.49451,0.371228,0.278868,nan,nan,0,0.0875554,0.0863838,-0.678185,4.66422,0.0937777,0.145142,nan,nan,0,0.202005,-0.30613,-0.14423,2.17339,-0.208998,-0.227844,nan,nan,0,-0.918364,0.812543,-4.74116,-27.9609,0.0308179,0.0586473,nan,nan,0,-0.593314,-0.269131,1.26049,-1.39375,-0.506657,nan,-10.2041,-4.89912,1,-0.060018,-0.0415504,0.496418,0.300792,-0.030009,nan,-0.398385,-0.0751168,1,0.134817,-0.478705,-0.26084,-1.19658,-0.332592,-0.419654,nan,nan,0,-0.745632,0.0489926,-0.438826,-8.96215,-0.422816,-0.420239,nan,nan,0,-0.114068,0.309773,-0.487926,-1.24542,0.252966,0.205786,nan,nan,0,-0.187304,0.477363,1.03416,-13.8462,0.396348,0.423201,nan,nan,0,0.037605,-0.174061,-0.647231,-2.2377,-0.191198,nan,0.371082,-1.61688,1,0.0244707,-0.0254503,1.48116,-4.26822,0.0122354,nan,-1.09117,-3.09374,1,0,0.154687,0.01612,-0.019917,-0.987631,-0.442441,-0.050471,0.342987,-1.43945,-0.374605,8.11322
1786071337345673168,-0.470165,0.882579,0.265243,0,0,0.0389135,0.0256022,-2.82663,-0.666737,-0.026587,0.355667,-0.0568,0.567486,-0.371314,-4.07815,0.3716,0.329892,nan,nan,0,-0.184189,0.0785217,-0.751834,7.4481,-0.0420945,0.127181,nan,nan,0,0.0912698,-0.307664,-0.14423,3.58974,-0.264365,-0.209008,nan,nan,0,-0.815937,0.762112,-5.31194,-19.2186,0.0820316,0.0340363,nan,nan,0,-0.625073,-0.258911,0.935371,-3.69044,-0.522537,nan,-10.6299,-7.80379,1,0.081709,-0.0357217,0.641881,0.0354621,0.0408545,nan,1.33446,-0.416735,1,0.113252,-0.480622,-0.150367,-0.463982,-0.343374,-0.369202,nan,nan,0,-0.526504,0.0418973,-0.76411,-10.9646,-0.313252,-0.452262,nan,nan,0,-0.132574,0.304979,-0.432689,-1.8315,0.243713,0.22205,nan,nan,0,-0.0359007,0.489443,1.13849,-16.8254,0.47205,0.404514,nan,nan,0,0.0947332,-0.180152,-0.689358,-1.27913,-0.162633,nan,1.6472,-0.642754,1,0.0486884,-0.011857,1.22887,-2.57548,0.0243442,nan,-0.757266,-2.04446,1,0,0.156545,0.015691,-0.017206,-0.987396,-0.666737,-0.026587,0.355667,-2.38331,-1.46075,8.93703
1786071337355680844,-0.388313,0.921528,0.265243,0,0,0.0354848,0.0257037,-2.82491,-0.736574,-0.0194151,0.339888,0.153498,0.563267,-0.481788,-3.15018,0.476749,0.363083,nan,nan,0,-0.577623,0.0720024,-0.825483,7.4481,-0.238811,0.0616493,nan,nan,0,-0.0655742,-0.309006,-0.168779,4.22466,-0.342787,-0.222617,nan,nan,0,-0.785748,0.716476,-5.77838,-14.8718,0.0971258,0.043157,nan,nan,0,-0.729625,-0.254833,0.397912,-6.02578,-0.574812,nan,-11.7961,-9.76877,1,0.159504,-0.0276514,0.529657,-0.535498,0.0797522,nan,2.42762,0.00877023,1,-0.0753517,-0.481198,-0.0276184,0.317459,-0.437676,-0.342577,nan,nan,0,-0.350866,0.0342274,-0.997331,-11.1111,-0.225433,-0.409664,nan,nan,0,-0.186981,0.302486,-0.254703,-1.97802,0.216509,0.238196,nan,nan,0,0.173344,0.49999,1.18145,-18.2418,0.576672,0.420811,nan,nan,0,0.0542184,-0.186258,-0.717774,-0.719034,-0.182891,nan,1.19451,0.565992,1,0.0635813,-0.00290117,0.890613,-1.60956,0.0317907,nan,-0.295165,-1.19795,1,0,0.157417,0.015486,-0.015492,-0.987289,-0.736574,-0.0194151,0.339888,-2.44669,-0.519449,9.37831
1786071337365713416,-0.304008,0.952669,0.265243,0,0,0.0278342,0.0257888,-2.8211,-0.836991,-0.0206858,0.41022,0.250803,0.557898,-0.567711,-2.66178,0.525402,0.409694,nan,nan,0,-0.842516,0.0624146,-0.892995,3.15018,-0.371258,-0.0698325,nan,nan,0,-0.0511009,-0.310156,-0.0398932,2.75946,-0.33555,-0.272039,nan,nan,0,-0.703509,0.650322,-6.13435,-6.2271,0.138245,0.0695743,nan,nan,0,-0.796665,-0.254911,-0.209489,-6.87446,-0.608332,nan,-12.0555,-10.9071,1,0.300346,-0.0234954,0.479891,0.078459,0.150173,nan,4.49021,1.10857,1,-0.288669,-0.480622,0.0889931,1.63614,-0.544334,-0.367424,nan,nan,0,-0.237455,0.0213804,-1.23669,-10.525,-0.168727,-0.322995,nan,nan,0,-0.16955,0.300952,-0.11968,-1.8315,0.225225,0.236018,nan,nan,0,0.332703,0.511878,1.18145,-18.5836,0.656351,0.4843,nan,nan,0,0.0291564,-0.192385,-0.66839,0.232458,-0.195422,nan,0.896305,1.29023,1,0.0372857,0.00451819,0.597307,-0.886084,0.0186428,nan,-0.472221,-0.58056,1,0,0.159357,0.014948,-0.01168,-0.987038,-0.836991,-0.0206858,0.41022,-1.38338,0.659579,10.949
1786071337375747413,-0.217222,0.976122,0.265243,0,0,0.0146115,0.0259232,-2.81503,-0.958175,0.070341,0.367773,0.126278,0.551763,-0.635223,-2.12454,0.463139,0.469827,nan,nan,0,-1.02705,0.0532107,-0.899132,-1.24542,-0.463523,-0.228562,nan,nan,0,-0.130664,-0.309773,-0.00306892,2.36874,-0.375332,-0.316731,nan,nan,0,-0.65987,0.587811,-6.03002,-23.0769,0.160065,0.103036,nan,nan,0,-0.785511,-0.259169,-0.0245625,-16.9256,-0.602756,nan,-11.9887,-11.5003,1,0.434355,-0.013544,1.58577,-1.90216,0.217178,nan,4.543,2.62568,1,-0.351674,-0.47928,0.14423,0.952377,-0.575837,-0.44293,nan,nan,0,-0.141159,0.00795746,-1.34716,-6.2271,-0.12058,-0.235175,nan,nan,0,-0.211283,0.300377,-0.046031,-1.92918,0.204359,0.228645,nan,nan,0,0.531038,0.523958,1.18759,-13.2601,0.755519,0.57151,nan,nan,0,-0.00744588,-0.196505,-0.578959,0.903985,-0.213723,nan,0.265793,1.3432,1,-0.00329778,0.0119511,0.38099,-0.52516,-0.00164889,nan,-0.979484,-0.299706,1,0,0.162447,0.013976,-0.005101,-0.986605,-0.958175,0.070341,0.367773,-0.92415,-2.1063,9.32795
1786071337385696768,-0.128974,0.991648,0.265243,0,0,0.00614336,0.0243934,-2.812,-0.322909,-0.871003,-0.0683468,0.93831,0.545434,-0.71501,2.22222,0.869155,0.492583,nan,nan,0,-1.38866,0.0449653,-0.837758,-13.6996,-0.64433,-0.368082,nan,nan,0,-0.805378,-0.304404,1.29193,-8.18071,-0.712689,-0.35063,nan,nan,0,-0.846338,0.546585,-4.03536,-59.3651,0.0668311,0.135444,nan,nan,0,-1.154,-0.238659,2.71001,-18.9394,-0.786999,nan,-23.2569,-12.4031,1,0.660181,0.0134413,2.93687,2.41293,0.33009,nan,5.09417,3.32027,1,-0.408792,-0.477171,0.174916,2.3199,-0.604396,-0.521683,nan,nan,0,-0.428945,-0.00431442,-1.07098,-19.1209,-0.264472,-0.165666,nan,nan,0,-0.281462,0.300761,0.266977,-4.95727,0.169269,0.218291,nan,nan,0,0.569474,0.535847,1.42695,-15.7998,0.774737,0.666932,nan,nan,0,-0.0366072,-0.202634,-0.476606,1.02161,-0.228304,nan,-0.183527,0.955846,1,0.0891366,0.0131361,0.342993,-0.453034,0.0445683,nan,0.428476,-0.427201,1,0,0.164002,0.012535,-0.001029,-0.986379,-0.322909,-0.871003,-0.0683468,3.96582,0.080303,18.3795
1786071337395729479,-0.0393656,0.999225,0.265243,0,0,0.0142226,0.0199222,-2.82394,1.30464,1.38888,-1.42284,-1.01979,0.53508,-1.08325,10.7692,-0.109897,0.613423,nan,nan,0,-2.05656,0.036912,-0.727284,-16.337,-0.97828,-0.508767,nan,nan,0,-1.63969,-0.276792,2.85083,-14.3834,-1.12984,-0.481821,nan,nan,0,-0.469812,0.513795,-2.27391,-34.8474,0.255094,0.125587,nan,nan,0,-0.316867,-0.207481,3.35413,-10.9617,-0.368434,nan,-10.6645,-16.8964,1,1.01169,0.0394334,2.45284,3.93917,0.505846,nan,10.3131,3.91723,1,0.431419,-0.475637,0.138092,-0.708183,-0.18429,-0.575899,nan,nan,0,-0.939528,-0.0106421,-0.389727,-11.7949,-0.519764,-0.173908,nan,nan,0,-0.579763,0.310732,1.08325,-8.03419,0.0201185,0.197127,nan,nan,0,0.685302,0.55483,1.47605,6.32478,0.832651,0.740276,nan,nan,0,0.297943,-0.208699,-0.379734,0.58885,-0.0610283,nan,5.73806,0.398792,1,0.0710262,0.0141223,0.371064,-0.381511,0.0355131,nan,0.0851281,-0.289326,1,0,0.158079,0.01096,-0.005446,-0.98735,1.30464,1.38888,-1.42284,1.06272,12.9691,40.139
1786071337405704192,0.0502161,0.998738,0.265243,0,0,0.0194095,0.0401001,-2.83015,-0.0281268,1.58392,0.205462,-1.91128,0.521466,-1.43923,9.89011,-0.555638,0.449457,nan,nan,0,-3.06161,0.0298171,-0.71501,-19.5604,-1.48081,-0.719766,nan,nan,0,-0.914986,-0.255699,1.48833,-12.7717,-0.767493,-0.762615,nan,nan,0,-0.187924,0.496538,-1.85043,-26.3004,0.396038,0.155772,nan,nan,0,0.0251254,-0.182444,2.29435,-14.186,-0.197437,nan,-3.96627,-17.2633,1,1.10948,0.0679307,2.95016,3.42033,0.554738,nan,10.179,6.20624,1,-0.41028,-0.474679,0.0644436,-0.757019,-0.60514,-0.467442,nan,nan,0,-0.336822,-0.0127511,-0.181053,-5.10378,-0.218411,-0.302988,nan,nan,0,-0.0917408,0.320703,0.770247,-5.59219,0.26413,0.13026,nan,nan,0,1.09633,0.567677,1.28579,7.83883,1.03817,0.794464,nan,nan,0,-0.0119211,-0.210777,-0.370136,0.314121,-0.215961,nan,0.373792,1.87876,1,-0.103673,0.0182434,0.0976107,-0.214554,-0.0518366,nan,-2.24882,-0.0255212,1,0,0.15486,0.02131,-0.006476,-0.987685,-0.0281268,1.58392,0.205462,-24.6943,-17.9435,21.7521
1786071337415651420,0.139011,0.990291,0.265243,0,0,0.0176387,0.0543932,-2.81995,-0.699876,0.602669,1.70304,-0.722692,0.508618,-1.39626,2.0757,0.0386541,-0.0102284,nan,nan,0,-2.52243,0.0223389,-0.899132,-23.2723,-1.21122,-1.06163,nan,nan,0,0.325759,-0.255699,-0.518612,-14.4322,-0.14712,-0.892887,nan,nan,0,-0.279201,0.479472,-1.64176,-20.5372,0.3504,0.257904,nan,nan,0,-0.175741,-0.167722,1.55824,-14.977,-0.297871,nan,-6.89256,-11.8211,1,0.910829,0.0946485,2.66431,6.95338,0.455415,nan,6.82652,8.53013,1,-1.22101,-0.474486,0.00920582,0.463982,-1.01051,-0.439156,nan,nan,0,0.0860132,-0.0150528,-0.303802,-8.91331,-0.00699338,-0.342864,nan,nan,0,0.139933,0.319169,-0.469513,-3.39439,0.379967,0.139284,nan,nan,0,1.01555,0.57995,1.39626,9.30403,0.997775,0.893284,nan,nan,0,-0.174387,-0.212858,-0.263391,0.745994,-0.297193,nan,-2.55665,2.38351,1,-0.127206,0.0196204,0.0156793,-0.0476787,-0.0636031,nan,-2.52022,-0.634464,1,0,0.159825,0.028253,-0.004348,-0.986731,-0.699876,0.602669,1.70304,-11.7581,-9.99733,2.07604
1786071337425750730,0.228109,0.973636,0.265243,0,0,0.0107902,0.057023,-2.80027,-0.651237,-0.0175902,1.95673,0.072531,0.493279,-1.4024,-12.6252,0.436266,-0.197046,nan,nan,0,-1.89596,0.0108337,-1.07712,-42.3199,-0.89798,-1.26331,nan,nan,0,0.888857,-0.272765,-1.75837,-13.9927,0.134429,-0.660175,nan,nan,0,-0.280204,0.463941,-1.49446,-12.5275,0.349898,0.3361,nan,nan,0,-0.213785,-0.152947,0.931779,-9.39458,-0.316892,nan,-7.13575,-7.4546,1,0.863026,0.115105,1.60585,10.0358,0.431513,nan,7.08345,8.86682,1,-1.25775,-0.474486,0.0214815,-0.122101,-1.02888,-0.646154,nan,nan,0,0.0449097,-0.0200381,-0.506338,-6.37363,-0.0275451,-0.222389,nan,nan,0,0.0984155,0.308047,-1.22441,-0.0732574,0.359208,0.240753,nan,nan,0,0.871992,0.597207,1.67245,13.895,0.925996,0.975546,nan,nan,0,-0.101644,-0.214891,-2.76846e-06,1.49152,-0.260822,nan,-1.60759,0.52681,1,-0.100173,0.0174613,-0.0283054,-0.691136,-0.0500867,nan,-1.98398,-1.63802,1,0,0.169612,0.029009,-0.000473,-0.985083,-0.651237,-0.0175902,1.95673,0.985712,1.09554,6.48636
1786071337435676740,0.313898,0.949457,0.265243,0,0,0.00571125,0.0558667,-2.78122,-0.675905,-0.231876,1.84442,0.383506,0.478897,-1.45764,-15.5556,0.591753,0.00357442,nan,nan,0,-2.03293,0.000287533,-1.02802,-49.9389,-0.966464,-1.18492,nan,nan,0,0.472415,-0.283886,-0.494062,-11.16,-0.0737924,-0.259139,nan,nan,0,-0.303718,0.450134,-1.12622,-7.4481,0.338141,0.362002,nan,nan,0,-0.222082,-0.144581,0.91148,-6.94345,-0.321041,nan,-7.54334,-6.16085,1,0.845086,0.123361,0.713488,10.2389,0.422543,nan,7.90524,8.22184,1,-1.13792,-0.474103,0.0337563,-4.90842,-0.96896,-0.882233,nan,nan,0,0.0943129,-0.0265574,-0.733422,-0.122101,-0.00284355,-0.0933676,nan,nan,0,0.128224,0.294624,-1.29193,2.85714,0.374112,0.327452,nan,nan,0,0.681565,0.614081,1.95477,16.2882,0.830782,0.982964,nan,nan,0,-0.0354544,-0.212881,0.150807,0.235628,-0.227727,nan,-0.745839,-1.20589,1,-0.0109513,0.0176564,-0.226359,-1.02489,-0.00547566,nan,-0.354423,-2.1115,1,0,0.179062,0.027989,0.002197,-0.983437,-0.675905,-0.231876,1.84442,-2.84404,0.800582,5.11093
1786071337445682104,0.39783,0.917459,0.265243,0,0,-0.000808916,0.0524912,-2.76573,-0.771432,-0.294859,1.09575,0.166891,0.464707,-1.37171,-9.64591,0.483446,0.316341,nan,nan,0,-1.73829,-0.00834084,-0.751834,-47.8877,-0.819146,-1.04614,nan,nan,0,0.373127,-0.272573,1.7952,-6.27595,-0.123437,-0.0351151,nan,nan,0,-0.349777,0.440163,-0.966643,-1.78266,0.315112,0.358452,nan,nan,0,0.0734259,-0.13633,0.709183,-4.9987,-0.173287,nan,-2.35726,-6.47997,1,0.803059,0.123302,-0.0915964,8.88847,0.40153,nan,8.48423,8.03697,1,-0.926425,-0.474295,-0.046031,-9.69475,-0.863213,-0.992342,nan,nan,0,-0.196577,-0.0371037,-1.16918,8.27839,-0.148288,-0.0217715,nan,nan,0,-0.268444,0.285996,-0.757972,5.10378,0.175778,0.368619,nan,nan,0,0.80763,0.638625,2.34756,9.10867,0.893815,0.925813,nan,nan,0,-0.0486393,-0.210918,0.103134,-1.0996,-0.23432,nan,-0.973776,-1.58312,1,0.0494122,0.0151042,-0.531194,-1.69294,0.0247061,nan,1.08485,-1.5516,1,0,0.186772,0.025705,0.0053,-0.982052,-0.771432,-0.294859,1.09575,3.48815,3.73672,12.34
1786071337455721235,0.478623,0.87802,0.265243,0,0,-0.00853375,0.0490635,-2.75819,-0.765771,-0.030597,0.457489,-0.217911,0.452435,-1.13235,-4.32234,0.291044,0.492733,nan,nan,0,-1.27581,-0.0150528,-0.672048,-36.7033,-0.587904,-0.924551,nan,nan,0,0.153235,-0.244195,3.12702,-4.85959,-0.233383,-0.0160886,nan,nan,0,-0.359017,0.430768,-0.917544,-0.512817,0.310491,0.340057,nan,nan,0,0.223916,-0.134363,0.256974,-4.45556,-0.0980418,nan,0.885773,-5.33487,1,0.73329,0.122998,-0.462737,8.02133,0.366645,nan,8.00353,8.3277,1,-0.726571,-0.476213,-0.273115,-10.1832,-0.763285,-0.972959,nan,nan,0,-0.182163,-0.0505266,-1.41468,7.39927,-0.141082,-0.0423113,nan,nan,0,-0.547467,0.277175,-0.85617,5.39683,0.0362664,0.316489,nan,nan,0,0.81298,0.663553,2.5501,5.05495,0.89649,0.885508,nan,nan,0,-0.111486,-0.211042,-0.0495739,-1.2165,-0.265743,nan,-1.84017,-1.3038,1,0.0731375,0.0080394,-0.820321,-1.14457,0.0365687,nan,2.08636,-0.212283,1,0,0.190575,0.023267,0.008861,-0.981356,-0.765771,-0.030597,0.457489,8.45176,-0.767459,6.68667
1786071337465697725,0.555333,0.831628,0.265243,0,0,-0.0162165,0.0481139,-2.75821,-0.651824,0.0797537,-0.456813,-0.32344,0.442848,-0.892995,-0.317459,0.23828,0.468354,nan,nan,0,-1.113,-0.0225306,-0.819346,-27.7167,-0.506502,-0.76749,nan,nan,0,-0.623612,-0.214281,2.77718,-2.75946,-0.621806,-0.101129,nan,nan,0,-0.520452,0.421563,-0.90527,-1.63614,0.229774,0.321574,nan,nan,0,0.0522414,-0.134382,-0.142616,-4.13762,-0.183879,nan,-1.51849,-2.39567,1,0.782122,0.11993,-0.1137,8.02457,0.391061,nan,8.3045,8.34645,1,-0.537036,-0.480622,-0.5002,-8.37607,-0.668518,-0.881329,nan,nan,0,0.00498162,-0.0647159,-1.37171,3.88278,-0.0475092,-0.0970619,nan,nan,0,-0.596395,0.273341,-0.174916,1.00122,0.0118024,0.188886,nan,nan,0,0.7348,0.689439,2.58692,-1.44078,0.8574,0.880578,nan,nan,0,-0.133373,-0.213215,-0.126166,-0.705431,-0.276687,nan,-2.03227,-1.29866,1,0.0736556,-0.00236992,-0.820567,-0.262226,0.0368278,nan,2.40678,1.21386,1,0,0.190647,0.022069,0.01254,-0.98133,-0.651824,0.0797537,-0.456813,4.43993,5.03541,7.32119
1786071337475702294,0.627692,0.778462,0.265243,0,0,-0.0229038,0.0488445,-2.76478,-0.599364,0.234941,-0.751717,-0.649884,0.435369,-0.684322,-0.415138,0.0750579,0.357344,nan,nan,0,-1.28229,-0.0321183,-1.00347,-22.2955,-0.591146,-0.614319,nan,nan,0,-0.866187,-0.193955,1.69086,-3.63858,-0.743094,-0.313787,nan,nan,0,-0.52344,0.413318,-0.800934,-5.39683,0.22828,0.285336,nan,nan,0,-0.0506122,-0.134339,-0.199826,-2.24912,-0.235306,nan,-3.23411,-0.753656,1,0.881648,0.116669,0.0469745,8.11144,0.440824,nan,9.6542,8.21675,1,-0.515353,-0.486951,-0.672048,-6.12943,-0.657676,-0.769893,nan,nan,0,0.00734156,-0.0775633,-1.24283,1.39194,-0.0463292,-0.101667,nan,nan,0,-0.453044,0.272765,-0.113543,-2.3199,0.0834781,0.074695,nan,nan,0,0.793017,0.712641,2.54396,-0.903542,0.886508,0.87458,nan,nan,0,-0.149621,-0.215392,-0.243139,-1.5271,-0.28481,nan,-2.06495,-1.58485,1,0.0153892,-0.0100406,-0.648018,0.953091,0.00769461,nan,1.50408,2.13777,1,0,0.187498,0.021842,0.015819,-0.981894,-0.599364,0.234941,-0.751717,3.67209,1.64244,5.4864
1786071337485669054,0.694674,0.719325,0.265243,0,0,-0.0282153,0.0497351,-2.77375,-0.29394,0.23534,-1.05339,-0.726188,0.429425,-0.567711,-2.75946,0.0369062,0.218348,nan,nan,0,-1.59192,-0.042089,-0.935957,-22.4908,-0.74596,-0.551717,nan,nan,0,-1.19708,-0.185135,0.549299,-7.88766,-0.908538,-0.557451,nan,nan,0,-0.582291,0.406607,-0.721148,-8.57143,0.198854,0.248533,nan,nan,0,-0.121491,-0.138499,-0.108485,-1.03754,-0.270746,nan,-4.46591,-1.2731,1,0.977019,0.122069,0.0359585,8.45053,0.48851,nan,10.9393,8.61923,1,-0.526273,-0.494429,-0.770247,-3.2967,-0.663136,-0.689211,nan,nan,0,0.0346819,-0.0892601,-1.14463,0.65934,-0.0326591,-0.0756382,nan,nan,0,-0.328481,0.267588,-0.739559,-3.34554,0.145759,0.039322,nan,nan,0,0.883819,0.739486,2.37211,-3.10134,0.931909,0.874217,nan,nan,0,-0.203062,-0.217544,-0.319978,-1.6441,-0.311531,nan,-2.80957,-1.83539,1,-0.0383091,-0.0130017,-0.346412,1.45288,-0.0191545,nan,0.335033,2.17625,1,0,0.183156,0.021864,0.018412,-0.982668,-0.29394,0.23534,-1.05339,3.22269,2.00561,8.65984
1786071337495651197,0.756291,0.654235,0.265243,0,0,-0.0309277,0.0514421,-2.7848,-0.207602,0.193084,-1.04433,-0.814139,0.424632,-0.530887,-5.78754,-0.00706965,0.101266,nan,nan,0,-1.68881,-0.0489926,-0.69046,-25.6654,-0.794407,-0.606432,nan,nan,0,-1.10394,-0.186285,-0.33449,-12.0391,-0.861972,-0.762127,nan,nan,0,-0.57362,0.400471,-0.622948,-13.7973,0.20319,0.220012,nan,nan,0,-0.188031,-0.138501,-0.176464,-0.544279,-0.304015,nan,-5.5283,-2.76578,1,1.05051,0.117459,-0.393239,9.42857,0.525257,nan,12.8238,9.684,1,-0.62308,-0.501523,-0.770247,-3.88278,-0.71154,-0.655895,nan,nan,0,-0.118335,-0.0988474,-1.00961,0.854698,-0.109167,-0.0505646,nan,nan,0,-0.216409,0.258575,-1.08325,-2.71062,0.201796,0.0729056,nan,nan,0,0.999224,0.75962,2.16958,-2.90598,0.989612,0.895104,nan,nan,0,-0.232741,-0.221675,-0.389194,-1.33057,-0.326371,nan,-3.08055,-2.2008,1,-0.0880098,-0.0151946,0.0625383,1.45186,-0.0440049,nan,-0.958117,1.38405,1,0,0.177762,0.022564,0.019776,-0.983615,-0.207602,0.193084,-1.04433,1.80084,1.51529,6.44416
1786071337505649119,0.811876,0.58383,0.265243,0,0,-0.0344778,0.0512793,-2.7925,-0.386083,-0.0795977,-0.431326,-0.490663,0.418687,-0.549299,-8.37607,0.154669,0.0270641,nan,nan,0,-1.54694,-0.053019,-0.242428,-28.547,-0.723468,-0.704225,nan,nan,0,-0.594995,-0.195873,-1.16304,-15.3114,-0.607498,-0.868475,nan,nan,0,-0.527471,0.39491,-0.377452,-18.4371,0.226265,0.20409,nan,nan,0,-0.324992,-0.140645,-0.339715,-2.22639,-0.372496,nan,-7.60522,-4.29511,1,1.04793,0.108148,-1.02209,10.8235,0.523966,nan,14.0077,11.3857,1,-0.908077,-0.509577,-0.71501,-3.19902,-0.854039,-0.667443,nan,nan,0,-0.046331,-0.107476,-0.635223,-2.36874,-0.0731655,-0.0604343,nan,nan,0,0.0667207,0.247262,-0.966643,-1.8315,0.34336,0.135607,nan,nan,0,0.951189,0.781863,1.97932,-2.17339,0.965594,0.937077,nan,nan,0,-0.212681,-0.225792,-0.525272,-1.40856,-0.31634,nan,-2.38129,-2.61223,1,-0.137522,-0.00951736,0.48752,1.07073,-0.0687611,nan,-2.50859,0.0795064,1,0,0.174013,0.022251,0.021422,-0.984258,-0.386083,-0.0795977,-0.431326,-0.666478,-2.68015,8.0544
1786071337515588118,0.860653,0.509192,0.265243,0,0,-0.0391321,0.0513484,-2.79428,-0.505875,0.124886,0.047833,-0.538558,0.413702,-0.537024,-10.4274,0.130721,0.0447264,nan,nan,0,-1.36845,-0.0535946,-0.00306892,-29.8168,-0.634224,-0.749254,nan,nan,0,-0.174985,-0.208721,-1.51287,-16.3858,-0.397493,-0.807857,nan,nan,0,-0.429803,0.39261,-0.205604,-20.6349,0.275099,0.207393,nan,nan,0,-0.303396,-0.144902,-0.456296,-4.20878,-0.361698,nan,-6.90341,-5.86946,1,1.00372,0.0967941,-1.37456,11.3109,0.501859,nan,14.2138,13.1541,1,-1.00997,-0.515713,-0.678185,-4.46886,-0.904986,-0.738509,nan,nan,0,-0.0594908,-0.110928,-0.291528,-3.49207,-0.0797454,-0.0751935,nan,nan,0,0.183033,0.239593,-0.745697,-0.952377,0.401517,0.229742,nan,nan,0,0.87763,0.799312,1.91181,0.610504,0.928815,0.965325,nan,nan,0,-0.138809,-0.229885,-0.642121,-1.60042,-0.279405,nan,-0.769991,-2.61733,1,-0.177146,-0.0020593,0.647843,-0.140484,-0.0885731,nan,-3.56718,-1.40739,1,0,0.173191,0.021901,0.023699,-0.984359,-0.505875,0.124886,0.047833,-2.1143,-4.84046,11.0448
1786071337525679176,0.902999,0.429643,0.265243,0,0,-0.0446058,0.0527796,-2.79221,-0.591087,-0.0537287,0.358735,-0.290443,0.407757,-0.537024,-9.20635,0.254779,0.0957934,nan,nan,0,-1.17295,-0.053019,0.0767183,-28.0098,-0.536476,-0.718218,nan,nan,0,0.0236786,-0.225403,-1.43309,-13.9927,-0.298161,-0.625631,nan,nan,0,-0.423847,0.391459,-0.0644426,-19.1209,0.278076,0.23341,nan,nan,0,-0.275012,-0.151195,-0.563744,-6.61466,-0.347506,nan,-6.02526,-6.78437,1,0.961213,0.0876066,-0.550192,12.0583,0.480606,nan,12.6153,14.1257,1,-1.04698,-0.522616,-0.586123,-5.9829,-0.923491,-0.829457,nan,nan,0,-0.152369,-0.112462,-0.107405,-0.757019,-0.126184,-0.0800342,nan,nan,0,0.119503,0.235182,-0.21174,0.268623,0.369751,0.327591,nan,nan,0,0.697814,0.818103,1.86271,1.68498,0.838907,0.960157,nan,nan,0,-0.115294,-0.238063,-0.802052,-2.06072,-0.267647,nan,0.167642,-1.85283,1,-0.145753,0.00558089,0.453717,-1.18121,-0.0728764,nan,-3.03429,-2.70919,1,0,0.17428,0.022104,0.026539,-0.98409,-0.591087,-0.0537287,0.358735,-4.46011,-4.05861,14.0293
1786071337535748466,0.937955,0.346756,0.265243,0,0,-0.0501951,0.0526177,-2.78701,-0.515327,0.00836807,0.725411,-0.178113,0.403347,-0.469513,-9.64591,0.310944,0.165964,nan,nan,0,-1.11453,-0.0526357,0.0214815,-24.7375,-0.507265,-0.637326,nan,nan,0,0.425915,-0.233457,-0.610673,-11.3553,-0.0970427,-0.435868,nan,nan,0,-0.383803,0.391267,-0.0153437,-15.0183,0.298098,0.261337,nan,nan,0,-0.167345,-0.155319,-0.464477,-7.44282,-0.293673,nan,-4.14567,-6.74085,1,0.864071,0.0885411,0.397226,12.6453,0.432035,nan,9.70899,13.6395,1,-1.08344,-0.527602,-0.555436,-8.62027,-0.941719,-0.894942,nan,nan,0,-0.184798,-0.113229,-0.0583057,0.268623,-0.142399,-0.0962187,nan,nan,0,0.0234127,0.235757,0.101268,3.10134,0.321706,0.377452,nan,nan,0,0.619829,0.836512,1.83816,-0.854698,0.799914,0.914081,nan,nan,0,-0.0822546,-0.246296,-0.930844,-1.66216,-0.251127,nan,1.22719,-0.698449,1,-0.14846,0.00473542,0.0976158,-1.74765,-0.07423,nan,-2.51539,-3.20278,1,0,0.176898,0.021461,0.029331,-0.983557,-0.515327,0.00836807,0.725411,0.341983,-2.68152,10.5069
1786071337545731246,0.965331,0.261028,0.265243,0,0,-0.0540309,0.0536187,-2.7782,-0.335747,0.0724337,0.940998,-0.0553071,0.399321,-0.352901,-7.49695,0.372346,0.245305,nan,nan,0,-1.26549,-0.0526357,-0.00306892,-22.149,-0.582744,-0.558524,nan,nan,0,0.742129,-0.231922,0.408138,-8.47375,0.0610646,-0.25589,nan,nan,0,-0.350976,0.391075,-0.0153437,-12.8205,0.314512,0.282951,nan,nan,0,-0.0297094,-0.15935,-0.347665,-7.02553,-0.224855,nan,-1.77115,-5.77426,1,0.825423,0.100119,1.24559,12.8687,0.412711,nan,7.50937,11.7009,1,-1.05378,-0.533162,-0.549299,-8.27839,-0.926889,-0.930871,nan,nan,0,-0.308757,-0.11342,-0.0153437,0.0244217,-0.204378,-0.120371,nan,nan,0,-0.154709,0.2371,0.150368,4.22466,0.232646,0.369946,nan,nan,0,0.63927,0.853002,1.7952,-6.66666,0.809635,0.853092,nan,nan,0,-0.0336825,-0.256684,-0.994449,-0.483808,-0.226841,nan,2.53616,0.47203,1,-0.122291,0.00148285,-0.554363,-2.36221,-0.0611455,nan,-1.04731,-2.90257,1,0,0.181278,0.021476,0.0314,-0.982695,-0.335747,0.0724337,0.940998,-2.29342,-0.438743,7.6125
1786071337555706270,0.984816,0.173604,0.265243,0,0,-0.0562908,0.0543738,-2.7696,-0.268682,-0.121968,0.778019,0.275894,0.396828,-0.224015,-5.34798,0.537947,0.317385,nan,nan,0,-1.25458,-0.0526357,0.00306892,-19.8046,-0.577288,-0.538587,nan,nan,0,0.640117,-0.224061,0.960506,-4.42002,0.0100585,-0.0823407,nan,nan,0,-0.43568,0.391267,0.0276184,-10.5739,0.27216,0.300932,nan,nan,0,-0.0816545,-0.159109,-0.225235,-6.1531,-0.250827,nan,-2.87227,-3.98982,1,0.809745,0.110568,1.52964,11.271,0.404873,nan,6.53468,9.23488,1,-0.926585,-0.538723,-0.561574,-9.69475,-0.863292,-0.939998,nan,nan,0,-0.401017,-0.113612,-0.00306892,-0.415138,-0.250508,-0.157399,nan,nan,0,-0.25245,0.239401,0.328352,2.51526,0.183775,0.315213,nan,nan,0,0.603043,0.870068,1.67859,-11.3553,0.791521,0.815117,nan,nan,0,-0.02068,-0.265151,-0.949858,0.330523,-0.22034,nan,2.99316,1.6478,1,-0.0905793,-0.0069231,-1.07229,-2.10247,-0.0452896,nan,0.457443,-1.92801,1,0,0.185534,0.021502,0.032671,-0.981859,-0.268682,-0.121968,0.778019,-1.37138,-0.215867,8.45839
1786071337565711032,0.99635,0.085366,0.265243,0,0,-0.0576589,0.054252,-2.76353,-0.0703948,0.0130563,0.390404,0.112042,0.39491,-0.150367,-2.27106,0.456021,0.415755,nan,nan,0,-1.38162,-0.0526357,0.00306892,-19.3162,-0.64081,-0.553904,nan,nan,0,0.393712,-0.208912,1.61721,-1.39194,-0.113144,0.0138082,nan,nan,0,-0.445565,0.39165,0.0337563,-9.93895,0.267218,0.298219,nan,nan,0,-0.052546,-0.163052,-0.131398,-3.97242,-0.236273,nan,-2.36563,-2.83685,1,0.834742,0.131295,1.39439,9.25709,0.417371,nan,6.4907,7.28167,1,-0.693706,-0.544859,-0.579986,-9.01099,-0.746853,-0.914783,nan,nan,0,-0.358924,-0.113804,-0.0398932,-1.05006,-0.229462,-0.204564,nan,nan,0,-0.326032,0.245153,0.567711,0.317459,0.146984,0.245144,nan,nan,0,0.634208,0.886942,1.31648,-11.3553,0.807104,0.79731,nan,nan,0,-0.00835766,-0.273675,-0.794212,1.05702,-0.214179,nan,3.27367,2.56196,1,-0.0863061,-0.0221006,-1.6173,-1.37118,-0.043153,nan,1.79438,-0.490575,1,0,0.188527,0.021214,0.033396,-0.98127,-0.0703948,0.0130563,0.390404,0.204306,0.714578,8.03921
1786071337575566160,0.999993,-0.00372334,0.265243,0,0,-0.0574038,0.0549509,-2.76095,0.0357566,-0.0477322,0.168728,0.101353,0.39376,-0.125817,-0.21978,0.450676,0.473347,nan,nan,0,-1.61144,-0.0526357,-0.0214806,-19.1209,-0.755719,-0.590113,nan,nan,0,0.0504329,-0.192997,1.78906,-0.366302,-0.284784,-0.00512889,nan,nan,0,-0.490426,0.392034,0.0644436,-10.0366,0.244787,0.283035,nan,nan,0,-0.0743039,-0.162805,-0.157835,-2.46956,-0.247152,nan,-2.71538,-2.41586,1,0.881942,0.13982,1.0072,8.00807,0.440971,nan,7.52374,6.38508,1,-0.578178,-0.550612,-0.647498,-5.93407,-0.689089,-0.845204,nan,nan,0,-0.317673,-0.114571,-0.101268,-1.05006,-0.208836,-0.231828,nan,nan,0,-0.380686,0.249372,0.395864,-0.903542,0.119657,0.18576,nan,nan,0,0.623334,0.896721,0.966643,-12.3321,0.801667,0.795176,nan,nan,0,-0.0217823,-0.280055,-0.647073,1.59111,-0.220891,nan,3.04134,3.11244,1,-0.0616325,-0.038669,-1.81279,-0.946111,-0.0308162,nan,2.95476,1.0133,1,0,0.189798,0.021538,0.033364,-0.981019,0.0357566,-0.0477322,0.168728,-0.331941,3.44691,7.52236
1786071337585637348,0.995589,-0.0938237,0.265243,0,0,-0.0564161,0.0542597,-2.76024,0.111658,-0.0595633,-0.0378223,0.0362198,0.392417,-0.138092,2.46642,0.41811,0.476997,nan,nan,0,-1.73256,-0.0532107,-0.0521679,-20.3419,-0.816281,-0.661484,nan,nan,0,-0.165966,-0.17689,1.45764,0.610504,-0.392983,-0.119161,nan,nan,0,-0.520837,0.392417,0.046031,-11.8437,0.229582,0.264197,nan,nan,0,-0.117048,-0.164745,-0.279852,-2.1215,-0.268524,nan,-3.2125,-2.35826,1,0.937177,0.144974,0.323921,7.30462,0.468588,nan,9.22256,6.65977,1,-0.545123,-0.55809,-0.739559,-4.61539,-0.672561,-0.760884,nan,nan,0,-0.301614,-0.116105,-0.150367,-2.61295,-0.200807,-0.230566,nan,nan,0,-0.431359,0.250522,-0.0153437,-1.78266,0.0943205,0.143213,nan,nan,0,0.652047,0.903816,0.586123,-9.64591,0.816023,0.798809,nan,nan,0,-0.0590202,-0.286369,-0.422377,2.39318,-0.23951,nan,2.27363,3.24294,1,-0.0538954,-0.0594344,-1.75748,0.681088,-0.0269477,nan,3.61082,2.31436,1,0,0.190127,0.021281,0.032822,-0.980979,0.111658,-0.0595633,-0.0378223,0.566612,1.85125,6.72442
1786071337595600924,0.983106,-0.183039,0.265243,0,0,-0.0554141,0.0547249,-2.76176,0.0929901,0.126414,-0.263917,-0.23824,0.3905,-0.181053,3.7851,0.28088,0.453976,nan,nan,0,-1.66327,-0.0543613,-0.11968,-23.8095,-0.781634,-0.745,nan,nan,0,-0.284039,-0.166919,0.788659,-0.268623,-0.45202,-0.26402,nan,nan,0,-0.48624,0.392993,0.046031,-13.6508,0.24688,0.245123,nan,nan,0,-0.146441,-0.168931,-0.30298,-2.24531,-0.28322,nan,-3.54567,-2.61614,1,0.973677,0.145206,-0.346901,7.46353,0.486839,nan,10.7693,7.91834,1,-0.529643,-0.566719,-0.776384,-2.75946,-0.664822,-0.699523,nan,nan,0,-0.220633,-0.118214,-0.21174,-2.8083,-0.160316,-0.216825,nan,nan,0,-0.439779,0.247838,-0.352901,-1.78266,0.0901107,0.112974,nan,nan,0,0.655684,0.907651,0.279252,-7.59463,0.817842,0.80578,nan,nan,0,-0.0906017,-0.286394,-0.104099,2.32008,-0.255301,nan,1.24441,2.85828,1,-0.0635692,-0.0715549,-1.28814,1.43822,-0.0317846,nan,3.12532,3.20248,1,0,0.189378,0.021629,0.032358,-0.981132,0.0929901,0.126414,-0.263917,-0.782527,0.985969,7.23647
1786071337605808254,0.962428,-0.271538,0.265243,0,0,-0.0548587,0.0554957,-2.76339,0.129448,0.147899,-0.370465,-0.299922,0.388966,-0.21174,3.49207,0.250039,0.385942,nan,nan,0,-1.73177,-0.0553203,-0.138092,-27.6679,-0.815884,-0.789321,nan,nan,0,-0.495869,-0.163659,0.14423,-2.85714,-0.557934,-0.382397,nan,nan,0,-0.531766,0.393568,0.046031,-15.1648,0.224117,0.238384,nan,nan,0,-0.1793,-0.171072,-0.388432,-2.0419,-0.29965,nan,-3.91756,-3.02344,1,0.966458,0.13891,-0.744524,8.49756,0.483229,nan,11.4464,9.5879,1,-0.520153,-0.572855,-0.770247,-2.02686,-0.660076,-0.668749,nan,nan,0,-0.165766,-0.11994,-0.230153,-2.90598,-0.132883,-0.192334,nan,nan,0,-0.361742,0.242661,-0.678185,-1.44078,0.129129,0.095127,nan,nan,0,0.527892,0.90861,0.0276184,-6.37363,0.753946,0.812976,nan,nan,0,-0.113358,-0.286376,0.111409,2.16956,-0.266679,nan,0.522286,2.05518,1,-0.0787541,-0.0795037,-0.77655,2.05175,-0.0393771,nan,2.36862,3.38141,1,0,0.188582,0.022086,0.03214,-0.981282,0.129448,0.147899,-0.370465,-1.21142,1.49258,7.65622
1786071337615634894,0.934931,-0.35483,0.265243,0,0,-0.0528525,0.058543,-2.77067,0.122916,0.175105,-0.543651,-0.525696,0.386473,-0.224015,1.29426,0.137152,0.307221,nan,nan,0,-1.69148,-0.0566626,-0.0767183,-31.9658,-0.795739,-0.807412,nan,nan,0,-0.561529,-0.16596,-0.291528,-6.91087,-0.590765,-0.48012,nan,nan,0,-0.494381,0.393952,0.0521679,-17.0208,0.24281,0.233574,nan,nan,0,-0.106478,-0.17538,-0.562488,-3.15836,-0.263239,nan,-2.23132,-3.38245,1,0.953509,0.125514,-1.18695,9.88184,0.476755,nan,12.3177,11.0476,1,-0.492217,-0.580717,-0.71501,-1.68498,-0.646108,-0.657743,nan,nan,0,-0.113443,-0.122624,-0.23629,-1.3431,-0.106721,-0.16158,nan,nan,0,-0.260586,0.235182,-0.629086,-2.41758,0.179707,0.101121,nan,nan,0,0.419166,0.907076,-0.199466,-5.25031,0.699583,0.796211,nan,nan,0,-0.13447,-0.284298,0.30647,1.51521,-0.277235,nan,-0.212515,1.11393,1,-0.113923,-0.0834354,-0.0297065,2.35776,-0.0569614,nan,0.838781,2.82781,1,0,0.185018,0.023885,0.031354,-0.981944,0.122916,0.175105,-0.543651,-2.35868,-0.637197,8.14426
1786071337625611812,0.899075,-0.437795,0.265243,0,0,-0.052048,0.0596251,-2.77525,0.0812745,0.0707926,-0.333244,-0.489736,0.384172,-0.230153,-0.65934,0.155132,0.223142,nan,nan,0,-1.7797,-0.0564704,0.0521679,-31.7704,-0.839852,-0.809546,nan,nan,0,-0.398946,-0.169219,-0.273115,-10.4762,-0.509473,-0.552812,nan,nan,0,-0.462971,0.395102,0.156505,-19.7558,0.258515,0.233854,nan,nan,0,-0.100921,-0.183959,-0.542404,-3.75928,-0.26046,nan,-1.86394,-3.07069,1,0.936076,0.116549,-1.42282,11.2263,0.468038,nan,12.6789,12.0963,1,-0.548243,-0.58762,-0.672048,-0.317459,-0.674122,-0.651736,nan,nan,0,-0.0761142,-0.124926,-0.21174,-1.97802,-0.0880571,-0.131372,nan,nan,0,-0.156493,0.228279,-0.745697,-1.05006,0.231754,0.132985,nan,nan,0,0.305864,0.9042,-0.371314,-4.81075,0.642932,0.753446,nan,nan,0,-0.128901,-0.282251,0.391201,0.854901,-0.27445,nan,-0.313787,0.274959,1,-0.136216,-0.0812075,0.670284,2.00303,-0.0681079,nan,-0.612439,1.70178,1,0,0.182767,0.024562,0.031002,-0.98236,0.0812745,0.0707926,-0.333244,-0.166102,-1.02143,9.60337
1786071337635649646,0.855997,-0.516981,0.265243,0,0,-0.0516531,0.0600602,-2.77779,0.098156,0.107807,-0.172744,-0.432167,0.381488,-0.224015,-3.44322,0.183917,0.166146,nan,nan,0,-1.72359,-0.0551286,0.162642,-31.0867,-0.811796,-0.817538,nan,nan,0,-0.265295,-0.172288,-0.297665,-12.381,-0.442647,-0.562633,nan,nan,0,-0.454286,0.397403,0.26084,-18.8278,0.262857,0.243463,nan,nan,0,-0.072672,-0.18613,-0.424288,-3.50121,-0.246336,nan,-1.47078,-2.44234,1,0.918688,0.100641,-0.60064,10.577,0.459344,nan,11.662,12.6375,1,-0.558141,-0.594906,-0.629086,-0.903542,-0.67907,-0.656623,nan,nan,0,-0.151692,-0.126076,-0.0398932,-3.5409,-0.125846,-0.105866,nan,nan,0,-0.171291,0.218883,-0.788659,-0.170937,0.224354,0.180723,nan,nan,0,0.257065,0.898255,-0.616811,-5.93407,0.618532,0.697957,nan,nan,0,-0.113556,-0.276041,0.41467,-0.0386488,-0.266778,nan,-0.297805,-0.275761,1,-0.126505,-0.0665872,1.15359,1.0847,-0.0632523,nan,-1.63034,0.243035,1,0,0.18152,0.024851,0.030816,-0.982589,0.098156,0.107807,-0.172744,0.289886,-2.36742,11.2044
1786071337645715327,0.806456,-0.591294,0.265243,0,0,-0.0512418,0.0606708,-2.77953,0.0248311,0.13248,-0.177746,-0.477564,0.378995,-0.279252,-4.46886,0.161218,0.15615,nan,nan,0,-1.54761,-0.053019,0.23629,-32.21,-0.723804,-0.821164,nan,nan,0,-0.214828,-0.174397,-0.193328,-12.4298,-0.417414,-0.516978,nan,nan,0,-0.433663,0.400855,0.383589,-19.0232,0.273168,0.254669,nan,nan,0,-0.0175438,-0.190268,-0.287789,-2.47682,-0.218772,nan,-0.565953,-1.88988,1,0.886482,0.104515,0.52645,11.0939,0.443241,nan,9.37211,12.2142,1,-0.515892,-0.60085,-0.561574,-1.53846,-0.657946,-0.668011,nan,nan,0,-0.161086,-0.125692,0.046031,-0.366302,-0.130543,-0.103174,nan,nan,0,-0.171323,0.214473,-0.279252,-0.268623,0.224338,0.215126,nan,nan,0,0.108866,0.889435,-0.911407,-8.71795,0.544433,0.649176,nan,nan,0,-0.113691,-0.271871,0.407642,-0.309829,-0.266845,nan,-0.435578,-0.473353,1,-0.116147,-0.0542063,1.23647,0.118207,-0.0580733,nan,-1.97071,-1.05652,1,0,0.180668,0.025215,0.030647,-0.982742,0.0248311,0.13248,-0.177746,-0.409512,-5.28394,13.5028
1786071337655670576,0.750413,-0.660969,0.265243,0,0,-0.0515367,0.0608747,-2.78033,-0.0288596,0.0988543,-0.112661,-0.409025,0.376119,-0.322214,-4.51771,0.195488,0.160117,nan,nan,0,-1.44873,-0.0507183,0.242428,-30.989,-0.674365,-0.788675,nan,nan,0,-0.139812,-0.175739,-0.107405,-11.2576,-0.379906,-0.460875,nan,nan,0,-0.431605,0.404498,0.420414,-19.707,0.274198,0.264796,nan,nan,0,-0.0182373,-0.192229,-0.328067,-1.28998,-0.219119,nan,-0.449023,-1.24278,1,0.825921,0.111243,0.792781,12.3352,0.412961,nan,7.86237,10.8177,1,-0.433954,-0.605452,-0.506338,-1.0989,-0.616977,-0.669273,nan,nan,0,-0.154351,-0.125309,0.0583057,0.366302,-0.127176,-0.115231,nan,nan,0,-0.165898,0.212939,-0.14423,0.415138,0.227051,0.228056,nan,nan,0,-0.0489357,0.880998,-1.12622,-9.01099,0.465532,0.59788,nan,nan,0,-0.108157,-0.26972,0.365498,-0.384488,-0.264078,nan,-0.350777,-0.492013,1,-0.0974536,-0.0458389,1.10347,-0.683711,-0.0487268,nan,-1.74184,-1.82466,1,0,0.180278,0.025301,0.0308,-0.982807,-0.0288596,0.0988543,-0.112661,0.45543,-5.05616,13.6201
1786071337665545887,0.688321,-0.725406,0.265243,0,0,-0.0525382,0.0610021,-2.78005,-0.085254,0.115641,0.198446,-0.410647,0.372667,-0.346765,-4.56654,0.194676,0.172776,nan,nan,0,-1.44883,-0.0489926,0.162642,-27.9609,-0.674414,-0.732657,nan,nan,0,0.252028,-0.176123,-0.0276184,-9.40171,-0.183986,-0.413104,nan,nan,0,-0.359404,0.408908,0.371314,-16.1905,0.310298,0.271813,nan,nan,0,0.08682,-0.19626,-0.401921,-1.38052,-0.16659,nan,1.64135,-0.668243,1,0.781778,0.118457,0.590159,11.1249,0.390889,nan,7.28773,9.18951,1,-0.408195,-0.610246,-0.4511,-1.53846,-0.604098,-0.650628,nan,nan,0,-0.230599,-0.124734,0.0521679,0.366302,-0.1653,-0.124717,nan,nan,0,-0.180173,0.212172,-0.0214806,0.561661,0.219914,0.230234,nan,nan,0,-0.0889966,0.866041,-1.47605,-11.7949,0.445502,0.53329,nan,nan,0,-0.0546733,-0.265525,0.301222,-0.458454,-0.237337,nan,0.53476,-0.450605,1,-0.10974,-0.0346682,0.794975,-1.29776,-0.0548699,nan,-1.79852,-2.02239,1,0,0.180428,0.025269,0.031307,-0.982764,-0.085254,0.115641,0.198446,0.762484,-4.09758,11.4342
1786071337675558151,0.620182,-0.784458,0.265243,0,0,-0.0532821,0.0615592,-2.77654,-0.0455748,0.0230588,0.48165,-0.215579,0.369216,-0.33449,-5.49451,0.292211,0.187031,nan,nan,0,-1.48032,-0.0476503,0.125817,-26.0073,-0.69016,-0.690299,nan,nan,0,0.460217,-0.176123,0.00920582,-7.83883,-0.0798916,-0.321094,nan,nan,0,-0.329036,0.411976,0.273115,-13.3089,0.325482,0.28648,nan,nan,0,0.141111,-0.200338,-0.335139,-0.841705,-0.139444,nan,2.63398,0.309527,1,0.723816,0.123921,0.311298,9.39194,0.361908,nan,6.67267,7.9656,1,-0.351395,-0.614081,-0.322214,-2.46642,-0.575697,-0.625221,nan,nan,0,-0.246478,-0.124158,0.046031,0.0244217,-0.173239,-0.140664,nan,nan,0,-0.150234,0.211214,-0.156505,1.3431,0.234883,0.226906,nan,nan,0,-0.172472,0.848975,-1.77678,-14.7741,0.403764,0.477506,nan,nan,0,-0.0137833,-0.263402,0.234516,-0.0696238,-0.216892,nan,1.27609,-0.107922,1,-0.120239,-0.0306737,0.305896,-1.4405,-0.0601193,nan,-1.34221,-1.87852,1,0,0.182168,0.02542,0.031767,-0.982425,-0.0455748,0.0230588,0.48165,-0.539052,-1.63599,10.211
1786071337685546988,0.547449,-0.836839,0.265243,0,0,-0.0531973,0.0623455,-2.77176,0.0332201,0.167724,0.419222,-0.324772,0.366148,-0.291528,-5.9829,0.237614,0.225885,nan,nan,0,-1.37628,-0.0466914,0.0828552,-25.3724,-0.638142,-0.67715,nan,nan,0,0.467559,-0.174973,0.168778,-5.34798,-0.0762203,-0.197137,nan,nan,0,-0.265103,0.41351,0.14423,-12.2833,0.357449,0.306823,nan,nan,0,0.32601,-0.202359,-0.249304,0.0550588,-0.0469952,nan,5.81169,1.54865,1,0.632829,0.123227,-0.0748167,8.40949,0.316415,nan,5.90787,7.20697,1,-0.194306,-0.616382,-0.174916,-3.83395,-0.497153,-0.599185,nan,nan,0,-0.246628,-0.123967,0.0153437,0.561661,-0.173314,-0.15929,nan,nan,0,-0.164339,0.209296,-0.224015,1.44078,0.227831,0.227498,nan,nan,0,-0.273995,0.831718,-1.97932,-16.1416,0.353003,0.43443,nan,nan,0,-0.00779515,-0.261338,0.133007,0.0455199,-0.213898,nan,1.46092,0.545216,1,-0.139504,-0.0302477,-0.170587,-1.2758,-0.0697518,nan,-0.929241,-1.50551,1,0,0.184523,0.025738,0.031858,-0.981974,0.0332201,0.167724,0.419222,-0.544679,-1.2233,7.98538
1786071337695548953,0.471009,-0.882129,0.265243,0,0,-0.0523803,0.0640848,-2.76875,0.0470029,0.0929935,0.257547,-0.252983,0.363655,-0.217878,-4.46886,0.273509,0.250401,nan,nan,0,-1.20689,-0.0461164,0.0644436,-24.1514,-0.553446,-0.663248,nan,nan,0,0.386048,-0.169987,0.696597,-3.73627,-0.116976,-0.107988,nan,nan,0,-0.252689,0.414277,0.0276184,-8.52259,0.363655,0.331402,nan,nan,0,0.473832,-0.204494,-0.224619,1.81895,0.0269158,nan,8.43629,3.43162,1,0.467296,0.120178,-0.417122,7.57011,0.233648,nan,4.02979,6.62516,1,-0.00373668,-0.616382,0.0583057,-3.00366,-0.401868,-0.555474,nan,nan,0,-0.253434,-0.124158,-0.0214806,-0.21978,-0.176717,-0.170742,nan,nan,0,-0.165424,0.208912,0.0644436,0.65934,0.227288,0.228992,nan,nan,0,-0.432747,0.808133,-2.26164,-15.9463,0.273627,0.392104,nan,nan,0,-0.047233,-0.26135,0.159691,0.392513,-0.233617,nan,0.731124,1.13097,1,-0.15242,-0.0361917,-0.449738,-1.06367,-0.0762102,nan,-0.525948,-1.04426,1,0,0.186007,0.02662,0.031656,-0.981677,0.0470029,0.0929935,0.257547,-0.48935,-0.82593,8.40783
1786071337705628835,0.388829,-0.92131,0.265243,0,0,-0.0515339,0.0661698,-2.76758,0.140219,0.238134,-0.0501443,-0.489708,0.361738,-0.156505,-3.2967,0.155146,0.261461,nan,nan,0,-1.02817,-0.0457325,0.0214815,-23.1258,-0.464086,-0.619703,nan,nan,0,0.227813,-0.158482,1.18759,-2.5641,-0.196093,-0.0840532,nan,nan,0,-0.152781,0.414277,0.00306892,-7.98535,0.41361,0.352378,nan,nan,0,0.738074,-0.208781,-0.297585,4.04783,0.159037,nan,13.32,5.96315,1,0.288387,0.11662,-0.543466,6.24909,0.144194,nan,1.64241,5.61749,1,0.132381,-0.614848,0.181053,-0.610504,-0.333809,-0.484881,nan,nan,0,-0.181311,-0.124542,-0.0398932,-1.53846,-0.140655,-0.175822,nan,nan,0,-0.133301,0.209104,-0.00306892,0.903542,0.243349,0.228643,nan,nan,0,-0.575463,0.783588,-2.56851,-15.4579,0.202268,0.336505,nan,nan,0,-0.0829999,-0.259337,0.238824,0.972665,-0.2515,nan,-0.0839431,1.17534,1,-0.168802,-0.0434894,-0.706426,-1.04088,-0.0844008,nan,-0.167701,-0.602084,1,0,0.186592,0.027704,0.031449,-0.981542,0.140219,0.238134,-0.0501443,-0.130828,-0.272738,7.67802
1786071337715664361,0.305141,-0.952307,0.265243,0,0,-0.0497925,0.0686467,-2.76898,0.190586,0.155448,-0.206859,-0.442735,0.360395,-0.168779,-2.3199,0.178632,0.23164,nan,nan,0,-0.878276,-0.0457325,0.00306892,-22.1001,-0.389138,-0.547145,nan,nan,0,0.170615,-0.147169,1.23055,-2.66178,-0.224693,-0.12029,nan,nan,0,-0.167337,0.414469,0.046031,-7.74115,0.406331,0.379289,nan,nan,0,0.862615,-0.210935,-0.280818,5.8452,0.221307,nan,15.5497,9.42464,1,0.0795935,0.110615,-0.616171,5.53014,0.0397968,nan,-1.20029,3.87869,1,0.184582,-0.612931,0.224015,0.903542,-0.307709,-0.404513,nan,nan,0,-0.230718,-0.124926,-0.046031,-1.3431,-0.165359,-0.165824,nan,nan,0,-0.191852,0.208912,0.0521679,0.708183,0.214074,0.233047,nan,nan,0,-0.586031,0.755785,-2.89379,-13.5043,0.196984,0.268701,nan,nan,0,-0.143428,-0.255247,0.335482,0.700023,-0.281714,nan,-1.42956,0.64415,1,-0.194425,-0.0477795,-0.782006,-0.780915,-0.0972126,nan,-0.309985,-0.255022,1,0,0.185903,0.029104,0.030803,-0.981653,0.190586,0.155448,-0.206859,-2.30221,0.752531,7.16179
1786071337725690899,0.218781,-0.975774,0.265243,0,0,-0.0474627,0.0696193,-2.7722,0.295232,0.0921472,-0.405085,-0.393345,0.358286,-0.205604,-1.88034,0.203328,0.194321,nan,nan,0,-0.538332,-0.0455408,0.046031,-21.1722,-0.219166,-0.463699,nan,nan,0,0.0569597,-0.136239,0.991194,-2.90598,-0.28152,-0.175968,nan,nan,0,-0.142421,0.415427,0.138092,-7.05739,0.418789,0.400442,nan,nan,0,0.925138,-0.213138,-0.153155,8.69909,0.252569,nan,16.5295,12.9159,1,-0.101035,0.104014,-0.751741,4.11984,-0.0505174,nan,-3.50833,1.49255,1,0.231428,-0.610246,0.291528,3.7851,-0.284286,-0.341502,nan,nan,0,-0.106244,-0.125501,-0.0521679,-1.39194,-0.103122,-0.15886,nan,nan,0,-0.135225,0.209296,0.0337563,0.708183,0.242387,0.229745,nan,nan,0,-0.634657,0.723954,-3.28659,-16.0928,0.172672,0.217627,nan,nan,0,-0.198961,-0.253193,0.411185,0.504717,-0.30948,nan,-2.58683,-0.337286,1,-0.216539,-0.0586322,-0.791702,-0.425907,-0.10827,nan,-0.30157,-0.0901373,1,0,0.184294,0.029846,0.029701,-0.981968,0.295232,0.0921472,-0.405085,-1.14492,-0.660419,7.85455
1786071337736158838,0.129406,-0.991592,0.265243,0,0,-0.0426507,0.0702589,-2.77956,0.407366,0.124649,-0.545237,-0.392694,0.35541,-0.273115,-2.95483,0.203653,0.185529,nan,nan,0,-0.214921,-0.0438147,0.217878,-18.486,-0.0574603,-0.350897,nan,nan,0,-0.0453216,-0.127994,0.629086,-3.88278,-0.332661,-0.232183,nan,nan,0,0.036509,0.418687,0.340627,-8.03419,0.508254,0.41276,nan,nan,0,1.01005,-0.213286,0.147042,11.7497,0.295027,nan,17.5704,15.3434,1,-0.246477,0.0943862,-1.06286,1.92714,-0.123238,nan,-4.93444,-1.07712,1,0.29946,-0.606027,0.420414,4.66422,-0.25027,-0.301782,nan,nan,0,0.189974,-0.126076,-0.0521679,-1.29426,0.0449872,-0.139776,nan,nan,0,-0.0113202,0.209487,-0.0153437,0.903542,0.30434,0.230563,nan,nan,0,-0.610512,0.688097,-3.67325,-10.525,0.184744,0.187122,nan,nan,0,-0.177854,-0.249059,0.430564,-0.31047,-0.298927,nan,-2.39123,-1.53734,1,-0.323908,-0.0672626,-0.683962,-0.307641,-0.161954,nan,-1.8148,-0.103552,1,0,0.180614,0.030704,0.027284,-0.982695,0.407366,0.124649,-0.545237,-0.268675,-0.202785,10.1238
1786071337745716183,0.0399875,-0.9992,0.265243,0,0,-0.0390978,0.0716097,-2.78513,0.414425,0.21833,-0.528754,-0.0375522,0.352533,-0.328352,-2.36874,0.381224,0.192695,nan,nan,0,0.0276168,-0.0411305,0.408138,-17.265,0.0638084,-0.205512,nan,nan,0,-0.1048,-0.124542,0.377452,-5.05495,-0.3624,-0.286931,nan,nan,0,0.465515,0.422714,0.481788,-5.93407,0.722758,0.448346,nan,nan,0,0.864477,-0.209303,0.545154,13.6716,0.222238,nan,14.2862,16.7401,1,-0.245241,0.0791287,-1.8723,0.14283,-0.12262,nan,-3.24402,-3.14518,1,0.467606,-0.602192,0.530887,5.49451,-0.166197,-0.272213,nan,nan,0,1.0613,-0.12646,-0.0398932,-0.854698,0.480648,-0.0678284,nan,nan,0,0.268511,0.209296,-0.0214806,0.952377,0.444256,0.257084,nan,nan,0,-0.526863,0.652815,-4.01081,-9.79243,0.226568,0.17659,nan,nan,0,-0.0822911,-0.24491,0.376342,-0.621632,-0.251146,nan,-0.782771,-2.31658,1,-0.522841,-0.0715334,-0.614039,-0.355366,-0.261421,nan,-4.77556,-0.694484,1,0,0.177832,0.03176,0.025571,-0.983215,0.414425,0.21833,-0.528754,-0.281057,-0.613897,10.6026
1786071337755812243,-0.0508155,-0.998708,0.265243,0,0,-0.0371838,0.0726661,-2.78767,0.417658,0.218958,-0.46883,0.67494,0.349274,-0.377452,-2.71062,0.73747,0.258459,nan,nan,0,0.233698,-0.0351863,0.672048,-14.8718,0.166849,-0.0573404,nan,nan,0,-0.285165,-0.1232,0.00306892,-5.20146,-0.452583,-0.332718,nan,nan,0,0.934086,0.427891,0.604536,-4.07815,0.957043,0.556925,nan,nan,0,0.245524,-0.20327,0.847257,16.8152,-0.0872382,nan,2.79023,16.1745,1,-0.186171,0.0571784,-2.73539,-2.5304,-0.0930854,nan,-0.404822,-3.45437,1,0.732878,-0.595865,0.659773,6.17827,-0.0335612,-0.226518,nan,nan,0,2.1068,-0.126843,-0.00920582,1.24542,1.0034,0.148354,nan,nan,0,0.42103,0.209296,0.0398932,1.44078,0.520515,0.332572,nan,nan,0,-0.338195,0.61063,-4.28085,-8.03419,0.320902,0.19188,nan,nan,0,0.223433,-0.242829,0.258642,-1.4771,-0.0982833,nan,4.67112,-2.00626,1,-0.759253,-0.0774212,-0.547479,-0.687552,-0.379626,nan,-8.24493,-2.35033,1,0,0.176559,0.032481,0.024682,-0.983444,0.417658,0.218958,-0.46883,-1.28817,-0.855041,9.83781
1786071337765693533,-0.138042,-0.990426,0.265243,0,0,-0.0337382,0.0745253,-2.79186,0.335172,0.195334,-0.328191,1.01401,0.345247,-0.346765,-2.5641,0.907003,0.451384,nan,nan,0,0.239162,-0.0255985,1.01574,-10.8669,0.169581,0.0720643,nan,nan,0,-0.468069,-0.126268,-0.426551,-4.90842,-0.544035,-0.388073,nan,nan,0,1.14687,0.434411,0.702735,0.561661,1.06343,0.741698,nan,nan,0,-0.066285,-0.197101,0.207941,18.9572,-0.243143,nan,-1.92335,11.299,1,-0.183028,0.0302076,-1.80996,-5.69739,-0.0915139,nan,-0.936704,-2.22076,1,0.812093,-0.587811,0.800934,5.83639,0.00604645,-0.142367,nan,nan,0,2.43906,-0.126268,0.0767183,8.96215,1.16953,0.535495,nan,nan,0,0.667861,0.210638,0.230153,3.00366,0.64393,0.431179,nan,nan,0,-0.188678,0.567677,-4.40974,-1.92918,0.395661,0.243596,nan,nan,0,0.308935,-0.240731,0.0119569,-1.82987,-0.0555327,nan,6.46399,0.485064,1,-0.958669,-0.0817245,-0.717715,-1.89716,-0.479335,nan,-10.8517,-5.05546,1,0,0.174451,0.033748,0.02308,-0.983816,0.335172,0.195334,-0.328191,-1.24915,-1.27586,9.25288
1786071337776715127,-0.226343,-0.974048,0.265243,0,0,-0.0301153,0.0760084,-2.79394,0.498762,0.0448156,-0.0860743,1.13068,0.342754,-0.205604,-0.561661,0.965338,0.694866,nan,nan,0,0.167935,-0.0133266,1.3042,-6.42247,0.133967,0.151158,nan,nan,0,-0.423524,-0.132979,-0.727284,-6.17827,-0.521762,-0.463097,nan,nan,0,1.26157,0.444765,1.11394,15.6532,1.12078,0.927728,nan,nan,0,-0.172484,-0.199178,-0.445241,12.9462,-0.296242,nan,-2.72939,4.61232,1,-0.21492,0.0220258,-0.501565,-3.70968,-0.10746,nan,-3.13223,-1.49401,1,0.639766,-0.578608,0.972781,8.57143,-0.0801169,-0.0554865,nan,nan,0,2.36781,-0.123392,0.438826,18.9255,1.1339,0.914679,nan,nan,0,0.819431,0.217541,0.85617,3.73627,0.719716,0.539616,nan,nan,0,-0.259362,0.519356,-4.41587,7.74115,0.360319,0.318589,nan,nan,0,0.208361,-0.242774,-0.108787,0.184249,-0.105819,nan,4.95659,3.78917,1,-1.01333,-0.0940222,-1.25244,-4.16911,-0.506664,nan,-10.5006,-8.00083,1,0,0.17337,0.034816,0.02139,-0.984008,0.498762,0.0448156,-0.0860743,-1.58591,-1.02641,11.9372
1786071337785651314,-0.313044,-0.949739,0.265243,0,0,-0.0202596,0.0768331,-2.79349,0.735777,0.191032,0.155053,1.03599,0.342179,0.0398932,5.64103,0.917994,0.877722,nan,nan,0,0.0576513,0.0022049,1.44536,-1.68498,0.0788257,0.167787,nan,nan,0,-0.295899,-0.144292,-1.2551,-5.73871,-0.457949,-0.513916,nan,nan,0,1.24514,0.461639,1.75837,24.4444,1.11257,1.05864,nan,nan,0,-0.176657,-0.205414,-0.688847,4.58295,-0.298329,nan,-2.21874,-0.260903,1,-0.210587,0.0189964,-0.0410866,-1.86327,-0.105294,nan,-3.66707,-2.12418,1,0.800381,-0.566335,1.16918,8.03419,0.000190383,-0.0318144,nan,nan,0,2.08325,-0.11342,1.13849,27.4725,0.991625,1.12085,nan,nan,0,0.714401,0.232497,1.56811,4.42002,0.667201,0.642041,nan,nan,0,-0.167737,0.476213,-4.18879,10.525,0.406132,0.363495,nan,nan,0,0.436863,-0.240458,0.149021,2.69496,0.00843132,nan,8.48761,5.41355,1,-0.957688,-0.118868,-2.74542,-6.51248,-0.478844,nan,-6.68116,-9.60676,1,0,0.17342,0.036072,0.01662,-0.984046,0.735777,0.191032,0.155053,0.27722,1.67052,9.5477
1786071337795638863,-0.396969,-0.917832,0.265243,0,0,-0.0128616,0.0787649,-2.79093,0.664303,0.115664,0.336372,0.941766,0.344672,0.33449,11.2576,0.870883,0.949965,nan,nan,0,0.123792,0.0169697,1.43309,2.41758,0.111896,0.137274,nan,nan,0,-0.121904,-0.16155,-1.87498,-3.73627,-0.370952,-0.509192,nan,nan,0,1.24979,0.481581,2.38439,26.0073,1.1149,1.11851,nan,nan,0,-0.171407,-0.2158,-0.936005,0.742804,-0.295703,nan,-1.3926,-2.34285,1,-0.224083,0.0207424,-0.141797,-1.81058,-0.112042,nan,-3.77083,-3.08372,1,0.528522,-0.553488,1.27965,10.7204,-0.135739,-0.0240812,nan,nan,0,1.92085,-0.09693,1.87498,33.3822,0.910426,1.13099,nan,nan,0,0.617952,0.251289,1.88726,8.37607,0.618976,0.688115,nan,nan,0,-0.149312,0.435753,-3.18225,-4.0293,0.415344,0.387786,nan,nan,0,0.582437,-0.22959,1.73374,-3.05266,0.0812184,nan,8.27766,6.5451,1,-0.956422,-0.146769,-3.23328,-9.12472,-0.478211,nan,-5.09332,-8.77169,1,0,0.174545,0.037647,0.013195,-0.98384,0.664303,0.115664,0.336372,-1.18833,-0.588687,4.02645
1786071337805477208,-0.477031,-0.878887,0.265243,0,0,-0.00964086,0.0791583,-2.7893,0.547647,-0.0160197,0.298087,0.873466,0.349657,0.678185,7.39927,0.836733,0.936359,nan,nan,0,0.185512,0.0280914,1.16918,5.59219,0.142756,0.111828,nan,nan,0,0.0384244,-0.181684,-2.41508,-0.65934,-0.290788,-0.454251,nan,nan,0,1.24319,0.510344,3.07178,24.5421,1.11159,1.1309,nan,nan,0,-0.185581,-0.224116,-1.32766,-0.312256,-0.302791,nan,-0.762109,-2.36577,1,-0.241127,0.0163572,-0.453659,-2.21149,-0.120564,nan,-3.42713,-3.61759,1,0.162728,-0.541216,1.45764,7.83883,-0.318636,-0.0548745,nan,nan,0,1.91205,-0.0790973,1.89339,51.5018,0.906023,1.03823,nan,nan,0,0.486184,0.262602,0.899132,14.9695,0.553092,0.67316,nan,nan,0,-0.19025,0.416578,-2.20027,-2.90598,0.394875,0.405705,nan,nan,0,0.511303,-0.202176,3.77204,-2.42199,0.0456517,nan,3.01592,7.042,1,-0.938821,-0.174396,-2.80219,-9.33795,-0.46941,nan,-4.64714,-6.68508,1,0,0.175287,0.038112,0.011676,-0.98371,0.547647,-0.0160197,0.298087,-0.458956,0.945126,3.81113
1786071337815462478,-0.553896,-0.832586,0.265243,0,0,-0.0124173,0.0732403,-2.78381,-0.947844,-0.340047,0.987128,0.617302,0.358478,0.954369,9.74359,0.708651,0.889315,nan,nan,0,0.289052,0.0388293,1.06484,1.78266,0.194526,0.11583,nan,nan,0,0.0473793,-0.211789,-3.23749,3.34554,-0.28631,-0.373664,nan,nan,0,1.29314,0.543133,3.37865,24.3956,1.13657,1.125,nan,nan,0,-0.208321,-0.240706,-1.66682,-1.5587,-0.314161,nan,-0.0706992,-1.43946,1,-0.230051,0.011105,-0.978096,-2.91604,-0.115026,nan,-2.31678,-3.56047,1,0.0106442,-0.525492,1.62335,9.35287,-0.394678,-0.161978,nan,nan,0,3.59429,-0.064332,1.32261,50.2808,1.74714,0.953091,nan,nan,0,1.81843,0.259343,-0.71501,19.5604,1.21922,0.622886,nan,nan,0,-0.374784,0.400471,-1.10167,-10.6227,0.302608,0.407949,nan,nan,0,0.0983171,-0.152211,5.87653,-1.57613,-0.160841,nan,-9.11685,5.00745,1,-1.40609,-0.197192,-1.81455,-8.59491,-0.703045,nan,-12.4538,-5.15598,1,0,0.178039,0.034923,0.01262,-0.983322,-0.947844,-0.340047,0.987128,2.24365,-2.55321,21
1786071337825460142,-0.626308,-0.779576,0.265243,0,0,-0.012208,0.0739422,-2.77453,0.703168,-0.0462816,0.648506,0.84084,0.369599,1.21214,6.91087,0.82042,0.810491,nan,nan,0,-0.0873471,0.049376,1.10167,-1.63614,0.00632646,0.146503,nan,nan,0,-0.0317376,-0.236908,-2.01001,1.39194,-0.325869,-0.311773,nan,nan,0,1.13463,0.576306,3.85737,16.337,1.05731,1.12489,nan,nan,0,-0.202346,-0.257219,-1.75728,-1.17402,-0.311173,nan,0.747539,-0.430515,1,-0.230376,-0.00367229,-1.76186,-2.53097,-0.115188,nan,-0.702683,-2.83095,1,0.782893,-0.50881,1.69086,5.05495,-0.0085535,-0.289224,nan,nan,0,2.19305,-0.0537863,1.02188,40.4151,1.04652,1.1812,nan,nan,0,1.05089,0.247646,-1.18759,17.1673,0.835445,0.792056,nan,nan,0,-0.138216,0.395485,-0.346765,-3.68742,0.420892,0.372294,nan,nan,0,0.501067,-0.0847901,-0.0927482,2.6234,0.0405336,nan,4.52545,-0.62218,1,-1.07969,-0.203487,11.6005,-6.68637,-0.539847,nan,-27.4915,-8.84179,1,0,0.182596,0.035228,0.012743,-0.982474,0.703168,-0.0462816,0.648506,0.147761,12.6444,12.0235
1786071337835527699,-0.694083,-0.719895,0.265243,0,0,0.000689078,0.0695007,-2.77098,0.890018,0.216469,-0.2868,0.996533,0.384364,1.37785,7.39927,0.898267,0.777583,nan,nan,0,-0.172651,0.0627985,1.24283,-1.05006,-0.0363255,0.116336,nan,nan,0,-0.0848742,-0.24477,-0.248566,-1.44078,-0.352437,-0.297073,nan,nan,0,1.08193,0.62156,4.19493,14.1392,1.03096,1.10478,nan,nan,0,-0.246319,-0.277524,-1.8206,-0.254632,-0.33316,nan,0.783653,0.42145,1,-0.198239,-0.0313315,-2.59183,-1.91052,-0.0991197,nan,1.8541,-1.46313,1,0.290445,-0.491552,1.50674,5.9829,-0.254777,-0.247183,nan,nan,0,1.4681,-0.0438147,0.85617,52.967,0.684051,1.28727,nan,nan,0,0.00949751,0.243619,0.340627,16.2882,0.314749,0.918004,nan,nan,0,-0.00896926,0.393376,-0.187191,-1.63614,0.485515,0.367855,nan,nan,0,0.869122,-0.0186349,5.39615,12.5445,0.224561,nan,0.417636,-4.14299,1,-0.898788,-0.187203,3.0926,-16.5537,-0.449394,nan,-12.5046,-14.2594,1,0,0.184126,0.034212,0.006063,-0.982288,0.890018,0.216469,-0.2868,0.864885,1.26614,8.15842
1786071337845557543,-0.755453,-0.655203,0.265243,0,0,0.0045043,0.0705173,-2.77359,0.56441,-0.113276,-0.754027,0.912656,0.396636,1.35944,9.54823,0.856328,0.815952,nan,nan,0,0.0738805,0.0729609,1.02802,6.27595,0.0869403,0.041097,nan,nan,0,-0.0470053,-0.247454,-0.402001,0.122101,-0.333503,-0.316311,nan,nan,0,1.08597,0.665662,4.51407,7.35043,1.03299,1.06788,nan,nan,0,-0.192381,-0.289441,-1.77569,0.0567553,-0.30619,nan,2.0773,0.90028,1,-0.23594,-0.0563632,-2.95959,-1.05915,-0.11797,nan,2.59117,0.391477,1,-0.178001,-0.480047,1.16918,12.4786,-0.489001,-0.19982,nan,nan,0,1.91825,-0.0378704,0.567711,57.8999,0.909126,1.07682,nan,nan,0,-0.0797642,0.256466,1.61107,15.409,0.270118,0.73837,nan,nan,0,-0.128268,0.392417,-0.0767183,-3.19902,0.425866,0.413845,nan,nan,0,0.537794,0.0131919,2.76414,6.04914,0.0588968,nan,-2.54655,-3.69539,1,-0.923534,-0.14455,4.71817,-15.7449,-0.461767,nan,-16.5938,-15.2161,1,0,0.182773,0.035068,0.004237,-0.98252,0.56441,-0.113276,-0.754027,-5.90637,1.26596,9.7731
1786071337855608734,-0.811499,-0.584353,0.265243,0,0,-0.00108057,0.0625688,-2.78975,-0.482745,-0.248492,-1.07995,0.743223,0.410825,1.2551,10.8669,0.771612,0.852081,nan,nan,0,-0.107514,0.0812068,0.653635,0.805862,-0.00375703,0.0244636,nan,nan,0,-0.30922,-0.258767,-1.31648,3.10134,-0.46461,-0.332971,nan,nan,0,1.04233,0.716668,4.62455,-2.51526,1.01116,1.04129,nan,nan,0,-0.188538,-0.306806,-1.67699,0.227759,-0.304269,nan,2.60431,1.47506,1,-0.179698,-0.0902079,-2.99039,-0.161783,-0.0898488,nan,4.49636,2.08195,1,0.147839,-0.469501,0.911407,8.81563,-0.326081,-0.291256,nan,nan,0,4.05084,-0.035378,0.101268,47.5946,1.97542,0.907436,nan,nan,0,0.689546,0.276984,1.98546,4.85959,0.654773,0.471905,nan,nan,0,-0.146816,0.390883,-0.230153,6.86203,0.416592,0.440987,nan,nan,0,0.191008,0.0251732,0.316988,5.40754,-0.114496,nan,-5.3639,-1.84774,1,-1.21636,-0.0985367,3.60778,-12.6397,-0.608182,nan,-20.701,-15.9458,1,0,0.174945,0.030702,0.006006,-0.984081,-0.482745,-0.248492,-1.07995,1.40381,-8.25656,17.1824
1786071337865542853,-0.860633,-0.509226,0.265243,0,0,-0.000321258,0.062615,-2.79757,0.43655,-0.122104,-0.593348,0.914083,0.423289,1.24897,7.15507,0.857041,0.835604,nan,nan,0,-0.16375,0.0871506,0.586123,-1.78266,-0.0318749,0.0216776,nan,nan,0,-0.162665,-0.269889,-0.874582,0.561661,-0.391332,-0.37978,nan,nan,0,1.09349,0.762688,4.57545,-0.952377,1.03675,1.02367,nan,nan,0,-0.249455,-0.321811,-1.59827,1.04038,-0.334728,nan,1.94531,2.18062,1,-0.19407,-0.116039,-2.56402,1.28761,-0.0970351,nan,4.41615,3.51524,1,0.391058,-0.461639,0.739559,5.78754,-0.204471,-0.357829,nan,nan,0,2.86704,-0.035378,0.00306892,39.1453,1.38352,1.21263,nan,nan,0,0.487745,0.295008,1.5497,0.561661,0.553872,0.432366,nan,nan,0,-0.063486,0.388199,-0.291528,5.78754,0.458257,0.437209,nan,nan,0,0.375386,0.0153126,-1.17208,2.32806,-0.0223069,nan,0.441433,-1.95438,1,-1.1345,-0.0735696,1.72569,-12.4404,-0.567251,nan,-17.399,-17.5745,1,0,0.171084,0.030813,0.005516,-0.984758,0.43655,-0.122104,-0.593348,-6.34693,11.4169,11.221
1786071337875614917,-0.903094,-0.429442,0.265243,0,0,0.00239644,0.0622438,-2.80017,0.524786,-0.43303,-0.442401,0.994653,0.436137,1.34716,5.49451,0.897326,0.827897,nan,nan,0,-0.0361013,0.0938621,0.739559,-8.66911,0.0319493,-0.000556722,nan,nan,0,-0.0562428,-0.274107,-0.23629,-4.07815,-0.338121,-0.40908,nan,nan,0,1.136,0.801997,4.32381,-5.73871,1.058,1.02159,nan,nan,0,-0.22705,-0.334757,-1.42249,1.65999,-0.323525,nan,2.52685,2.40784,1,-0.228406,-0.137215,-1.89644,2.60004,-0.114203,nan,3.53503,4.32098,1,-0.352488,-0.45512,0.629086,1.73382,-0.576244,-0.319656,nan,nan,0,1.75405,-0.0344191,0.224015,43.1502,0.827024,1.46956,nan,nan,0,0.141292,0.304979,0.850033,2.22222,0.380646,0.499294,nan,nan,0,-0.173592,0.386281,-0.168778,4.37119,0.403204,0.439541,nan,nan,0,0.643319,-0.00258702,-1.88222,1.54855,0.111659,nan,6.82195,-1.24997,1,-1.04726,-0.0742783,-0.669428,-13.0506,-0.52363,nan,-12.4764,-17.8408,1,0,0.169764,0.030868,0.004106,-0.984992,0.524786,-0.43303,-0.442401,-4.29903,6.09876,8.20451
1786071337885606390,-0.937556,-0.347835,0.265243,0,0,0.0089179,0.0576941,-2.80124,0.83716,-0.267293,0.243649,0.97655,0.448984,1.48219,3.88278,0.888275,0.853495,nan,nan,0,-0.0524275,0.101532,0.880719,-6.47131,0.0237862,-0.000679355,nan,nan,0,0.116328,-0.272382,0.316077,-6.2271,-0.251836,-0.389936,nan,nan,0,0.913727,0.84284,3.98625,-10.3297,0.946863,1.03522,nan,nan,0,-0.177479,-0.34402,-1.2048,1.65489,-0.29874,nan,3.39202,2.43156,1,-0.218968,-0.151472,-1.1501,3.07758,-0.109484,nan,2.98479,4.191,1,0.0700168,-0.44975,0.592261,2.90598,-0.364992,-0.373986,nan,nan,0,0.921597,-0.0286665,0.825483,41.978,0.410798,1.30757,nan,nan,0,0.282292,0.311307,0.653635,4.7619,0.451146,0.486324,nan,nan,0,-0.235181,0.385131,-0.0767183,3.98046,0.37241,0.431362,nan,nan,0,0.410207,-0.0226191,-2.57757,1.98636,-0.00489636,nan,4.48665,2.23334,1,-0.953725,-0.0946524,-2.92094,-13.9483,-0.476863,nan,-7.0849,-15.2136,1,0,0.169157,0.029181,0.000492,-0.985156,0.83716,-0.267293,0.243649,4.19646,-4.53807,4.16798
1786071337895671169,-0.965088,-0.261927,0.265243,0,0,0.0199772,0.0535987,-2.79699,0.599438,-0.231798,0.235852,0.845536,0.466433,1.62335,4.51771,0.822768,0.878265,nan,nan,0,-0.15726,0.11016,0.727284,-2.90598,-0.0286302,0.0126191,nan,nan,0,0.139012,-0.269889,0.0214815,-2.61295,-0.240494,-0.331595,nan,nan,0,0.774681,0.880423,3.65483,-7.88766,0.877341,1.01346,nan,nan,0,-0.134493,-0.355431,-0.980168,1.35371,-0.277247,nan,4.2067,2.76459,1,-0.220166,-0.157069,-0.317137,2.84094,-0.110083,nan,1.88528,3.48037,1,0.0539824,-0.443998,0.487926,2.95483,-0.373009,-0.41833,nan,nan,0,1.15462,-0.0142856,1.47605,35.6288,0.527308,0.895762,nan,nan,0,0.397608,0.317251,0.494062,4.0293,0.508804,0.454075,nan,nan,0,-0.199915,0.385514,0.0583057,1.88034,0.390042,0.405492,nan,nan,0,0.385859,-0.0568743,-3.54224,6.27915,-0.0170705,nan,6.70649,5.08152,1,-0.931816,-0.140921,-4.6313,-13.9507,-0.465908,nan,-2.80266,-10.4652,1,0,0.171117,0.02811,-0.005243,-0.984835,0.599438,-0.231798,0.235852,-0.796632,-1.2792,4.72142
1786071337905640980,-0.984683,-0.174354,0.265243,0,0,0.0229601,0.0522783,-2.79611,0.578461,-0.326398,0.12893,0.737689,0.483115,1.66017,9.59707,0.768845,0.867794,nan,nan,0,-0.0108946,0.115913,0.463376,-0.21978,0.0445527,0.00448294,nan,nan,0,0.0759771,-0.272573,-0.322214,-0.317459,-0.272011,-0.274405,nan,nan,0,0.678753,0.918581,3.31728,-9.30403,0.829377,0.952553,nan,nan,0,-0.137742,-0.363354,-0.758935,1.73052,-0.278871,nan,4.09531,3.40698,1,-0.231737,-0.154519,0.438071,2.52692,-0.115868,nan,0.502403,2.48911,1,-0.161126,-0.44093,0.21174,6.95971,-0.480563,-0.405653,nan,nan,0,1.52497,0.00124645,1.48219,39.0965,0.712487,0.594472,nan,nan,0,0.341565,0.317826,-0.248566,7.74115,0.480783,0.463476,nan,nan,0,-0.178543,0.387432,0.316077,-5.49451,0.400729,0.388627,nan,nan,0,0.367425,-0.0932146,-3.63891,2.11469,-0.0262873,nan,7.80081,6.72349,1,-0.969594,-0.177399,-2.81958,-14.2168,-0.484797,nan,-4.99257,-5.80736,1,0,0.171518,0.027718,-0.006813,-0.984767,0.578461,-0.326398,0.12893,-2.72872,-1.62803,6.51753
1786071337915726517,-0.996412,-0.0846406,0.265243,0,0,0.0272139,0.0444267,-2.79592,-0.197143,-0.668278,0.104255,0.452371,0.498839,1.53742,9.69475,0.626186,0.82514,nan,nan,0,-0.0474567,0.117447,0.0767183,1.00122,0.0262717,0.00992754,nan,nan,0,-0.068005,-0.280627,-1.03416,4.71307,-0.344003,-0.254169,nan,nan,0,0.709985,0.949069,2.93062,-13.9438,0.844992,0.88503,nan,nan,0,-0.149089,-0.368048,-0.514677,2.24453,-0.284545,nan,3.69464,3.87913,1,-0.197842,-0.149009,0.97356,1.71962,-0.0989208,nan,0.042301,1.29112,1,-0.66036,-0.440739,-0.0214806,4.07815,-0.73018,-0.422032,nan,nan,0,2.37215,0.0104504,0.684322,32.7961,1.13608,0.549225,nan,nan,0,0.737642,0.308239,-1.21828,11.2576,0.678821,0.479483,nan,nan,0,-0.279109,0.393376,0.66591,-12.6252,0.350445,0.388581,nan,nan,0,0.115861,-0.117632,-2.00087,-0.532466,-0.152069,nan,1.796,7.50799,1,-1.0458,-0.181888,0.54011,-10.0688,-0.522899,nan,-11.0405,-4.55864,1,0,0.17162,0.024218,-0.009581,-0.984818,-0.197143,-0.668278,0.104255,1.92522,-3.37625,16.9717
1786071337925677478,-0.999989,0.00459436,0.265243,0,0,0.0265947,0.0398298,-2.79146,0.244244,-0.248071,0.662122,0.554033,0.513412,1.42695,4.12698,0.677017,0.740666,nan,nan,0,-0.0958559,0.117256,-0.0398932,-1.78266,0.00207203,0.0223401,nan,nan,0,0.0872797,-0.288872,-0.537024,2.0757,-0.26636,-0.281295,nan,nan,0,0.601764,0.974572,2.37825,-18.1929,0.790882,0.846077,nan,nan,0,-0.150944,-0.370985,-0.245734,2.31966,-0.285472,nan,3.36155,3.91401,1,-0.187054,-0.138296,1.33818,0.917871,-0.0935271,nan,-0.664191,0.259671,1,-0.0236057,-0.441314,-0.046031,0.952377,-0.411803,-0.535395,nan,nan,0,1.47558,0.01371,0.254703,22.442,0.687789,0.755593,nan,nan,0,0.931421,0.294816,-1.21214,10.0855,0.77571,0.548687,nan,nan,0,-0.286802,0.401046,0.917544,-12.1367,0.346599,0.378195,nan,nan,0,0.17653,-0.126105,-0.410526,3.55682,-0.121735,nan,0.768748,5.46242,1,-0.992109,-0.15719,2.46002,-5.75961,-0.496055,nan,-13.856,-7.51365,1,0,0.173863,0.021923,-0.009623,-0.984478,0.244244,-0.248071,0.662122,1.93797,2.28509,15.0443
1786071337935737135,-0.99552,0.0945542,0.265243,0,0,0.0287276,0.0382403,-2.78832,0.528315,-0.271166,0.604945,0.613976,0.52741,1.39013,2.36874,0.706988,0.680203,nan,nan,0,-0.195222,0.116872,-0.0337563,-4.61539,-0.0476109,0.0193119,nan,nan,0,0.00553828,-0.288872,0.23629,-0.65934,-0.307231,-0.293683,nan,nan,0,0.413162,0.993939,1.77065,-20.5861,0.696581,0.818233,nan,nan,0,-0.134496,-0.371887,0.0436648,2.85636,-0.277248,nan,3.24685,3.64287,1,-0.156677,-0.124531,1.38715,-0.0623087,-0.0783387,nan,-0.694946,-0.49037,1,-0.109869,-0.441697,-0.0214806,-2.51526,-0.454935,-0.555643,nan,nan,0,0.823004,0.0175447,0.506338,21.8071,0.361502,0.847013,nan,nan,0,0.685058,0.290215,-0.00920582,7.49695,0.652529,0.661011,nan,nan,0,-0.273474,0.411017,0.843896,-7.15507,0.353263,0.360733,nan,nan,0,0.165762,-0.126364,0.270706,3.21482,-0.127119,nan,-0.432467,2.47039,1,-0.934518,-0.137501,2.1617,-6.68181,-0.467259,nan,-13.1353,-11.4239,1,0,0.175398,0.021343,-0.010778,-0.984207,0.528315,-0.271166,0.604945,1.06535,4.33051,11.5231
1786071337945891004,-0.982768,0.184845,0.265243,0,0,0.039939,0.0380869,-2.78235,0.858708,-0.156927,0.0613166,0.529455,0.54064,1.3042,2.51526,0.664727,0.673567,nan,nan,0,-0.111967,0.116872,0.0153437,-3.63858,-0.00598343,-0.006005,nan,nan,0,0.0466916,-0.282161,0.751834,-3.10134,-0.286654,-0.296462,nan,nan,0,0.300617,1.00774,1.21828,-21.7582,0.640309,0.767138,nan,nan,0,-0.118537,-0.368774,0.357625,2.46574,-0.269268,nan,2.94625,3.29801,1,-0.160161,-0.113885,1.23284,-0.527324,-0.0800804,nan,-0.835126,-0.859232,1,-0.289376,-0.442081,-0.0398932,-2.66178,-0.544688,-0.503811,nan,nan,0,0.583894,0.0259824,0.991194,20.5372,0.241947,0.684216,nan,nan,0,0.177522,0.300569,1.45764,6.03175,0.398761,0.704297,nan,nan,0,-0.249321,0.418112,0.66591,-9.98779,0.365339,0.351702,nan,nan,0,0.103425,-0.122341,0.504004,1.92037,-0.158287,nan,-2.01413,0.325044,1,-0.815439,-0.126433,0.679573,-9.79874,-0.407719,nan,-9.45795,-13.2005,1,0,0.178214,0.022299,-0.016242,-0.983604,0.858708,-0.156927,0.0613166,-3.4346,-1.46763,2.60287
1786071337955789775,-0.962564,0.271056,0.265243,0,0,0.0474223,0.0365417,-2.78294,0.536786,-0.280661,-0.080162,0.35572,0.552721,1.16304,3.83395,0.57786,0.674496,nan,nan,0,-0.26457,0.116488,-0.0767183,-2.5641,-0.0822852,-0.0193378,nan,nan,0,0.0159716,-0.2766,0.408138,-1.68498,-0.302014,-0.295795,nan,nan,0,0.189451,1.0158,0.751834,-23.5165,0.584725,0.701431,nan,nan,0,-0.0865697,-0.363309,0.684852,2.30147,-0.253285,nan,2.82356,2.97547,1,-0.11992,-0.102497,0.873378,-0.631935,-0.0599599,nan,-0.033967,-0.938628,1,-0.536012,-0.442656,-0.0767183,-0.854698,-0.668006,-0.49656,nan,nan,0,0.751602,0.0378709,1.23055,18.8767,0.325801,0.44658,nan,nan,0,0.123105,0.320319,2.07138,5.0061,0.371552,0.60664,nan,nan,0,-0.231258,0.423865,0.530887,-9.45055,0.374371,0.354225,nan,nan,0,-0.056232,-0.118203,0.13899,2.46459,-0.238116,nan,-4.40543,-1.13409,1,-0.766385,-0.125879,-0.354631,-12.8144,-0.383193,nan,-7.18747,-11.9837,1,0,0.177861,0.0222,-0.020067,-0.9836,0.536786,-0.280661,-0.080162,-2.35109,-0.596307,2.89832
1786071337965720119,-0.934674,0.355507,0.265243,0,0,0.0510907,0.0340865,-2.78411,0.173843,-0.351027,-0.146751,0.130693,0.563076,0.985056,2.85714,0.465346,0.641371,nan,nan,0,-0.258827,0.114188,-0.303802,-0.317459,-0.0794137,-0.0408125,nan,nan,0,-0.124253,-0.2766,-0.168779,0.0244217,-0.372126,-0.296281,nan,nan,0,-0.0400667,1.01887,0.0705805,-23.0769,0.469967,0.636912,nan,nan,0,-0.108343,-0.357468,0.887393,2.22004,-0.264171,nan,1.9343,2.72471,1,-0.0562683,-0.0942264,0.622016,-0.685038,-0.0281342,nan,1.04974,-0.619314,1,-0.628668,-0.44419,-0.174916,0.268623,-0.714334,-0.558788,nan,nan,0,0.953094,0.0486083,0.960506,21.8071,0.426547,0.315244,nan,nan,0,0.158528,0.335851,1.24283,5.44566,0.389264,0.471441,nan,nan,0,-0.167642,0.428658,0.469513,-10.6715,0.406179,0.363339,nan,nan,0,-0.181556,-0.120241,-0.510315,0.968741,-0.300778,nan,-5.55333,-2.54429,1,-0.692699,-0.124821,0.144705,-13.013,-0.34635,nan,-6.86292,-9.52672,1,0,0.177278,0.021306,-0.022103,-0.983681,0.173843,-0.351027,-0.146751,-3.37929,-0.81489,7.32931
1786071337975732279,-0.89882,0.438319,0.265243,0,0,0.0515209,0.0325692,-2.78491,-0.0317186,-0.453883,-0.120391,-0.0417703,0.570937,0.837758,1.92918,0.379115,0.565145,nan,nan,0,-0.182428,0.110352,-0.444963,-2.90598,-0.041214,-0.0654886,nan,nan,0,-0.172716,-0.280818,-0.561574,1.44078,-0.396358,-0.322101,nan,nan,0,-0.241051,1.01657,-0.420414,-23.663,0.369474,0.55787,nan,nan,0,-0.129959,-0.349514,1.06491,2.00358,-0.274979,nan,1.01136,2.31266,1,-0.000122276,-0.0887601,0.424122,-0.363632,-6.11381e-05,nan,2.02479,0.130599,1,-0.605965,-0.446299,-0.248566,-0.415138,-0.702983,-0.642897,nan,nan,0,0.627336,0.0537863,0.414276,21.2698,0.263668,0.32089,nan,nan,0,0.0691613,0.338152,-0.107405,6.08059,0.344581,0.394883,nan,nan,0,-0.0910745,0.433069,0.487926,-10.5739,0.444463,0.381442,nan,nan,0,-0.187583,-0.130627,-0.992428,-0.988395,-0.303792,nan,-4.57213,-3.93946,1,-0.597692,-0.121222,1.29342,-11.2193,-0.298846,nan,-7.26885,-7.87725,1,0,0.176901,0.020589,-0.022458,-0.983756,-0.0317186,-0.453883,-0.120391,-3.922,-0.765352,8.31524
1786071337985665602,-0.855924,0.517101,0.265243,0,0,0.0513231,0.0288673,-2.78516,0.00768594,-0.45639,0.0991698,-0.237615,0.578415,0.71501,-0.0244217,0.281192,0.469039,nan,nan,0,-0.0203837,0.10575,-0.487926,-5.29915,0.0398081,-0.0657501,nan,nan,0,-0.0760884,-0.28542,-0.383589,0.170937,-0.348044,-0.360852,nan,nan,0,-0.425127,1.00621,-1.16304,-25.1282,0.277436,0.462324,nan,nan,0,-0.127975,-0.339572,1.22008,1.82869,-0.273988,nan,0.465331,1.58643,1,0.00424575,-0.0831191,0.395315,0.0759742,0.00212288,nan,1.96429,1.09798,1,-0.67021,-0.448984,-0.273115,-5.25031,-0.735105,-0.695015,nan,nan,0,0.0325577,0.053978,-0.0767183,14.8718,-0.0337211,0.320727,nan,nan,0,-0.0463914,0.332208,-0.64136,3.88278,0.286804,0.3588,nan,nan,0,-0.113558,0.437671,0.537024,-9.01099,0.433221,0.410491,nan,nan,0,-0.192383,-0.14104,-1.36052,-2.94421,-0.306192,nan,-3.73953,-4.50504,1,-0.462323,-0.0973995,2.29089,-8.75922,-0.231161,nan,-7.44918,-7.60484,1,0,0.176831,0.018748,-0.022692,-0.9838,0.00768594,-0.45639,0.0991698,-3.18608,4.14643,11.344
1786071337995810641,-0.805646,0.592397,0.265243,0,0,0.052217,0.0257336,-2.78472,0.0938328,-0.25568,-0.00191997,-0.290817,0.58551,0.610673,-1.97802,0.254592,0.369331,nan,nan,0,0.107626,0.100381,-0.463376,-5.05495,0.103813,-0.0271885,nan,nan,0,0.0375048,-0.287722,-0.162642,-1.78266,-0.291248,-0.371958,nan,nan,0,-0.673303,0.98742,-1.97318,-27.326,0.153348,0.362996,nan,nan,0,-0.149392,-0.325622,1.30696,1.46521,-0.284696,nan,-0.52803,0.80138,1,-0.0267628,-0.0793155,0.524609,0.771792,-0.0133814,nan,1.19111,1.75199,1,-0.266887,-0.45186,-0.254703,-7.10622,-0.533444,-0.721616,nan,nan,0,-0.45186,0.052444,-0.131955,9.89011,-0.27593,0.195188,nan,nan,0,-0.225385,0.328564,-0.138092,1.00122,0.197308,0.323989,nan,nan,0,-0.0628793,0.444573,0.616811,-10.3297,0.45856,0.430732,nan,nan,0,-0.0961234,-0.157668,-1.43609,-4.96322,-0.258062,nan,-1.35966,-4.18881,1,-0.320848,-0.07158,2.51304,-7.55429,-0.160424,nan,-6.43487,-7.83025,1,0,0.177087,0.017291,-0.023406,-0.983764,0.0938328,-0.25568,-0.00191997,0.088041,4.20335,8.93634
1786071338006044125,-0.749008,0.662561,0.265243,0,0,0.0541576,0.0233613,-2.78627,0.01573,-0.237015,-0.117297,-0.219716,0.590496,0.457238,-4.85959,0.290142,0.29298,nan,nan,0,0.176496,0.0957794,-0.457238,-2.3199,0.138248,0.0361768,nan,nan,0,0.0200422,-0.289447,-0.156505,-2.02686,-0.299979,-0.344396,nan,nan,0,-0.842435,0.962492,-2.70353,-27.5702,0.0687824,0.256009,nan,nan,0,-0.277236,-0.313604,1.3564,0.777678,-0.348618,nan,-3.2601,-0.00548338,1,-0.0556099,-0.0708437,0.825048,1.32508,-0.027805,nan,0.0535894,1.65781,1,-0.165882,-0.454545,-0.273115,-6.32478,-0.482941,-0.669012,nan,nan,0,-0.640974,0.0516768,-0.0705805,4.0293,-0.370487,-0.027401,nan,nan,0,-0.298603,0.328948,0.0521679,-0.0732574,0.160698,0.267953,nan,nan,0,-0.0637843,0.451669,0.733422,-9.69475,0.458108,0.445132,nan,nan,0,-0.0765555,-0.170067,-1.21649,-5.04454,-0.248278,nan,-0.912633,-3.0098,1,-0.231157,-0.0489168,2.12267,-7.04752,-0.115579,nan,-5.18387,-7.52266,1,0,0.17634,0.016277,-0.024584,-0.983887,0.01573,-0.237015,-0.117297,1.64207,-0.840021,6.54452
1786071338015783488,-0.687335,0.72634,0.281755,0.015,0,0.052532,0.0197378,-2.78629,-0.220037,-0.237661,0.143519,-0.207747,0.593756,0.254703,-5.68987,0.296127,0.267028,nan,nan,0,0.199227,0.0911775,-0.457238,-1.05006,0.149613,0.0962195,nan,nan,0,0.181846,-0.290981,-0.193328,-0.903542,-0.219077,-0.314104,nan,nan,0,-0.902118,0.930661,-3.42775,-26.6911,0.0389408,0.151704,nan,nan,0,-0.383662,-0.301634,1.31963,-0.0533802,-0.401831,nan,-5.48633,-1.44624,1,-0.149185,-0.0597476,1.18838,1.01103,-0.0745925,nan,-2.22791,0.889694,1,-0.0864406,-0.457229,-0.279252,-4.95727,-0.44322,-0.572761,nan,nan,0,-0.655934,0.05091,-0.0889931,-0.952377,-0.377967,-0.235049,nan,nan,0,-0.179884,0.327989,-0.174916,-0.952377,0.220058,0.207666,nan,nan,0,-0.108361,0.460105,0.892995,-11.8926,0.43582,0.455067,nan,nan,0,-0.0153833,-0.17828,-0.854615,-4.25111,-0.217692,nan,-0.0975016,-1.76229,1,-0.158148,-0.0297558,1.58615,-6.64486,-0.0790739,nan,-3.85876,-6.50653,1,0,0.176393,0.014351,-0.024105,-0.983919,-0.220037,-0.237661,0.143519,1.55331,-2.02856,6.22223
1786071338025808527,-0.618994,0.785396,0.281755,0.015,0,0.0495025,0.0180302,-2.78469,-0.408802,-0.107483,0.191164,-0.101785,0.594522,0.00306892,-4.85959,0.349108,0.274191,nan,nan,0,0.20227,0.0865755,-0.481788,1.24542,0.151135,0.135283,nan,nan,0,0.184692,-0.293666,-0.297665,0.317459,-0.217654,-0.273429,nan,nan,0,-0.966814,0.890777,-4.21948,-26.5446,0.00659307,0.0755964,nan,nan,0,-0.564584,-0.289668,1.20334,-0.879021,-0.492292,nan,-8.89684,-3.49695,1,-0.120842,-0.0466368,1.45573,0.700826,-0.0604209,nan,-2.59712,-0.620543,1,0.111269,-0.459722,-0.242428,-3.49207,-0.344366,-0.491839,nan,nan,0,-0.68475,0.0488005,-0.273115,-6.76434,-0.392375,-0.354917,nan,nan,0,-0.144437,0.323771,-0.530887,-1.53846,0.237782,0.189164,nan,nan,0,-0.110317,0.470077,1.03416,-13.2601,0.434842,0.451731,nan,nan,0,0.022998,-0.184405,-0.506921,-2.9407,-0.198501,nan,0.267023,-0.83763,1,-0.0745503,-0.0194693,0.897859,-5.31121,-0.0372751,nan,-1.88096,-5.07686,1,0,0.177226,0.013262,-0.022755,-0.983817,-0.408802,-0.107483,0.191164,-0.293918,-0.706073,8.20839
1786071338035825011,-0.546013,0.837776,0.281755,0.015,0,0.0444773,0.0173784,-2.78262,-0.529717,-0.0198457,0.250146,-0.0458428,0.592797,-0.230153,-4.12698,0.377079,0.304068,nan,nan,0,0.0928631,0.0813985,-0.506338,3.2967,0.0964315,0.152233,nan,nan,0,0.0994796,-0.297501,-0.365176,2.5641,-0.26026,-0.236335,nan,nan,0,-0.924236,0.848208,-4.92528,-25.5189,0.0278819,0.0285007,nan,nan,0,-0.628579,-0.279662,0.986401,-2.75896,-0.524289,nan,-10.0416,-6.13399,1,-0.045005,-0.0285247,1.48949,-0.812783,-0.0225025,nan,-2.05357,-2.06819,1,0.0916123,-0.461639,-0.150367,-1.78266,-0.354194,-0.415998,nan,nan,0,-0.653783,0.0440063,-0.579986,-8.66911,-0.376892,-0.400124,nan,nan,0,-0.125457,0.316868,-0.678185,-1.88034,0.247272,0.2057,nan,nan,0,-0.108677,0.481581,1.18145,-13.8462,0.435662,0.442749,nan,nan,0,0.0670032,-0.186446,-0.203881,-1.59392,-0.176498,nan,0.653986,-0.199832,1,0.0146722,-0.0134329,0.300676,-4.10547,0.0073361,nan,0.172056,-3.31081,1,0,0.178281,0.012517,-0.020328,-0.983689,-0.529717,-0.0198457,0.250146,-0.688013,-0.132875,7.70559
1786071338045688466,-0.469903,0.882718,0.281755,0.015,0,0.0419976,0.017303,-2.78115,-0.495091,-0.0322653,0.342667,0.037639,0.589537,-0.420414,-2.5641,0.41882,0.342772,nan,nan,0,-0.190862,0.0767961,-0.530887,5.54334,-0.0454311,0.137686,nan,nan,0,0.0179382,-0.299994,-0.230153,3.00366,-0.301031,-0.232043,nan,nan,0,-0.858661,0.794135,-5.54516,-18.8278,0.0606693,0.0132265,nan,nan,0,-0.73668,-0.27364,0.673296,-4.38942,-0.57834,nan,-11.6745,-8.49899,1,0.054662,-0.0182965,1.26209,-1.52289,0.027331,nan,-0.524308,-2.59225,1,-0.0326275,-0.462407,-0.0828552,-0.610504,-0.416314,-0.36552,nan,nan,0,-0.625271,0.0367203,-0.874582,-10.4274,-0.362636,-0.402231,nan,nan,0,-0.108307,0.311882,-0.487926,-1.8315,0.255847,0.22867,nan,nan,0,-0.0751948,0.492703,1.26124,-17.0696,0.452403,0.436965,nan,nan,0,0.0676563,-0.186458,-0.0130209,-0.405033,-0.176172,nan,0.379551,0.228856,1,0.0898978,-0.0132379,-0.187352,-2.66376,0.0449489,nan,2.02663,-1.32812,1,0,0.179024,0.012273,-0.019106,-0.983582,-0.495091,-0.0322653,0.342667,-1.20422,0.211163,8.4481
1786071338055874985,-0.387331,0.921941,0.281755,0.015,0,0.0332133,0.0172995,-2.77436,-0.69532,0.0417376,0.615134,0.127213,0.583401,-0.604536,-3.10134,0.463607,0.382815,nan,nan,0,-0.765484,0.0706601,-0.567711,5.34798,-0.332742,0.0669497,nan,nan,0,0.207386,-0.300761,0.00920582,2.22222,-0.206307,-0.257973,nan,nan,0,-0.712707,0.734692,-6.09753,-14.7741,0.133647,0.027582,nan,nan,0,-0.808386,-0.271678,0.0391068,-6.59383,-0.614193,nan,-12.0467,-10.2619,1,0.12093,-0.00781439,0.666846,-1.83163,0.0604652,nan,1.04812,-1.89362,1,-0.173288,-0.462598,0.0214815,1.24542,-0.486644,-0.36802,nan,nan,0,-0.415892,0.0250235,-1.13235,-10.7692,-0.257946,-0.385353,nan,nan,0,-0.121044,0.307281,-0.402001,-1.05006,0.249478,0.246219,nan,nan,0,0.195454,0.505742,1.28579,-16.6789,0.587727,0.440676,nan,nan,0,0.0941817,-0.188545,-0.230053,1.88394,-0.162909,nan,1.24233,0.440631,1,0.0642063,-0.0171481,-0.0991404,-1.844,0.0321032,nan,1.62625,0.642316,1,0,0.182415,0.011535,-0.014747,-0.983043,-0.69532,0.0417376,0.615134,-0.715138,-1.61199,8.81906
1786071338065695063,-0.304037,0.95266,0.281755,0.03,0,0.029653,0.0176095,-2.77106,-0.745743,0.0629405,0.689215,0.202679,0.577456,-0.702735,-1.97802,0.501339,0.424996,nan,nan,0,-1.00941,0.0649076,-0.66591,3.68742,-0.454706,-0.0995171,nan,nan,0,0.11895,-0.300952,-0.0337563,1.78266,-0.250525,-0.25482,nan,nan,0,-0.645,0.677551,-6.43509,-12.6252,0.1675,0.0712347,nan,nan,0,-0.830546,-0.275824,-0.616051,-7.63068,-0.625273,nan,-11.3066,-11.314,1,0.327259,-0.0049718,0.0770033,-1.29087,0.163629,nan,4.94253,-0.349543,1,-0.311885,-0.462215,0.0583057,2.0757,-0.555943,-0.415514,nan,nan,0,-0.262844,0.0139017,-1.27965,-9.15751,-0.181422,-0.335787,nan,nan,0,-0.118507,0.304213,-0.291528,-1.0989,0.250746,0.253173,nan,nan,0,0.349541,0.517056,1.26124,-15.6532,0.66477,0.491582,nan,nan,0,0.0683967,-0.194694,-0.684666,1.96459,-0.175802,nan,1.68822,0.864761,1,0.0396912,-0.0148329,0.665617,-0.739977,0.0198456,nan,0.0419276,1.58097,1,0,0.184053,0.011384,-0.01295,-0.982764,-0.745743,0.0629405,0.689215,-2.38235,-1.73942,10.0952
1786071338075805297,-0.216816,0.976213,0.281755,0.03,0,0.0219916,0.0185231,-2.76441,-0.841558,0.0788275,0.601132,0.135377,0.569978,-0.757972,-1.5873,0.467689,0.466523,nan,nan,0,-1.17614,0.057621,-0.757972,-0.366302,-0.538069,-0.295045,nan,nan,0,-0.0473617,-0.301528,-0.0337563,1.63614,-0.333681,-0.244687,nan,nan,0,-0.62117,0.60526,-6.59466,-11.9414,0.179415,0.123712,nan,nan,0,-0.817354,-0.284127,-0.8423,-19.2365,-0.618677,nan,-10.4458,-11.437,1,0.467934,-0.00404154,0.397124,-3.39386,0.233967,nan,6.54456,2.12004,1,-0.396682,-0.461639,0.0644436,1.44078,-0.598341,-0.484835,nan,nan,0,-0.120061,0.000479221,-1.3533,-6.91087,-0.110031,-0.26023,nan,nan,0,-0.159638,0.302103,-0.181053,-1.00122,0.230181,0.253407,nan,nan,0,0.518867,0.529327,1.21214,-12.2833,0.749434,0.5767,nan,nan,0,0.0160669,-0.202833,-0.939741,-0.591139,-0.201967,nan,1.43995,1.48308,1,-0.0100003,-0.00449238,1.45397,-0.81305,-0.00500013,nan,-2.19619,0.986741,1,0,0.187356,0.011158,-0.009064,-0.982186,-0.841558,0.0788275,0.601132,-2.8253,-1.70002,9.89831
1786071338085718636,-0.130059,0.991506,0.281755,0.03,0,0.0133779,0.0199606,-2.75881,-0.8854,0.115709,0.517917,0.109923,0.5625,-0.794796,2.5641,0.454961,0.482838,nan,nan,0,-1.2459,0.0499511,-0.800934,-9.93895,-0.572952,-0.44866,nan,nan,0,-0.187154,-0.29846,0.960506,-5.44566,-0.403577,-0.272323,nan,nan,0,-0.61753,0.554638,-4.3054,-55.8974,0.181235,0.161982,nan,nan,0,-0.788321,-0.269784,2.38056,-23.925,-0.60416,nan,-15.274,-11.5567,1,0.526397,0.00762385,1.87889,0.657958,0.263198,nan,4.8489,4.28193,1,-0.459786,-0.460489,0.0828552,0.610504,-0.629893,-0.550679,nan,nan,0,-0.0249421,-0.012176,-1.12008,-18.5348,-0.062471,-0.179595,nan,nan,0,-0.188494,0.301336,0.11968,-4.42002,0.215753,0.245425,nan,nan,0,0.619744,0.543708,1.42081,-13.2601,0.799872,0.66856,nan,nan,0,-0.0370657,-0.210846,-0.882193,0.707124,-0.228533,nan,0.704254,1.76417,1,-0.00946279,0.0139267,1.80102,0.596392,-0.0047314,nan,-3.26128,-0.688073,1,0,0.190146,0.01107,-0.004668,-0.981682,-0.8854,0.115709,0.517917,-1.51291,-1.72148,8.65627
1786071338095681800,-0.040455,0.999181,0.281755,0.03,0,0.00972892,0.0130247,-2.75861,0.985347,-1.07437,-1.2955,0.943686,0.551954,-1.18759,8.96215,0.871843,0.476161,nan,nan,0,-1.55946,0.042089,-0.807072,-17.3626,-0.729728,-0.541902,nan,nan,0,-1.8881,-0.275833,2.57465,-10.7204,-1.25405,-0.334064,nan,nan,0,-0.930373,0.524342,-2.61147,-36.9963,0.0248136,0.180131,nan,nan,0,-1.03434,-0.232437,4.61844,-15.925,-0.727171,nan,-24.2433,-13.8013,1,0.887997,0.0350367,2.51594,3.42222,0.443999,nan,8.49495,4.79998,1,-0.315959,-0.460297,0.0276184,-0.854698,-0.557979,-0.600333,nan,nan,0,-1.13409,-0.0188875,-0.481788,-11.9902,-0.617047,-0.111445,nan,nan,0,-0.671824,0.31169,1.2551,-9.35287,-0.025912,0.230699,nan,nan,0,0.34731,0.560199,1.62335,1.0989,0.663655,0.746936,nan,nan,0,-0.167142,-0.218702,-0.785227,0.903559,-0.293571,nan,-1.44258,1.45851,1,0.316385,0.0314169,1.82753,-0.238576,0.158192,nan,1.06196,-2.40616,1,0,0.190286,0.007319,-0.003536,-0.981694,0.985347,-1.07437,-1.2955,16.8879,5.07544,24.9881
1786071338105635047,0.0496205,0.998768,0.281755,0.03,0,0.0242855,0.0298857,-2.7778,-0.215985,1.67882,-0.396696,-1.53608,0.53508,-1.66017,9.10867,-0.368039,0.596834,nan,nan,0,-2.15327,0.03231,-0.929819,-18.8767,-1.02663,-0.631631,nan,nan,0,-0.914074,-0.25033,1.89953,-10.4274,-0.767037,-0.659012,nan,nan,0,-0.36239,0.503249,-1.97932,-22.1001,0.308805,0.134856,nan,nan,0,-0.372857,-0.182412,4.14524,-11.4643,-0.396429,nan,-13.7085,-18.7352,1,0.941865,0.0690996,2.78202,3.59073,0.470932,nan,7.88196,5.76475,1,0.034236,-0.460681,-0.0521679,-2.0757,-0.382882,-0.603203,nan,nan,0,-0.299071,-0.0219555,-0.224015,-3.98046,-0.199535,-0.250165,nan,nan,0,-0.356637,0.32588,0.997331,-5.34798,0.131681,0.141467,nan,nan,0,1.16274,0.574005,1.3533,7.30159,1.07137,0.74877,nan,nan,0,-0.0131655,-0.226526,-0.680987,1.53974,-0.216583,nan,1.3695,0.338056,1,-0.0553321,0.0487518,1.10339,-1.52362,-0.0276661,nan,-3.94763,-1.92342,1,0,0.180684,0.016891,-0.009238,-0.983352,-0.215985,1.67882,-0.396696,-7.27985,-18.0528,22.1073
1786071338115699040,0.139144,0.990272,0.298267,0.045,0,0.0214896,0.0446827,-2.77313,-0.586703,0.534865,1.23006,-0.611041,0.51974,-1.66631,5.0061,0.0944796,0.359586,nan,nan,0,-2.40576,0.0229144,-1.07712,-20.5372,-1.15288,-0.798802,nan,nan,0,0.0994646,-0.245537,-0.0521679,-12.9182,-0.260268,-0.872186,nan,nan,0,-0.3658,0.484841,-1.78906,-21.6606,0.3071,0.16192,nan,nan,0,-0.612735,-0.155275,3.15774,-14.7128,-0.516368,nan,-17.3749,-19.3362,1,0.904271,0.0945315,3.25125,5.95146,0.452135,nan,5.85124,6.77971,1,-0.932702,-0.461448,-0.09513,-2.75946,-0.866351,-0.525728,nan,nan,0,-0.00407688,-0.0244484,-0.291528,-6.47131,-0.0520384,-0.328837,nan,nan,0,0.00165183,0.326072,-0.340627,-3.49207,0.310826,0.0888208,nan,nan,0,1.04978,0.588003,1.41468,3.2967,1.01489,0.839737,nan,nan,0,-0.117512,-0.230491,-0.59159,0.0875383,-0.268756,nan,-0.451877,0.106109,1,-0.0924341,0.0558561,0.658616,-1.25853,-0.046217,nan,-4.05012,-1.88168,1,0,0.182898,0.023928,-0.006468,-0.982819,-0.586703,0.534865,1.23006,-16.2943,-10.1198,1.17988
1786071338125773817,0.227296,0.973826,0.298267,0.045,0,0.0184543,0.0471381,-2.76587,-0.811356,0.119942,1.60739,0.0424292,0.504208,-1.49446,-2.3199,0.421215,0.0939194,nan,nan,0,-1.76857,0.0117927,-1.08939,-35.3846,-0.834285,-0.992296,nan,nan,0,0.640524,-0.258,-1.60494,-13.9438,0.010262,-0.706638,nan,nan,0,-0.364682,0.467392,-1.7461,-17.2161,0.307659,0.240462,nan,nan,0,-0.474024,-0.134351,1.47888,-13.0095,-0.447012,nan,-13.1615,-17.6407,1,0.869621,0.118587,2.10316,8.66505,0.434811,nan,6.33198,6.7459,1,-1.15724,-0.462982,-0.150367,-1.24542,-0.978618,-0.593936,nan,nan,0,-0.145219,-0.0282831,-0.438826,-6.42247,-0.122609,-0.236328,nan,nan,0,-0.00336,0.315142,-1.3533,-1.0989,0.30832,0.155451,nan,nan,0,0.92696,0.602767,1.52515,9.89011,0.95348,0.957701,nan,nan,0,-0.151303,-0.236507,-0.558433,-0.29904,-0.285651,nan,-0.882397,0.0861714,1,-0.077407,0.0584402,0.247482,-1.58802,-0.0387035,nan,-3.28553,-2.81477,1,0,0.186486,0.024874,-0.004661,-0.982131,-0.811356,0.119942,1.60739,-4.83259,-3.17076,2.18192
1786071338135657707,0.313337,0.949642,0.298267,0.045,0,0.012805,0.0455375,-2.74954,-0.434022,-0.215321,1.58853,0.470997,0.490594,-1.31648,-11.6972,0.635498,0.136348,nan,nan,0,-1.9176,0.00278044,-0.794796,-46.1783,-0.908798,-1.01517,nan,nan,0,0.57751,-0.270848,-0.813209,-13.6508,-0.0212448,-0.358042,nan,nan,0,-0.342321,0.451477,-1.47605,-12.9182,0.31884,0.292683,nan,nan,0,-0.636159,-0.130164,0.0880453,-13.5535,-0.52808,nan,-14.0591,-15.2645,1,0.870712,0.12526,-0.0755808,9.78598,0.435356,nan,9.41625,6.89563,1,-1.09247,-0.464132,-0.0889931,-4.51771,-0.946234,-0.781468,nan,nan,0,0.215919,-0.033844,-0.586123,-3.05251,0.0579596,-0.145381,nan,nan,0,0.184498,0.297884,-1.77678,0.854698,0.402249,0.247771,nan,nan,0,0.695489,0.618108,1.77065,14.4811,0.837745,0.994392,nan,nan,0,-0.025338,-0.240671,-0.493591,-0.0152352,-0.222669,nan,1.37046,-0.310457,1,-0.0814129,0.0604224,-0.204921,-2.08506,-0.0407064,nan,-2.72648,-3.3068,1,0,0.194574,0.023577,-0.001844,-0.980602,-0.434022,-0.215321,1.58853,-1.28215,3.19792,10.1547
1786071338145661359,0.397771,0.917485,0.298267,0.045,0,0.00998273,0.0444073,-2.73431,-0.409185,-0.266887,1.38898,0.492646,0.478322,-1.19987,-8.62027,0.646323,0.357048,nan,nan,0,-2.52374,-0.00258875,-0.414276,-45.8852,-1.21187,-0.956397,nan,nan,0,-0.127827,-0.265095,1.1569,-8.47375,-0.373914,-0.102457,nan,nan,0,-0.459342,0.438246,-1.26124,-8.27839,0.260329,0.316288,nan,nan,0,-0.503285,-0.132309,-0.469639,-13.7885,-0.461643,nan,-10.8222,-13.5048,1,0.971177,0.113112,-1.2606,8.25246,0.485588,nan,13.0652,8.34637,1,-0.848747,-0.464899,-0.0644426,-9.89011,-0.824374,-0.913614,nan,nan,0,-0.225644,-0.0413222,-0.85617,3.2967,-0.162822,-0.0537613,nan,nan,0,-0.101891,0.284654,-1.08939,2.12454,0.259055,0.330362,nan,nan,0,0.845984,0.640351,2.16344,11.5507,0.912992,0.945643,nan,nan,0,-0.012444,-0.245022,-0.485882,-0.127727,-0.216222,nan,1.73682,0.07029,1,0.0781518,0.0547046,-0.851171,-2.29601,0.0390759,nan,0.807897,-3.02947,1,0,0.202077,0.022752,-0.000397,-0.979105,-0.409185,-0.266887,1.38898,-1.61863,5.43323,10.5971
1786071338155683797,0.478671,0.877995,0.298267,0.045,0,0.00167164,0.0422512,-2.72152,-0.662079,0.140838,0.47938,-0.360103,0.466433,-0.997331,-2.90598,0.219948,0.55075,nan,nan,0,-1.4224,-0.00565672,-0.297665,-33.8217,-0.661198,-1.01593,nan,nan,0,-0.0689441,-0.241702,2.48259,-4.95727,-0.344472,-0.114845,nan,nan,0,-0.409934,0.426166,-1.04029,-5.9829,0.285033,0.304312,nan,nan,0,-0.161645,-0.140738,-0.759772,-13.0175,-0.290822,nan,-4.1133,-12.0472,1,0.860554,0.0993056,-1.3828,7.94128,0.430277,nan,12.0033,10.8025,1,-0.789618,-0.466433,-0.199466,-8.71795,-0.794809,-0.92216,nan,nan,0,-0.190266,-0.0532107,-1.13849,5.15263,-0.145133,-0.0481112,nan,nan,0,-0.481272,0.275258,-0.874582,5.78754,0.0693642,0.338914,nan,nan,0,0.893827,0.666237,2.42735,3.19902,0.936913,0.905056,nan,nan,0,-0.126173,-0.249616,-0.469126,-0.0483795,-0.273086,nan,-0.11777,0.960643,1,0.0289367,0.0416649,-1.52629,-2.34195,0.0144684,nan,1.47353,-1.33844,1,0,0.208432,0.020834,0.003587,-0.977808,-0.662079,0.140838,0.47938,7.0106,-0.439859,9.55396
1786071338165687723,0.55465,0.832084,0.314779,0.06,0,-0.0018401,0.0420802,-2.71986,-0.617203,0.222743,0.167357,-0.443068,0.458763,-0.788659,0.170937,0.178466,0.506239,nan,nan,0,-1.34835,-0.0102587,-0.629086,-28.547,-0.624174,-0.947872,nan,nan,0,-0.335585,-0.218883,2.4519,-5.54334,-0.477792,-0.236476,nan,nan,0,-0.463666,0.417728,-0.90527,-7.15507,0.258167,0.287661,nan,nan,0,-0.211759,-0.149113,-0.807177,-12.2254,-0.31588,nan,-4.62607,-8.76834,1,0.840758,0.0911885,-0.987808,9.41956,0.420379,nan,11.3574,12.2357,1,-0.732262,-0.469693,-0.420414,-7.49695,-0.766131,-0.866282,nan,nan,0,-0.0260665,-0.0637569,-1.16918,3.73627,-0.0630332,-0.0974141,nan,nan,0,-0.453506,0.26893,-0.579986,3.63858,0.0832469,0.239882,nan,nan,0,0.816678,0.688672,2.50714,2.36874,0.898339,0.906788,nan,nan,0,-0.134535,-0.254146,-0.468999,0.755381,-0.277268,nan,-0.105737,1.00439,1,0.0132871,0.0260305,-1.76455,-1.23276,0.00664355,nan,2.06521,0.63363,1,0,0.20928,0.02038,0.005303,-0.977628,-0.617203,0.222743,0.167357,7.24977,0.505964,7.25473
1786071338175616382,0.626346,0.779545,0.314779,0.06,0,-0.00764905,0.0449178,-2.72196,-0.493577,0.443032,-0.492716,-0.7623,0.452435,-0.579986,-0.268623,0.0188498,0.340212,nan,nan,0,-1.54111,-0.0200381,-1.08325,-26.5446,-0.720554,-0.777971,nan,nan,0,-0.874211,-0.200283,1.50674,-6.56898,-0.747105,-0.363402,nan,nan,0,-0.469878,0.409291,-0.788659,-8.22955,0.255061,0.273562,nan,nan,0,-0.132632,-0.155319,-0.756859,-9.33244,-0.276316,nan,-3.09961,-5.76945,1,0.980923,0.0854495,-0.0147269,10.9191,0.490461,nan,12.1724,12.1115,1,-0.646269,-0.475254,-0.610673,-6.42247,-0.723135,-0.807968,nan,nan,0,0.00416413,-0.0746865,-1.06484,1.05006,-0.0479179,-0.10622,nan,nan,0,-0.321882,0.266629,-0.101268,-0.122101,0.149059,0.136274,nan,nan,0,0.783071,0.713983,2.48259,1.8315,0.881535,0.90949,nan,nan,0,-0.119175,-0.260667,-0.376967,0.35029,-0.269587,nan,0.253237,0.496978,1,0.00708179,0.0038184,-1.79603,-0.0485742,0.00354089,nan,2.68572,1.91689,1,0,0.208309,0.021168,0.008417,-0.977797,-0.493577,0.443032,-0.492716,3.86965,6.41009,6.52208
1786071338185591096,0.694227,0.719756,0.314779,0.06,0,-0.0120029,0.0485824,-2.72781,-0.308087,0.255666,-0.610376,-0.699628,0.447833,-0.408138,-4.12698,0.050186,0.168091,nan,nan,0,-1.93199,-0.0321183,-1.21214,-26.2515,-0.915995,-0.692513,nan,nan,0,-1.13756,-0.190887,0.745697,-9.40171,-0.878782,-0.538704,nan,nan,0,-0.570306,0.402964,-0.64136,-11.8926,0.204847,0.261403,nan,nan,0,-0.269318,-0.159379,-0.253121,-8.16292,-0.344659,nan,-6.10512,-3.99549,1,1.05747,0.0904444,0.708531,11.5123,0.528735,nan,12.0859,11.6669,1,-0.706341,-0.482156,-0.71501,-5.29915,-0.75317,-0.759201,nan,nan,0,8.49515e-05,-0.0846581,-0.966643,0.415138,-0.0499575,-0.0821315,nan,nan,0,-0.200694,0.264328,-0.340627,-2.5641,0.209653,0.106435,nan,nan,0,0.87589,0.737952,2.37211,-1.05006,0.927945,0.899283,nan,nan,0,-0.192087,-0.263082,-0.30795,0.573202,-0.306044,nan,-1.04172,0.178382,1,-0.0512529,-0.0108609,-1.5257,1.03733,-0.0256264,nan,1.84558,2.58007,1,0,0.205497,0.022538,0.010861,-0.978337,-0.308087,0.255666,-0.610376,3.28522,2.03328,5.17293
1786071338195553774,0.755737,0.654875,0.314779,0.06,0,-0.015228,0.04943,-2.73466,-0.249396,0.111731,-0.758808,-0.603811,0.44419,-0.359039,-8.03419,0.0980947,0.0628327,nan,nan,0,-1.88471,-0.0432396,-1.01574,-28.7424,-0.892353,-0.749095,nan,nan,0,-1.16717,-0.186861,0.377452,-13.9438,-0.893586,-0.727129,nan,nan,0,-0.600257,0.398362,-0.352901,-16.8742,0.189871,0.238938,nan,nan,0,-0.34189,-0.157258,0.700372,-7.24227,-0.380945,nan,-8.87961,-4.30158,1,1.09948,0.101578,0.830831,11.0105,0.549741,nan,12.1986,11.4919,1,-0.780591,-0.490018,-0.782521,-4.51771,-0.790296,-0.739387,nan,nan,0,-0.0651523,-0.0938621,-0.880719,1.19658,-0.0825762,-0.0601187,nan,nan,0,-0.0878331,0.258767,-0.684322,-2.36874,0.266083,0.140061,nan,nan,0,0.942907,0.758469,2.2555,0.268623,0.961454,0.903217,nan,nan,0,-0.226719,-0.265355,-0.224721,0.142288,-0.323359,nan,-1.69309,-0.299825,1,-0.0767952,-0.0213888,-0.928408,1.77038,-0.0383976,nan,0.882349,2.462,1,0,0.202182,0.022664,0.012448,-0.979006,-0.249396,0.111731,-0.758808,3.23997,1.30523,5.72472
1786071338205703446,0.811675,0.584109,0.314779,0.06,0,-0.0210934,0.048145,-2.74485,-0.41447,-0.00166307,-0.501421,-0.51279,0.43978,-0.426551,-9.49939,0.143605,0.0466647,nan,nan,0,-1.58508,-0.0516768,-0.659773,-34.0171,-0.742541,-0.837213,nan,nan,0,-0.731272,-0.186861,-0.162642,-19.1209,-0.675636,-0.852164,nan,nan,0,-0.57053,0.396828,-0.0398932,-20.0488,0.204735,0.211803,nan,nan,0,-0.451546,-0.144732,1.24654,-5.13367,-0.435773,nan,-12.0563,-6.51578,1,1.10126,0.112003,0.990586,11.7386,0.550628,nan,11.6729,11.555,1,-0.924613,-0.498456,-0.770247,-5.83639,-0.862307,-0.753616,nan,nan,0,-0.112165,-0.10249,-0.745697,1.63614,-0.106082,-0.0604135,nan,nan,0,-0.0106576,0.251289,-0.616811,-1.00122,0.304671,0.201051,nan,nan,0,0.974686,0.781671,2.07138,-2.02686,0.977343,0.927322,nan,nan,0,-0.200736,-0.267499,-0.236702,-0.320803,-0.310368,nan,-1.14537,-0.986641,1,-0.118842,-0.0267696,-0.322221,1.62944,-0.059421,nan,-0.49621,1.68119,1,0,0.197254,0.021519,0.01508,-0.98,-0.41447,-0.00166307,-0.501421,1.34837,-0.777951,8.87375
1786071338215588667,0.860397,0.509625,0.331291,0.075,0,-0.0235867,0.0478151,-2.74677,-0.493574,-0.00388605,-0.236898,-0.400573,0.435945,-0.432689,-11.0623,0.199714,0.0830564,nan,nan,0,-1.43324,-0.055512,-0.33449,-36.801,-0.66662,-0.836955,nan,nan,0,-0.492564,-0.191463,-0.66591,-19.4628,-0.556282,-0.831848,nan,nan,0,-0.50205,0.397212,0.0398932,-18.3883,0.238975,0.199288,nan,nan,0,-0.48672,-0.136455,0.935563,-3.72511,-0.45336,nan,-12.495,-9.43468,1,1.08884,0.119271,0.343944,12.7548,0.54442,nan,12.2385,11.6776,1,-1.01336,-0.505167,-0.733422,-6.2271,-0.906681,-0.798722,nan,nan,0,-0.000586867,-0.108243,-0.598398,0.366302,-0.0502934,-0.0789444,nan,nan,0,0.194137,0.245537,-0.64136,0.512817,0.407069,0.260794,nan,nan,0,0.868312,0.801422,1.94863,-0.854698,0.924156,0.955084,nan,nan,0,-0.149427,-0.269564,-0.239625,-0.82074,-0.284713,nan,-0.170807,-1.29753,1,-0.152219,-0.0267998,0.0904403,1.04035,-0.0761095,nan,-1.61495,0.506575,1,0,0.19634,0.021127,0.016249,-0.980173,-0.493574,-0.00388605,-0.236898,1.27921,-1.77524,8.76135
1786071338225566419,0.902735,0.430197,0.331291,0.075,0,-0.0294993,0.0474127,-2.74601,-0.608512,-0.000358857,0.291314,-0.281176,0.43211,-0.359039,-10.8669,0.259412,0.1402,nan,nan,0,-1.27398,-0.0568542,-0.0521679,-34.7497,-0.586989,-0.765396,nan,nan,0,-0.08743,-0.200667,-0.923681,-17.1673,-0.353715,-0.710482,nan,nan,0,-0.444122,0.397212,-0.0214806,-18.3883,0.267939,0.21014,nan,nan,0,-0.501676,-0.134451,-0.11437,-6.03904,-0.460838,nan,-11.252,-11.4346,1,1.03724,0.114943,-0.688352,11.9434,0.518621,nan,13.1429,12.1908,1,-1.10701,-0.51207,-0.672048,-8.18071,-0.953505,-0.855637,nan,nan,0,-0.105402,-0.112654,-0.359039,-0.708183,-0.102701,-0.0788198,nan,nan,0,0.170051,0.239209,-0.481788,2.02686,0.395026,0.330287,nan,nan,0,0.737311,0.82098,1.98546,-1.68498,0.858655,0.95537,nan,nan,0,-0.114684,-0.271599,-0.252311,-1.08709,-0.267342,nan,0.52746,-0.952191,1,-0.150769,-0.0232606,0.385564,0.30978,-0.0753847,nan,-2.14207,-0.774959,1,0,0.196772,0.020342,0.019115,-0.980051,-0.608512,-0.000358857,0.291314,-1.17779,-3.5278,9.94323
1786071338235513876,0.93756,0.347823,0.331291,0.075,0,-0.0370342,0.0498402,-2.74071,-0.509048,0.0446896,0.454887,-0.204978,0.429042,-0.254703,-9.30403,0.297511,0.203002,nan,nan,0,-1.21551,-0.0562787,0.0889931,-28.84,-0.557754,-0.673239,nan,nan,0,0.102029,-0.209871,-0.850034,-13.2601,-0.258986,-0.538687,nan,nan,0,-0.424218,0.396444,-0.0889931,-15.2137,0.277891,0.236463,nan,nan,0,-0.44968,-0.138611,-0.815959,-9.45859,-0.43484,nan,-9.14407,-11.7325,1,0.979124,0.10536,-0.749145,12.4206,0.489562,nan,12.6498,12.8538,1,-1.07056,-0.518206,-0.573849,-9.05983,-0.935278,-0.909881,nan,nan,0,-0.135019,-0.115338,-0.23629,-0.0244217,-0.117509,-0.0817955,nan,nan,0,0.069647,0.238825,0.131955,2.3199,0.344823,0.381068,nan,nan,0,0.647967,0.841114,1.97932,-3.5409,0.813984,0.918614,nan,nan,0,-0.0856073,-0.27564,-0.273468,-0.963412,-0.252804,nan,1.20949,-0.213212,1,-0.142566,-0.0213366,0.41392,-0.515569,-0.0712832,nan,-2.11928,-1.76463,1,0,0.19946,0.020729,0.0231,-0.979414,-0.509048,0.0446896,0.454887,-4.32906,-2.7961,12.3377
1786071338245460642,0.964914,0.262567,0.331291,0.075,0,-0.0412972,0.0515787,-2.73627,-0.377512,0.120193,0.418341,-0.200266,0.427316,-0.150367,-8.37607,0.299867,0.258537,nan,nan,0,-1.14623,-0.0553203,0.107406,-23.5165,-0.523117,-0.598638,nan,nan,0,0.249695,-0.214281,-0.217878,-10.232,-0.185152,-0.374566,nan,nan,0,-0.437122,0.395102,-0.14423,-14.2857,0.271439,0.261631,nan,nan,0,-0.327511,-0.15107,-1.19796,-11.2576,-0.373755,nan,-5.99706,-10.6069,1,0.920277,0.102656,-0.398512,12.2002,0.460139,nan,11.3222,13.0042,1,-0.983382,-0.523767,-0.561574,-9.35287,-0.891691,-0.938587,nan,nan,0,-0.266389,-0.117447,-0.199466,0.610504,-0.183195,-0.0978111,nan,nan,0,-0.126097,0.242469,0.408138,3.39439,0.246952,0.383755,nan,nan,0,0.674602,0.858563,1.89953,-5.44566,0.827301,0.865564,nan,nan,0,-0.0654563,-0.277674,-0.252708,-0.29547,-0.242728,nan,1.60217,0.570628,1,-0.139317,-0.0170018,0.220002,-1.43688,-0.0696583,nan,-1.9097,-2.20456,1,0,0.201688,0.021099,0.025407,-0.978892,-0.377512,0.120193,0.418341,-1.04573,-1.80321,9.07439
1786071338255560576,0.984682,0.17436,0.331291,0.075,0,-0.043015,0.0522233,-2.73405,-0.350146,0.0870982,0.481085,-0.116536,0.426357,-0.0644426,-5.34798,0.341732,0.292158,nan,nan,0,-1.16662,-0.0543613,0.101268,-21.6117,-0.533312,-0.549051,nan,nan,0,0.287956,-0.21198,0.346765,-7.00854,-0.166022,-0.253493,nan,nan,0,-0.444479,0.394144,-0.0889931,-14.7741,0.26776,0.273676,nan,nan,0,-0.281256,-0.161362,-1.13129,-11.8045,-0.350628,nan,-4.92737,-8.42837,1,0.914115,0.101369,0.138795,11.9713,0.457057,nan,10.4625,12.3295,1,-0.97411,-0.529902,-0.629086,-9.25519,-0.887055,-0.929747,nan,nan,0,-0.359963,-0.118981,-0.131955,0.21978,-0.229982,-0.132916,nan,nan,0,-0.172073,0.247071,0.549299,2.3199,0.223964,0.333291,nan,nan,0,0.637207,0.875629,1.697,-8.22955,0.808603,0.831479,nan,nan,0,-0.0522936,-0.27975,-0.19632,0.209336,-0.236147,nan,1.82059,1.20294,1,-0.104934,-0.0178259,-0.218205,-1.55622,-0.052467,nan,-0.711925,-2.13805,1,0,0.2028,0.021212,0.026336,-0.978636,-0.350146,0.0870982,0.481085,-1.64855,-1.85772,7.93957
1786071338265491310,0.996291,0.0860513,0.331291,0.09,0,-0.045367,0.0528011,-2.72982,-0.131613,-0.0555076,0.318423,0.0499535,0.425782,-0.0521679,-3.83395,0.424977,0.317963,nan,nan,0,-1.3873,-0.0537863,0.0337563,-18.0464,-0.643651,-0.527754,nan,nan,0,0.235098,-0.205461,0.794796,-4.61539,-0.192451,-0.184125,nan,nan,0,-0.47465,0.394144,0.0644436,-14.0904,0.252675,0.274271,nan,nan,0,-0.324344,-0.169589,-0.687892,-10.6047,-0.372172,nan,-6.05857,-6.35074,1,0.94555,0.106574,0.665117,11.6594,0.472775,nan,9.98836,11.2018,1,-0.843933,-0.536997,-0.745697,-7.00854,-0.821967,-0.907149,nan,nan,0,-0.390885,-0.120132,-0.0767183,-0.757019,-0.245442,-0.18154,nan,nan,0,-0.208752,0.253782,0.71501,0.21978,0.205624,0.270864,nan,nan,0,0.634306,0.890777,1.35944,-12.2344,0.807153,0.815033,nan,nan,0,-0.0125593,-0.281878,-0.0796998,0.750579,-0.21628,nan,2.4155,1.61668,1,-0.084549,-0.0248049,-0.659123,-1.69884,-0.0422745,nan,0.464594,-1.48606,1,0,0.204899,0.021198,0.02759,-0.978164,-0.131613,-0.0555076,0.318423,-0.791141,-0.993816,7.8554
1786071338275494366,0.999993,-0.00381364,0.331291,0.09,0,-0.0460202,0.0523297,-2.72698,-0.0294522,0.00551945,0.26385,-0.0241046,0.425015,-0.09513,-2.41758,0.387948,0.362979,nan,nan,0,-1.60127,-0.053978,-0.00920582,-18.6325,-0.750636,-0.561467,nan,nan,0,0.142189,-0.195298,1.10167,-3.88278,-0.238906,-0.167012,nan,nan,0,-0.463515,0.395486,0.156505,-14.3346,0.258242,0.266306,nan,nan,0,-0.320118,-0.171506,-0.114895,-8.34689,-0.370059,nan,-6.777,-5.63528,1,0.984513,0.114628,0.977492,10.8149,0.492257,nan,9.86262,10.1912,1,-0.764525,-0.545051,-0.837758,-7.10622,-0.782262,-0.870458,nan,nan,0,-0.356662,-0.120707,-0.0705805,-1.5873,-0.228331,-0.222279,nan,nan,0,-0.199868,0.259918,0.518612,-0.757019,0.210066,0.22656,nan,nan,0,0.641466,0.902666,0.960506,-9.74359,0.810733,0.807392,nan,nan,0,0.00363402,-0.281999,0.0186068,0.938141,-0.208183,nan,2.55565,1.97609,1,-0.0956247,-0.0327464,-0.985871,-1.34549,-0.0478123,nan,1.02683,-0.431194,1,0,0.206286,0.020861,0.027891,-0.977871,-0.0294522,0.00551945,0.26385,1.83425,0.376063,7.82587
1786071338285619656,0.995584,-0.0938718,0.331291,0.09,0,-0.045945,0.0521109,-2.72485,0.0567831,0.0674848,0.184899,-0.088864,0.423673,-0.138092,-0.708183,0.355568,0.392416,nan,nan,0,-1.73068,-0.0541697,-0.0276184,-20,-0.815341,-0.645205,nan,nan,0,-0.0893561,-0.184368,1.03416,-3.5409,-0.354678,-0.19079,nan,nan,0,-0.487825,0.397212,0.193329,-14.4811,0.246087,0.259422,nan,nan,0,-0.341227,-0.16927,0.297296,-6.79954,-0.380613,nan,-7.84296,-6.07706,1,1.00987,0.125987,1.02514,10.0266,0.504937,nan,9.83077,9.64612,1,-0.709053,-0.554063,-0.911407,-5.9829,-0.754526,-0.824606,nan,nan,0,-0.331164,-0.121666,-0.09513,-2.46642,-0.215582,-0.238032,nan,nan,0,-0.242378,0.262218,0.125817,-1.39194,0.188811,0.206837,nan,nan,0,0.584729,0.90976,0.592261,-9.01099,0.782364,0.806513,nan,nan,0,-0.00572765,-0.28006,0.170332,1.3175,-0.212864,nan,2.09637,2.2557,1,-0.0732332,-0.0422425,-1.13112,-0.544545,-0.0366166,nan,1.86545,0.567545,1,0,0.207329,0.020732,0.027854,-0.977654,0.0567831,0.0674848,0.184899,1.47445,-0.311196,8.06144
1786071338295588389,0.983176,-0.182659,0.331291,0.09,0,-0.0445801,0.0531991,-2.72297,0.0836044,0.0788476,0.0717185,-0.133949,0.421947,-0.193328,-0.0732574,0.333025,0.386787,nan,nan,0,-1.76384,-0.0547447,-0.0644426,-23.4676,-0.831918,-0.738725,nan,nan,0,-0.0589764,-0.176123,0.69046,-3.00366,-0.339488,-0.257966,nan,nan,0,-0.481605,0.399321,0.199466,-15.1648,0.249198,0.253216,nan,nan,0,-0.336334,-0.167109,0.333737,-5.39251,-0.378167,nan,-7.88765,-6.9866,1,1.02962,0.136554,0.628991,10.3479,0.514809,nan,10.4042,9.56154,1,-0.695264,-0.563267,-0.90527,-5.05495,-0.747632,-0.783502,nan,nan,0,-0.272683,-0.123008,-0.138092,-3.44322,-0.186341,-0.232861,nan,nan,0,-0.280597,0.262218,-0.0398932,-1.53846,0.169702,0.196669,nan,nan,0,0.668983,0.913212,0.309939,-7.98535,0.824491,0.799249,nan,nan,0,-0.0318823,-0.276008,0.32634,1.43028,-0.225941,nan,1.26284,2.24216,1,-0.102096,-0.0524932,-1.1114,0.328744,-0.0510482,nan,1.71045,1.39555,1,0,0.208239,0.02138,0.027319,-0.977462,0.0836044,0.0788476,0.0717185,-0.872289,1.19295,7.02464
1786071338305847396,0.962508,-0.271254,0.331291,0.09,0,-0.0433691,0.0542565,-2.7223,0.132692,0.0666818,0.0598637,-0.0405511,0.419646,-0.217878,0.122101,0.379724,0.362779,nan,nan,0,-1.85817,-0.0557036,-0.0828552,-27.8633,-0.879087,-0.804813,nan,nan,0,-0.167511,-0.172096,0.242428,-4.22466,-0.393755,-0.317241,nan,nan,0,-0.509329,0.40143,0.187191,-17.2161,0.235335,0.249166,nan,nan,0,-0.395338,-0.164985,-0.0578283,-5.38845,-0.407669,nan,-8.40721,-7.64402,1,1.03505,0.135668,-0.0922829,10.5478,0.517524,nan,11.5941,9.97997,1,-0.700537,-0.57343,-0.911407,-3.83395,-0.750269,-0.756956,nan,nan,0,-0.194147,-0.124926,-0.174916,-3.44322,-0.147073,-0.213467,nan,nan,0,-0.245838,0.260301,-0.248566,-0.854698,0.187081,0.184138,nan,nan,0,0.539366,0.91417,-0.0398932,-7.30159,0.759683,0.802703,nan,nan,0,-0.0353316,-0.27189,0.532379,1.58564,-0.227666,nan,0.749269,1.82008,1,-0.0890052,-0.0619444,-0.793678,0.896016,-0.0445026,nan,1.71377,1.80118,1,0,0.208561,0.022014,0.026844,-0.977392,0.132692,0.0666818,0.0598637,-1.15052,1.2377,8.33035
1786071338315539197,0.934827,-0.355103,0.331291,0.105,0,-0.0424806,0.0548608,-2.72208,0.160498,0.0720601,0.034878,-0.13754,0.417537,-0.224015,-0.561661,0.33123,0.357331,nan,nan,0,-1.86789,-0.0564704,-0.0767183,-30.5983,-0.883944,-0.849639,nan,nan,0,-0.112944,-0.171521,0.0337563,-5.39683,-0.366472,-0.360246,nan,nan,0,-0.481792,0.402964,0.187191,-17.7045,0.249104,0.243717,nan,nan,0,-0.357625,-0.169236,-0.401937,-6.18409,-0.388813,nan,-7.08226,-7.9789,1,1.01315,0.133558,-0.672409,11.0627,0.506576,nan,12.1991,10.8814,1,-0.644296,-0.581484,-0.899132,-2.61295,-0.722148,-0.746684,nan,nan,0,-0.189574,-0.126076,-0.107405,-5.05495,-0.144787,-0.182573,nan,nan,0,-0.191851,0.257041,-0.33449,-1.44078,0.214075,0.179679,nan,nan,0,0.413961,0.912637,-0.224015,-5.83639,0.696981,0.793065,nan,nan,0,-0.0101309,-0.267747,0.666074,1.58704,-0.215065,nan,0.84473,1.19306,1,-0.11536,-0.0690073,-0.466878,1.13289,-0.0576799,nan,1.04014,1.81017,1,0,0.208668,0.022399,0.026475,-0.977371,0.160498,0.0720601,0.034878,-1.75963,1.51819,8.63378
1786071338325570672,0.899172,-0.437595,0.331291,0.105,0,-0.040112,0.0571756,-2.72281,0.0731097,0.173926,-0.169683,-0.37717,0.415619,-0.205604,-1.24542,0.211415,0.351,nan,nan,0,-1.71349,-0.0570459,-0.0521679,-32.7473,-0.806743,-0.876487,nan,nan,0,-0.242621,-0.171521,-0.00920582,-6.56898,-0.43131,-0.378528,nan,nan,0,-0.443355,0.405073,0.193329,-17.6557,0.268322,0.242778,nan,nan,0,-0.261609,-0.175608,-0.723278,-7.22717,-0.340805,nan,-4.69698,-7.68136,1,0.989798,0.123374,-1.20119,11.3335,0.494899,nan,12.9475,11.9018,1,-0.55827,-0.589921,-0.819346,-3.73627,-0.679135,-0.736703,nan,nan,0,-0.085449,-0.12646,-0.00920582,-3.44322,-0.0927245,-0.156664,nan,nan,0,-0.188823,0.255507,-0.09513,-2.41758,0.215589,0.191035,nan,nan,0,0.297922,0.909377,-0.383589,-6.61783,0.638961,0.753702,nan,nan,0,-0.0416261,-0.259447,0.734776,1.08564,-0.230813,nan,-0.0999838,0.760343,1,-0.128108,-0.0684508,-0.117626,1.15812,-0.0640538,nan,0.308348,1.44692,1,0,0.208298,0.023787,0.025549,-0.977442,0.0731097,0.173926,-0.169683,-2.77767,-1.62331,9.98672
1786071338338447112,0.845741,-0.533594,0.331291,0.105,0,-0.0400156,0.0587318,-2.72485,-0.00715683,0.098185,-0.206808,-0.344122,0.413126,-0.187191,-1.63614,0.227939,0.300751,nan,nan,0,-1.53759,-0.0574293,-0.00920582,-33.5775,-0.718795,-0.861377,nan,nan,0,-0.223599,-0.171521,0.0153437,-7.59463,-0.4218,-0.398103,nan,nan,0,-0.470674,0.407757,0.242428,-20.1954,0.254663,0.251894,nan,nan,0,-0.205334,-0.1841,-0.765895,-7.99004,-0.312667,nan,-3.35102,-6.39928,1,0.949114,0.103679,-1.25664,11.9165,0.474557,nan,13.0113,12.7861,1,-0.533467,-0.600083,-0.751834,-2.17339,-0.666733,-0.713063,nan,nan,0,-0.0831404,-0.126268,0.0153437,-1.00122,-0.0915702,-0.127551,nan,nan,0,-0.240067,0.254357,-0.150367,-1.00122,0.189966,0.205605,nan,nan,0,0.215521,0.903241,-0.598398,-8.13187,0.597761,0.697146,nan,nan,0,-0.0754901,-0.249065,0.764431,0.582302,-0.247745,nan,-1.10045,0.309048,1,-0.13605,-0.0642953,0.345088,0.757454,-0.0680251,nan,-0.629525,0.793929,1,0,0.207309,0.024584,0.025638,-0.97763,-0.00715683,0.098185,-0.206808,-0.921193,-1.94649,10.5309
1786071338346289205,0.805557,-0.592518,0.331291,0.105,0,-0.0402596,0.0593685,-2.72726,0.042379,0.137438,-0.263238,-0.334223,0.411784,-0.187191,-2.27106,0.232888,0.249809,nan,nan,0,-1.4461,-0.0574293,0.00920582,-31.8681,-0.673051,-0.802005,nan,nan,0,-0.213138,-0.171329,0.0214815,-8.03419,-0.416569,-0.416153,nan,nan,0,-0.478419,0.409675,0.273115,-17.9487,0.25079,0.257769,nan,nan,0,-0.184587,-0.190455,-0.582376,-8.03113,-0.302293,nan,-3.04077,-4.76024,1,0.91338,0.100022,-0.916894,11.5873,0.45669,nan,12.0754,13.1719,1,-0.473611,-0.60526,-0.721148,-1.63614,-0.636805,-0.686456,nan,nan,0,-0.113936,-0.126268,0.0214815,-0.512817,-0.106968,-0.102933,nan,nan,0,-0.257172,0.252823,-0.217878,-0.708183,0.181414,0.205723,nan,nan,0,0.121899,0.897105,-0.800934,-9.98779,0.55095,0.641142,nan,nan,0,-0.0888025,-0.244907,0.725366,0.543691,-0.254401,nan,-1.42034,-0.35203,1,-0.123552,-0.0622416,0.490537,0.781606,-0.0617761,nan,-0.721842,0.0292181,1,0,0.206142,0.024901,0.025793,-0.977865,0.042379,0.137438,-0.263238,0.580675,-0.545468,10.4714
1786071338355732272,0.749964,-0.661479,0.331291,0.105,0,-0.039987,0.05988,-2.72996,0.0677163,0.0709973,-0.25463,-0.442138,0.409483,-0.193328,-4.37119,0.178931,0.228098,nan,nan,0,-1.43911,-0.0572376,0.0337563,-29.475,-0.669556,-0.731585,nan,nan,0,-0.145881,-0.171137,0.0214815,-8.66911,-0.382941,-0.421554,nan,nan,0,-0.387056,0.412743,0.322214,-19.3651,0.296472,0.256512,nan,nan,0,-0.0633509,-0.19253,-0.171497,-5.51283,-0.241675,nan,-1.46285,-3.62516,1,0.876873,0.0950202,0.178886,11.8267,0.438436,nan,10.0342,12.7123,1,-0.416726,-0.612547,-0.64136,-1.53846,-0.608363,-0.660439,nan,nan,0,-0.139345,-0.126076,0.0214815,0.415138,-0.119673,-0.0963721,nan,nan,0,-0.155153,0.25033,-0.205604,-0.805862,0.232423,0.195309,nan,nan,0,-0.109268,0.885791,-1.14463,-11.9902,0.435366,0.590594,nan,nan,0,-0.0716154,-0.240728,0.630539,-0.1554,-0.245808,nan,-1.1236,-0.997547,1,-0.118608,-0.0607844,0.588441,-0.165871,-0.0593042,nan,-0.838255,-0.564036,1,0,0.204818,0.025214,0.025678,-0.978138,0.0677163,0.0709973,-0.25463,1.00114,-2.03985,9.99896
1786071338365758064,0.687188,-0.72648,0.331291,0.12,0,-0.0398699,0.0601473,-2.7324,0.0611475,0.138724,-0.222647,-0.494595,0.407566,-0.21174,-4.81075,0.152703,0.20756,nan,nan,0,-1.35522,-0.0568542,0.0644436,-26.7888,-0.627611,-0.684315,nan,nan,0,-0.0647514,-0.170562,0.09513,-9.20635,-0.342376,-0.40937,nan,nan,0,-0.344142,0.416386,0.340627,-17.2161,0.317929,0.268296,nan,nan,0,-0.0249487,-0.192434,-0.0997347,-3.34482,-0.222474,nan,-0.901807,-2.61505,1,0.803611,0.0987337,0.641627,12.3808,0.401806,nan,8.12972,11.3778,1,-0.298171,-0.618299,-0.543161,-1.8315,-0.549086,-0.633047,nan,nan,0,-0.127242,-0.125884,0.0276184,1.05006,-0.113621,-0.104125,nan,nan,0,-0.160021,0.248029,-0.242428,-0.610504,0.22999,0.202508,nan,nan,0,-0.22582,0.873903,-1.42695,-13.2112,0.37709,0.520974,nan,nan,0,-0.0815573,-0.232408,0.510115,-0.389134,-0.250779,nan,-1.40815,-1.2972,1,-0.1313,-0.0497899,0.543358,-0.35598,-0.0656502,nan,-1.29084,-0.898391,1,0,0.203626,0.025388,0.025617,-0.978384,0.0611475,0.138724,-0.222647,0.730935,-2.24663,10.1974
1786071338375804709,0.619101,-0.785311,0.331291,0.12,0,-0.0395488,0.0612373,-2.73412,0.0672247,0.1515,-0.0898133,-0.557474,0.405457,-0.199466,-5.39683,0.121263,0.17982,nan,nan,0,-1.27047,-0.055512,0.138092,-26.8376,-0.585235,-0.651776,nan,nan,0,0.133784,-0.168453,0.279252,-9.45055,-0.243108,-0.379927,nan,nan,0,-0.290738,0.419646,0.322214,-15.7021,0.344631,0.292117,nan,nan,0,0.137101,-0.194436,-0.224965,-1.96925,-0.14145,nan,2.19198,-1.60029,1,0.749613,0.104483,0.366964,11.8247,0.374806,nan,7.55924,9.65685,1,-0.21704,-0.622901,-0.408138,-1.5873,-0.50852,-0.594811,nan,nan,0,-0.176071,-0.125692,0.0153437,1.05006,-0.138035,-0.111775,nan,nan,0,-0.187917,0.243811,-0.487926,0.317459,0.216041,0.218203,nan,nan,0,-0.232843,0.857412,-1.76451,-13.4554,0.373578,0.442798,nan,nan,0,-0.0730096,-0.230293,0.365577,-0.817692,-0.246505,nan,-1.11579,-1.38159,1,-0.156669,-0.0485748,0.375775,-0.569745,-0.0783343,nan,-1.45645,-1.12039,1,0,0.20279,0.025976,0.025548,-0.978544,0.0672247,0.1515,-0.0898133,-0.287753,-1.41678,10.0658
1786071338385674562,0.546666,-0.837351,0.331291,0.12,0,-0.0384921,0.0627965,-2.73458,0.154366,0.158431,0.00732071,-0.47786,0.403539,-0.21174,-5.88522,0.16107,0.149545,nan,nan,0,-1.2177,-0.053978,0.193329,-25.2747,-0.558849,-0.618077,nan,nan,0,0.174941,-0.165385,0.316077,-7.88766,-0.222529,-0.321875,nan,nan,0,-0.240468,0.422139,0.291528,-14.7253,0.369766,0.319404,nan,nan,0,0.283998,-0.196473,-0.300798,-1.2317,-0.0680008,nan,4.94774,0.0625103,1,0.613673,0.10476,0.0227656,9.97736,0.306837,nan,6.02814,8.34738,1,-0.116146,-0.625969,-0.297665,-0.512817,-0.458073,-0.549615,nan,nan,0,-0.172745,-0.125501,0.0214815,0.317459,-0.136373,-0.122489,nan,nan,0,-0.107401,0.238825,-0.530887,1.24542,0.256299,0.223397,nan,nan,0,-0.433577,0.839388,-2.07752,-18.5348,0.273212,0.389957,nan,nan,0,-0.0876723,-0.2282,0.261531,-0.778954,-0.253836,nan,-1.28956,-1.30872,1,-0.167952,-0.0471643,0.211503,-0.831381,-0.0839758,nan,-1.4216,-1.29021,1,0,0.20256,0.026852,0.025182,-0.978577,0.154366,0.158431,0.00732071,-1.07594,-1.52013,9.89922
1786071338395700604,0.469163,-0.883112,0.331291,0.12,0,-0.0371774,0.0641877,-2.73377,0.122299,0.18018,0.148718,-0.495415,0.401238,-0.242428,-6.08059,0.152293,0.141147,nan,nan,0,-1.07385,-0.0520606,0.21174,-21.5629,-0.486924,-0.584909,nan,nan,0,0.35324,-0.162508,0.28539,-6.12943,-0.13338,-0.261958,nan,nan,0,-0.157321,0.425015,0.254703,-11.9902,0.411339,0.346775,nan,nan,0,0.482083,-0.198555,-0.312219,-0.178869,0.0310416,nan,8.50422,2.47538,1,0.442225,0.101317,-0.271917,8.46706,0.221113,nan,4.00175,7.2441,1,0.00158519,-0.627695,-0.125817,-1.0989,-0.399207,-0.501776,nan,nan,0,-0.199709,-0.125309,0.0276184,0.122101,-0.149854,-0.132261,nan,nan,0,-0.0292479,0.234607,-0.352901,0.952377,0.295376,0.234221,nan,nan,0,-0.588503,0.813118,-2.53169,-16.8254,0.195749,0.336171,nan,nan,0,-0.0918383,-0.224069,0.0941103,-1.28704,-0.255919,nan,-1.25592,-1.22479,1,-0.177502,-0.0417873,-0.0314488,-0.617921,-0.088751,nan,-1.36174,-1.34398,1,0,0.202947,0.027656,0.02469,-0.978487,0.122299,0.18018,0.148718,-0.669387,-1.57383,9.2361
1786071338405706744,0.38803,-0.921647,0.331291,0.12,0,-0.0355434,0.0665847,-2.73262,0.186492,0.21137,0.0867983,-0.518199,0.398362,-0.254703,-6.37363,0.1409,0.146055,nan,nan,0,-0.792828,-0.0495677,0.224015,-22.8327,-0.346414,-0.54024,nan,nan,0,0.329341,-0.159057,0.389727,-4.81075,-0.145329,-0.19893,nan,nan,0,-0.0772876,0.427508,0.217878,-8.57143,0.451356,0.378407,nan,nan,0,0.696105,-0.204926,-0.266971,2.71824,0.138052,nan,12.4047,5.49323,1,0.238395,0.102334,-0.492483,7.11549,0.119198,nan,1.24462,5.79302,1,0.182733,-0.627695,0.0705805,0.512817,-0.308634,-0.449192,nan,nan,0,-0.161193,-0.125117,0.00920582,0.0732574,-0.130597,-0.141012,nan,nan,0,0.0114689,0.232689,-0.131955,0.561661,0.315734,0.260517,nan,nan,0,-0.727602,0.782246,-2.94903,-15.4579,0.126199,0.266632,nan,nan,0,-0.110329,-0.226141,-0.0846166,-0.662212,-0.265164,nan,-1.2389,-1.14949,1,-0.164585,-0.0467397,-0.261727,-1.14078,-0.0822926,nan,-0.673994,-1.26416,1,0,0.203497,0.028981,0.024149,-0.978348,0.186492,0.21137,0.0867983,-1.56872,-0.456034,8.1714
1786071338416103859,0.30493,-0.952375,0.331291,0.135,0,-0.0333556,0.0683165,-2.73202,0.231129,0.10568,0.0275646,-0.451892,0.395869,-0.279252,-6.03175,0.174054,0.146699,nan,nan,0,-0.586908,-0.0474586,0.242428,-20.6349,-0.243454,-0.457087,nan,nan,0,0.33558,-0.154071,0.592261,-3.93163,-0.14221,-0.155111,nan,nan,0,-0.052747,0.429425,0.224015,-7.30159,0.463627,0.415413,nan,nan,0,0.906983,-0.204945,-0.200314,5.65684,0.243492,nan,15.9958,8.98693,1,0.0202595,0.0942944,-0.545898,5.80409,0.0101297,nan,-1.70609,3.73934,1,0.290763,-0.626545,0.174916,1.63614,-0.254618,-0.382121,nan,nan,0,-0.181309,-0.125117,0.00306892,-0.415138,-0.140655,-0.141264,nan,nan,0,0.0237622,0.232114,0.00306892,0.854698,0.321881,0.290764,nan,nan,0,-0.702169,0.753484,-3.31114,-17.7534,0.138916,0.192113,nan,nan,0,-0.116763,-0.228228,-0.161589,-1.09057,-0.268381,nan,-1.16298,-1.11955,1,-0.215229,-0.0511052,-0.369112,-1.25902,-0.107614,nan,-1.14161,-0.989452,1,0,0.203766,0.030044,0.023263,-0.978281,0.231129,0.10568,0.0275646,-1.03512,-0.370386,7.78466
1786071338426328630,0.218551,-0.975825,0.331291,0.135,0,-0.0306994,0.0695479,-2.73238,0.320857,0.13379,-0.0868163,-0.336436,0.392801,-0.309939,-5.78754,0.231782,0.154916,nan,nan,0,-0.204414,-0.0449657,0.273115,-18.0952,-0.0522072,-0.348267,nan,nan,0,0.163733,-0.146594,0.776384,-3.00366,-0.228133,-0.138802,nan,nan,0,0.0668301,0.431918,0.279252,-4.32234,0.523415,0.446295,nan,nan,0,1.00476,-0.207132,-0.0400121,7.61008,0.292379,nan,17.5429,12.6574,1,-0.146915,0.0902477,-0.665703,4.17754,-0.0734577,nan,-3.91261,1.12824,1,0.360666,-0.62386,0.297665,3.98046,-0.219667,-0.311861,nan,nan,0,0.118904,-0.125117,-0.00306892,-0.415138,0.00945224,-0.138983,nan,nan,0,0.180486,0.233264,0.168778,1.24542,0.400243,0.312635,nan,nan,0,-0.692536,0.717627,-3.71007,-17.3626,0.143732,0.145587,nan,nan,0,-0.119046,-0.230327,-0.25787,-0.817667,-0.269523,nan,-0.985039,-1.11232,1,-0.290998,-0.0554751,-0.501825,-0.80733,-0.145499,nan,-1.94798,-0.870535,1,0,0.203556,0.030921,0.022083,-0.978325,0.320857,0.13379,-0.0868163,-0.589333,-0.495484,8.12726
1786071338435551312,0.130591,-0.991436,0.331291,0.135,0,-0.0269967,0.0705943,-2.73387,0.435674,0.103433,-0.192767,-0.00308457,0.389541,-0.328352,-5.68987,0.398458,0.185536,nan,nan,0,0.115463,-0.0417056,0.359039,-15.2625,0.107732,-0.207436,nan,nan,0,-0.0220389,-0.138732,0.770247,-3.34554,-0.321019,-0.16469,nan,nan,0,0.357036,0.435369,0.383589,-3.49207,0.668518,0.482161,nan,nan,0,0.825479,-0.205134,0.214223,11.0206,0.202739,nan,13.9542,15.63,1,-0.219192,0.0801758,-0.97613,1.72153,-0.109596,nan,-4.22896,-1.5193,1,0.444791,-0.620025,0.438826,5.44566,-0.177605,-0.255031,nan,nan,0,0.726285,-0.125117,0.00920582,-0.708183,0.313143,-0.0897011,nan,nan,0,0.423188,0.236333,0.383589,1.19658,0.521594,0.348304,nan,nan,0,-0.630884,0.677551,-4.1581,-13.2112,0.174558,0.132608,nan,nan,0,-0.145283,-0.232428,-0.336878,-0.895281,-0.282641,nan,-1.25215,-1.04006,1,-0.516768,-0.0596512,-0.593546,-0.902009,-0.258384,nan,-5.07166,-1.18423,1,0,0.202772,0.031825,0.020354,-0.978496,0.435674,0.103433,-0.192767,0.103973,0.625609,8.57196
1786071338445659303,0.0399449,-0.999202,0.331291,0.135,0,-0.0224612,0.0714626,-2.73611,0.512295,0.109752,-0.24474,0.577308,0.385706,-0.340627,-4.51771,0.688654,0.270729,nan,nan,0,0.243744,-0.0365286,0.543161,-10.6715,0.171872,-0.0443377,nan,nan,0,-0.202925,-0.130869,0.672048,-3.73627,-0.411463,-0.232745,nan,nan,0,0.761423,0.440739,0.530887,-2.22222,0.870712,0.558942,nan,nan,0,0.361233,-0.199059,0.701385,13.7357,-0.0293836,nan,4.88655,15.9656,1,-0.195943,0.0613765,-2.01212,-0.211117,-0.0979714,nan,-1.76226,-3.15774,1,0.600214,-0.61389,0.610673,5.93407,-0.0998928,-0.209874,nan,nan,0,1.5648,-0.124926,0.0337563,1.05006,0.732399,0.0710362,nan,nan,0,0.574178,0.24151,0.537024,1.92918,0.597089,0.422288,nan,nan,0,-0.506028,0.628846,-4.52635,-9.59707,0.236986,0.145116,nan,nan,0,-0.0880122,-0.236596,-0.419908,-0.505893,-0.254006,nan,0.0205078,-1.01498,1,-0.755962,-0.0668298,-0.691813,-1.04371,-0.377981,nan,-8.29681,-2.57726,1,0,0.201605,0.03273,0.018186,-0.97875,0.512295,0.109752,-0.24474,0.052712,-0.043621,8.83319
1786071338455616042,-0.0490407,-0.998797,0.331291,0.135,0,-0.0172647,0.0724046,-2.73881,0.566578,0.102509,-0.281767,0.922949,0.38283,-0.322214,-2.66178,0.861475,0.449349,nan,nan,0,0.259422,-0.0303926,0.745697,-7.64347,0.179711,0.0913178,nan,nan,0,-0.366939,-0.127418,0.217878,-3.7851,-0.49347,-0.322506,nan,nan,0,1.01408,0.446491,0.66591,2.27106,0.997041,0.697809,nan,nan,0,-0.0494356,-0.19086,1.02193,15.6059,-0.234718,nan,-3.06792,11.8914,1,-0.164883,0.0363386,-2.94834,-2.87552,-0.0824413,nan,0.859116,-2.79886,1,0.808657,-0.607369,0.776384,6.47131,0.0043285,-0.157423,nan,nan,0,1.95712,-0.124158,0.113543,5.15263,0.928559,0.366555,nan,nan,0,0.661235,0.248413,0.868444,2.46642,0.640618,0.513984,nan,nan,0,-0.320629,0.586853,-4.70433,-4.90842,0.329686,0.183224,nan,nan,0,0.1116,-0.240751,-0.504851,-0.817872,-0.1542,nan,3.78655,-0.636373,1,-0.773148,-0.0742173,-0.894393,-2.08595,-0.386574,nan,-8.02911,-5.09841,1,0,0.200199,0.033736,0.015692,-0.979048,0.566578,0.102509,-0.281767,-0.414601,0.304323,8.93896
1786071338465707677,-0.139501,-0.990222,0.331291,0.15,0,-0.011541,0.0736796,-2.74158,0.624501,0.113389,-0.233843,0.947767,0.380337,-0.199466,-0.708183,0.873883,0.667219,nan,nan,0,0.174485,-0.0208049,1.07098,-5.49451,0.137243,0.166554,nan,nan,0,-0.362872,-0.129719,-0.383589,-5.05495,-0.491436,-0.414947,nan,nan,0,1.16836,0.454928,0.966643,11.6484,1.07418,0.858248,nan,nan,0,-0.176591,-0.18254,0.502546,15.3369,-0.298295,nan,-4.80524,4.77742,1,-0.168068,0.00868659,-2.17042,-4.95838,-0.0840338,nan,0.474019,-1.05486,1,0.69779,-0.598357,0.960506,5.93407,-0.051105,-0.082473,nan,nan,0,1.95597,-0.121282,0.389727,13.602,0.927985,0.682908,nan,nan,0,0.55592,0.261068,1.43309,2.75946,0.58796,0.591369,nan,nan,0,-0.221519,0.539106,-4.78412,0.757019,0.37924,0.249318,nan,nan,0,0.296737,-0.24486,-0.581326,-0.552858,-0.0616316,nan,7.28499,1.08619,1,-0.760439,-0.0849765,-1.52685,-4.28774,-0.38022,nan,-6.56702,-7.01691,1,0,0.198745,0.034951,0.012969,-0.979341,0.624501,0.113389,-0.233843,-1.15848,0.155792,8.68471
1786071338475747485,-0.228077,-0.973643,0.331291,0.15,0,-0.00405079,0.0741351,-2.74327,0.886379,-0.0344982,-0.115344,1.02727,0.379762,0.046031,2.36874,0.913634,0.820272,nan,nan,0,0.172479,-0.00776577,1.39013,-2.51526,0.13624,0.17754,nan,nan,0,-0.258526,-0.136239,-0.751834,-6.76434,-0.439263,-0.475426,nan,nan,0,1.21174,0.468351,1.53742,19.2674,1.09587,0.990964,nan,nan,0,-0.188547,-0.186639,-0.53147,7.72421,-0.304274,nan,-3.32002,-1.13703,1,-0.19919,0.00210805,-0.538348,-2.81477,-0.0995951,nan,-2.24357,-0.120471,1,0.365217,-0.587428,1.1569,7.49695,-0.217391,-0.0398066,nan,nan,0,1.74392,-0.113996,0.892995,20.5861,0.821961,0.880739,nan,nan,0,0.456613,0.279477,1.98546,2.85714,0.538306,0.617265,nan,nan,0,-0.294662,0.492128,-4.66137,5.49451,0.342669,0.321118,nan,nan,0,0.198118,-0.250939,-0.33137,-4.80916,-0.110941,nan,5.39696,4.0487,1,-0.784571,-0.109456,-2.39627,-6.63285,-0.392286,nan,-4.89049,-7.09767,1,0,0.197784,0.035926,0.009316,-0.979542,0.886379,-0.0344982,-0.115344,-1.32927,0.115371,11.7552
1786071338485669750,-0.313997,-0.949424,0.331291,0.15,0,0.00494711,0.0742526,-2.74406,0.832957,0.0451763,-0.023066,0.905125,0.38168,0.28539,4.27351,0.852562,0.896783,nan,nan,0,0.208421,0.00661516,1.42081,4.46886,0.15421,0.160038,nan,nan,0,-0.0682009,-0.14736,-1.38399,-4.61539,-0.3441,-0.480851,nan,nan,0,1.21388,0.488101,2.18185,19.072,1.09694,1.07141,nan,nan,0,-0.166555,-0.197015,-1.20603,1.72853,-0.293278,nan,-1.56014,-3.53514,1,-0.20929,0.00340294,0.189047,-0.50365,-0.104645,nan,-3.52501,-0.921482,1,0.309298,-0.574772,1.32875,7.35043,-0.245351,-0.0891726,nan,nan,0,1.69327,-0.101148,1.43923,27.4237,0.796635,0.917656,nan,nan,0,0.376763,0.299035,1.73996,5.20146,0.498382,0.592852,nan,nan,0,-0.26038,0.455503,-3.16998,-12.381,0.35981,0.355426,nan,nan,0,0.325927,-0.236099,2.12424,-4.98819,-0.0470365,nan,3.43084,5.28731,1,-0.780601,-0.128819,-2.0008,-7.55286,-0.3903,nan,-4.84323,-6.01902,1,0,0.197231,0.036875,0.004906,-0.97965,0.832957,0.0451763,-0.023066,-0.022478,1.61944,11.0609
1786071338495676566,-0.397695,-0.917517,0.331291,0.15,0,0.00498135,0.0678889,-2.73933,-0.536317,-0.166113,1.07881,0.572881,0.387432,0.69046,7.64347,0.68644,0.903465,nan,nan,0,0.590676,0.0183125,1.07712,4.12698,0.345338,0.150323,nan,nan,0,0.119994,-0.16711,-2.31074,-0.170937,-0.250003,-0.430458,nan,nan,0,1.26944,0.515138,2.8447,28.254,1.12472,1.10348,nan,nan,0,-0.136478,-0.211585,-1.7623,-1.36884,-0.278239,nan,0.310552,-3.12279,1,-0.236124,0.00496236,0.266471,-1.00132,-0.118062,nan,-4.09044,-2.36122,1,0.375719,-0.558857,1.70313,3.00366,-0.212141,-0.173503,nan,nan,0,2.97485,-0.0854249,1.51901,39.2918,1.43743,0.872655,nan,nan,0,1.72206,0.309198,0.69046,9.15751,1.17103,0.54856,nan,nan,0,-0.377512,0.433452,-2.2064,-6.66666,0.301244,0.36292,nan,nan,0,0.039887,-0.200603,4.28315,-1.59742,-0.190057,nan,-6.05559,3.96546,1,-1.28518,-0.150797,-1.45761,-6.73846,-0.642592,nan,-12.5674,-5.31441,1,0,0.19958,0.033751,0.004341,-0.97929,-0.536317,-0.166113,1.07881,3.33375,-16.3378,22.3908
1786071338505665109,-0.47838,-0.878153,0.331291,0.15,0,0.000711913,0.0738784,-2.73301,-0.230659,0.705023,0.198755,0.576727,0.396636,0.917544,8.81563,0.688363,0.825913,nan,nan,0,0.383945,0.0298171,1.05257,2.5641,0.241972,0.211828,nan,nan,0,0.024199,-0.200283,-3.08405,3.34554,-0.2979,-0.345055,nan,nan,0,1.38075,0.544667,3.08405,26.4469,1.18038,1.11723,nan,nan,0,-0.256582,-0.23238,-2.11449,-2.80664,-0.338291,nan,-0.535154,-1.34692,1,-0.231955,0.00288711,-0.00369422,-1.87669,-0.115977,nan,-3.56039,-3.49918,1,1.02097,-0.53834,1.94863,2.61295,0.110483,-0.217938,nan,nan,0,3.45696,-0.0708518,1.21214,39.2918,1.67848,1.03325,nan,nan,0,1.00177,0.306897,-0.530887,12.674,0.810886,0.731048,nan,nan,0,-0.03181,0.414277,-1.34716,-4.85959,0.474095,0.344555,nan,nan,0,0.539328,-0.146792,5.66346,-0.113425,0.059664,nan,-1.26924,-0.673369,1,-1.05767,-0.154608,-0.732401,-5.39386,-0.528833,nan,-10.1282,-7.69941,1,0,0.202723,0.036235,0.007144,-0.978539,-0.230659,0.705023,0.198755,-0.802176,15.7142,6.73195
1786071338515561995,-0.554553,-0.832149,0.331291,0.165,0,0.00624853,0.0754859,-2.73062,0.894403,-0.434764,0.263524,1.06561,0.406032,1.08939,5.78754,0.932804,0.739383,nan,nan,0,-0.0856525,0.0407467,1.32261,-1.88034,0.00717376,0.258523,nan,nan,0,-0.0151905,-0.219075,-1.61721,0.415138,-0.317595,-0.292978,nan,nan,0,1.23833,0.579182,3.61801,18.0952,1.10917,1.14222,nan,nan,0,-0.290655,-0.253107,-2.23811,-1.0925,-0.355328,nan,-0.220539,-0.1295,1,-0.217137,0.00675648,-0.494883,-2.3897,-0.108569,nan,-2.71743,-3.80177,1,0.0305922,-0.520123,2.02842,2.61295,-0.384704,-0.122065,nan,nan,0,1.24689,-0.0597305,1.32875,34.9939,0.573447,1.34772,nan,nan,0,0.285155,0.303254,-0.181053,15.6044,0.452577,0.874634,nan,nan,0,-0.271894,0.405073,-0.954369,-3.19902,0.354053,0.37467,nan,nan,0,0.56255,-0.0933703,6.00312,-2.06799,0.0712749,nan,-3.24209,-3.67193,1,-0.828462,-0.159308,-0.566874,-8.07266,-0.414231,nan,-6.79737,-10.0171,1,0,0.203782,0.037577,0.004643,-0.978283,0.894403,-0.434764,0.263524,2.57291,11.6885,4.73951
1786071338525577701,-0.626805,-0.779176,0.331291,0.165,0,0.0170773,0.0743446,-2.72955,0.937016,0.267153,-0.126813,1.01006,0.418879,1.18145,6.2271,0.905028,0.772611,nan,nan,0,-0.0887902,0.0570459,1.49446,1.0989,0.00560488,0.185313,nan,nan,0,0.187135,-0.221568,0.168778,-3.05251,-0.216432,-0.288905,nan,nan,0,1.0836,0.618683,4.0599,9.15751,1.0318,1.14378,nan,nan,0,-0.235947,-0.275782,-2.1947,-0.327197,-0.327974,nan,1.46534,0.239366,1,-0.204812,-0.0121152,-1.62025,-2.33523,-0.102406,nan,-0.278351,-3.18545,1,0.152182,-0.498647,1.90567,6.81319,-0.323909,-0.144925,nan,nan,0,1.01208,-0.043623,1.44536,58.0464,0.456039,1.22769,nan,nan,0,0.049812,0.310156,0.942094,14.6276,0.334906,0.761249,nan,nan,0,-0.196505,0.397019,-0.757972,-0.366302,0.391748,0.392107,nan,nan,0,0.804121,-0.0366643,3.95467,8.87425,0.19206,nan,2.07335,-4.21216,1,-0.664488,-0.149281,1.20424,-15.2305,-0.332244,nan,-7.29525,-9.80465,1,0,0.204108,0.038122,-0.00075,-0.978205,0.937016,0.267153,-0.126813,-1.51619,-3.88666,0.44492
1786071338535533628,-0.693912,-0.72006,0.331291,0.165,0,0.0195712,0.076065,-2.73477,-0.39158,-0.398687,-0.884113,0.678368,0.42885,1.05871,11.6484,0.739184,0.850351,nan,nan,0,0.00813083,0.0697012,1.31648,6.52015,0.0540654,0.0791594,nan,nan,0,-0.201924,-0.222335,-0.371314,0.122101,-0.410962,-0.269611,nan,nan,0,1.19017,0.6578,4.40974,9.59707,1.08509,1.10203,nan,nan,0,-0.187392,-0.294069,-2.13416,-0.186475,-0.303696,nan,2.86427,0.756752,1,-0.190589,-0.0308855,-2.30275,-2.18982,-0.0952947,nan,1.52185,-1.64123,1,-0.195943,-0.482924,1.65403,10.8669,-0.497972,-0.249476,nan,nan,0,3.63583,-0.0332685,1.01574,55.2625,1.76791,0.84037,nan,nan,0,0.58257,0.317443,0.537024,13.6996,0.601285,0.54361,nan,nan,0,-0.234787,0.391651,-0.487926,-1.19658,0.372606,0.389787,nan,nan,0,0.0178357,-0.0206137,1.38626,5.50336,-0.201082,nan,-8.39579,-1.81403,1,-1.13651,-0.12903,3.31997,-11.5057,-0.568253,nan,-18.1566,-9.15573,1,0,0.201491,0.039213,-0.001896,-0.978703,-0.39158,-0.398687,-0.884113,-9.61759,0.479429,18.3266
1786071338545564436,-0.755816,-0.654785,0.331291,0.165,0,0.0150098,0.0729238,-2.74442,-0.118365,-0.226283,-0.847663,0.780099,0.439396,0.960506,10.525,0.79005,0.842418,nan,nan,0,-0.00307395,0.0815902,1.02188,0.366302,0.048463,0.0327676,nan,nan,0,-0.28076,-0.235757,-1.34716,3.88278,-0.45038,-0.302055,nan,nan,0,1.1694,0.708039,4.6491,5.73871,1.0747,1.07451,nan,nan,0,-0.219525,-0.312027,-2.00714,-0.230678,-0.319763,nan,2.73997,1.78002,1,-0.184852,-0.0587712,-2.68778,-1.41291,-0.0924258,nan,3.02204,0.344815,1,0.247133,-0.467009,1.39013,4.81075,-0.276433,-0.36779,nan,nan,0,3.94569,-0.0275164,0.309939,42.8083,1.92285,0.983614,nan,nan,0,0.561965,0.319552,0.21174,5.68987,0.590983,0.474266,nan,nan,0,-0.118925,0.385706,-0.604536,7.00854,0.430538,0.384097,nan,nan,0,0.298373,-0.0206099,-0.548895,4.88889,-0.0608137,nan,-0.58379,-2.03577,1,-1.19082,-0.0918677,3.60929,-8.73983,-0.59541,nan,-20.5202,-12.2267,1,0,0.196876,0.037216,-0.000161,-0.979721,-0.118365,-0.226283,-0.847663,-3.37683,-6.18338,16.9129
1786071338555619118,-0.81171,-0.58406,0.331291,0.165,0,0.0186354,0.0727168,-2.74984,0.706537,-0.187267,-0.310622,1.05346,0.448409,1.02188,7.25275,0.926728,0.806397,nan,nan,0,-0.187935,0.0902185,0.942094,-2.75946,-0.0439676,0.0299506,nan,nan,0,-0.0391321,-0.244578,-0.819346,0.805862,-0.329566,-0.376257,nan,nan,0,1.20225,0.754442,4.60613,1.44078,1.09113,1.06969,nan,nan,0,-0.261564,-0.329418,-1.87049,0.853509,-0.340782,nan,2.408,2.61096,1,-0.196127,-0.0804092,-2.78478,-0.0113325,-0.0980634,nan,3.64755,2.1624,1,0.402254,-0.455695,1.19373,3.58974,-0.198873,-0.388583,nan,nan,0,1.85297,-0.0263658,0.113543,41.8315,0.876486,1.45362,nan,nan,0,0.321321,0.321661,0.328352,3.49207,0.47066,0.516456,nan,nan,0,-0.06625,0.379762,-0.659773,3.98046,0.456875,0.395952,nan,nan,0,0.67398,-0.0326871,-1.64029,1.50474,0.12699,nan,8.04913,-2.12281,1,-1.06382,-0.0635716,2.66374,-9.76974,-0.531908,nan,-18.0457,-16.8763,1,0,0.194155,0.037466,-0.002059,-0.980252,0.706537,-0.187267,-0.310622,-2.63339,10.9569,9.28074
1786071338565699261,-0.861207,-0.508255,0.331291,0.18,0,0.0278838,0.0701058,-2.75128,1.06289,-0.325769,0.127658,1.10755,0.460681,1.1569,3.44322,0.953775,0.834097,nan,nan,0,-0.0111741,0.101915,1.13849,-10.0366,0.044413,0.00853264,nan,nan,0,0.0926038,-0.248413,-0.09513,-5.68987,-0.263698,-0.391443,nan,nan,0,1.03884,0.803531,4.38519,-7.39927,1.00942,1.07615,nan,nan,0,-0.217946,-0.34435,-1.57945,1.86206,-0.318973,nan,3.25737,2.82362,1,-0.212365,-0.113424,-2.58388,1.77864,-0.106182,nan,4.09308,3.44222,1,0.0106177,-0.443807,1.05257,1.24542,-0.394691,-0.313501,nan,nan,0,0.502019,-0.0217638,0.653635,46.3248,0.20101,1.45759,nan,nan,0,0.129395,0.329715,0.942094,2.51526,0.374697,0.524138,nan,nan,0,-0.29132,0.373817,-0.573849,4.17583,0.34434,0.424218,nan,nan,0,0.583703,-0.0569781,-2.50958,0.593454,0.0818515,nan,8.62341,1.86614,1,-0.907132,-0.0543024,-0.164481,-13.1714,-0.453566,nan,-11.7312,-18.6431,1,0,0.193302,0.037079,-0.006873,-0.980414,1.06289,-0.325769,0.127658,1.06151,-0.578292,4.58292
1786071338575658844,-0.90315,-0.429324,0.331291,0.18,0,0.0373226,0.0658816,-2.74802,0.817074,-0.0970719,0.411219,0.986069,0.473336,1.33489,5.20146,0.893034,0.895225,nan,nan,0,-0.0633469,0.113229,1.08939,-5.05495,0.0183265,0.00610128,nan,nan,0,0.152145,-0.246687,0.138092,-4.12698,-0.233928,-0.343092,nan,nan,0,0.829513,0.845908,4.15197,-5.44566,0.904757,1.05828,nan,nan,0,-0.136769,-0.35699,-1.28702,2.25533,-0.278384,nan,4.68174,2.96887,1,-0.208489,-0.134617,-2.05981,2.81287,-0.104245,nan,4.00088,4.08739,1,0.329957,-0.434986,0.813209,6.08059,-0.235022,-0.301988,nan,nan,0,0.539463,-0.0108337,1.26738,41.7827,0.219731,0.951951,nan,nan,0,0.263883,0.339686,0.807072,4.71307,0.441941,0.46854,nan,nan,0,-0.219455,0.369024,-0.408138,4.85959,0.380273,0.410684,nan,nan,0,0.470698,-0.0794015,-2.48645,2.61144,0.0253488,nan,7.39593,6.40172,1,-0.85413,-0.0700771,-3.24801,-13.6928,-0.427065,nan,-5.83762,-15.8351,1,0,0.194773,0.03594,-0.011852,-0.980117,0.817074,-0.0970719,0.411219,5.78524,-2.34045,7.62469
1786071338585727342,-0.938181,-0.346144,0.331291,0.18,0,0.0418492,0.0627822,-2.74429,0.220024,-0.310085,0.371843,0.666109,0.487334,1.41468,7.30159,0.733054,0.918869,nan,nan,0,0.0910859,0.122241,0.807072,-1.73382,0.095543,0.0161129,nan,nan,0,0.124563,-0.248988,-0.352901,-0.952377,-0.247718,-0.282476,nan,nan,0,0.801279,0.881189,3.82668,-6.32478,0.89064,0.995723,nan,nan,0,-0.158262,-0.365876,-0.970942,1.904,-0.289131,nan,4.14249,3.59644,1,-0.231012,-0.155398,-1.31818,3.07543,-0.115506,nan,3.17404,4.18348,1,-0.0447431,-0.429042,0.475651,9.05983,-0.422372,-0.293428,nan,nan,0,1.88814,0.00297213,1.34716,33.138,0.894071,0.465846,nan,nan,0,0.652371,0.337577,-0.708872,9.25519,0.636186,0.431017,nan,nan,0,-0.253024,0.367874,0.0828552,-3.83395,0.363488,0.386293,nan,nan,0,0.223309,-0.0997844,-1.71479,-0.100571,-0.0983454,nan,2.62256,8.33838,1,-1.0052,-0.110912,-3.8791,-17.6741,-0.502599,nan,-5.93195,-10.2283,1,0,0.196561,0.034889,-0.014309,-0.979766,0.220024,-0.310085,0.371843,2.31861,-3.47803,10.7836
1786071338595592478,-0.965088,-0.261925,0.331291,0.18,0,0.0424831,0.0595573,-2.7424,0.182877,-0.536744,0.447203,0.61746,0.49999,1.39626,10.6227,0.70873,0.859758,nan,nan,0,0.144705,0.127035,0.4511,0.0732574,0.122352,0.0448309,nan,nan,0,0.0527506,-0.255124,-0.874582,2.75946,-0.283625,-0.248328,nan,nan,0,0.816381,0.913979,3.55664,-10.3297,0.898191,0.931016,nan,nan,0,-0.197114,-0.373107,-0.751266,2.36449,-0.308557,nan,3.38613,4.09258,1,-0.230387,-0.161043,-0.553863,3.02892,-0.115193,nan,2.20628,3.71657,1,-0.124189,-0.426357,0.242428,6.91087,-0.462095,-0.323568,nan,nan,0,2.04939,0.0119843,0.794796,26.8376,0.974693,0.445649,nan,nan,0,0.807044,0.32262,-1.87498,12.0879,0.713522,0.490662,nan,nan,0,-0.291779,0.370942,0.426551,-6.47131,0.34411,0.371878,nan,nan,0,0.16877,-0.107891,-0.251013,3.3235,-0.125615,nan,-0.243818,6.56403,1,-1.05708,-0.137772,-1.85388,-13.2567,-0.528541,nan,-8.94226,-6.58591,1,0,0.197519,0.033386,-0.014907,-0.979616,0.182877,-0.536744,0.447203,6.49295,-3.41723,10.9265
1786071338605639256,-0.984794,-0.173728,0.331291,0.18,0,0.0425873,0.0519632,-2.73401,0.209828,-0.0666221,0.525491,0.700444,0.51437,1.26738,8.76679,0.750222,0.775006,nan,nan,0,0.0235424,0.130294,0.26084,-0.415138,0.0617712,0.0854369,nan,nan,0,0.12789,-0.264904,-0.659773,2.12454,-0.246055,-0.251311,nan,nan,0,0.842778,0.952329,3.00427,-16.7766,0.911389,0.897822,nan,nan,0,-0.216747,-0.377304,-0.456329,2.38726,-0.318374,nan,2.74706,3.96413,1,-0.223581,-0.16296,0.304625,2.37391,-0.111791,nan,1.07815,2.78587,1,0.13789,-0.424632,0.14423,2.75946,-0.331055,-0.392298,nan,nan,0,1.44614,0.0160108,0.23629,24.3468,0.673072,0.687621,nan,nan,0,0.780518,0.303254,-1.34103,9.93895,0.700259,0.60215,nan,nan,0,-0.228841,0.377269,0.579986,-5.64103,0.37558,0.357995,nan,nan,0,0.427065,-0.101687,0.416197,6.05032,0.00353248,nan,3.0584,2.80524,1,-0.990943,-0.137285,0.191359,-8.38936,-0.495471,nan,-11.0326,-7.0444,1,0,0.201726,0.029743,-0.015588,-0.978866,0.209828,-0.0666221,0.525491,1.4918,3.50682,13.1709
1786071338616575069,-0.996456,-0.0841116,0.331291,0.195,0,0.0446778,0.0519843,-2.73174,0.498629,0.00990719,0.381366,0.821234,0.526068,1.16304,5.20146,0.810617,0.735303,nan,nan,0,0.0118434,0.132596,0.224015,-1.78266,0.0559217,0.093817,nan,nan,0,0.108331,-0.264904,0.273115,-0.610504,-0.255834,-0.255786,nan,nan,0,0.729997,0.978599,2.48872,-22.442,0.854999,0.894088,nan,nan,0,-0.223385,-0.381573,-0.1629,2.36824,-0.321693,nan,2.34017,3.38299,1,-0.216507,-0.152147,0.915727,1.92352,-0.108253,nan,-0.0567784,1.63662,1,0.154242,-0.423098,0.156505,0.65934,-0.322879,-0.400823,nan,nan,0,1.00495,0.0177374,0.224015,24.1026,0.452475,0.789568,nan,nan,0,0.552307,0.302103,0.402001,7.59463,0.586153,0.679683,nan,nan,0,-0.268471,0.382255,0.530887,-6.12943,0.355764,0.357956,nan,nan,0,0.407485,-0.101758,0.148166,3.41494,-0.00625744,nan,3.12027,1.31839,1,-0.91417,-0.134068,0.790266,-7.52655,-0.457085,nan,-10.8759,-9.28232,1,0,0.202805,0.029983,-0.016575,-0.978619,0.498629,0.00990719,0.381366,-2.7683,1.68971,9.28547
1786071338625789092,-0.999985,0.00551816,0.331291,0.195,0,0.051002,0.0526296,-2.72886,0.620384,-0.14715,0.226123,0.771986,0.535847,1.05257,4.95727,0.785993,0.752598,nan,nan,0,-0.0475823,0.134513,0.217878,-1.39194,0.0262088,0.0780652,nan,nan,0,0.0812371,-0.259726,0.622948,-2.27106,-0.269381,-0.255286,nan,nan,0,0.591979,0.996624,2.14503,-18.8278,0.785989,0.883209,nan,nan,0,-0.189673,-0.38053,0.142329,2.13702,-0.304837,nan,2.43577,2.71621,1,-0.205032,-0.143058,1.19979,1.34407,-0.102516,nan,-0.583421,0.49597,1,-0.00831471,-0.421755,0.156505,0.757019,-0.404157,-0.365987,nan,nan,0,0.819682,0.0213804,0.494062,22.7839,0.359841,0.684879,nan,nan,0,0.41875,0.313224,1.5006,5.44566,0.519375,0.671427,nan,nan,0,-0.301746,0.38724,0.481788,-6.61783,0.339127,0.360159,nan,nan,0,0.290142,-0.0997126,-0.181151,2.8936,-0.0649292,nan,1.48915,1.90944,1,-0.860121,-0.12471,0.423193,-8.63664,-0.430061,nan,-9.79532,-10.7524,1,0,0.204109,0.030968,-0.019559,-0.978262,0.620384,-0.14715,0.226123,-4.30337,-0.084791,6.91781
1786071338635606333,-0.995606,0.0936376,0.331291,0.195,0,0.0604095,0.0512234,-2.72773,0.464187,-0.139744,-0.00932037,0.600453,0.545626,0.960506,4.66422,0.700226,0.777236,nan,nan,0,-0.112126,0.136047,0.11968,-1.29426,-0.00606312,0.0535567,nan,nan,0,0.0609033,-0.254357,0.4511,-1.39194,-0.279548,-0.259866,nan,nan,0,0.472072,1.01465,1.66017,-15.7998,0.726036,0.844041,nan,nan,0,-0.173406,-0.377527,0.374682,1.63,-0.296703,nan,2.26682,2.30809,1,-0.178088,-0.131505,1.27441,0.685287,-0.0890441,nan,-0.637782,-0.354547,1,-0.150948,-0.420413,0.138092,1.3431,-0.475474,-0.362842,nan,nan,0,1.23939,0.0280914,0.727284,20,0.569695,0.51502,nan,nan,0,0.355477,0.3324,1.92408,4.22466,0.487739,0.60552,nan,nan,0,-0.295873,0.391076,0.408138,-4.85959,0.342064,0.353119,nan,nan,0,0.0965139,-0.105871,-0.587226,2.78999,-0.161743,nan,-1.07469,2.26552,1,-0.836911,-0.128197,-0.259919,-10.1707,-0.418455,nan,-8.31788,-10.6412,1,0,0.204541,0.031254,-0.024287,-0.978057,0.464187,-0.139744,-0.00932037,-3.40644,-2.18806,5.04671
1786071338645586645,-0.983128,0.182919,0.331291,0.195,0,0.0645848,0.0504217,-2.72796,0.296422,-0.277621,-0.0582495,0.496769,0.55483,0.917544,4.95727,0.648384,0.759527,nan,nan,0,-0.0454219,0.13643,-0.0214806,-0.708183,0.027289,0.0236678,nan,nan,0,0.0667202,-0.252056,0.138092,-0.805862,-0.27664,-0.26898,nan,nan,0,0.451418,1.02826,1.04643,-19.4139,0.715709,0.786318,nan,nan,0,-0.174357,-0.375987,0.57035,1.70947,-0.297179,nan,1.90278,2.13263,1,-0.167008,-0.116078,1.16258,-0.165706,-0.0835038,nan,-0.766635,-0.769315,1,-0.244277,-0.419262,0.09513,2.41758,-0.522138,-0.405786,nan,nan,0,1.35586,0.0351863,0.672048,19.9512,0.627928,0.465495,nan,nan,0,0.371792,0.34889,1.53742,3.2967,0.495896,0.536678,nan,nan,0,-0.303079,0.395102,0.328352,-5.88522,0.33846,0.345446,nan,nan,0,0.0520415,-0.114071,-0.846081,3.27478,-0.183979,nan,-1.17766,1.29883,1,-0.822843,-0.134074,-0.49066,-10.6821,-0.411421,nan,-7.58443,-9.51688,1,0,0.204378,0.031286,-0.026415,-0.978035,0.296422,-0.277621,-0.0582495,-4.84658,-0.077471,5.77893
1786071338655585373,-0.962793,0.27024,0.331291,0.195,0,0.0673742,0.0474377,-2.72926,0.235979,-0.451153,-0.089502,0.429416,0.563842,0.892995,4.07815,0.614708,0.708996,nan,nan,0,-0.0214466,0.13528,-0.131955,-1.73382,0.0392767,0.012597,nan,nan,0,-0.0329993,-0.252248,-0.107405,-0.0732574,-0.3265,-0.275585,nan,nan,0,0.377772,1.03421,0.543161,-20.3419,0.678886,0.739064,nan,nan,0,-0.156322,-0.366928,0.751186,1.35309,-0.288161,nan,1.63009,1.90578,1,-0.1281,-0.109437,0.944135,-0.791695,-0.0640498,nan,-0.0545999,-0.845056,1,-0.61286,-0.418879,0.0337563,1.63614,-0.70643,-0.466253,nan,nan,0,1.18874,0.0401716,0.414276,20.6838,0.544369,0.523631,nan,nan,0,0.264607,0.358286,0.85617,4.42002,0.442303,0.498293,nan,nan,0,-0.375108,0.39817,0.297665,-8.03419,0.302446,0.340652,nan,nan,0,-0.125547,-0.124343,-1.12835,2.11661,-0.272774,nan,-3.50255,0.0256492,1,-0.796048,-0.13626,0.0601916,-10.6767,-0.398024,nan,-7.94321,-8.43424,1,0,0.203752,0.030094,-0.028106,-0.978156,0.235979,-0.451153,-0.089502,-1.94017,2.53433,6.11458
1786071338665874791,-0.934281,0.356538,0.331291,0.21,0,0.069878,0.0436729,-2.72996,0.213771,-0.346174,-0.0440688,0.309337,0.573046,0.837758,2.27106,0.554668,0.655678,nan,nan,0,0.0156191,0.133362,-0.187191,-3.00366,0.0578096,0.0210987,nan,nan,0,0.0561573,-0.255124,-0.224015,0.122101,-0.281921,-0.293834,nan,nan,0,0.294396,1.03517,-0.107405,-19.1209,0.637198,0.703954,nan,nan,0,-0.134667,-0.359293,0.885195,1.71988,-0.277334,nan,1.54078,1.63876,1,-0.112758,-0.0994898,0.736774,-0.575572,-0.0563788,nan,0.18817,-0.567173,1,-0.522106,-0.418879,-0.00920582,-0.268623,-0.661053,-0.56842,nan,nan,0,1.007,0.0422807,0.113543,23.0281,0.453501,0.561865,nan,nan,0,0.178645,0.361546,0.0767183,4.90842,0.399323,0.470227,nan,nan,0,-0.360127,0.401621,0.340627,-8.57143,0.309937,0.326702,nan,nan,0,-0.125539,-0.13676,-1.25154,-0.279752,-0.272769,nan,-2.88303,-1.44998,1,-0.730702,-0.126644,1.09337,-9.68235,-0.365351,nan,-8.80126,-8.19548,1,0,0.203444,0.028498,-0.029727,-0.97822,0.213771,-0.346174,-0.0440688,-0.470564,1.63177,9.45268
1786071338675623340,-0.898836,0.438285,0.331291,0.21,0,0.0708508,0.0422931,-2.73038,0.162199,-0.233971,-0.0769007,0.16121,0.580333,0.800934,1.5873,0.480605,0.602767,nan,nan,0,0.0514433,0.131253,-0.230153,-2.75946,0.0757216,0.0382136,nan,nan,0,0.107209,-0.256658,-0.14423,-0.415138,-0.256395,-0.299836,nan,nan,0,0.193578,1.03018,-0.659773,-19.3651,0.586789,0.669351,nan,nan,0,-0.108591,-0.351501,0.971526,1.24572,-0.264295,nan,1.59492,1.46349,1,-0.0915631,-0.0954226,0.578249,-0.728716,-0.0457815,nan,0.621858,-0.170019,1,-0.521235,-0.419071,-0.046031,-2.66178,-0.660617,-0.646648,nan,nan,0,0.882436,0.0428562,0.0583057,20.3907,0.391218,0.532822,nan,nan,0,0.0622912,0.36097,-0.046031,3.68742,0.341146,0.43549,nan,nan,0,-0.361609,0.404881,0.340627,-10.0366,0.309195,0.313768,nan,nan,0,-0.161853,-0.147194,-1.056,-2.40392,-0.290927,nan,-3.44665,-2.53407,1,-0.654499,-0.11203,1.84817,-8.91139,-0.32725,nan,-9.22886,-8.6759,1,0,0.203254,0.027916,-0.03035,-0.978257,0.162199,-0.233971,-0.0769007,0.119124,2.86236,8.86084
1786071338685634784,-0.855777,0.517345,0.331291,0.21,0,0.0721651,0.0409233,-2.73133,0.0898764,-0.099891,-0.0869928,0.0603206,0.588003,0.721148,-0.366302,0.43016,0.541927,nan,nan,0,0.00571008,0.12876,-0.248566,-2.27106,0.052855,0.057828,nan,nan,0,0.125173,-0.258575,-0.21174,-0.512817,-0.247414,-0.284126,nan,nan,0,0.0100481,1.01963,-1.16918,-17.5092,0.495024,0.62844,nan,nan,0,-0.0807805,-0.34352,1.03442,1.34582,-0.25039,nan,1.7079,1.40543,1,-0.0774224,-0.0875596,0.460638,-0.306232,-0.0387112,nan,0.774496,0.244814,1,-0.303079,-0.419837,-0.0889931,-5.05495,-0.55154,-0.672405,nan,nan,0,0.915039,0.043623,0.0889931,17.3626,0.407519,0.466368,nan,nan,0,0.0709443,0.361162,0.0521679,2.46642,0.345472,0.390261,nan,nan,0,-0.305704,0.407949,0.328352,-11.6484,0.337148,0.308553,nan,nan,0,-0.107805,-0.155556,-0.822019,-3.86796,-0.263903,nan,-2.5591,-3.14893,1,-0.58253,-0.0889296,1.7358,-8.30495,-0.291265,nan,-8.67377,-9.26067,1,0,0.2028,0.027365,-0.031146,-0.978342,0.0898764,-0.099891,-0.0869928,-0.274781,1.14118,8.42223
1786071338695520121,-0.806624,0.591064,0.331291,0.21,0,0.0727328,0.0400677,-2.73191,0.0449111,-0.0386305,0.01464,-0.0144019,0.594714,0.635223,-0.463982,0.392799,0.480346,nan,nan,0,-0.0347047,0.126268,-0.248566,-1.92918,0.0326476,0.0639475,nan,nan,0,0.124013,-0.261068,-0.254703,0.0244217,-0.247994,-0.263692,nan,nan,0,-0.158441,1.00468,-1.63562,-19.4139,0.410779,0.567865,nan,nan,0,-0.0805168,-0.333582,1.0805,1.2562,-0.250258,nan,1.29558,1.42061,1,-0.0558128,-0.0826872,0.480742,0.324279,-0.0279064,nan,0.922312,0.563605,1,-0.115752,-0.42118,-0.138092,-6.12943,-0.457876,-0.637144,nan,nan,0,0.821325,0.0449653,0.168778,14.6276,0.360663,0.418291,nan,nan,0,0.159627,0.360778,-0.0705805,1.48962,0.389814,0.356518,nan,nan,0,-0.281818,0.411401,0.340627,-13.1624,0.349091,0.316724,nan,nan,0,-0.12838,-0.163885,-0.549871,-4.23604,-0.27419,nan,-3.03586,-3.18357,1,-0.524681,-0.0779026,1.3516,-8.40939,-0.26234,nan,-7.56053,-9.27952,1,0,0.202523,0.026995,-0.031519,-0.978397,0.0449111,-0.0386305,0.01464,0.641837,1.10106,6.43716
1786071338705485473,-0.750523,0.660844,0.331291,0.21,0,0.0725621,0.0395541,-2.7308,-0.0986644,-0.0235044,0.189602,-0.110254,0.599892,0.481788,-1.24542,0.344873,0.428314,nan,nan,0,-0.000591248,0.123775,-0.248566,-1.88034,0.0497044,0.0534257,nan,nan,0,0.129967,-0.262986,-0.156505,0.512817,-0.245017,-0.250865,nan,nan,0,-0.354453,0.985693,-2.06524,-16.7766,0.312773,0.489523,nan,nan,0,-0.116078,-0.32361,1.11601,0.985975,-0.268039,nan,0.270978,1.33463,1,-0.0164625,-0.077378,0.56194,0.435864,-0.00823125,nan,1.23149,0.745956,1,-0.0229482,-0.422523,-0.150367,-5.78754,-0.411474,-0.555718,nan,nan,0,0.600534,0.0466909,0.156505,15.3114,0.250267,0.385768,nan,nan,0,0.250288,0.358861,-0.291528,1.44078,0.435144,0.357386,nan,nan,0,-0.325405,0.415427,0.408138,-13.7973,0.327297,0.33263,nan,nan,0,-0.198421,-0.165959,-0.397596,-3.64887,-0.309211,nan,-4.41743,-3.09315,1,-0.406152,-0.0665086,0.841298,-8.71776,-0.203076,nan,-5.35897,-8.58111,1,0,0.203079,0.026744,-0.031473,-0.97829,-0.0986644,-0.0235044,0.189602,0.524506,0.137706,6.90352
1786071338715453049,-0.688455,0.725279,0.331291,0.225,0,0.0688768,0.0391116,-2.72732,-0.362098,0.00771071,0.283783,-0.220073,0.603343,0.309939,-2.41758,0.289963,0.382395,nan,nan,0,-0.00201626,0.12109,-0.279252,-1.53846,0.0489919,0.0461564,nan,nan,0,0.0973241,-0.263561,-0.0153437,0.415138,-0.261338,-0.245394,nan,nan,0,-0.647787,0.961725,-2.57465,-18.779,0.166107,0.399351,nan,nan,0,-0.16523,-0.31361,1.14944,1.255,-0.292615,nan,-0.989332,0.86196,1,0.0116511,-0.0698509,0.697906,0.460438,0.00582556,nan,1.22343,0.894827,1,0.189469,-0.424057,-0.138092,-3.7851,-0.305266,-0.472254,nan,nan,0,0.51643,0.0476499,0.0644436,15.7509,0.208215,0.329438,nan,nan,0,0.317701,0.353684,-0.592261,3.05251,0.46885,0.388434,nan,nan,0,-0.264445,0.420413,0.537024,-14.4322,0.357777,0.337607,nan,nan,0,-0.159245,-0.168029,-0.314615,-3.25606,-0.289622,nan,-3.78385,-3.5281,1,-0.282511,-0.0589792,0.494276,-8.27724,-0.141255,nan,-3.2097,-7.09939,1,0,0.204838,0.026205,-0.02967,-0.977994,-0.362098,0.00771071,0.283783,-0.77939,-0.321301,8.73235
1786071338725505583,-0.620314,0.784354,0.331291,0.225,0,0.0648456,0.0395442,-2.72447,-0.453896,0.0803113,0.277258,-0.276171,0.605069,0.0828552,-2.75946,0.261915,0.334763,nan,nan,0,0.168088,0.117447,-0.365176,-0.366302,0.134044,0.0461047,nan,nan,0,0.128316,-0.263561,-0.0337563,0.757019,-0.245842,-0.249151,nan,nan,0,-0.829647,0.929127,-3.16384,-18.0464,0.0751763,0.286728,nan,nan,0,-0.201406,-0.301611,1.18643,0.790737,-0.310703,nan,-2.09786,-0.0687556,1,0.0120239,-0.060542,0.923746,0.642013,0.00601197,nan,0.611,0.974793,1,0.429302,-0.425207,-0.0767183,-2.41758,-0.185349,-0.387096,nan,nan,0,0.211394,0.0472665,-0.046031,12.1856,0.0556972,0.262607,nan,nan,0,0.213493,0.347356,-0.494062,3.24786,0.416746,0.429895,nan,nan,0,-0.255729,0.426741,0.672048,-15.3602,0.362136,0.343657,nan,nan,0,-0.0325367,-0.172167,-0.402338,-3.01752,-0.226268,nan,-1.29003,-3.8407,1,-0.14482,-0.0534106,0.538786,-7.06253,-0.0724098,nan,-1.37816,-5.12621,1,0,0.206277,0.026043,-0.027617,-0.977756,-0.453896,0.0803113,0.277258,-1.69907,0.886406,10.4508
1786071338736151374,-0.547787,0.836618,0.331291,0.225,0,0.0609282,0.0408776,-2.72162,-0.403875,0.0844953,0.272399,-0.197779,0.604494,-0.125817,-3.5409,0.30111,0.292019,nan,nan,0,0.122956,0.113804,-0.395864,-1.00122,0.111478,0.0751404,nan,nan,0,0.0913596,-0.26452,-0.156505,1.0989,-0.26432,-0.251082,nan,nan,0,-0.97996,0.900748,-3.64256,-22.2955,1.98686e-05,0.170008,nan,nan,0,-0.299585,-0.291601,1.15879,0.118845,-0.359792,nan,-4.12489,-1.20903,1,0.0174265,-0.0483934,1.10549,0.142033,0.00871327,nan,0.0549647,0.811849,1,0.458614,-0.425399,0.0153437,-1.53846,-0.170693,-0.286919,nan,nan,0,-0.388474,0.0459242,-0.174916,11.6972,-0.244237,0.169162,nan,nan,0,0.0443952,0.344672,-0.21174,3.73627,0.332198,0.442066,nan,nan,0,-0.204719,0.434219,0.76411,-15.116,0.387641,0.353578,nan,nan,0,0.0839516,-0.178368,-0.6234,-2.69535,-0.168024,nan,1.29713,-2.99949,1,-0.000150925,-0.051553,0.646187,-5.22295,-7.54627e-05,nan,0.575046,-3.13261,1,0,0.207696,0.026327,-0.025526,-0.977505,-0.403875,0.0844953,0.272399,-2.61187,1.65638,11.1148
1786071338745668516,-0.46951,0.882927,0.331291,0.225,0,0.059102,0.0414904,-2.7203,-0.39644,0.0830883,0.241129,-0.127366,0.602001,-0.309939,-5.05495,0.336317,0.27959,nan,nan,0,0.0633057,0.109777,-0.402001,-0.561661,0.0816529,0.103872,nan,nan,0,0.0606223,-0.265287,0.0214815,0.463982,-0.279689,-0.255014,nan,nan,0,-1.00378,0.854728,-4.39133,-22.5397,-0.0118911,0.0703022,nan,nan,0,-0.435473,-0.281563,1.06679,-0.69072,-0.427736,nan,-6.71627,-2.66206,1,0.0699559,-0.0382192,1.29552,0.491375,0.034978,nan,0.252637,0.395424,1,0.3296,-0.424823,0.0767183,1.53846,-0.2352,-0.207778,nan,nan,0,-0.752454,0.0432396,-0.322214,7.98535,-0.426227,-0.00761441,nan,nan,0,-0.0614116,0.344096,-0.00306892,3.19902,0.279294,0.404894,nan,nan,0,-0.181166,0.441505,0.807072,-16.4835,0.399417,0.368544,nan,nan,0,0.179301,-0.186635,-0.836115,-2.01594,-0.120349,nan,3.57416,-0.988098,1,0.127786,-0.045425,0.745053,-3.21815,0.0638929,nan,2.16196,-1.22708,1,0,0.208355,0.026453,-0.024552,-0.977386,-0.39644,0.0830883,0.241129,-2.00142,1.41645,11.0899
1786071338755612915,-0.389347,0.921091,0.331291,0.225,0,0.0555029,0.0425616,-2.71813,-0.364169,0.100434,0.204756,-0.170357,0.59759,-0.481788,-4.32234,0.314822,0.298594,nan,nan,0,-0.223084,0.10575,-0.377452,-0.170937,-0.061542,0.104582,nan,nan,0,-0.0575609,-0.26452,0.0767183,0.0244217,-0.33878,-0.265703,nan,nan,0,-0.945779,0.811201,-4.98666,-26.5934,0.0171104,0.00753091,nan,nan,0,-0.592749,-0.273535,0.878867,-1.50698,-0.506375,nan,-9.46771,-4.62537,1,0.23009,-0.0226601,1.51064,0.419414,0.115045,nan,1.8652,0.055909,1,0.267495,-0.423481,0.150368,4.46886,-0.266253,-0.191271,nan,nan,0,-0.923458,0.0386376,-0.518612,2.75946,-0.511729,-0.226866,nan,nan,0,-0.154492,0.344096,-0.0214806,2.17339,0.232754,0.342638,nan,nan,0,-0.0271424,0.449559,0.807072,-14.9695,0.476429,0.385625,nan,nan,0,0.242095,-0.192829,-0.831768,-0.907063,-0.0889525,nan,4.88332,1.46365,1,0.204837,-0.0337773,0.893368,-1.24649,0.102419,nan,2.74583,0.521288,1,0,0.209446,0.026626,-0.022652,-0.977194,-0.364169,0.100434,0.204756,-1.0645,0.940766,10.3705
1786071338765760214,-0.303726,0.95276,0.331291,0.232219,0,0.0503255,0.0439765,-2.71401,-0.365431,0.141564,0.346715,-0.278565,0.590879,-0.659773,-2.41758,0.260717,0.314721,nan,nan,0,-0.796242,0.102107,-0.316077,-0.21978,-0.348121,0.0461734,nan,nan,0,-0.10756,-0.263369,0.107406,-0.317459,-0.36378,-0.294495,nan,nan,0,-0.744222,0.746006,-5.6986,-33.6752,0.117889,-0.00766376,nan,nan,0,-0.613672,-0.265487,0.573265,-3.68133,-0.516836,nan,-9.65713,-7.0357,1,0.413111,-0.0081065,1.46635,0.0397388,0.206555,nan,4.24033,0.481974,1,0.103921,-0.420989,0.266977,3.5409,-0.34804,-0.219233,nan,nan,0,-0.846784,0.0311594,-0.739559,-3.24786,-0.473392,-0.406378,nan,nan,0,-0.16984,0.342754,-0.162642,0.805862,0.22508,0.281054,nan,nan,0,0.230965,0.458188,0.770247,-12.1367,0.605483,0.421951,nan,nan,0,0.298889,-0.201039,-0.714753,0.981634,-0.0605556,nan,5.98906,3.57617,1,0.188879,-0.0256335,1.04508,0.19194,0.0944395,nan,2.03457,1.81416,1,0,0.211509,0.026816,-0.019918,-0.976804,-0.365431,0.141564,0.346715,0.475363,0.477687,9.04982
1786071338775786137,-0.216821,0.976211,0.331291,0.232219,0,0.0464535,0.04551,-2.71011,-0.435741,0.255346,0.423741,-0.304178,0.58321,-0.831621,-1.8315,0.247911,0.301061,nan,nan,0,-1.43231,0.0990391,-0.316077,-1.05006,-0.666157,-0.115208,nan,nan,0,-0.247368,-0.263177,-0.0337563,-0.757019,-0.433684,-0.331662,nan,nan,0,-0.582529,0.686179,-6.12208,-16.4835,0.198735,0.0338484,nan,nan,0,-0.59721,-0.263522,0.133783,-5.38289,-0.508605,nan,-8.77857,-8.81619,1,0.641219,0.00712289,1.43706,0.702406,0.32061,nan,7.24901,1.96346,1,-0.173134,-0.41792,0.328352,4.0293,-0.486567,-0.276185,nan,nan,0,-0.492303,0.0221472,-1.01574,-9.69475,-0.296152,-0.48919,nan,nan,0,-0.135343,0.339686,-0.395864,0.122101,0.242329,0.239764,nan,nan,0,0.558116,0.465666,0.751834,-7.98535,0.769058,0.50006,nan,nan,0,0.208391,-0.205091,-0.491402,3.72886,-0.105804,nan,4.21213,5.11313,1,0.0889814,-0.00979061,1.21832,1.10008,0.0444907,nan,-0.199045,2.24376,1,0,0.21344,0.02719,-0.017811,-0.976415,-0.435741,0.255346,0.423741,0.149631,-0.024572,8.01544
1786071338785625497,-0.129975,0.991517,0.331291,0.232219,0,0.0441531,0.0467743,-2.70777,-0.514875,0.302451,0.489831,-0.314406,0.574772,-0.966643,-3.24786,0.242797,0.273642,nan,nan,0,-1.97416,0.0957794,-0.408138,-3.98046,-0.937082,-0.373583,nan,nan,0,-0.384256,-0.264904,-0.23629,-0.903542,-0.502128,-0.379469,nan,nan,0,-0.489282,0.629421,-6.33075,-1.8315,0.245359,0.111854,nan,nan,0,-0.536307,-0.265659,-0.430264,-6.34827,-0.478153,nan,-6.79189,-9.22512,1,0.858208,0.0204407,1.54629,1.72092,0.429104,nan,9.94047,4.34005,1,-0.427472,-0.414852,0.340627,3.24786,-0.613736,-0.37089,nan,nan,0,-0.255097,0.0112171,-1.26738,-10.2808,-0.177549,-0.443599,nan,nan,0,-0.0974836,0.333934,-0.702735,0.0244217,0.261258,0.228122,nan,nan,0,0.826337,0.473336,0.788659,-3.83395,0.903169,0.624652,nan,nan,0,0.0571356,-0.209036,-0.195345,3.4149,-0.181432,nan,1.25914,5.30729,1,0.0216513,0.000195216,1.51726,1.71897,0.0108257,nan,-1.95698,1.38781,1,0,0.214599,0.027581,-0.01652,-0.976172,-0.514875,0.302451,0.489831,-0.623478,-0.670049,6.9764
1786071338795640478,-0.0400656,0.999197,0.331291,0.232219,0,0.034462,0.0505472,-2.69931,-0.820561,0.209151,0.624714,-0.269796,0.562884,-1.11394,-3.10134,0.265102,0.252654,nan,nan,0,-2.00219,0.0888762,-0.745697,-12.7717,-0.951097,-0.669089,nan,nan,0,-0.274022,-0.269889,-0.555436,-1.97802,-0.447011,-0.440011,nan,nan,0,-0.44205,0.558665,-6.36758,10.525,0.268975,0.188955,nan,nan,0,-0.433488,-0.273945,-1.13128,-8.40309,-0.426744,nan,-3.65104,-8.20128,1,0.916108,0.0386548,2.04944,3.21576,0.458054,nan,9.50782,7.05394,1,-0.721024,-0.411592,0.266977,1.48962,-0.760512,-0.492766,nan,nan,0,0.0128497,-0.00488949,-1.51901,-8.71795,-0.0435751,-0.320811,nan,nan,0,-0.0431968,0.324154,-0.991194,0.463982,0.288402,0.238524,nan,nan,0,0.960609,0.483499,0.997331,1.73382,0.970305,0.770058,nan,nan,0,-0.0899672,-0.206652,0.26009,3.42209,-0.254984,nan,-2.08175,3.73901,1,-0.034087,0.0211779,1.86475,0.813292,-0.0170435,nan,-3.94378,-0.388295,1,0,0.218816,0.02843,-0.011263,-0.975286,-0.820561,0.209151,0.624714,-1.28074,-2.00866,6.16927
1786071338805715865,0.0503355,0.998732,0.331291,0.232219,0,0.0256587,0.0519926,-2.6929,-0.963613,0.115527,0.637458,-0.173773,0.551954,-1.04643,-0.952377,0.313114,0.25005,nan,nan,0,-1.83124,0.0789051,-1.05257,-24.6886,-0.865621,-0.877669,nan,nan,0,-0.161591,-0.274875,-0.26084,-8.57143,-0.390796,-0.467345,nan,nan,0,-0.430062,0.50881,-4.79639,-33.5287,0.274969,0.243263,nan,nan,0,-0.375302,-0.269604,1.84678,-21.0414,-0.397651,nan,-7.25183,-6.35006,1,0.916883,0.0677363,2.55371,7.06337,0.458441,nan,7.89059,8.47106,1,-0.833926,-0.409483,0.21174,0.65934,-0.816963,-0.630039,nan,nan,0,0.101292,-0.0204215,-1.51287,-13.8462,0.000646015,-0.176507,nan,nan,0,-0.0776262,0.314183,-0.972781,0.757019,0.271187,0.261071,nan,nan,0,1.01162,0.495963,1.37785,9.79243,0.995808,0.893064,nan,nan,0,-0.133217,-0.204137,0.408913,4.21937,-0.276609,nan,-3.14988,0.90774,1,-0.0471704,0.0354744,1.55165,0.530202,-0.0235852,nan,-4.09926,-2.41673,1,0,0.222052,0.028193,-0.006721,-0.974603,-0.963613,0.115527,0.637458,-0.043579,-1.46674,7.78103
1786071338815783109,0.14015,0.99013,0.331291,0.247219,0,0.0237499,0.044336,-2.69147,1.43394,-0.634498,-1.00776,0.372877,0.538915,-1.41468,0.366302,0.586439,0.273106,nan,nan,0,-3.25845,0.0689344,-1.05871,-38.5592,-1.57922,-0.938535,nan,nan,0,-1.91943,-0.266821,1.21214,-12.4298,-1.26972,-0.447716,nan,nan,0,-0.574034,0.474103,-2.99199,-25.2747,0.202983,0.270957,nan,nan,0,-0.536423,-0.236041,4.45299,-14.0042,-0.478211,nan,-15.1554,-6.26494,1,1.3197,0.100664,3.11728,8.49196,0.659849,nan,12.0996,8.33085,1,-0.499679,-0.409291,-0.0214806,-3.5409,-0.64984,-0.745838,nan,nan,0,-0.972124,-0.0315428,-0.929819,-11.5018,-0.536062,-0.0626233,nan,nan,0,-0.448132,0.3138,0.463376,-4.22466,0.0859341,0.274017,nan,nan,0,0.837303,0.513028,2.06524,20.7326,0.908652,0.969229,nan,nan,0,-0.0212569,-0.202018,-0.142463,2.52401,-0.220628,nan,-0.437654,-1.5762,1,0.196803,0.0440751,0.0380733,-0.546497,0.0984017,nan,1.57269,-3.52715,1,0,0.222837,0.024255,-0.006626,-0.974531,1.43394,-0.634498,-1.00776,13.4904,16.8819,20.4184
1786071338825739248,0.228034,0.973653,0.331291,0.247219,0,0.0324883,0.0535526,-2.70197,-0.112427,1.5888,-0.624954,-1.87142,0.522425,-1.75223,3.93163,-0.535712,0.384792,nan,nan,0,-3.03654,0.0581965,-1.09553,-35.3846,-1.46827,-1.1493,nan,nan,0,-1.5009,-0.249563,2.04683,-16.0928,-1.06045,-0.70035,nan,nan,0,-0.259127,0.450326,-1.89339,-13.5043,0.360437,0.256621,nan,nan,0,0.0931115,-0.194283,5.45115,-8.08543,-0.163444,nan,-7.09736,-9.92951,1,1.31998,0.121301,2.86845,8.48392,0.659992,nan,11.8581,9.30016,1,-0.411159,-0.410442,-0.168779,-5.34798,-0.605579,-0.75465,nan,nan,0,-0.295387,-0.0382543,-0.604536,-2.51526,-0.197694,-0.177526,nan,nan,0,-0.193762,0.32147,0.76411,-3.83395,0.213119,0.215787,nan,nan,0,1.4297,0.537189,2.29233,18.6325,1.20485,0.973218,nan,nan,0,-0.153495,-0.206304,-0.480604,-0.239949,-0.286747,nan,-2.0946,-1.90475,1,-0.0787144,0.0358788,-1.06664,-2.12448,-0.0393572,nan,-0.657117,-1.79375,1,0,0.217512,0.029666,-0.01001,-0.975555,-0.112427,1.5888,-0.624954,2.66396,-10.4504,6.22078
1786071338835799548,0.314942,0.949111,0.331291,0.247219,0,0.0246853,0.0630441,-2.70389,-1.1857,0.442147,0.141968,-1.25607,0.504016,-1.83816,0.903542,-0.228035,0.14709,nan,nan,0,-1.80947,0.0443902,-1.36558,-40.2198,-0.854733,-1.3753,nan,nan,0,-0.705885,-0.236525,0.432689,-17.3626,-0.662942,-0.973883,nan,nan,0,-0.336387,0.436328,-1.47605,-13.0647,0.321807,0.277799,nan,nan,0,-0.0612835,-0.129708,4.95101,-7.18564,-0.240642,nan,-11.3092,-11.3944,1,1.14814,0.154358,3.28416,9.70045,0.574072,nan,7.66517,10.639,1,-0.955086,-0.413702,-0.389727,-4.7619,-0.877543,-0.691288,nan,nan,0,0.243687,-0.0440063,-0.579986,-4.32234,0.0718433,-0.271748,nan,nan,0,-0.0491785,0.323195,-0.131955,-2.0757,0.285411,0.179067,nan,nan,0,1.23329,0.5625,2.61761,14.6764,1.10665,1.03847,nan,nan,0,-0.236077,-0.212811,-0.650693,-1.09948,-0.328038,nan,-3.05691,-1.66845,1,-0.0886028,0.0204054,-1.61601,-1.02497,-0.0443014,nan,0.482804,-0.0582309,1,0,0.216602,0.033441,-0.0052,-0.975673,-1.1857,0.442147,0.141968,-10.8841,-15.011,9.14521
1786071338845749876,0.398376,0.917222,0.331291,0.247219,0,0.0182455,0.0647186,-2.70196,-1.35386,0.14513,0.600003,-0.72274,0.486567,-1.697,-7.83883,0.0386302,-0.147085,nan,nan,0,-1.10908,0.0290504,-1.52515,-54.3345,-0.504539,-1.27574,nan,nan,0,0.169774,-0.24592,-1.46991,-18.0952,-0.225113,-0.952828,nan,nan,0,-0.255129,0.422139,-1.22441,-8.18071,0.362436,0.311271,nan,nan,0,0.123359,-0.0967905,2.75997,1.59372,-0.14832,nan,-5.94349,-11.0482,1,0.96706,0.181471,1.57898,14.4437,0.48353,nan,6.69331,10.1119,1,-1.13157,-0.418687,-0.530887,-4.61539,-0.965786,-0.722258,nan,nan,0,-0.0753674,-0.0503345,-0.647498,-5.10378,-0.0876837,-0.170792,nan,nan,0,-0.00146826,0.316676,-0.807072,-1.00122,0.309266,0.210517,nan,nan,0,0.952256,0.591263,2.96131,13.602,0.966128,1.1042,nan,nan,0,-0.156556,-0.221388,-0.7822,-0.82167,-0.288278,nan,-1.16786,-2.02175,1,-0.0489799,0.0011337,-1.75535,-0.0947536,-0.02449,nan,1.86432,0.693704,1,0,0.21764,0.033562,-0.001844,-0.97545,-1.35386,0.14513,0.600003,-4.67699,-5.17727,3.00102
1786071338855783306,0.479204,0.877704,0.331291,0.247219,0,0.00726355,0.065442,-2.69255,-0.885335,-0.148371,1.33457,-0.114,0.471611,-1.64176,-17.4115,0.343,-0.171168,nan,nan,0,-1.38016,0.0169697,-1.2551,-57.4603,-0.640082,-0.930048,nan,nan,0,0.673908,-0.26241,-1.83816,-15.5067,0.0269541,-0.66155,nan,nan,0,-0.178497,0.413126,-1.08325,-4.07815,0.400751,0.337929,nan,nan,0,-0.074422,-0.0866247,0.351398,-1.488,-0.247211,nan,-6.14762,-8.78952,1,0.899053,0.182815,-0.0238111,12.6058,0.449526,nan,8.03707,8.92406,1,-1.43143,-0.423865,-0.573849,-8.13187,-1.11572,-0.835514,nan,nan,0,0.221775,-0.0568542,-0.739559,-0.903542,0.0608876,-0.0780086,nan,nan,0,0.292391,0.307281,-1.12622,0.366302,0.456195,0.263247,nan,nan,0,0.635308,0.619642,3.2559,18.0464,0.807654,1.07531,nan,nan,0,-0.071224,-0.227872,-0.899694,-1.13219,-0.245612,nan,0.728644,-1.90301,1,-0.0996158,-0.011699,-1.60119,0.00097885,-0.0498079,nan,1.25852,1.34126,1,0,0.222405,0.032702,0.003745,-0.974398,-0.885335,-0.148371,1.33457,-3.3043,-0.793145,12.1058
1786071338865713488,0.555442,0.831555,0.331291,0.262219,0,0.000700166,0.0590521,-2.6692,-0.590091,-0.562736,1.37095,0.283504,0.453777,-1.60494,-11.9902,0.541752,0.0260372,nan,nan,0,-2.1358,0.00814915,-0.567711,-44.3223,-1.0179,-0.680843,nan,nan,0,0.398346,-0.276984,-0.868444,-9.05983,-0.110827,-0.29351,nan,nan,0,-0.272961,0.400471,-1.05871,0.708183,0.353519,0.368873,nan,nan,0,-0.105441,-0.0927666,-1.07523,-5.04522,-0.262721,nan,-4.33555,-6.21076,1,0.97936,0.17056,-1.21293,10.7119,0.48968,nan,11.393,8.49557,1,-1.23307,-0.430576,-0.616811,-9.79243,-1.01654,-0.975943,nan,nan,0,-0.302751,-0.0666332,-1.00347,7.05739,-0.201375,-0.0124668,nan,nan,0,0.0728987,0.296158,-0.886857,2.46642,0.346449,0.346353,nan,nan,0,0.740551,0.658759,3.66097,9.64591,0.860275,0.96294,nan,nan,0,-0.00633502,-0.238444,-1.05061,-1.67614,-0.213168,nan,2.46058,-0.767767,1,0.0245732,-0.0271827,-1.3431,0.760597,0.0122866,nan,3.19873,1.61451,1,0,0.233892,0.028784,0.006568,-0.971814,-0.590091,-0.562736,1.37095,0.426753,7.53503,12.308
1786071338875690132,0.627613,0.778526,0.331291,0.262219,0,-0.00279566,0.0563214,-2.66338,-0.864267,-0.321056,0.941841,-0.0511297,0.43978,-1.53129,-9.79243,0.374435,0.294786,nan,nan,0,-1.19859,0.00699902,0.0214815,-33.138,-0.549296,-0.721913,nan,nan,0,0.69524,-0.273916,0.751834,-4.51771,0.03762,-0.0902211,nan,nan,0,-0.287941,0.390883,-1.05257,3.49207,0.346029,0.376755,nan,nan,0,0.137997,-0.107223,-1.48739,-6.00393,-0.141002,nan,1.04884,-4.5046,1,0.853996,0.157706,-1.84807,9.01871,0.426998,nan,10.8509,9.64917,1,-1.12993,-0.436712,-0.727284,-11.16,-0.964966,-1.04673,nan,nan,0,-0.440716,-0.0771799,-1.23669,10.525,-0.270358,-0.0458032,nan,nan,0,-0.237213,0.288681,-0.868444,6.42247,0.191394,0.384732,nan,nan,0,0.828952,0.692315,3.77145,1.8315,0.904476,0.876159,nan,nan,0,-0.0451652,-0.248913,-1.12428,-1.24537,-0.232583,nan,2.25797,0.928325,1,0.00847138,-0.0393723,-1.12738,0.877077,0.00423569,nan,2.99932,2.15235,1,0,0.236776,0.027025,0.008026,-0.971154,-0.864267,-0.321056,0.941841,6.00777,1.26845,12.4217
1786071338885739816,0.695115,0.718898,0.331291,0.262219,0,-0.0122343,0.0529484,-2.65729,-0.819702,-0.0363623,0.355538,-0.219313,0.425782,-1.31648,-2.95483,0.290343,0.427472,nan,nan,0,-0.962874,0.00776577,0.0214815,-24.7375,-0.431437,-0.725264,nan,nan,0,0.164129,-0.257808,1.86884,-1.29426,-0.227935,-0.00322562,nan,nan,0,-0.374384,0.381296,-0.892995,3.73627,0.302808,0.364665,nan,nan,0,0.130337,-0.121806,-1.27905,-5.55793,-0.144831,nan,1.11267,-2.05926,1,0.841994,0.138912,-2.00234,9.28667,0.420997,nan,11.4661,10.9174,1,-0.924645,-0.445916,-0.991194,-10.0366,-0.862322,-1.03203,nan,nan,0,-0.108615,-0.0904102,-1.31648,5.0061,-0.104308,-0.152773,nan,nan,0,-0.262068,0.281011,-0.573849,4.27351,0.178966,0.324692,nan,nan,0,0.760073,0.729131,3.61187,-8.66911,0.870037,0.861497,nan,nan,0,-0.0314527,-0.257305,-1.10206,0.461153,-0.225726,nan,2.75836,2.11869,1,-0.0249782,-0.0436546,-0.646774,1.44149,-0.0124891,nan,1.90512,2.66548,1,0,0.239861,0.024232,0.012284,-0.970426,-0.819702,-0.0363623,0.355538,5.42843,-3.44163,7.70908
1786071338895748790,0.756831,0.653611,0.331291,0.262219,0,-0.0207053,0.0522864,-2.65746,-0.751918,0.151724,-0.349403,-0.56858,0.414469,-1.07098,-0.463982,0.11571,0.405818,nan,nan,0,-0.931185,0.00546503,-0.346765,-18.9255,-0.415593,-0.600828,nan,nan,0,-0.374538,-0.239017,1.8443,0.415138,-0.497269,-0.0489255,nan,nan,0,-0.384519,0.374393,-0.727284,1.88034,0.297741,0.338448,nan,nan,0,0.232593,-0.132228,-0.980045,-3.6631,-0.0937033,nan,2.81844,0.118866,1,0.904744,0.125184,-0.977753,8.98443,0.452372,nan,11.2823,11.3947,1,-0.744197,-0.457421,-1.22441,-8.57143,-0.772098,-0.961741,nan,nan,0,-0.0823824,-0.102874,-1.19987,0.854698,-0.0911912,-0.182792,nan,nan,0,-0.326072,0.279668,0.0398932,1.00122,0.146964,0.240159,nan,nan,0,0.71631,0.763263,3.29886,-8.42491,0.848155,0.867887,nan,nan,0,-0.0612901,-0.267681,-0.923281,1.31031,-0.240645,nan,2.33117,2.69439,1,-0.0137056,-0.0479857,-0.0854538,1.95753,-0.0068528,nan,1.36217,2.45745,1,0,0.239879,0.022896,0.016313,-0.970395,-0.751918,0.151724,-0.349403,3.80769,5.97236,6.26842
1786071338905773722,0.812558,0.58288,0.331291,0.262219,0,-0.0276953,0.0526312,-2.66255,-0.570719,0.0207735,-0.642519,-0.467099,0.404306,-0.862308,-0.65934,0.16645,0.286838,nan,nan,0,-0.991669,-0.00162983,-0.757972,-14.4811,-0.445834,-0.481837,nan,nan,0,-0.620569,-0.221184,1.53129,-0.0244217,-0.620285,-0.236341,nan,nan,0,-0.499832,0.367682,-0.469513,-1.73382,0.240084,0.31269,nan,nan,0,0.0485489,-0.138394,-0.423312,-2.13423,-0.185726,nan,-1.02165,1.62374,1,0.87638,0.124758,0.469813,9.51359,0.43819,nan,8.69825,11.1253,1,-0.736556,-0.472569,-1.42695,-5.78754,-0.768278,-0.866187,nan,nan,0,0.0333312,-0.115338,-1.10167,-0.757019,-0.0333344,-0.146953,nan,nan,0,-0.321416,0.280627,0.0337563,-1.0989,0.149292,0.178968,nan,nan,0,0.716749,0.796628,2.91221,-9.15751,0.848374,0.863384,nan,nan,0,-0.147104,-0.273894,-0.643902,1.46361,-0.283552,nan,0.627821,2.72531,1,-0.0490432,-0.0417414,0.530887,1.62527,-0.0245216,nan,-0.279737,1.76228,1,0,0.237487,0.022275,0.019689,-0.970935,-0.570719,0.0207735,-0.642519,3.8887,2.38198,4.60125
1786071338915565156,0.860443,0.509548,0.331291,0.265243,0,-0.0323803,0.0520958,-2.66999,-0.300193,0.0716936,-0.786999,-0.630983,0.397212,-0.751834,-2.90598,0.0845084,0.189722,nan,nan,0,-1.43389,-0.00987482,-0.954369,-13.895,-0.666946,-0.430529,nan,nan,0,-0.625729,-0.21083,0.966643,-3.83395,-0.622865,-0.450798,nan,nan,0,-0.447383,0.364614,-0.279252,-6.71551,0.266308,0.280341,nan,nan,0,-0.0631725,-0.13824,0.2073,-1.02322,-0.241586,nan,-3.92808,1.16806,1,0.966053,0.136282,1.4738,9.69195,0.483027,nan,8.19166,9.86039,1,-0.762219,-0.4858,-1.46378,-7.35043,-0.78111,-0.79527,nan,nan,0,-0.0585572,-0.124734,-0.997331,-1.00122,-0.0792786,-0.0919844,nan,nan,0,-0.240252,0.279477,-0.174916,-2.71062,0.189874,0.149128,nan,nan,0,0.79628,0.818295,2.6483,-8.96215,0.88814,0.854934,nan,nan,0,-0.136352,-0.280011,-0.396927,2.08122,-0.278176,nan,0.659603,1.95502,1,-0.0799858,-0.0362868,0.948201,1.14997,-0.0399929,nan,-1.53348,0.665381,1,0,0.233921,0.02154,0.02182,-0.971771,-0.300193,0.0716936,-0.786999,3.26346,4.53864,5.35138
1786071338925572619,0.902806,0.430048,0.331291,0.265243,0,-0.0348856,0.0520116,-2.67747,-0.121811,-0.0813905,-0.698889,-0.365187,0.390308,-0.653635,-6.91087,0.217406,0.128242,nan,nan,0,-1.53689,-0.0192709,-0.923681,-16.6789,-0.718443,-0.497664,nan,nan,0,-0.551155,-0.207953,0.0644436,-9.10867,-0.585577,-0.587415,nan,nan,0,-0.526963,0.363272,-0.107405,-11.8437,0.226518,0.261035,nan,nan,0,-0.257803,-0.129715,0.742281,0.291964,-0.338902,nan,-8.43496,-1.23909,1,1.02483,0.152635,1.59238,11.1042,0.512416,nan,8.40483,8.40755,1,-0.844704,-0.500181,-1.41468,-8.42491,-0.822352,-0.768955,nan,nan,0,-0.204941,-0.131828,-0.561574,-5.9829,-0.15247,-0.0647734,nan,nan,0,-0.158607,0.277367,-0.113543,-5.20146,0.230696,0.155246,nan,nan,0,0.895015,0.844949,2.28005,-10.5739,0.937507,0.862694,nan,nan,0,-0.139781,-0.279926,-0.166491,0.845989,-0.27989,nan,0.25097,1.0588,1,-0.111146,-0.0223908,1.19702,0.633708,-0.0555731,nan,-2.791,-0.681219,1,0,0.230314,0.021292,0.022948,-0.972612,-0.121811,-0.0813905,-0.698889,-0.303434,2.21157,5.2585
1786071338935613106,0.937631,0.347633,0.331291,0.265243,0,-0.0355657,0.0512498,-2.68411,-0.121995,-0.0292053,-0.651081,-0.372623,0.384748,-0.512475,-9.15751,0.213688,0.134924,nan,nan,0,-1.32725,-0.0267491,-0.622948,-25.5678,-0.613623,-0.614081,nan,nan,0,-0.489549,-0.210446,-0.309939,-12.0879,-0.554774,-0.625963,nan,nan,0,-0.507408,0.363655,0.0767183,-12.381,0.236296,0.246014,nan,nan,0,-0.305668,-0.123515,0.531559,2.03869,-0.362834,nan,-9.17349,-4.78105,1,1.06992,0.157182,0.0402081,11.2028,0.534961,nan,11.2731,8.08264,1,-0.83891,-0.512645,-1.17532,-10.6715,-0.819455,-0.781963,nan,nan,0,-0.184133,-0.133746,-0.0521679,-4.7619,-0.142066,-0.0891024,nan,nan,0,-0.0435738,0.279668,0.291528,-4.85959,0.288213,0.187246,nan,nan,0,0.950909,0.865658,2.01001,-11.453,0.965454,0.893273,nan,nan,0,-0.139605,-0.281789,-0.0110795,0.699791,-0.279803,nan,0.0861603,0.462866,1,-0.128996,-0.0138874,1.07794,-0.262061,-0.064498,nan,-3.13522,-1.93694,1,0,0.227085,0.02092,0.023122,-0.973375,-0.121995,-0.0292053,-0.651081,-3.67603,-0.402316,6.13903
1786071338945736603,0.965273,0.261243,0.331291,0.265243,0,-0.0380319,0.0517808,-2.68892,-0.343662,-0.0658772,-0.268772,-0.334616,0.380337,-0.346765,-7.98535,0.232692,0.176101,nan,nan,0,-1.08403,-0.0305843,-0.242428,-29.3773,-0.492016,-0.659544,nan,nan,0,-0.162171,-0.214857,-0.432689,-12.0391,-0.391085,-0.605006,nan,nan,0,-0.448846,0.364422,0.0398932,-10.4274,0.265577,0.235984,nan,nan,0,-0.311946,-0.127822,-0.597545,-2.15762,-0.365973,nan,-7.43896,-7.50865,1,1.0534,0.147141,-1.46416,9.15357,0.526699,nan,13.583,9.63249,1,-0.940586,-0.523767,-0.954369,-6.91087,-0.870293,-0.804243,nan,nan,0,-0.17403,-0.132596,0.14423,-0.561661,-0.137015,-0.122908,nan,nan,0,0.0269662,0.279284,-0.26084,-1.14774,0.323483,0.235282,nan,nan,0,0.84948,0.885791,1.75223,-9.59707,0.91474,0.931527,nan,nan,0,-0.108131,-0.279621,0.0766041,-0.0618051,-0.264066,nan,0.429527,0.132005,1,-0.149981,-0.00195069,0.659069,-1.20181,-0.0749904,nan,-3.1798,-2.75734,1,0,0.224774,0.020957,0.024332,-0.973881,-0.343662,-0.0658772,-0.268772,-5.655,-2.89722,12.6957
1786071338955896462,0.985046,0.172291,0.331291,0.265243,0,-0.0426563,0.0533648,-2.68976,-0.357318,-0.0518551,0.14824,-0.102168,0.377461,-0.254703,-6.76434,0.348916,0.211133,nan,nan,0,-0.99805,-0.0311594,-0.00306892,-27.033,-0.449025,-0.608271,nan,nan,0,0.11735,-0.220034,-0.537024,-10.3785,-0.251325,-0.521519,nan,nan,0,-0.450584,0.36423,-0.0521679,-11.3065,0.264708,0.243223,nan,nan,0,-0.328035,-0.140374,-1.31793,-6.15325,-0.374018,nan,-6.20065,-8.05104,1,0.994287,0.131213,-1.32252,9.0359,0.497144,nan,12.9617,11.9453,1,-0.985447,-0.53297,-0.899132,-6.91087,-0.892724,-0.83377,nan,nan,0,-0.205438,-0.131253,0.11968,0.0244217,-0.152719,-0.138987,nan,nan,0,-0.0226019,0.273916,-0.598398,0.708183,0.298699,0.284522,nan,nan,0,0.722565,0.900365,1.54356,-5.88522,0.851282,0.940936,nan,nan,0,-0.0855808,-0.279533,0.129877,0.377929,-0.25279,nan,0.741185,0.11763,1,-0.13942,-0.000958902,0.0716836,-2.17024,-0.06971,nan,-2.17006,-3.03535,1,0,0.224422,0.02122,0.026752,-0.973893,-0.357318,-0.0518551,0.14824,-6.17122,1.54787,11.5243
1786071338965726398,0.996373,0.0850929,0.306291,0.250243,0,-0.0463169,0.0530698,-2.6872,-0.413652,-0.103261,0.315259,-0.000584707,0.375352,-0.181053,-4.51771,0.399708,0.268239,nan,nan,0,-0.835795,-0.030776,0.0644436,-23.1746,-0.367897,-0.524225,nan,nan,0,0.418009,-0.224827,-0.402001,-7.93651,-0.100996,-0.390984,nan,nan,0,-0.411338,0.363655,-0.0214806,-13.2112,0.284331,0.255782,nan,nan,0,-0.235355,-0.152795,-1.34835,-8.81933,-0.327677,nan,-4.09837,-7.22725,1,0.944692,0.122829,-0.364829,10.6164,0.472346,nan,11.0328,13.0469,1,-0.987324,-0.541791,-0.886857,-5.05495,-0.893662,-0.866287,nan,nan,0,-0.277264,-0.130486,0.0767183,0.757019,-0.188632,-0.147121,nan,nan,0,-0.144967,0.26893,-0.420414,1.78266,0.237517,0.307533,nan,nan,0,0.625116,0.915704,1.32875,-5.20146,0.802558,0.909533,nan,nan,0,-0.0552662,-0.279575,0.0942048,-0.322251,-0.237633,nan,1.32666,0.375487,1,-0.127575,-0.0059193,-0.548858,-2.11971,-0.0637876,nan,-0.912762,-2.64317,1,0,0.225706,0.020629,0.028528,-0.973558,-0.413652,-0.103261,0.315259,-0.914195,-1.69044,7.28073
1786071338975693465,0.999991,-0.00425298,0.306291,0.250243,0,-0.0482845,0.0524538,-2.68557,-0.36181,-0.141484,0.324577,0.1517,0.37401,-0.138092,-3.49207,0.47585,0.338669,nan,nan,0,-0.921347,-0.0302005,0.0705805,-19.2186,-0.410674,-0.440347,nan,nan,0,0.361649,-0.225595,0.0828552,-6.03175,-0.129176,-0.241419,nan,nan,0,-0.45183,0.364422,0.113543,-14.0415,0.264085,0.269584,nan,nan,0,-0.241885,-0.163085,-0.995315,-9.39613,-0.330942,nan,-4.38205,-5.76612,1,0.921907,0.128002,0.401328,11.9125,0.460953,nan,9.38656,12.3396,1,-0.889783,-0.550036,-0.929819,-6.81319,-0.844892,-0.887444,nan,nan,0,-0.331692,-0.130103,0.0276184,0.0244217,-0.215846,-0.163613,nan,nan,0,-0.217818,0.267396,-0.0705805,1.44078,0.201091,0.28878,nan,nan,0,0.584991,0.926635,1.15077,-7.88766,0.782495,0.857233,nan,nan,0,-0.0459916,-0.277677,0.119878,0.137492,-0.232996,nan,1.38404,0.808068,1,-0.094904,-0.0120413,-0.999947,-1.98087,-0.047452,nan,0.437599,-1.6504,1,0,0.226514,0.020083,0.029433,-0.973355,-0.36181,-0.141484,0.324577,-0.044433,-2.04624,8.88838
1786071338985677651,0.995586,-0.0938497,0.306291,0.250243,0,-0.0512632,0.050264,-2.68246,-0.222798,-0.142413,0.266757,0.234359,0.372859,-0.101268,-1.53846,0.51718,0.410816,nan,nan,0,-1.04542,-0.0290504,0.09513,-16.7766,-0.472709,-0.398231,nan,nan,0,0.373348,-0.219842,0.776384,-3.39439,-0.123326,-0.144852,nan,nan,0,-0.475914,0.366148,0.21174,-11.746,0.252043,0.273607,nan,nan,0,-0.277684,-0.169061,-0.324209,-7.42048,-0.348842,nan,-5.80601,-4.77299,1,0.910735,0.13977,1.24118,10.6456,0.455367,nan,7.60615,10.6542,1,-0.756907,-0.560966,-1.01574,-6.71551,-0.778454,-0.879639,nan,nan,0,-0.387993,-0.130103,-0.0214806,-0.415138,-0.243996,-0.188899,nan,nan,0,-0.272374,0.267972,0.09513,0.463982,0.173813,0.246994,nan,nan,0,0.533446,0.936989,0.831621,-10.5739,0.756723,0.810925,nan,nan,0,-0.00666872,-0.277845,0.158689,0.628969,-0.213334,nan,2.01984,1.17938,1,-0.0820445,-0.0293063,-1.43253,-1.29822,-0.0410222,nan,1.79732,-0.340557,1,0,0.228034,0.018632,0.030665,-0.972991,-0.222798,-0.142413,0.266757,2.71148,0.451235,9.94377
1786071338995726791,0.983023,-0.183484,0.306291,0.250243,0,-0.053505,0.0495332,-2.67977,-0.0645543,0.0929799,0.125326,-0.0371179,0.3719,-0.0828552,0.805862,0.381441,0.473612,nan,nan,0,-1.27757,-0.0280914,0.107406,-15.1648,-0.588787,-0.414578,nan,nan,0,0.258228,-0.207953,1.32875,-3.05251,-0.180886,-0.111839,nan,nan,0,-0.439821,0.369024,0.273115,-12.3321,0.27009,0.266009,nan,nan,0,-0.191654,-0.168763,0.119867,-6.10565,-0.305827,nan,-4.97702,-4.97646,1,0.920635,0.15627,1.7261,10.0436,0.460318,nan,6.53228,8.72009,1,-0.605554,-0.571321,-1.07712,-4.42002,-0.702777,-0.838791,nan,nan,0,-0.350532,-0.130678,-0.0583057,-1.3431,-0.225266,-0.217472,nan,nan,0,-0.272301,0.268163,-0.0521679,-0.317459,0.173849,0.205287,nan,nan,0,0.48632,0.942166,0.475651,-9.93895,0.73316,0.777178,nan,nan,0,0.0299675,-0.27389,0.21826,0.73713,-0.195016,nan,2.43318,1.54581,1,-0.104406,-0.0427337,-1.57803,-0.425736,-0.052203,nan,2.08297,1.01694,1,0,0.229359,0.017978,0.031697,-0.972659,-0.0645543,0.0929799,0.125326,1.00638,-0.276829,8.24921
1786071339005651542,0.962715,-0.270518,0.306291,0.250243,0,-0.053789,0.0499014,-2.67923,-0.0558757,0.0607491,0.0946318,-0.0467149,0.371133,-0.0828552,3.05251,0.376643,0.466224,nan,nan,0,-1.32539,-0.0273247,0.0828552,-14.9695,-0.612694,-0.48508,nan,nan,0,0.175999,-0.196257,1.27351,-1.44078,-0.222,-0.128299,nan,nan,0,-0.452498,0.371133,0.279252,-12.2344,0.263751,0.263123,nan,nan,0,-0.192568,-0.16634,0.137008,-4.70981,-0.306284,nan,-5.10356,-5.29262,1,0.938017,0.172828,1.62493,9.15977,0.469008,nan,6.44803,7.1736,1,-0.563945,-0.581484,-1.12008,-3.24786,-0.681973,-0.774391,nan,nan,0,-0.364926,-0.131445,-0.09513,-1.48962,-0.232463,-0.231442,nan,nan,0,-0.34401,0.267204,-0.125817,-1.29426,0.137995,0.179527,nan,nan,0,0.426093,0.944275,0.0889931,-11.9414,0.703047,0.751129,nan,nan,0,0.0294225,-0.273942,0.279954,0.966443,-0.195289,nan,2.33293,1.97566,1,-0.0878237,-0.0582121,-1.47396,0.282346,-0.0439118,nan,2.63994,1.95569,1,0,0.229627,0.018116,0.031882,-0.972587,-0.0558757,0.0607491,0.0946318,0.462207,0.831141,6.95364
1786071339015809302,0.934151,-0.356879,0.281291,0.235243,0,-0.0538914,0.0503982,-2.67873,0.0233934,0.0191784,0.0190607,0.0304049,0.370174,-0.107405,3.88278,0.415202,0.421102,nan,nan,0,-1.36436,-0.0267491,0.0337563,-18.0464,-0.632179,-0.561258,nan,nan,0,0.164138,-0.18571,0.942094,-1.3431,-0.227931,-0.171657,nan,nan,0,-0.490354,0.374393,0.291528,-12.8694,0.244823,0.263753,nan,nan,0,-0.176435,-0.166021,-0.165471,-3.5935,-0.298218,nan,-4.37866,-5.25495,1,0.902228,0.182525,0.916322,8.73238,0.451114,nan,6.68318,6.47783,1,-0.528961,-0.592797,-1.13849,-1.68498,-0.66448,-0.716554,nan,nan,0,-0.263056,-0.132787,-0.138092,-3.00366,-0.181528,-0.234017,nan,nan,0,-0.363264,0.264711,-0.322214,-1.44078,0.128368,0.158765,nan,nan,0,0.415531,0.943125,-0.230153,-12.5763,0.697765,0.726107,nan,nan,0,0.00438717,-0.269823,0.4533,1.74182,-0.207806,nan,1.49062,2.21434,1,-0.125367,-0.0694442,-1.0641,1.13286,-0.0626834,nan,1.79897,2.43596,1,0,0.229873,0.018338,0.031993,-0.972521,0.0233934,0.0191784,0.0190607,-1.11927,0.266468,6.83809
1786071339025911621,0.897995,-0.440007,0.281291,0.235243,0,-0.0520147,0.0517364,-2.6794,0.184094,0.128281,-0.11778,-0.0311731,0.368449,-0.168779,2.90598,0.384413,0.400648,nan,nan,0,-1.4979,-0.0265574,0.00306892,-21.8071,-0.698952,-0.611687,nan,nan,0,-0.0981696,-0.178424,0.537024,-1.53846,-0.359085,-0.209297,nan,nan,0,-0.514919,0.377653,0.297665,-13.1624,0.232541,0.257718,nan,nan,0,-0.19214,-0.170019,-0.562897,-5.32492,-0.30607,nan,-3.91745,-4.79377,1,0.890981,0.183387,-0.0770097,6.68924,0.445491,nan,7.97863,6.64307,1,-0.400387,-0.604877,-1.08325,-1.00122,-0.600193,-0.679564,nan,nan,0,-0.238346,-0.134513,-0.174916,-2.8083,-0.169173,-0.217274,nan,nan,0,-0.384214,0.259343,-0.561574,-1.0989,0.117893,0.140301,nan,nan,0,0.289478,0.937948,-0.586123,-11.7949,0.634739,0.706768,nan,nan,0,-0.00677724,-0.263589,0.619421,1.74534,-0.213389,nan,0.827896,1.96326,1,-0.0980349,-0.0764605,-0.499127,1.60688,-0.0490175,nan,1.57198,2.29642,1,0,0.229546,0.019215,0.031227,-0.972606,0.184094,0.128281,-0.11778,-2.28974,1.7675,8.38159
1786071339035855612,0.855115,-0.518439,0.281291,0.235243,0,-0.0498528,0.0535817,-2.68099,0.188528,0.129563,-0.181499,-0.227405,0.366531,-0.199466,2.02686,0.286298,0.392607,nan,nan,0,-1.54675,-0.0265574,0.00920582,-24.7375,-0.723375,-0.655862,nan,nan,0,-0.11611,-0.174973,0.303802,-2.46642,-0.368055,-0.270355,nan,nan,0,-0.44734,0.380529,0.303802,-14.2369,0.26633,0.245965,nan,nan,0,-0.139748,-0.178464,-0.72402,-4.71939,-0.279874,nan,-2.46331,-4.17096,1,0.893816,0.179844,-0.934666,7.71414,0.446908,nan,9.4139,7.42593,1,-0.375845,-0.615232,-1.01574,-0.610504,-0.587923,-0.642167,nan,nan,0,-0.209716,-0.136622,-0.193328,-2.12454,-0.154858,-0.191499,nan,nan,0,-0.287417,0.252631,-0.708872,-1.29426,0.166291,0.126621,nan,nan,0,0.166356,0.929127,-0.899132,-9.98779,0.573178,0.676965,nan,nan,0,-0.00946673,-0.257358,0.709431,1.51419,-0.214733,nan,0.427722,1.36476,1,-0.103748,-0.0783147,0.0051926,1.41913,-0.0518742,nan,0.785427,1.81075,1,0,0.228766,0.020385,0.03037,-0.972793,0.188528,0.129563,-0.181499,-2.02831,-1.2547,7.75126
1786071339045895844,0.804887,-0.593428,0.281291,0.235243,0,-0.0485404,0.0549931,-2.68308,0.0902478,0.120673,-0.240308,-0.346211,0.364422,-0.21174,1.78266,0.226894,0.35454,nan,nan,0,-1.40006,-0.0261741,0.0583057,-26.4957,-0.650029,-0.695661,nan,nan,0,-0.0745283,-0.173055,0.162642,-4.42002,-0.347264,-0.331888,nan,nan,0,-0.421804,0.383214,0.297665,-15.6044,0.279098,0.247503,nan,nan,0,-0.0722966,-0.184959,-0.735633,-4.05556,-0.246148,nan,-1.03817,-3.32796,1,0.861406,0.164046,-1.57325,7.92728,0.430703,nan,10.3596,8.66786,1,-0.341723,-0.624627,-0.923681,-0.0732574,-0.570861,-0.608312,nan,nan,0,-0.154649,-0.138539,-0.199466,-1.92918,-0.127325,-0.169482,nan,nan,0,-0.300968,0.245537,-0.696597,-1.05006,0.159516,0.134715,nan,nan,0,0.103269,0.919348,-1.1569,-10.8181,0.541634,0.628761,nan,nan,0,-0.0502133,-0.251139,0.772397,0.93245,-0.235107,nan,-0.597475,0.745437,1,-0.122754,-0.0773949,0.464793,1.15957,-0.0613769,nan,-0.216649,1.16453,1,0,0.227751,0.021253,0.02987,-0.973029,0.0902478,0.120673,-0.240308,-1.60867,-1.30452,8.35545
1786071339055799109,0.749018,-0.66255,0.281291,0.235243,0,-0.0483173,0.0558471,-2.68623,0.0364702,0.087823,-0.372711,-0.340861,0.362313,-0.199466,0.903542,0.229569,0.292264,nan,nan,0,-1.24868,-0.0255985,0.0828552,-28.5959,-0.574341,-0.694987,nan,nan,0,-0.111133,-0.172096,0.0644436,-5.9829,-0.365566,-0.357996,nan,nan,0,-0.433179,0.386473,0.33449,-16.5812,0.27341,0.261312,nan,nan,0,-0.00156174,-0.191477,-0.703186,-3.39692,-0.210781,nan,0.379136,-2.17936,1,0.809704,0.148374,-1.29706,7.65776,0.404852,nan,9.63993,9.87862,1,-0.260363,-0.633064,-0.782521,0.610504,-0.530182,-0.58436,nan,nan,0,-0.0852867,-0.140458,-0.181053,-1.44078,-0.0926434,-0.147864,nan,nan,0,-0.308923,0.23825,-0.702735,-0.952377,0.155539,0.150059,nan,nan,0,0.0129153,0.905734,-1.48219,-11.1111,0.496458,0.579221,nan,nan,0,-0.0922945,-0.242831,0.782929,0.62189,-0.256147,nan,-1.64047,0.014515,1,-0.14043,-0.0687261,0.812649,0.687152,-0.0702149,nan,-1.26364,0.298079,1,0,0.226223,0.021741,0.029824,-0.973375,0.0364702,0.087823,-0.372711,-0.054793,-1.52053,9.22698
1786071339065726405,0.687046,-0.726614,0.256291,0.220243,0,-0.0475774,0.0561358,-2.69062,0.187057,0.0749052,-0.502428,-0.282912,0.360395,-0.187191,-1.00122,0.258544,0.245775,nan,nan,0,-1.23336,-0.0238729,0.21174,-27.4725,-0.566679,-0.647983,nan,nan,0,-0.234254,-0.171329,0.162642,-7.59463,-0.427127,-0.365152,nan,nan,0,-0.449119,0.390308,0.414276,-17.8022,0.265441,0.271584,nan,nan,0,0.0404841,-0.197818,-0.460969,-2.4963,-0.189758,nan,0.973563,-0.849017,1,0.727564,0.143798,-0.042065,8.05508,0.363782,nan,6.66262,10.0462,1,-0.142435,-0.639776,-0.629086,0.757019,-0.471217,-0.558492,nan,nan,0,-0.0826108,-0.1418,-0.131955,-0.0732574,-0.0913054,-0.121175,nan,nan,0,-0.302288,0.232306,-0.549299,-0.65934,0.158856,0.157175,nan,nan,0,-0.130291,0.888476,-1.82588,-10.5739,0.424855,0.533741,nan,nan,0,-0.126181,-0.236579,0.747539,0.0777938,-0.27309,nan,-2.39922,-0.872177,1,-0.131828,-0.061303,0.913295,0.0237082,-0.0659139,nan,-1.50827,-0.660556,1,0,0.224078,0.02203,0.029448,-0.973877,0.187057,0.0749052,-0.502428,0.244237,-1.50003,11.192
1786071339075803591,0.618576,-0.785725,0.256291,0.220243,0,-0.0463868,0.0562009,-2.69588,0.157894,0.114499,-0.495134,-0.462688,0.358478,-0.199466,-1.63614,0.168656,0.235678,nan,nan,0,-1.08649,-0.0206132,0.352901,-26.2515,-0.493243,-0.597525,nan,nan,0,-0.179664,-0.168644,0.340627,-8.32722,-0.399832,-0.387067,nan,nan,0,-0.339869,0.395678,0.518612,-18.5836,0.320066,0.27252,nan,nan,0,0.177881,-0.201764,-0.346379,-1.15957,-0.121059,nan,3.34422,0.265016,1,0.642802,0.153012,1.10859,8.71641,0.321401,nan,3.3888,8.54121,1,-0.104569,-0.645145,-0.494062,1.39194,-0.452285,-0.51899,nan,nan,0,-0.0839055,-0.142758,-0.0644426,-0.561661,-0.0919528,-0.10016,nan,nan,0,-0.229881,0.226937,-0.555436,-0.268623,0.19506,0.159263,nan,nan,0,-0.367445,0.865466,-2.20027,-11.4042,0.306278,0.480691,nan,nan,0,-0.138855,-0.228243,0.655867,0.0782321,-0.279427,nan,-2.77526,-1.76433,1,-0.109251,-0.0489377,0.90879,-0.451436,-0.0546255,nan,-1.53382,-1.37369,1,0,0.221503,0.022271,0.028817,-0.974479,0.157894,0.114499,-0.495134,0.967024,-2.36156,11.795
1786071339085787868,0.54578,-0.837928,0.256291,0.220243,0,-0.0457498,0.0570099,-2.70016,0.091558,0.207756,-0.335708,-0.538174,0.356176,-0.230153,-2.3199,0.130913,0.215171,nan,nan,0,-0.968972,-0.0165868,0.426551,-26.5446,-0.434486,-0.545984,nan,nan,0,0.0412568,-0.165193,0.279252,-8.27839,-0.289372,-0.403037,nan,nan,0,-0.300838,0.400471,0.537024,-17.0696,0.339581,0.287073,nan,nan,0,0.272411,-0.203431,-0.38154,0.492826,-0.0737945,nan,5.10957,1.65716,1,0.532354,0.163505,1.03024,9.04934,0.266177,nan,1.53481,5.87109,1,-0.0200335,-0.649171,-0.359039,1.68498,-0.410017,-0.479533,nan,nan,0,-0.167789,-0.142758,0.0276184,0.170937,-0.133895,-0.0909826,nan,nan,0,-0.250739,0.220034,-0.733422,0.561661,0.18463,0.171327,nan,nan,0,-0.416958,0.841305,-2.52555,-12.4786,0.281521,0.401573,nan,nan,0,-0.142826,-0.224033,0.468831,-1.16986,-0.281413,nan,-2.71154,-2.43364,1,-0.128073,-0.0417873,0.791281,-0.974701,-0.0640364,nan,-1.85439,-1.69613,1,0,0.219416,0.022797,0.028547,-0.974947,0.091558,0.207756,-0.335708,0.108476,-4.04566,10.8488
1786071339095728611,0.468962,-0.883218,0.256291,0.220243,0,-0.0452337,0.059428,-2.70292,0.0964128,0.283206,-0.194949,-0.622022,0.353684,-0.242428,-3.24786,0.0889889,0.174839,nan,nan,0,-0.87061,-0.0119843,0.463376,-23.7607,-0.385305,-0.48817,nan,nan,0,0.217911,-0.164426,-0.0153437,-7.74115,-0.201045,-0.369193,nan,nan,0,-0.243543,0.405457,0.5002,-12.2833,0.368229,0.313319,nan,nan,0,0.512059,-0.209574,-0.364106,2.05687,0.0460293,nan,9.49227,3.44364,1,0.419591,0.171874,0.110195,6.40933,0.209795,nan,0.97234,3.45547,1,0.0552893,-0.651473,-0.168779,2.36874,-0.372355,-0.442637,nan,nan,0,-0.233836,-0.142183,0.0644436,1.39194,-0.166918,-0.102952,nan,nan,0,-0.241862,0.213131,-0.64136,0.952377,0.189069,0.182595,nan,nan,0,-0.427367,0.813501,-2.89993,-12.7228,0.276317,0.327206,nan,nan,0,-0.138253,-0.219851,0.239909,-1.52257,-0.279126,nan,-2.4345,-2.72142,1,-0.158151,-0.0340608,0.440954,-1.33247,-0.0790755,nan,-2.01187,-1.80124,1,0,0.218086,0.024072,0.028526,-0.975215,0.0964128,0.283206,-0.194949,-2.21516,-1.42942,10.6134
1786071339105586896,0.389075,-0.921206,0.256291,0.220243,0,-0.0445794,0.0608694,-2.70374,0.156005,0.222239,-0.111282,-0.546627,0.351383,-0.26084,-4.85959,0.126686,0.129784,nan,nan,0,-0.815459,-0.00795746,0.469513,-18.486,-0.35773,-0.43153,nan,nan,0,0.250568,-0.164618,-0.0276184,-6.61783,-0.184716,-0.292773,nan,nan,0,-0.213899,0.409867,0.420414,-9.59707,0.383051,0.342027,nan,nan,0,0.690927,-0.211696,-0.362845,3.19359,0.135463,nan,12.6949,6.15476,1,0.192043,0.166484,-0.585452,4.33407,0.0960215,nan,-1.23569,2.02478,1,0.128831,-0.651856,0.0153437,2.36874,-0.335585,-0.405213,nan,nan,0,-0.198945,-0.141608,0.0828552,1.29426,-0.149473,-0.131845,nan,nan,0,-0.113428,0.208337,-0.506338,1.05006,0.253286,0.187936,nan,nan,0,-0.577161,0.785697,-3.20067,-14.7253,0.20142,0.284685,nan,nan,0,-0.189472,-0.219826,0.0498949,-1.71809,-0.304736,nan,-3.04669,-2.64394,1,-0.16253,-0.0338636,0.0850362,-1.26114,-0.0812649,nan,-1.54959,-1.81584,1,0,0.21769,0.024858,0.028353,-0.975289,0.156005,0.222239,-0.111282,-2.14309,-0.541446,9.76723
1786071339115700438,0.303953,-0.952687,0.231291,0.205243,0,-0.0419978,0.0638627,-2.70359,0.151393,0.215536,0.162032,-0.580475,0.348506,-0.242428,-5.9829,0.109762,0.110907,nan,nan,0,-0.68836,-0.00278044,0.469513,-18.779,-0.29418,-0.385804,nan,nan,0,0.46193,-0.164234,0.0583057,-4.32234,-0.0790349,-0.223332,nan,nan,0,-0.106031,0.413702,0.309939,-7.98535,0.436984,0.366898,nan,nan,0,0.902626,-0.213981,-0.32432,5.3923,0.241313,nan,16.4218,9.53425,1,-0.0202937,0.153226,-1.09863,2.42494,-0.0101469,nan,-3.25324,0.730656,1,0.210421,-0.65013,0.230153,2.46642,-0.294789,-0.367824,nan,nan,0,-0.231543,-0.140649,0.0828552,0.268623,-0.165772,-0.150552,nan,nan,0,0.0471872,0.203351,-0.383589,1.00122,0.333594,0.210879,nan,nan,0,-0.664215,0.747731,-3.57505,-14.7253,0.157892,0.245731,nan,nan,0,-0.165883,-0.219854,-0.174648,-2.06935,-0.292942,nan,-2.29609,-2.64191,1,-0.152731,-0.0338636,-0.283487,-1.37994,-0.0763657,nan,-0.849831,-1.63117,1,0,0.217753,0.026597,0.02742,-0.975256,0.151393,0.215536,0.162032,-0.259662,-1.05613,7.88749
1786071339125563265,0.218513,-0.975834,0.231291,0.205243,0,-0.0411674,0.0651605,-2.70274,0.174904,0.278773,0.182278,-0.605578,0.346397,-0.242428,-6.86203,0.0972111,0.108565,nan,nan,0,-0.428272,0.00143814,0.5002,-16.8254,-0.164136,-0.339834,nan,nan,0,0.430283,-0.162508,0.273115,-3.19902,-0.0948583,-0.153016,nan,nan,0,0.0312547,0.416194,0.266977,-5.93407,0.505627,0.398635,nan,nan,0,1.16773,-0.216372,-0.0717523,8.09886,0.373864,nan,20.7659,13.1472,1,-0.20599,0.143493,-1.24041,0.777493,-0.102995,nan,-5.53403,-1.05044,1,0.339712,-0.646871,0.408138,3.05251,-0.230144,-0.329383,nan,nan,0,-0.0770247,-0.140074,0.0705805,0.268623,-0.0885123,-0.159696,nan,nan,0,0.175495,0.20105,-0.187191,1.00122,0.397747,0.263678,nan,nan,0,-0.654908,0.713983,-3.82055,-14.1392,0.162546,0.200223,nan,nan,0,-0.124313,-0.221968,-0.353369,-1.79477,-0.272157,nan,-1.22656,-2.52203,1,-0.186023,-0.0374298,-0.576725,-1.30792,-0.0930116,nan,-0.802367,-1.19788,1,0,0.21816,0.027309,0.027167,-0.975152,0.174904,0.278773,0.182278,-1.06512,-0.844729,7.12585
1786071339135713737,0.128825,-0.991667,0.231291,0.205243,0,-0.0363728,0.0681994,-2.70123,0.433942,0.0750925,0.00441947,-0.114458,0.344096,-0.205604,-6.61783,0.342771,0.105074,nan,nan,0,-0.0970517,0.00776577,0.598398,-15.2625,0.00147414,-0.263406,nan,nan,0,0.049496,-0.155989,0.788659,-3.2967,-0.285252,-0.104973,nan,nan,0,0.325121,0.419454,0.316077,-4.22466,0.65256,0.447969,nan,nan,0,1.10071,-0.212607,0.636356,10.2949,0.340355,nan,18.3991,16.9342,1,-0.27709,0.127786,-1.5056,-0.647997,-0.138545,nan,-5.73155,-3.19776,1,0.508057,-0.640926,0.616811,5.10378,-0.145971,-0.281718,nan,nan,0,0.536504,-0.13969,0.0153437,0.21978,0.218252,-0.139067,nan,nan,0,0.464162,0.201817,0.181053,1.44078,0.542081,0.332254,nan,nan,0,-0.668321,0.669689,-4.13355,-11.2576,0.15584,0.169749,nan,nan,0,-0.0828512,-0.228236,-0.530879,-2.02606,-0.251426,nan,-0.0153189,-1.93548,1,-0.40364,-0.0481492,-0.861421,-0.973621,-0.20182,nan,-3.31799,-0.75912,1,0,0.218849,0.029295,0.025181,-0.974993,0.433942,0.0750925,0.00441947,0.268662,1.52521,8.09551
1786071339145682718,0.0397746,-0.999209,0.231291,0.205243,0,-0.0340691,0.0684471,-2.70149,0.507716,0.109651,-0.097828,0.610929,0.342179,-0.217878,-5.15263,0.705464,0.181092,nan,nan,0,0.0594085,0.01371,0.696597,-12.674,0.0797042,-0.141729,nan,nan,0,-0.253407,-0.146402,1.14463,-2.8083,-0.436704,-0.150592,nan,nan,0,0.764483,0.42233,0.389727,-2.27106,0.872241,0.536763,nan,nan,0,0.458664,-0.202659,1.30875,16.154,0.0193322,nan,5.80655,18.6895,1,-0.192965,0.109704,-2.06315,-2.90504,-0.0964827,nan,-3.09087,-4.70883,1,0.565077,-0.634407,0.76411,5.68987,-0.117461,-0.217202,nan,nan,0,1.48588,-0.13969,0.00306892,0.21978,0.692939,-0.00816415,nan,nan,0,0.613756,0.205461,0.506338,2.3199,0.616878,0.428416,nan,nan,0,-0.579517,0.635365,-4.32381,-8.76679,0.200241,0.156697,nan,nan,0,-0.02469,-0.234506,-0.672124,-1.63437,-0.222345,nan,1.43383,-0.948146,1,-0.686903,-0.0585035,-1.05501,-0.687944,-0.343451,nan,-6.96592,-1.35478,1,0,0.218689,0.029671,0.024081,-0.975046,0.507716,0.109651,-0.097828,1.66637,1.11636,8.69062
1786071339155539004,-0.0490338,-0.998797,0.231291,0.205243,0,-0.0289141,0.0694704,-2.70319,0.564081,0.183205,-0.218477,0.902524,0.339686,-0.230153,-3.63858,0.851262,0.397764,nan,nan,0,0.118702,0.0215721,0.843896,-12.0879,0.109351,-0.0158968,nan,nan,0,-0.519341,-0.137005,0.782521,-3.34554,-0.569671,-0.277761,nan,nan,0,1.00546,0.426741,0.5002,1.68498,0.992731,0.687301,nan,nan,0,0.0381644,-0.192577,0.964929,21.7113,-0.190918,nan,-1.38931,14.6575,1,-0.181305,0.092674,-1.52038,-6.41814,-0.0906523,nan,-3.21922,-4.51794,1,0.802667,-0.625778,0.90527,5.9829,0.00133342,-0.156782,nan,nan,0,2.03886,-0.139307,0.0644436,2.61295,0.969428,0.290571,nan,nan,0,0.701495,0.213514,0.972781,3.63858,0.660747,0.532372,nan,nan,0,-0.347014,0.590688,-4.52021,-3.2967,0.316493,0.167816,nan,nan,0,0.139822,-0.242831,-0.742369,-1.0107,-0.140089,nan,4.70952,0.335725,1,-0.877518,-0.0724807,-1.19534,-1.11363,-0.438759,nan,-9.19534,-3.51417,1,0,0.217786,0.030752,0.021653,-0.975271,0.564081,0.183205,-0.218477,1.17911,0.014755,8.52694
1786071339165559707,-0.138421,-0.990374,0.206291,0.190243,0,-0.0231415,0.0712673,-2.70572,0.691646,0.155793,-0.263405,1.00147,0.33796,-0.14423,-1.19658,0.900736,0.649953,nan,nan,0,0.0773588,0.0319266,1.15077,-10.7204,0.0886794,0.0715225,nan,nan,0,-0.587881,-0.133171,0.217878,-5.83639,-0.603941,-0.430521,nan,nan,0,1.14971,0.434794,0.874582,11.9902,1.06486,0.854611,nan,nan,0,-0.153069,-0.188468,0.0820729,17.7467,-0.286534,nan,-3.55543,7.04748,1,-0.169283,0.0852988,-0.225257,-6.30909,-0.0846416,nan,-4.76032,-3.95691,1,0.841271,-0.615424,1.10167,6.81319,0.0206354,-0.0839653,nan,nan,0,2.13396,-0.137389,0.303802,11.6972,1.01698,0.651987,nan,nan,0,0.659284,0.228087,1.70313,3.39439,0.639642,0.613617,nan,nan,0,-0.236072,0.544667,-4.64296,-3.63858,0.371964,0.224486,nan,nan,0,0.246601,-0.249037,-0.794209,0.227002,-0.0866993,nan,6.87312,2.34501,1,-0.881656,-0.0844743,-1.5531,-2.95818,-0.440828,nan,-8.36095,-6.31117,1,0,0.216464,0.032281,0.018992,-0.975571,0.691646,0.155793,-0.263405,-1.85707,0.508329,10.666
1786071339175562339,-0.226638,-0.973979,0.206291,0.190243,0,-0.014628,0.0728415,-2.70878,0.958911,0.133688,-0.34447,0.939888,0.337769,0.0521679,3.98046,0.869944,0.826738,nan,nan,0,0.0261677,0.045157,1.39626,-6.56898,0.0630839,0.104688,nan,nan,0,-0.452689,-0.135855,-0.481788,-7.93651,-0.536345,-0.547387,nan,nan,0,1.20644,0.44745,1.4515,21.6606,1.09322,0.987052,nan,nan,0,-0.233,-0.192607,-0.497165,8.33267,-0.3265,nan,-3.94051,0.590042,1,-0.150475,0.0885693,0.226705,-3.94353,-0.0752375,nan,-5.25426,-4.30051,1,0.654332,-0.602959,1.31034,7.49695,-0.072834,-0.0180716,nan,nan,0,1.82527,-0.131253,0.776384,20.4884,0.862635,0.911772,nan,nan,0,0.297694,0.250139,2.37825,3.5409,0.458847,0.649369,nan,nan,0,-0.14677,0.494045,-4.57545,7.25275,0.416615,0.301852,nan,nan,0,0.495141,-0.255146,-0.650793,-0.374063,0.0375705,nan,11.2213,4.75912,1,-0.693196,-0.103818,-2.28549,-5.29636,-0.346598,nan,-3.85517,-7.88249,1,0,0.214834,0.033993,0.014957,-0.975944,0.958911,0.133688,-0.34447,-1.36507,1.18552,12.7131
1786071339185512081,-0.312937,-0.949774,0.206291,0.190243,0,-0.00513262,0.0750733,-2.71186,0.91867,0.23241,-0.215563,0.878515,0.34007,0.297665,7.20391,0.839257,0.896206,nan,nan,0,0.0696751,0.0597305,1.44536,-1.92918,0.0848376,0.0965806,nan,nan,0,-0.228534,-0.145251,-1.3042,-6.81319,-0.424267,-0.581493,nan,nan,0,1.1681,0.464132,2.03456,23.4188,1.07405,1.06688,nan,nan,0,-0.206811,-0.198793,-0.913459,2.50901,-0.313406,nan,-2.64124,-2.93145,1,-0.164827,0.086633,-0.0736658,-3.46649,-0.0824137,nan,-4.9609,-4.84114,1,0.520517,-0.58877,1.43309,7.59463,-0.139741,-0.0134959,nan,nan,0,1.6362,-0.119365,1.37785,27.7167,0.7681,0.976496,nan,nan,0,0.192976,0.275066,2.34756,5.39683,0.406488,0.594318,nan,nan,0,-0.106707,0.454737,-3.43389,-9.15751,0.436647,0.369869,nan,nan,0,0.703502,-0.244389,1.66423,-3.78721,0.141751,nan,11.0186,7.453,1,-0.652947,-0.12709,-2.70595,-7.75577,-0.326473,nan,-1.92259,-6.62219,1,0,0.213158,0.036118,0.010507,-0.976293,0.91867,0.23241,-0.215563,-1.10152,0.874257,10.6944
1786071339195530980,-0.396908,-0.917858,0.206291,0.190243,0,0.00184482,0.0758994,-2.71251,0.275387,-0.206432,0.108928,0.774271,0.346014,0.721148,8.13187,0.787135,0.890044,nan,nan,0,0.378484,0.0716186,1.04029,3.83395,0.239242,0.0855102,nan,nan,0,-0.0276076,-0.16711,-2.53169,-2.90598,-0.323804,-0.530804,nan,nan,0,1.26386,0.489635,2.76491,22.6374,1.12193,1.09319,nan,nan,0,-0.184686,-0.211303,-1.54816,-0.507123,-0.302343,nan,-0.864168,-3.61934,1,-0.231604,0.0809607,-0.767584,-3.95827,-0.115802,nan,-4.75151,-4.91935,1,-0.107656,-0.572471,1.70927,7.88766,-0.453828,-0.0641765,nan,nan,0,2.19706,-0.103641,1.51287,43.3455,1.04853,0.905936,nan,nan,0,0.548704,0.289447,0.929819,9.20635,0.584352,0.497422,nan,nan,0,-0.281882,0.430192,-2.48872,-1.92918,0.349059,0.415815,nan,nan,0,0.322803,-0.212812,3.95998,-0.79118,-0.0485987,nan,-0.192513,9.01739,1,-0.903452,-0.160714,-2.68591,-7.31547,-0.451726,nan,-4.7015,-4.00886,1,0,0.212714,0.037267,0.007177,-0.976377,0.275387,-0.206432,0.108928,3.20539,-3.72304,10.4324
1786071339205756579,-0.478985,-0.877823,0.206291,0.190243,0,-0.00996766,0.0752478,-2.70203,-0.464361,0.545033,0.522096,0.572295,0.355026,0.954369,10.232,0.686147,0.846279,nan,nan,0,0.436053,0.0813985,0.972781,-0.65934,0.268027,0.132793,nan,nan,0,0.0137748,-0.201434,-3.47685,1.68498,-0.303113,-0.433137,nan,nan,0,1.21856,0.523383,3.17612,25.3724,1.09928,1.10567,nan,nan,0,-0.184078,-0.232254,-1.98862,-2.56143,-0.302039,nan,0.540448,-2.45048,1,-0.231155,0.0681766,-1.71017,-3.67668,-0.115578,nan,-2.94738,-4.63237,1,0.964896,-0.554255,1.89339,5.15263,0.0824478,-0.214767,nan,nan,0,3.50684,-0.0906019,1.16304,43.5409,1.70342,0.913498,nan,nan,0,1.37097,0.287147,-0.672048,11.8437,0.995486,0.487782,nan,nan,0,-0.0632491,0.409675,-1.5988,-1.0989,0.458375,0.409036,nan,nan,0,0.577218,-0.158765,5.79463,2.99149,0.0786092,nan,-0.383844,5.77762,1,-1.14824,-0.176107,-1.77666,-4.76008,-0.574119,nan,-9.27536,-3.24392,1,0,0.21804,0.035624,0.013061,-0.975201,-0.464361,0.545033,0.522096,-2.05283,16.2179,13.1883
1786071339215605650,-0.554366,-0.832273,0.181291,0.175243,0,-0.0096905,0.0775995,-2.70007,0.253228,0.104403,0.297527,0.850127,0.366531,1.13849,8.37607,0.825064,0.773893,nan,nan,0,0.103907,0.0932865,1.23669,-5.9829,0.101954,0.205829,nan,nan,0,-0.18342,-0.232498,-2.52555,0.561661,-0.40171,-0.34889,nan,nan,0,1.2697,0.558474,3.67938,19.1209,1.12485,1.10942,nan,nan,0,-0.230955,-0.24901,-2.16979,-2.67071,-0.325478,nan,0.578328,-0.789239,1,-0.22785,0.0450676,-2.6074,-3.50101,-0.113925,nan,-0.858689,-3.86078,1,0.873818,-0.532779,2.00387,2.85714,0.0369092,-0.195035,nan,nan,0,2.71225,-0.079289,1.10167,32.3565,1.30612,1.19417,nan,nan,0,0.992269,0.274491,-1.10781,11.746,0.806134,0.666447,nan,nan,0,-0.0256682,0.39817,-0.997331,-0.122101,0.477166,0.413394,nan,nan,0,0.842685,-0.0931173,-0.547969,6.96678,0.211342,nan,11.478,1.34944,1,-1.03646,-0.186067,10.9788,-6.56936,-0.51823,nan,-26.4331,-5.65554,1,0,0.21899,0.036788,0.013218,-0.974943,0.253228,0.104403,0.297527,-1.33775,10.0082,9.04329
1786071339225731710,-0.627795,-0.778379,0.181291,0.175243,0,0.00179141,0.0747978,-2.6974,0.877289,0.206639,-0.0455657,1.04074,0.379378,1.29193,6.32478,0.920372,0.758384,nan,nan,0,-0.127512,0.108051,1.53742,-5.59219,-0.0137561,0.2,nan,nan,0,-0.0911449,-0.239976,-0.291528,-3.49207,-0.355572,-0.337762,nan,nan,0,1.1008,0.598358,4.12128,9.54823,1.0404,1.11345,nan,nan,0,-0.287511,-0.267738,-2.3084,-0.892649,-0.353755,nan,0.451994,0.331537,1,-0.189062,0.0216689,-3.42694,-2.64379,-0.0945309,nan,1.65441,-2.37803,1,0.426918,-0.512645,1.94249,5.10378,-0.186541,-0.0685953,nan,nan,0,1.34581,-0.0656743,1.4515,42.1734,0.622904,1.383,nan,nan,0,0.111636,0.269889,-0.0583057,13.602,0.365818,0.80972,nan,nan,0,-0.057911,0.389733,-0.800934,4.61539,0.461045,0.442736,nan,nan,0,1.04637,-0.0266033,6.46856,5.40055,0.313186,nan,2.1898,2.99218,1,-0.715542,-0.191008,0.038398,-9.66302,-0.357771,nan,-5.06048,-14.1439,1,0,0.220087,0.036669,0.007363,-0.974762,0.877289,0.206639,-0.0455657,2.66392,-1.66153,0.843194
1786071339235690450,-0.694805,-0.719198,0.181291,0.175243,0,0.00553742,0.0763392,-2.69798,0.628179,0.281521,-0.18989,0.978333,0.390691,1.2551,9.45055,0.889166,0.818465,nan,nan,0,-0.153361,0.120899,1.34103,2.75946,-0.0266806,0.112501,nan,nan,0,0.00542191,-0.241893,-0.291528,-1.39194,-0.307289,-0.351495,nan,nan,0,0.986665,0.641693,4.40974,6.47131,0.983333,1.09245,nan,nan,0,-0.209127,-0.292137,-2.31738,0.752374,-0.314564,nan,2.69113,0.866987,1,-0.199985,-0.0307203,-4.38257,-1.57373,-0.0999925,nan,4.49568,0.0300251,1,0.485815,-0.496346,1.72768,17.4115,-0.157092,-0.0583794,nan,nan,0,1.35878,-0.0528274,1.34716,61.0256,0.62939,1.16871,nan,nan,0,0.123768,0.277175,1.03416,14.6276,0.371884,0.699561,nan,nan,0,-0.0419695,0.383213,-0.586123,5.29915,0.469015,0.461647,nan,nan,0,0.884196,0.0150044,4.24564,17.5136,0.232098,nan,1.22982,4.00759,1,-0.733011,-0.180349,2.37152,-20.4771,-0.366506,nan,-9.14197,-15.0853,1,0,0.219727,0.037834,0.005696,-0.97481,0.628179,0.281521,-0.18989,-3.67699,-2.05805,1.47323
1786071339245469158,-0.75546,-0.655195,0.181291,0.175243,0,0.00376255,0.0734199,-2.70869,-0.618842,-0.506293,-1.08695,0.644111,0.402389,1.14463,11.5507,0.722056,0.87285,nan,nan,0,0.040904,0.130294,0.733422,9.35287,0.070452,0.0248985,nan,nan,0,-0.336646,-0.251673,-1.42081,3.58974,-0.478323,-0.341538,nan,nan,0,1.14868,0.682728,4.58159,7.98535,1.06434,1.04326,nan,nan,0,-0.248903,-0.315455,-2.23128,0.490504,-0.334451,nan,2.68206,1.72877,1,-0.169389,-0.0803303,-4.59154,-0.41711,-0.0846945,nan,6.75638,2.89477,1,-0.253711,-0.482348,1.27351,15.6044,-0.526856,-0.110437,nan,nan,0,4.34042,-0.0430479,0.800934,58.9255,2.12021,0.852706,nan,nan,0,0.585235,0.285037,0.610673,10.9646,0.602618,0.510511,nan,nan,0,-0.187279,0.379187,-0.365176,12.1856,0.39636,0.468377,nan,nan,0,0.290944,0.0367994,1.51584,14.9572,-0.0645281,nan,-5.82022,3.64415,1,-1.13885,-0.14466,3.96051,-16.2694,-0.569427,nan,-18.6838,-12.6956,1,0,0.21455,0.036249,0.006046,-0.976021,-0.618842,-0.506293,-1.08695,-8.46485,-5.19344,17.3284
1786071339255517510,-0.811243,-0.58471,0.181291,0.175243,0,-0.000787773,0.071053,-2.71734,-0.0323744,-0.296282,-0.642176,0.821232,0.41351,1.10781,8.96215,0.810616,0.839972,nan,nan,0,-0.143512,0.134705,0.414276,-0.512817,-0.0217561,0.00950601,nan,nan,0,-0.330954,-0.270656,-2.07752,4.27351,-0.475477,-0.377855,nan,nan,0,1.1787,0.729323,4.66137,-3.05251,1.07935,1.0281,nan,nan,0,-0.24008,-0.328472,-2.18891,0.458526,-0.33004,nan,3.22849,2.56662,1,-0.170945,-0.104198,-4.25252,0.618916,-0.0854723,nan,6.94055,5.35921,1,0.372666,-0.471227,1.05871,10.9646,-0.213667,-0.265729,nan,nan,0,3.83227,-0.0401716,0.09513,44.7619,1.86613,1.15007,nan,nan,0,0.66922,0.290981,0.586123,4.90842,0.64461,0.471242,nan,nan,0,-0.0580151,0.374776,-0.469513,11.9414,0.460992,0.446839,nan,nan,0,0.481736,0.0369694,-0.475159,10.2864,0.0308679,nan,0.499186,0.842736,1,-1.19306,-0.106124,3.67063,-11.6166,-0.596532,nan,-20.2182,-14.1021,1,0,0.210421,0.03464,0.007863,-0.976965,-0.0323744,-0.296282,-0.642176,-6.03504,3.28496,18.9577
1786071339265486082,-0.860401,-0.509617,0.156291,0.160243,0,0.00388224,0.0683063,-2.72324,0.71386,-0.5089,-0.519895,1.03514,0.425207,1.19373,6.81319,0.91757,0.802827,nan,nan,0,-0.202373,0.13854,0.420414,-9.54823,-0.0511865,0.00577178,nan,nan,0,-0.0961803,-0.285229,-0.899132,-0.21978,-0.35809,-0.43509,nan,nan,0,1.1958,0.779178,4.47111,-8.37607,1.0879,1.0472,nan,nan,0,-0.256433,-0.342884,-2.02925,1.76543,-0.338217,nan,3.20724,3.12085,1,-0.199534,-0.142866,-3.62689,3.24177,-0.0997669,nan,6.73329,6.80753,1,-0.263236,-0.462215,0.850033,4.51771,-0.531618,-0.33126,nan,nan,0,1.74144,-0.0403633,0.00920582,48.8156,0.820718,1.61623,nan,nan,0,0.142282,0.296542,0.610673,3.63858,0.381141,0.539585,nan,nan,0,-0.147374,0.370749,-0.383589,8.03419,0.416313,0.437606,nan,nan,0,0.777356,0.0271714,-1.48473,2.79623,0.178678,nan,7.52982,-0.447249,1,-1.0142,-0.0731676,2.29056,-10.7254,-0.507098,nan,-16.4538,-17.2555,1,0,0.207469,0.033805,0.005193,-0.977643,0.71386,-0.5089,-0.519895,1.63542,6.40413,11.1293
1786071339275659506,-0.903174,-0.429275,0.156291,0.160243,0,0.0114853,0.0629894,-2.72431,0.91383,-0.252484,0.342955,1.01136,0.437862,1.32261,3.93163,0.905682,0.832406,nan,nan,0,-0.115729,0.144292,0.727284,-14.5788,-0.00786432,-0.0182015,nan,nan,0,0.0601873,-0.285612,0.199466,-7.59463,-0.279906,-0.430578,nan,nan,0,0.944979,0.821555,4.17038,-2.90598,0.962489,1.07021,nan,nan,0,-0.208443,-0.353525,-1.91593,1.68442,-0.314221,nan,4.24952,3.40323,1,-0.204338,-0.160703,-2.96957,3.88584,-0.102169,nan,6.21038,7.07163,1,0.117044,-0.454161,0.788659,2.75946,-0.341478,-0.392179,nan,nan,0,0.614982,-0.036912,0.561574,50.6716,0.257491,1.51157,nan,nan,0,0.208085,0.305554,1.02802,3.88278,0.414042,0.522409,nan,nan,0,-0.177314,0.367682,-0.322214,6.76434,0.401343,0.432329,nan,nan,0,0.806922,0.00538375,-1.97794,2.1635,0.193461,nan,9.54961,2.43637,1,-0.872242,-0.068056,-0.219363,-12.5083,-0.436121,nan,-10.7129,-17.7618,1,0,0.206846,0.031995,0.000907,-0.977849,0.91383,-0.252484,0.342955,5.56705,-5.61645,5.75975
1786071339285695412,-0.938012,-0.346602,0.156291,0.160243,0,0.0190042,0.0585939,-2.71962,0.696301,-0.204147,0.563651,0.816513,0.452243,1.51287,3.24786,0.808257,0.87755,nan,nan,0,-0.111799,0.152921,0.776384,-6.81319,-0.00589936,-0.0262179,nan,nan,0,0.0965333,-0.279093,0.561574,-5.88522,-0.261733,-0.368215,nan,nan,0,0.774846,0.861247,3.89419,-4.12698,0.877423,1.04354,nan,nan,0,-0.139919,-0.378739,-1.4641,2.69561,-0.27996,nan,5.65342,3.782,1,-0.222005,-0.192195,-0.749363,5.21229,-0.111002,nan,3.55984,6.44261,1,0.175079,-0.446875,0.678185,1.5873,-0.312461,-0.413901,nan,nan,0,0.797475,-0.0255985,1.38399,40.2198,0.348738,0.96201,nan,nan,0,0.484852,0.315717,0.960506,3.58974,0.552426,0.459522,nan,nan,0,-0.193634,0.364997,-0.193329,5.88522,0.393183,0.418249,nan,nan,0,0.550653,-0.0165958,-2.40865,3.92146,0.0653264,nan,6.48026,6.6535,1,-0.890688,-0.0902962,-2.96207,-13.698,-0.445344,nan,-6.20832,-14.4125,1,0,0.20905,0.030631,-0.003153,-0.977419,0.696301,-0.204147,0.563651,4.89755,-1.935,3.01684
1786071339295791436,-0.965388,-0.260818,0.156291,0.160243,0,0.0254071,0.0558684,-2.71389,0.659303,-0.25179,0.529066,0.624119,0.469693,1.60494,5.78754,0.712059,0.870499,nan,nan,0,-0.0567655,0.160016,0.549299,-3.49207,0.0216173,-0.0184057,nan,nan,0,0.132804,-0.280052,-0.297665,-0.805862,-0.243598,-0.303487,nan,nan,0,0.716209,0.898447,3.61801,-7.69231,0.848105,0.969288,nan,nan,0,-0.164196,-0.394036,-1.15989,2.53494,-0.292098,nan,5.30768,4.59587,1,-0.22811,-0.185723,0.850517,4.54006,-0.114055,nan,0.874255,4.7225,1,-0.0191677,-0.440739,0.487926,5.10378,-0.409584,-0.374222,nan,nan,0,1.22358,-0.00680685,1.75837,29.1819,0.561788,0.510654,nan,nan,0,0.478566,0.32262,0.371314,4.90842,0.549283,0.466786,nan,nan,0,-0.156131,0.363847,-0.0521679,3.00366,0.411935,0.403865,nan,nan,0,0.552346,-0.0487974,-3.12244,8.83244,0.066173,nan,8.70762,8.52507,1,-0.897212,-0.137699,-4.32051,-14.46,-0.448606,nan,-2.84645,-9.20382,1,0,0.211776,0.029987,-0.006482,-0.976836,0.659303,-0.25179,0.529066,0.585501,-1.16081,4.5822
1786071339305766597,-0.984913,-0.173053,0.156291,0.160243,0,0.0315122,0.0527587,-2.71058,0.328769,-0.485788,0.154638,0.484061,0.4858,1.58039,8.91331,0.642031,0.806593,nan,nan,0,0.0503764,0.162508,0.101268,0.610504,0.0751882,-0.00125198,nan,nan,0,0.0342373,-0.284462,-0.537024,1.05006,-0.292881,-0.261334,nan,nan,0,0.796749,0.932003,3.23749,-13.7973,0.888375,0.896421,nan,nan,0,-0.164482,-0.403316,-0.906208,2.89837,-0.292241,nan,5.24693,5.2143,1,-0.220673,-0.171684,1.89379,3.2335,-0.110337,nan,-1.00028,2.42651,1,-0.555468,-0.438054,0.14423,8.03419,-0.677734,-0.366304,nan,nan,0,1.69447,0.00776577,1.21828,31.5263,0.797236,0.390737,nan,nan,0,0.442614,0.318402,-0.751834,9.59707,0.531307,0.509765,nan,nan,0,-0.203224,0.365381,0.279252,-2.90598,0.388388,0.401137,nan,nan,0,0.483031,-0.0770633,-2.61306,2.83305,0.0315154,nan,7.71985,9.00596,1,-0.96631,-0.166538,-1.94408,-13.9696,-0.483155,nan,-6.58239,-5.11524,1,0,0.213335,0.029131,-0.009746,-0.976495,0.328769,-0.485788,0.154638,-1.97792,0.416011,10.0078
1786071339315782411,-0.996475,-0.0838848,0.131291,0.145243,0,0.0311755,0.0469875,-2.70894,-0.21753,-0.531232,0.387494,0.433269,0.500565,1.4024,8.71795,0.616635,0.721526,nan,nan,0,-0.091639,0.160975,-0.224015,-0.415138,0.00418049,0.0314788,nan,nan,0,-0.115283,-0.292515,-1.04643,6.03175,-0.367642,-0.25853,nan,nan,0,0.664836,0.96115,2.78332,-22.6862,0.822418,0.867784,nan,nan,0,-0.178305,-0.409364,-0.586389,3.29799,-0.299153,nan,4.73697,5.386,1,-0.17726,-0.152161,2.45205,1.67745,-0.0886298,nan,-1.77212,0.174952,1,-0.476299,-0.438054,-0.0214806,3.5409,-0.63815,-0.472904,nan,nan,0,2.14341,0.0133266,0.420414,26.9353,1.0217,0.523122,nan,nan,0,0.97723,0.308239,-1.19373,11.746,0.798615,0.534507,nan,nan,0,-0.288068,0.369983,0.579986,-7.93651,0.345966,0.398043,nan,nan,0,0.224247,-0.0892816,-0.927878,3.08313,-0.0978764,nan,1.091,8.49142,1,-1.02874,-0.156053,1.27287,-7.7512,-0.514372,nan,-12.6589,-5.02761,1,0,0.214198,0.026286,-0.010178,-0.976383,-0.21753,-0.531232,0.387494,-0.584445,-0.581637,17.1611
1786071339325696103,-0.999988,0.00496378,0.131291,0.145243,0,0.0307285,0.0446174,-2.70644,0.0295842,-0.343513,0.603543,0.531957,0.508235,1.3042,5.78754,0.665979,0.65343,nan,nan,0,-0.274756,0.159057,-0.273115,-3.5409,-0.087378,0.0377033,nan,nan,0,-0.0955722,-0.298076,-0.837758,3.58974,-0.357786,-0.299108,nan,nan,0,0.548764,0.976298,2.43963,-17.558,0.764382,0.849381,nan,nan,0,-0.185731,-0.412487,-0.338472,3.50927,-0.302866,nan,4.34444,5.14698,1,-0.15754,-0.136286,2.63416,0.608468,-0.0787699,nan,-2.22576,-1.43348,1,-0.0867186,-0.438246,-0.0214806,0.610504,-0.443359,-0.586628,nan,nan,0,1.71866,0.0142851,0.0767183,23.4676,0.80933,0.763203,nan,nan,0,1.09604,0.301528,-0.831621,9.98779,0.858019,0.626069,nan,nan,0,-0.252755,0.374393,0.739559,-5.83639,0.363622,0.378761,nan,nan,0,0.280573,-0.0934795,-0.197708,5.15008,-0.0697134,nan,1.12838,5.48308,1,-1.001,-0.148001,2.10222,-5.79341,-0.500501,nan,-13.7283,-8.52795,1,0,0.21545,0.025094,-0.010183,-0.976139,0.0295842,-0.343513,0.603543,0.663385,2.27468,17.3751
1786071339336383826,-0.995579,0.093925,0.131291,0.145243,0,0.0348325,0.0433393,-2.70097,0.554226,-0.0306114,0.485005,0.601873,0.522616,1.18145,1.88034,0.700936,0.634829,nan,nan,0,-0.288866,0.155797,-0.248566,-5.20146,-0.0944329,-0.00713885,nan,nan,0,-0.0560559,-0.299035,0.328352,-1.0989,-0.338028,-0.339563,nan,nan,0,0.405427,1.00142,1.67245,-18.5348,0.692714,0.81254,nan,nan,0,-0.183382,-0.416067,0.110982,3.40228,-0.301691,nan,3.83669,4.61618,1,-0.173757,-0.106593,2.40502,-1.07585,-0.0868785,nan,-3.01611,-2.34645,1,0.163255,-0.438246,0.00306892,-3.34554,-0.318372,-0.576067,nan,nan,0,1.07693,0.0156274,0.23629,21.9536,0.488467,0.879393,nan,nan,0,0.749147,0.302295,0.629086,6.66666,0.684574,0.752456,nan,nan,0,-0.156801,0.384172,0.721148,-4.66422,0.4116,0.363736,nan,nan,0,0.468878,-0.0895139,0.422774,5.043,0.0244392,nan,3.3542,2.25298,1,-0.89601,-0.123698,2.04111,-6.73289,-0.448005,nan,-12.7909,-12.1303,1,0,0.218081,0.024946,-0.012256,-0.975534,0.554226,-0.0306114,0.485005,-1.48927,5.4957,6.14277
1786071339345985526,-0.983317,0.181899,0.131291,0.145243,0,0.045678,0.0424916,-2.69789,0.647848,-0.352485,-0.0694032,0.454395,0.534888,1.07712,1.00122,0.627198,0.656881,nan,nan,0,-0.15663,0.153305,-0.23629,-4.51771,-0.0283149,-0.0598043,nan,nan,0,-0.00059332,-0.292515,0.5002,-2.95483,-0.310297,-0.351912,nan,nan,0,0.456048,1.01426,1.1569,-21.7582,0.718024,0.756538,nan,nan,0,-0.162741,-0.409848,0.696603,3.33777,-0.291371,nan,3.1018,3.94953,1,-0.181389,-0.0871685,1.65561,-1.50051,-0.0906946,nan,-2.5892,-2.77675,1,-0.535522,-0.438437,-0.0398932,-2.8083,-0.667761,-0.468131,nan,nan,0,0.908583,0.0219555,0.745697,22.9792,0.404291,0.768485,nan,nan,0,0.31217,0.321278,2.13275,5.68987,0.466085,0.778382,nan,nan,0,-0.260508,0.391076,0.598398,-5.9829,0.359746,0.375513,nan,nan,0,0.287527,-0.0834307,0.432157,3.72989,-0.0662364,nan,-0.0464363,1.40165,1,-0.813722,-0.108984,0.65269,-10.2531,-0.406861,nan,-9.91536,-13.3974,1,0,0.219457,0.025742,-0.017599,-0.975123,0.647848,-0.352485,-0.0694032,-5.02962,-0.837653,2.3084
1786071339355753657,-0.962454,0.271445,0.131291,0.145243,0,0.0502302,0.038874,-2.69918,0.206034,-0.460955,-0.126698,0.316501,0.54601,0.960506,1.97802,0.558251,0.659841,nan,nan,0,-0.312269,0.149853,-0.359039,-4.42002,-0.106135,-0.0683841,nan,nan,0,-0.128491,-0.291173,-0.0276184,-1.44078,-0.374245,-0.339189,nan,nan,0,0.257311,1.02232,0.530887,-18.8278,0.618656,0.719405,nan,nan,0,-0.134843,-0.40055,1.08452,3.3256,-0.277422,nan,2.68272,3.29385,1,-0.113347,-0.0743553,0.938423,-1.79544,-0.0566733,nan,-0.877176,-2.76492,1,-0.743632,-0.439396,-0.101268,-0.0244217,-0.771816,-0.481864,nan,nan,0,1.28917,0.0330768,1.07712,23.5653,0.594585,0.576316,nan,nan,0,0.364124,0.348506,2.5501,4.71307,0.492062,0.667351,nan,nan,0,-0.262844,0.396828,0.555436,-5.49451,0.358578,0.379318,nan,nan,0,0.0178694,-0.0854825,-0.278026,4.17775,-0.201065,nan,-3.62836,1.09973,1,-0.7819,-0.112627,-0.268963,-12.4969,-0.39095,nan,-7.94623,-12.0915,1,0,0.218818,0.024465,-0.020233,-0.975249,0.206034,-0.460955,-0.126698,-1.58753,0.651054,5.00191
1786071339365695939,-0.934355,0.356344,0.106291,0.130243,0,0.0507942,0.0356695,-2.70153,-0.0760653,-0.362009,-0.302603,0.221258,0.55483,0.843896,3.05251,0.510629,0.621902,nan,nan,0,-0.411815,0.145251,-0.567711,-3.68742,-0.155907,-0.076131,nan,nan,0,-0.2526,-0.293282,-0.291528,-0.317459,-0.4363,-0.342783,nan,nan,0,-0.00043777,1.02309,-0.150367,-20.3419,0.489781,0.677051,nan,nan,0,-0.154263,-0.390767,1.3129,2.66329,-0.287131,nan,1.65791,2.76946,1,-0.0415185,-0.0653619,0.385016,-1.88418,-0.0207592,nan,0.760556,-2.04497,1,-0.481189,-0.44093,-0.162642,0.366302,-0.640595,-0.610526,nan,nan,0,1.54318,0.0426645,0.850033,25.5678,0.721589,0.50684,nan,nan,0,0.416133,0.36749,1.85043,4.85959,0.518067,0.549486,nan,nan,0,-0.103479,0.402005,0.506338,-5.29915,0.438261,0.370388,nan,nan,0,0.0350981,-0.0916024,-0.943293,3.84558,-0.192451,nan,-2.11476,-0.499955,1,-0.731635,-0.114748,-0.238844,-12.7038,-0.365817,nan,-7.17382,-9.82757,1,0,0.217715,0.02294,-0.020887,-0.975519,-0.0760653,-0.362009,-0.302603,-4.00444,-1.05747,7.72025
1786071339375641323,-0.898768,0.438424,0.106291,0.130243,0,0.0503705,0.0325415,-2.70432,-0.0679504,-0.55266,-0.194375,0.116472,0.562117,0.684322,2.61295,0.458236,0.565629,nan,nan,0,-0.301137,0.137581,-0.702735,-4.66422,-0.100568,-0.108894,nan,nan,0,-0.333543,-0.298843,-0.653635,0.805862,-0.476771,-0.379475,nan,nan,0,-0.195646,1.01848,-0.635223,-20.4396,0.392177,0.595753,nan,nan,0,-0.174272,-0.376796,1.51126,1.95489,-0.297136,nan,0.521203,2.12362,1,0.00782066,-0.0659109,-0.117058,-1.35598,0.00391033,nan,2.27022,-0.631603,1,-0.586718,-0.443039,-0.224015,-2.61295,-0.693359,-0.678885,nan,nan,0,0.959025,0.0478415,0.352901,27.1795,0.429512,0.573889,nan,nan,0,0.278535,0.37631,0.518612,5.59219,0.449268,0.500752,nan,nan,0,-0.0411333,0.406991,0.5002,-8.42491,0.469433,0.388386,nan,nan,0,0.0292955,-0.103916,-1.45513,-0.168418,-0.195352,nan,-1.01755,-1.71554,1,-0.63514,-0.10917,0.802256,-11.7898,-0.31757,nan,-7.45539,-8.21414,1,0,0.216401,0.021339,-0.021052,-0.975844,-0.0679504,-0.55266,-0.194375,-4.17063,4.10475,9.49334
1786071339385542370,-0.85628,0.516513,0.106291,0.130243,0,0.0503175,0.0278824,-2.7063,0.0227789,-0.423386,-0.13812,-0.0130464,0.568061,0.567711,0.268623,0.393477,0.507582,nan,nan,0,-0.107459,0.130486,-0.721148,-7.74115,-0.00372935,-0.121844,nan,nan,0,-0.188232,-0.305363,-0.512475,-0.366302,-0.404116,-0.429457,nan,nan,0,-0.346189,1.00813,-1.22441,-23.0769,0.316905,0.491718,nan,nan,0,-0.0899054,-0.360537,1.62107,1.3028,-0.254953,nan,1.26385,1.21327,1,-0.0217507,-0.0716121,-0.411132,-0.378701,-0.0108753,nan,2.4388,1.04424,1,-0.454247,-0.445916,-0.303802,-5.10378,-0.627123,-0.693638,nan,nan,0,0.400608,0.0484166,-0.0153437,24.1026,0.150304,0.567428,nan,nan,0,0.164139,0.375544,-0.162642,4.7619,0.392069,0.474917,nan,nan,0,-0.0300226,0.413126,0.579986,-6.76434,0.474989,0.427543,nan,nan,0,0.0949601,-0.120434,-1.54659,-2.43145,-0.16252,nan,0.846887,-1.62606,1,-0.541018,-0.0946916,2.01943,-9.98695,-0.270509,nan,-8.30366,-7.79235,1,0,0.215498,0.019039,-0.021551,-0.97608,0.0227789,-0.423386,-0.13812,0.481,2.74033,9.79422
1786071339395533554,-0.806524,0.591202,0.106291,0.130243,0,0.0513227,0.0252404,-2.7073,0.110471,-0.179944,-0.0780336,-0.153415,0.573046,0.487926,-0.854698,0.323292,0.447859,nan,nan,0,0.0405045,0.123392,-0.708872,-6.95971,0.0702522,-0.0828102,nan,nan,0,-0.00730684,-0.30939,-0.377452,-3.15018,-0.313653,-0.441127,nan,nan,0,-0.492035,0.989337,-1.94863,-24.8352,0.243983,0.392595,nan,nan,0,-0.0635778,-0.348163,1.67736,1.65376,-0.241789,nan,1.20704,0.767486,1,-0.0369445,-0.0692145,-0.308473,0.612137,-0.0184722,nan,1.98498,2.15541,1,-0.189335,-0.448984,-0.316077,-6.2271,-0.494668,-0.67523,nan,nan,0,-0.0294886,0.0482249,-0.00306892,17.3138,-0.0647443,0.406421,nan,nan,0,0.0331845,0.375352,0.0705805,2.66178,0.326592,0.437202,nan,nan,0,-0.0363727,0.419646,0.708872,-8.47375,0.471814,0.459553,nan,nan,0,0.0891306,-0.132842,-1.25738,-2.56724,-0.165435,nan,0.745306,-0.61007,1,-0.428291,-0.0682207,2.54359,-7.79311,-0.214145,nan,-8.19313,-8.27179,1,0,0.21504,0.017847,-0.022336,-0.976186,0.110471,-0.179944,-0.0780336,-0.262074,2.04183,9.75346
1786071339405454365,-0.750704,0.660639,0.106291,0.130243,0,0.0518188,0.0227238,-2.70784,0.0340607,-0.223434,0.0546999,-0.248489,0.576881,0.408138,-2.36874,0.275756,0.383528,nan,nan,0,0.134138,0.117064,-0.69046,-5.93407,0.117069,-0.0100896,nan,nan,0,0.0599744,-0.312458,-0.352901,-2.61295,-0.280013,-0.396183,nan,nan,0,-0.642138,0.967477,-2.59306,-25.2747,0.168931,0.307201,nan,nan,0,-0.0950468,-0.331998,1.68476,0.992274,-0.257523,nan,0.0794587,0.735718,1,-0.0434754,-0.0740116,-0.0854036,1.63501,-0.0217377,nan,1.69632,2.39986,1,-0.214001,-0.452052,-0.33449,-4.85959,-0.507,-0.60393,nan,nan,0,-0.343153,0.0488005,0.107406,10.232,-0.221577,0.170461,nan,nan,0,-0.052488,0.375735,-0.00306892,2.22222,0.283756,0.384337,nan,nan,0,-0.0556747,0.427125,0.874582,-6.08059,0.462163,0.473908,nan,nan,0,0.0726313,-0.141073,-0.893174,-2.43285,-0.173684,nan,0.198354,0.300354,1,-0.319465,-0.0464589,2.20469,-7.52855,-0.159733,nan,-6.70526,-8.61713,1,0,0.214807,0.016666,-0.022854,-0.976246,0.0340607,-0.223434,0.0546999,2.39109,0.354139,6.63704
1786071339415799356,-0.686636,0.727001,0.0812913,0.115243,0,0.0511801,0.0206042,-2.70572,-0.0961721,-0.0865466,0.311222,-0.292181,0.580142,0.291528,-4.61539,0.25391,0.322616,nan,nan,0,0.160992,0.11016,-0.696597,-2.71062,0.130496,0.0625359,nan,nan,0,0.262789,-0.315334,-0.21174,-1.73382,-0.178606,-0.333321,nan,nan,0,-0.73939,0.936605,-3.29886,-28.1563,0.120305,0.230674,nan,nan,0,-0.126852,-0.317728,1.66097,0.825051,-0.273426,nan,-0.940895,0.467221,1,-0.0812261,-0.0685779,0.410051,1.5841,-0.0406131,nan,0.223869,2.0284,1,0.0147001,-0.455312,-0.33449,-3.19902,-0.39265,-0.536386,nan,nan,0,-0.524179,0.0503349,0.156505,4.12698,-0.312089,-0.0543223,nan,nan,0,0.0263986,0.37516,-0.0521679,0.708183,0.323199,0.329118,nan,nan,0,-0.0748276,0.435945,1.00347,-6.71551,0.452586,0.473206,nan,nan,0,0.11474,-0.147186,-0.468325,-0.895546,-0.15263,nan,0.511962,0.492911,1,-0.222714,-0.0301494,1.45918,-7.39007,-0.111357,nan,-4.62499,-7.96734,1,0,0.215875,0.015587,-0.022754,-0.976031,-0.0961721,-0.0865466,0.311222,1.5461,-2.42918,6.21771
1786071339425478974,-0.620633,0.784101,0.0812913,0.115243,0,0.0496377,0.0195461,-2.70347,-0.243283,-0.124237,0.155981,-0.0985522,0.581867,0.113543,-4.32234,0.350724,0.277774,nan,nan,0,0.258457,0.103258,-0.702735,0.122101,0.179229,0.111615,nan,nan,0,0.16841,-0.31706,-0.168779,-0.366302,-0.225795,-0.258818,nan,nan,0,-0.845352,0.903241,-3.88806,-23.0281,0.0673241,0.165622,nan,nan,0,-0.236414,-0.301629,1.65842,0.497909,-0.328207,nan,-3.41787,-0.247589,1,-0.054468,-0.0585561,0.945065,1.39208,-0.027234,nan,-0.477934,1.07959,1,0.102453,-0.458571,-0.303802,-1.78266,-0.348773,-0.468128,nan,nan,0,-0.51913,0.0511017,0.0214815,0.415138,-0.309565,-0.221045,nan,nan,0,-0.0246231,0.374201,-0.131955,-0.561661,0.297688,0.30606,nan,nan,0,-0.155735,0.448216,1.16304,-9.40171,0.412133,0.464373,nan,nan,0,0.0546052,-0.149203,-0.169179,-0.0638783,-0.182697,nan,-0.918522,0.378296,1,-0.131881,-0.0216775,0.563212,-7.06603,-0.0659406,nan,-2.17271,-6.31303,1,0,0.216997,0.014929,-0.022099,-0.975807,-0.243283,-0.124237,0.155981,-1.94319,-0.32922,6.54098
1786071339435607644,-0.546877,0.837213,0.0812913,0.115243,0,0.0465761,0.0179707,-2.70196,-0.366408,-0.0876811,0.161424,-0.0898052,0.581484,-0.101268,-4.42002,0.355097,0.286592,nan,nan,0,0.170663,0.0957794,-0.757972,3.00366,0.135331,0.148637,nan,nan,0,0.158701,-0.318594,-0.156505,2.85714,-0.230649,-0.216454,nan,nan,0,-0.846967,0.854728,-4.62455,-22.9792,0.0665166,0.110176,nan,nan,0,-0.209544,-0.287505,1.59061,0.438779,-0.314772,nan,-3.34029,-1.67298,1,-0.0363675,-0.049049,1.27035,0.709269,-0.0181838,nan,-0.979575,0.0104047,1,0.226301,-0.461256,-0.26084,-1.05006,-0.28685,-0.399834,nan,nan,0,-0.559407,0.0497594,-0.205604,-4.81075,-0.329703,-0.305795,nan,nan,0,-0.0442989,0.371133,-0.408138,-0.317459,0.287851,0.300584,nan,nan,0,-0.130907,0.460681,1.28579,-12.2833,0.424547,0.44327,nan,nan,0,0.118677,-0.151248,-0.243332,1.0969,-0.150661,nan,0.38552,-0.0766555,1,-0.0520997,-0.0195598,0.218421,-6.35374,-0.0260498,nan,-0.522333,-4.04332,1,0,0.217779,0.013844,-0.020766,-0.975678,-0.366408,-0.0876811,0.161424,-0.631949,-0.180663,7.59242
1786071339445659354,-0.469308,0.883035,0.0812913,0.115243,0,0.0421432,0.0180774,-2.70005,-0.550033,-0.000654062,0.222778,-0.0916573,0.578415,-0.352901,-2.95483,0.354171,0.321817,nan,nan,0,-0.12065,0.0865755,-0.868444,6.42247,-0.010325,0.158126,nan,nan,0,0.181951,-0.319936,-0.0644426,3.68742,-0.219025,-0.212306,nan,nan,0,-0.746657,0.804681,-5.1585,-22.0024,0.116671,0.0753811,nan,nan,0,-0.155204,-0.271326,1.46248,-0.929552,-0.287602,nan,-2.76338,-2.95297,1,0.0100439,-0.0347854,1.47998,0.114232,0.00502195,nan,-1.02575,-0.840391,1,0.223264,-0.463941,-0.217878,0.805862,-0.288368,-0.337859,nan,nan,0,-0.471432,0.0447736,-0.555436,-6.66666,-0.285716,-0.334735,nan,nan,0,-0.0739486,0.365572,-0.5002,-0.268623,0.273026,0.294586,nan,nan,0,-0.0195167,0.475445,1.34103,-14.1392,0.480242,0.426932,nan,nan,0,0.161685,-0.155358,-0.699059,1.70967,-0.129157,nan,1.96562,-0.0721047,1,0.000235802,-0.0116469,0.677876,-4.42661,0.000117901,nan,-0.663869,-2.04385,1,0,0.218738,0.013431,-0.018579,-0.975514,-0.550033,-0.000654062,0.222778,-2.13789,-1.23445,10.5152
1786071339455517736,-0.389223,0.921143,0.0812913,0.115243,0,0.036562,0.019161,-2.69751,-0.605501,0.0709277,0.311559,-0.00925921,0.574197,-0.518612,-2.36874,0.39537,0.346614,nan,nan,0,-0.454996,0.07833,-0.935957,8.03419,-0.177498,0.101398,nan,nan,0,0.155562,-0.319936,0.0214815,3.49207,-0.232219,-0.216599,nan,nan,0,-0.653223,0.755401,-5.6004,-17.265,0.163388,0.0789648,nan,nan,0,-0.166596,-0.26117,1.27565,-2.37108,-0.293298,nan,-3.03796,-3.334,1,0.171135,-0.0154969,1.44802,-0.808657,0.0855676,nan,0.859909,-1.27587,1,0.119689,-0.465475,-0.14423,2.17339,-0.340156,-0.298209,nan,nan,0,-0.411793,0.0380626,-0.807072,-7.05739,-0.255896,-0.324913,nan,nan,0,-0.12041,0.361738,-0.402001,-0.805862,0.249795,0.284923,nan,nan,0,0.125606,0.487334,1.29193,-14.7253,0.552803,0.44007,nan,nan,0,0.152664,-0.165573,-1.0763,0.770025,-0.133668,nan,2.73114,0.873726,1,0.0555166,-0.00486033,1.19835,-2.58151,0.0277583,nan,-0.818965,-1.0309,1,0,0.220001,0.013369,-0.015721,-0.975281,-0.605501,0.0709277,0.311559,-3.12839,1.0854,10.2899
1786071339465571245,-0.30483,0.952407,0.0562913,0.100243,0,0.0307633,0.0201028,-2.69365,-0.600698,0.0126302,0.413093,0.0964497,0.568061,-0.635223,-3.00366,0.448225,0.36991,nan,nan,0,-0.735603,0.0687423,-0.948232,3.98046,-0.317801,-0.0222846,nan,nan,0,0.133896,-0.318785,0.174916,2.61295,-0.243052,-0.22316,nan,nan,0,-0.56483,0.690014,-5.99319,-1.5873,0.207585,0.113755,nan,nan,0,-0.187182,-0.250958,1.01339,-2.21717,-0.303591,nan,-3.36223,-3.26528,1,0.28392,-0.00534507,1.27266,-1.04406,0.14196,nan,2.51016,-0.689148,1,-0.0602194,-0.46605,-0.0276184,2.85714,-0.43011,-0.300761,nan,nan,0,-0.334589,0.0282831,-1.02188,-6.95971,-0.217295,-0.29338,nan,nan,0,-0.160828,0.359436,-0.125817,-2.27106,0.229586,0.269092,nan,nan,0,0.228187,0.499606,1.22441,-13.7485,0.604093,0.486828,nan,nan,0,0.116075,-0.175755,-1.1869,0.702909,-0.151963,nan,2.61309,2.08009,1,0.0607904,0.0107062,1.42993,-1.1771,0.0303952,nan,-1.55423,-0.894778,1,0,0.221914,0.013215,-0.012764,-0.974893,-0.600698,0.0126302,0.413093,-2.36776,-1.44737,9.44919
1786071339475520180,-0.218443,0.97585,0.0562913,0.100243,0,0.0245282,0.0199787,-2.68925,-0.689739,0.0141609,0.528297,0.0644012,0.561158,-0.71501,-2.0757,0.432201,0.405309,nan,nan,0,-1.0022,0.059155,-0.954369,0.805862,-0.451098,-0.174973,nan,nan,0,0.119326,-0.316292,0.297665,1.92918,-0.250337,-0.232771,nan,nan,0,-0.482462,0.63479,-6.14663,1.29426,0.248769,0.161201,nan,nan,0,-0.178508,-0.242753,0.689554,-2.0219,-0.299254,nan,-3.01188,-3.22166,1,0.40701,0.00639602,1.00773,-0.4041,0.203505,nan,4.40168,0.776024,1,-0.178984,-0.465666,0.0705805,3.39439,-0.489492,-0.350238,nan,nan,0,-0.209466,0.0171614,-1.14463,-6.42247,-0.154733,-0.254495,nan,nan,0,-0.130527,0.358478,-0.113543,-2.71062,0.244737,0.249172,nan,nan,0,0.376514,0.511686,1.19373,-11.453,0.678257,0.54764,nan,nan,0,0.0928305,-0.185881,-1.0494,1.61668,-0.163585,nan,2.35448,2.75151,1,0.0428592,0.0247901,1.28479,-0.667533,0.0214296,nan,-2.028,-1.20047,1,0,0.224098,0.012484,-0.009711,-0.974438,-0.689739,0.0141609,0.528297,0.255925,-0.306213,8.58379
1786071339485680348,-0.129063,0.991636,0.0562913,0.100243,0,0.0164712,0.0195351,-2.68307,-0.873896,0.0147745,0.67739,0.149677,0.552913,-0.733422,-6.86203,0.474839,0.429996,nan,nan,0,-1.21055,0.0484166,-0.972781,-7.78999,-0.555275,-0.326261,nan,nan,0,0.182294,-0.312458,0.340627,2.66178,-0.218853,-0.242483,nan,nan,0,-0.453202,0.567869,-5.82135,-16.7766,0.263399,0.209082,nan,nan,0,-0.172314,-0.238636,1.02093,-9.21735,-0.296157,nan,-3.54461,-3.15789,1,0.484038,0.0169958,1.51954,-1.33018,0.242019,nan,4.47139,2.52149,1,-0.360819,-0.464707,0.11968,1.3431,-0.58041,-0.421243,nan,nan,0,-0.105405,0.00373888,-1.22441,-8.52259,-0.102703,-0.206188,nan,nan,0,-0.152062,0.355601,-0.383589,-1.39194,0.233969,0.23956,nan,nan,0,0.571664,0.523767,1.23669,-6.52015,0.775832,0.614669,nan,nan,0,0.00336159,-0.195923,-0.774293,1.73272,-0.208319,nan,0.727574,2.78202,1,0.0137835,0.0354139,1.04972,-0.977931,0.00689173,nan,-2.43025,-1.63173,1,0,0.227161,0.011383,-0.0058,-0.973773,-0.873896,0.0147745,0.67739,1.47466,-2.62705,8.53833
1786071339495478358,-0.0412694,0.999148,0.0562913,0.100243,0,0.00835085,0.0154701,-2.67642,-0.214037,-1.00391,0.27668,1.14578,0.546201,-0.819346,1.24542,0.972892,0.452127,nan,nan,0,-1.52357,0.0395966,-0.997331,-18.2418,-0.711783,-0.458973,nan,nan,0,-0.512059,-0.304404,1.48219,-5.68987,-0.56603,-0.239288,nan,nan,0,-0.677493,0.528561,-3.85737,-39.8291,0.151254,0.244827,nan,nan,0,-0.677786,-0.219965,2.60752,-12.4518,-0.548893,nan,-15.4237,-3.65506,1,0.699221,0.0300607,2.183,1.09662,0.34961,nan,6.31199,3.62933,1,-0.427717,-0.463941,0.046031,3.83395,-0.613859,-0.501878,nan,nan,0,-0.326397,-0.00527287,-0.868444,-20.1954,-0.213199,-0.152357,nan,nan,0,-0.213526,0.35215,-0.193328,-5.15263,0.203237,0.2362,nan,nan,0,0.519382,0.536038,1.46991,-10.7692,0.749691,0.694063,nan,nan,0,-0.0304575,-0.199915,-0.523012,1.92987,-0.225229,nan,-0.101476,2.01973,1,0.122377,0.0448387,0.785748,-1.33577,0.0611883,nan,-0.688135,-2.04696,1,0,0.230456,0.008489,-0.00228,-0.973043,-0.214037,-1.00391,0.27668,10.7502,0.487027,21.2944
1786071339505513509,0.0487626,0.99881,0.0562913,0.100243,0,0.00973823,0.00997015,-2.67812,0.896446,-0.171535,-0.811866,0.254026,0.535655,-1.14463,5.54334,0.527013,0.629751,nan,nan,0,-2.05968,0.0321183,-0.770247,-20.5861,-0.979838,-0.590366,nan,nan,0,-1.40997,-0.2766,2.8447,-10.4762,-1.01499,-0.342438,nan,nan,0,-0.610676,0.50114,-2.35984,-26.2515,0.184662,0.226281,nan,nan,0,-0.57881,-0.219965,2.60752,-12.4518,-0.499405,nan,-13.6917,-7.99211,1,0.996813,0.0300607,2.183,1.09662,0.498406,nan,10.7759,4.7355,1,0.0952716,-0.463941,-0.00306892,-0.170937,-0.352364,-0.570546,nan,nan,0,-0.866806,-0.00929976,-0.23629,-12.2833,-0.483403,-0.151327,nan,nan,0,-0.600625,0.357519,0.813209,-8.27839,0.00968745,0.22383,nan,nan,0,0.691905,0.553872,1.54356,5.64103,0.835952,0.745447,nan,nan,0,0.0724596,-0.203868,-0.279488,1.2993,-0.17377,nan,1.47265,0.876061,1,0.191191,0.0491852,0.414954,-1.24052,0.0955956,nan,0.769883,-1.72067,1,0,0.229637,0.00597,-0.003594,-0.973251,0.896446,-0.171535,-0.811866,14.739,13.4418,35.7535
1786071339515634294,0.13913,0.990274,0.0312913,0.0852428,0,0.0198754,0.0309362,-2.68117,0.0584386,1.10688,0.712538,-1.21212,0.520507,-1.43923,12.6252,-0.206061,0.695578,nan,nan,0,-3.03298,0.0238729,-0.659773,-22.9304,-1.46649,-0.770641,nan,nan,0,-0.238926,-0.251864,2.05297,-9.69475,-0.429463,-0.622643,nan,nan,0,-0.155118,0.480814,-1.67245,-15.8974,0.412441,0.196133,nan,nan,0,0.020655,-0.219965,2.60752,-12.4518,-0.199672,nan,-3.20103,-12.1283,1,0.971085,0.0300607,2.183,1.09662,0.485543,nan,10.39,7.23459,1,-0.40769,-0.464132,-0.046031,-1.19658,-0.603845,-0.524138,nan,nan,0,-0.108472,-0.00949144,-0.0153437,-4.32234,-0.104236,-0.268659,nan,nan,0,0.0115888,0.366148,0.518612,-4.85959,0.315794,0.148387,nan,nan,0,1.13179,0.569211,1.38399,6.52015,1.0559,0.788631,nan,nan,0,-0.0273225,-0.205953,-0.178339,0.550218,-0.223661,nan,-0.352267,0.575878,1,-0.0393217,0.0490085,-0.228807,-1.07373,-0.0196609,nan,-1.71687,-0.492616,1,0,0.227994,0.017326,-0.006145,-0.973488,0.0584386,1.10688,0.712538,-21.671,-15.5059,20.6367
1786071339525674944,0.227654,0.973742,0.0312913,0.0852428,0,0.0186947,0.0395093,-2.66782,-0.772597,0.536917,1.81642,-0.482275,0.506893,-1.29806,5.59219,0.158863,0.390702,nan,nan,0,-2.13024,0.0160108,-0.868444,-27.5214,-1.01512,-1.07509,nan,nan,0,0.638896,-0.246304,-0.174916,-10.0855,0.00944779,-0.692972,nan,nan,0,-0.169297,0.464516,-1.6479,-11.7949,0.405351,0.257234,nan,nan,0,0.170458,-0.219965,2.60752,-12.4518,-0.124771,nan,-0.579468,-10.4871,1,0.865149,0.0300607,2.183,1.09662,0.432574,nan,8.80091,9.46171,1,-1.14279,-0.464899,-0.0828552,-0.757019,-0.971397,-0.510735,nan,nan,0,0.134401,-0.0106421,-0.14423,-7.64347,0.0172006,-0.279561,nan,nan,0,-0.00743575,0.361738,-0.757972,-3.2967,0.306282,0.16114,nan,nan,0,1.04426,0.583785,1.48833,7.4481,1.01213,0.893968,nan,nan,0,-0.173553,-0.20808,-0.0985774,0.433213,-0.296776,nan,-2.9565,0.325054,1,-0.101678,0.0433415,-0.430048,-0.238356,-0.050839,nan,-2.18034,-0.200316,1,0,0.234439,0.021394,-0.004449,-0.971885,-0.772597,0.536917,1.81642,-7.82619,-7.94373,2.68916
1786071339535662786,0.313635,0.949544,0.0312913,0.0852428,0,0.0106808,0.0431589,-2.64764,-0.777969,-0.110931,1.98529,0.219241,0.495196,-1.12008,-1.48962,0.509621,0.141471,nan,nan,0,-1.67733,0.00623178,-0.991194,-43.1013,-0.788667,-1.195,nan,nan,0,1.05735,-0.259151,-1.53742,-8.27839,0.218674,-0.436706,nan,nan,0,-0.156196,0.44745,-1.70927,-5.68987,0.411902,0.34643,nan,nan,0,0.173059,-0.219965,2.60752,-12.4518,-0.123471,nan,-0.533967,-5.63779,1,0.841837,0.0300607,2.183,1.09662,0.420918,nan,8.45123,9.94414,1,-1.19966,-0.465666,-0.0583057,-2.66178,-0.999828,-0.673101,nan,nan,0,0.0691409,-0.0137105,-0.402001,-0.903542,-0.0154296,-0.156229,nan,nan,0,0.0470682,0.348506,-1.48833,-0.0244217,0.333534,0.237555,nan,nan,0,0.832073,0.600275,1.72768,13.7485,0.906036,0.985053,nan,nan,0,-0.094014,-0.206228,-0.0472907,0.0390277,-0.257007,nan,-1.70632,-0.940125,1,-0.0684931,0.0437179,-0.433335,-0.286315,-0.0342466,nan,-1.68893,-0.97032,1,0,0.244302,0.022228,9.8e-05,-0.969444,-0.777969,-0.110931,1.98529,-3.35814,0.314475,6.32944
1786071339545748511,0.397731,0.917502,0.0312913,0.0852428,0,0.00761112,0.0422347,-2.63838,-0.715747,-0.350541,1.72918,0.695616,0.485608,-1.06484,-7.93651,0.747808,0.204082,nan,nan,0,-1.8495,-0.00124645,-0.892995,-47.4969,-0.874752,-1.06191,nan,nan,0,0.513152,-0.271039,-0.751834,-3.68742,-0.0534241,-0.0866441,nan,nan,0,-0.228589,0.432493,-1.62335,2.3199,0.375705,0.399274,nan,nan,0,0.0652896,-0.219965,2.60752,-12.4518,-0.177355,nan,-2.41992,-1.95006,1,0.802615,0.0300607,2.183,1.09662,0.401307,nan,7.8629,9.38207,1,-0.982478,-0.465666,0.00920582,-6.08059,-0.891239,-0.86887,nan,nan,0,0.160485,-0.0206132,-0.929819,5.44566,0.0302423,-0.0511096,nan,nan,0,0.0675279,0.332208,-1.93636,4.85959,0.343764,0.298973,nan,nan,0,0.589915,0.617724,2.02842,14.7741,0.784958,0.985785,nan,nan,0,-0.0277863,-0.208319,-0.0340044,-0.512893,-0.223893,nan,-0.494093,-1.83823,1,0.0280224,0.0364792,-0.493067,-0.811479,0.0140112,nan,0.0655603,-1.55252,1,0,0.248823,0.021398,0.001572,-0.968311,-0.715747,-0.350541,1.72918,-4.00936,-0.356595,8.26408
1786071339555666095,0.478002,0.878359,0.0312913,0.0852428,0,0.00103111,0.0406528,-2.62311,-0.792259,-0.0175396,1.19273,0.104891,0.475254,-0.997331,-6.17827,0.452445,0.446964,nan,nan,0,-1.78334,-0.00949144,-0.653635,-44.8596,-0.841669,-0.922564,nan,nan,0,0.300142,-0.26452,1.29193,-1.53846,-0.159929,0.0604917,nan,nan,0,-0.230522,0.417153,-1.48833,5.68987,0.374739,0.40659,nan,nan,0,0.368438,-0.219965,2.60752,-12.4518,-0.025781,nan,2.88517,-0.954732,1,0.805584,0.0300607,2.183,1.09662,0.402792,nan,7.90743,8.59443,1,-0.760705,-0.466433,-0.131955,-8.52259,-0.780352,-0.945574,nan,nan,0,-0.174286,-0.0330768,-1.29193,6.08059,-0.137143,0.00656176,nan,nan,0,-0.264775,0.311882,-1.97318,6.61783,0.177613,0.333925,nan,nan,0,0.765603,0.640543,2.36598,8.57143,0.872801,0.907403,nan,nan,0,-0.0809574,-0.208478,-0.184548,-2.4812,-0.250479,nan,-1.19319,-1.56233,1,0.0712203,0.03393,-0.464827,-2.43382,0.0356102,nan,0.747646,-1.13194,1,0,0.256282,0.019778,0.004712,-0.966387,-0.792259,-0.0175396,1.19273,4.54443,6.11765,6.68731
1786071339565691474,0.555137,0.831759,0.00629126,0.0702428,0,-0.00771841,0.041029,-2.61417,-0.51605,-0.00921996,0.0352405,-0.272558,0.465666,-0.782521,-1.5873,0.263721,0.558041,nan,nan,0,-1.35267,-0.0142856,-0.426551,-34.7497,-0.626335,-0.853779,nan,nan,0,-0.426184,-0.238059,2.72808,-0.805862,-0.523092,0.00457054,nan,nan,0,-0.377339,0.402772,-0.991194,1.3431,0.30133,0.392639,nan,nan,0,0.45108,-0.219965,2.60752,-12.4518,0.0155401,nan,4.33141,0.293893,1,0.780767,0.0300607,2.183,1.09662,0.390383,nan,7.53518,8.05522,1,-0.421549,-0.469693,-0.359039,-8.96215,-0.610775,-0.900946,nan,nan,0,-0.213105,-0.0472665,-1.26124,4.66422,-0.156552,-0.0222227,nan,nan,0,-0.692535,0.298651,-0.794796,2.71062,-0.0362676,0.292726,nan,nan,0,0.816697,0.668155,2.53169,2.8083,0.898349,0.856524,nan,nan,0,-0.205474,-0.212713,-0.343316,-1.02142,-0.312737,nan,-2.98586,-1.12335,1,0.115675,0.0259021,-0.650864,-0.88189,0.0578376,nan,1.93436,-0.145973,1,0,0.260685,0.018798,0.009072,-0.965198,-0.51605,-0.00921996,0.0352405,1.74034,-0.136147,7.72023
1786071339575718315,0.627494,0.778621,0.00629126,0.0702428,0,-0.0108979,0.0400341,-2.61504,-0.602934,-0.105406,-0.370445,-0.0250289,0.459147,-0.616811,0.366302,0.387486,0.47183,nan,nan,0,-1.17717,-0.0190792,-0.463376,-28.5959,-0.538584,-0.760785,nan,nan,0,-0.507662,-0.214089,2.1082,-0.0732574,-0.563831,-0.208511,nan,nan,0,-0.504615,0.396061,-0.672048,0.317459,0.237693,0.356372,nan,nan,0,0.157167,-0.219965,2.60752,-12.4518,-0.131417,nan,-0.812074,2.33558,1,0.784812,0.0300607,2.183,1.09662,0.392406,nan,7.59586,7.73004,1,-0.512628,-0.474679,-0.549299,-6.81319,-0.656314,-0.77548,nan,nan,0,-0.144163,-0.059155,-1.13849,2.36874,-0.122082,-0.0921932,nan,nan,0,-0.603986,0.295967,-0.125817,-0.0244217,0.00800711,0.156381,nan,nan,0,0.809242,0.690973,2.51941,-1.05006,0.894621,0.860479,nan,nan,0,-0.218983,-0.216996,-0.456879,-0.862912,-0.319491,nan,-2.90203,-1.56304,1,0.0725193,0.0186403,-0.71803,-0.0234868,0.0362596,nan,1.60563,1.01026,1,0,0.260293,0.017908,0.010469,-0.965306,-0.602934,-0.105406,-0.370445,5.6347,0.204109,9.32054
1786071339585762863,0.694685,0.719314,0.00629126,0.0702428,0,-0.0170601,0.040001,-2.62251,-0.428672,0.439987,-1.12649,-0.647358,0.454161,-0.506338,0.21978,0.076321,0.387664,nan,nan,0,-1.1756,-0.0236812,-0.598398,-23.6142,-0.537802,-0.643225,nan,nan,0,-1.25356,-0.200667,0.972781,-3.00366,-0.93678,-0.42979,nan,nan,0,-0.546551,0.391075,-0.5002,-1.88034,0.216724,0.299618,nan,nan,0,0.0907326,-0.219965,2.60752,-12.4518,-0.164634,nan,-1.97467,2.14138,1,0.90624,0.0300607,2.183,1.09662,0.45312,nan,9.41729,7.57868,1,-0.330595,-0.480622,-0.678185,-3.98046,-0.565297,-0.678243,nan,nan,0,-0.0272675,-0.068934,-1.04643,0.854698,-0.0636337,-0.129642,nan,nan,0,-0.509496,0.294624,-0.248566,-3.68742,0.0552521,0.0426126,nan,nan,0,0.826546,0.715134,2.34756,-0.317459,0.903273,0.878943,nan,nan,0,-0.238667,-0.221258,-0.507492,-1.33281,-0.329334,nan,-3.0214,-2.30033,1,0.00922681,0.0127391,-0.64362,0.54816,0.00461341,nan,0.721659,1.67429,1,0,0.256742,0.01714,0.013375,-0.966235,-0.428672,0.439987,-1.12649,4.81994,2.40591,10.7218
1786071339595918760,0.756977,0.653441,0.00629126,0.0702428,0,-0.023078,0.0440405,-2.64261,-0.311924,0.114149,-1.32924,-0.633865,0.449367,-0.395864,-1.88034,0.0830676,0.265853,nan,nan,0,-1.30225,-0.0311594,-0.696597,-22.0024,-0.601126,-0.562848,nan,nan,0,-1.44564,-0.200667,-0.383589,-7.25275,-1.03282,-0.671398,nan,nan,0,-0.612829,0.387048,-0.309939,-8.86447,0.183586,0.248335,nan,nan,0,-0.0041252,-0.219965,2.60752,-12.4518,-0.212063,nan,-3.63468,0.254009,1,0.986265,0.0300607,2.183,1.09662,0.493132,nan,10.6177,8.1458,1,-0.366656,-0.488677,-0.751834,-2.36874,-0.583328,-0.614175,nan,nan,0,-0.154358,-0.0796723,-0.948232,-0.170937,-0.127179,-0.116154,nan,nan,0,-0.409093,0.286954,-0.923681,-4.07815,0.105454,0.0133282,nan,nan,0,0.907693,0.739486,2.14503,0.512817,0.943846,0.894086,nan,nan,0,-0.302324,-0.227565,-0.642454,-1.8809,-0.361162,nan,-3.71222,-2.73391,1,-0.0273167,0.00819453,-0.330188,1.21402,-0.0136584,nan,-0.160305,1.48683,1,0,0.247079,0.018487,0.016615,-0.968676,-0.311924,0.114149,-1.32924,1.63757,1.54993,7.07109
1786071339605620415,0.811175,0.584803,0.00629126,0.0702428,0,-0.0251101,0.043996,-2.64894,-0.345037,0.0418896,-1.17704,-0.640288,0.446299,-0.33449,-5.20146,0.0798562,0.144832,nan,nan,0,-1.20349,-0.0371037,-0.537024,-23.663,-0.551743,-0.551411,nan,nan,0,-1.1711,-0.206995,-0.90527,-12.2344,-0.89555,-0.89214,nan,nan,0,-0.547085,0.384939,-0.205604,-15.1648,0.216457,0.209541,nan,nan,0,-0.0462114,-0.219965,2.60752,-12.4518,-0.233106,nan,-4.37119,-1.84742,1,0.991131,0.0300607,2.183,1.09662,0.495565,nan,10.6906,9.30226,1,-0.523993,-0.495579,-0.751834,-1.53846,-0.661996,-0.580503,nan,nan,0,-0.0682765,-0.0879178,-0.886857,-0.122101,-0.0841382,-0.107522,nan,nan,0,-0.103665,0.274299,-1.57425,-2.22222,0.258167,0.0435864,nan,nan,0,0.91302,0.758086,2.02228,0.268623,0.94651,0.915516,nan,nan,0,-0.335093,-0.233796,-0.777209,-1.91912,-0.377547,nan,-3.86547,-3.10013,1,-0.110117,0.00757574,-0.0037131,1.18983,-0.0550585,nan,-1.87346,0.683422,1,0,0.244031,0.01827,0.017536,-0.969436,-0.345037,0.0418896,-1.17704,2.82324,0.498214,6.52243
1786071339615597763,0.860513,0.509429,8.67362e-19,0.0552428,0,-0.0299324,0.0424946,-2.65772,-0.437296,-0.0809901,-0.551825,-0.408831,0.443039,-0.303802,-9.40171,0.195584,0.0841098,nan,nan,0,-1.29063,-0.0403633,-0.217878,-25.8608,-0.595316,-0.557201,nan,nan,0,-0.608894,-0.221568,-1.60494,-17.0208,-0.614447,-0.969993,nan,nan,0,-0.473568,0.383789,-0.0828552,-19.1209,0.253216,0.198068,nan,nan,0,-0.219492,-0.219965,2.60752,-12.4518,-0.319746,nan,-7.40359,-3.4879,1,1.01176,0.0300607,2.183,1.09662,0.505882,nan,11.0001,10.2575,1,-0.717891,-0.502866,-0.696597,-1.8315,-0.758945,-0.599526,nan,nan,0,-0.037969,-0.0955877,-0.684322,-3.39439,-0.0689845,-0.101084,nan,nan,0,0.0816594,0.257041,-1.69086,-0.903542,0.35083,0.1314,nan,nan,0,0.918332,0.777069,1.87498,1.00122,0.949166,0.93559,nan,nan,0,-0.276097,-0.242045,-0.946715,-2.38119,-0.348048,nan,-2.29003,-3.4332,1,-0.168222,0.00970155,0.24651,0.337646,-0.0841109,nan,-3.18414,-0.589952,1,0,0.239808,0.01704,0.019616,-0.970472,-0.437296,-0.0809901,-0.551825,2.13207,-3.09349,8.26393
1786071339625608329,0.903049,0.429538,8.67362e-19,0.0552428,0,-0.0345596,0.0405294,-2.66046,-0.387844,-0.121847,-0.0553226,-0.0916415,0.440355,-0.242428,-11.4042,0.354179,0.105257,nan,nan,0,-1.34392,-0.0403633,0.0767183,-24.7863,-0.621958,-0.570157,nan,nan,0,-0.418548,-0.239209,-1.72155,-18.9744,-0.519274,-0.860504,nan,nan,0,-0.465347,0.383597,0.0214815,-19.1209,0.257327,0.216324,nan,nan,0,-0.319732,-0.219965,2.60752,-12.4518,-0.369866,nan,-9.1578,-5.31405,1,1.02895,0.0300607,2.183,1.09662,0.514475,nan,11.2579,10.8052,1,-0.811279,-0.509193,-0.592261,-3.58974,-0.80564,-0.666649,nan,nan,0,-0.154437,-0.100381,-0.414276,-3.5409,-0.127218,-0.0863565,nan,nan,0,0.195966,0.243044,-1.206,-0.0732574,0.407983,0.245636,nan,nan,0,0.818271,0.795477,1.83816,-0.0732574,0.899135,0.946614,nan,nan,0,-0.231136,-0.252328,-1.14588,-2.29125,-0.325568,nan,-0.844585,-3.08218,1,-0.148253,0.0125966,0.283573,-0.654267,-0.0741264,nan,-3.02705,-2.03796,1,0,0.238507,0.015561,0.021605,-0.970775,-0.387844,-0.121847,-0.0553226,0.099133,-1.37273,9.78806
1786071339635615234,0.937949,0.346772,8.67362e-19,0.0552428,0,-0.0390095,0.0399608,-2.65968,-0.519752,-0.022223,0.240598,0.0712997,0.438437,-0.174916,-10.6715,0.43565,0.206789,nan,nan,0,-1.0202,-0.0386376,0.199466,-23.0769,-0.460099,-0.594022,nan,nan,0,-0.175968,-0.254741,-1.39013,-16.1905,-0.397984,-0.68114,nan,nan,0,-0.481562,0.38398,0.0153437,-15.8974,0.249219,0.240297,nan,nan,0,-0.324557,-0.219965,2.60752,-12.4518,-0.372278,nan,-9.24223,-7.36103,1,0.948142,0.0300607,2.183,1.09662,0.474071,nan,10.0458,11.1158,1,-0.829696,-0.514371,-0.475651,-5.88522,-0.814848,-0.743764,nan,nan,0,-0.206162,-0.103258,-0.230153,-1.44078,-0.153081,-0.0932056,nan,nan,0,0.079326,0.235182,-0.586123,1.73382,0.349663,0.343831,nan,nan,0,0.692472,0.813694,1.81361,-0.0244217,0.836236,0.934131,nan,nan,0,-0.225132,-0.264696,-1.34927,-2.23401,-0.322566,nan,-0.00153215,-1.96674,1,-0.136919,0.01368,-0.00783429,-1.61869,-0.0684593,nan,-2.45243,-2.88908,1,0,0.238916,0.014745,0.023703,-0.970638,-0.519752,-0.022223,0.240598,-1.93373,-5.82091,12.883
1786071339645729844,0.965485,0.260459,8.67362e-19,0.0552428,0,-0.0482792,0.040322,-2.65219,-0.548469,0.122183,0.756326,0.0553369,0.437287,-0.0583057,-7.64347,0.427668,0.330751,nan,nan,0,-0.928021,-0.036912,0.150368,-21.221,-0.414011,-0.560846,nan,nan,0,0.408847,-0.265862,-0.647498,-10.8181,-0.105577,-0.51743,nan,nan,0,-0.393483,0.383789,-0.0337563,-12.0879,0.293258,0.252003,nan,nan,0,-0.189692,-0.219965,2.60752,-12.4518,-0.304846,nan,-6.88209,-8.76821,1,0.840787,0.0300607,2.183,1.09662,0.420393,nan,8.43548,10.8634,1,-0.900947,-0.518781,-0.359039,-7.00854,-0.850473,-0.796158,nan,nan,0,-0.282577,-0.105175,-0.162642,-0.317459,-0.191289,-0.120167,nan,nan,0,-0.0539511,0.234607,0.113543,3.73627,0.283024,0.380268,nan,nan,0,0.674589,0.833444,1.78906,-3.63858,0.827295,0.893329,nan,nan,0,-0.175347,-0.279285,-1.57509,-1.40185,-0.297673,nan,1.71904,-0.681319,1,-0.160483,0.0119361,-0.556187,-2.11308,-0.0802417,nan,-1.93105,-2.84926,1,0,0.242617,0.013707,0.028296,-0.969612,-0.548469,0.122183,0.756326,-1.5577,-2.99091,9.23919
1786071339655760236,0.985005,0.172524,8.67362e-19,0.0552428,0,-0.0518845,0.0431463,-2.6441,-0.321572,0.155571,0.846258,0.259283,0.437287,0.0337563,-4.71307,0.529641,0.410347,nan,nan,0,-1.05685,-0.0365286,-0.00306892,-18.3883,-0.478427,-0.488191,nan,nan,0,0.513245,-0.26778,-0.113543,-7.98535,-0.0533776,-0.323349,nan,nan,0,-0.415911,0.38283,-0.113543,-10.9646,0.282045,0.267782,nan,nan,0,-0.101037,-0.219965,2.60752,-12.4518,-0.260518,nan,-5.33063,-8.57313,1,0.794129,0.0300607,2.183,1.09662,0.397064,nan,7.73561,9.87274,1,-0.830617,-0.522041,-0.303802,-8.47375,-0.815309,-0.829647,nan,nan,0,-0.395313,-0.106901,-0.156505,0.122101,-0.247657,-0.155541,nan,nan,0,-0.220562,0.235949,0.101268,4.27351,0.199719,0.352151,nan,nan,0,0.646029,0.849742,1.80133,-7.59463,0.813015,0.852272,nan,nan,0,-0.145874,-0.295926,-1.56538,-0.969046,-0.282937,nan,2.80268,0.709222,1,-0.12704,0.00137931,-1.11634,-2.13531,-0.0635198,nan,-0.272455,-2.22821,1,0,0.246592,0.014516,0.030444,-0.968532,-0.321572,0.155571,0.846258,-2.55154,-0.453013,7.3308
1786071339665691208,0,1,9.62965e-35,0.0402428,0,-0.0543099,0.0454433,-2.63617,-0.252451,0.119845,0.6599,0.246036,0.438054,0.107406,-2.51526,0.523018,0.471438,nan,nan,0,-1.06249,-0.0371037,-0.0583057,-16.1905,-0.481244,-0.454856,nan,nan,0,0.336545,-0.265671,0.377452,-4.12698,-0.141728,-0.151829,nan,nan,0,-0.410547,0.381488,-0.150367,-9.74359,0.284726,0.280556,nan,nan,0,-0.105852,-0.219965,2.60752,-12.4518,-0.262926,nan,-5.4149,-7.18625,1,0.785592,0.0300607,2.183,1.09662,0.392796,nan,7.60756,8.69409,1,-0.632895,-0.524534,-0.266977,-8.52259,-0.716447,-0.836407,nan,nan,0,-0.329968,-0.108243,-0.162642,-1.00122,-0.214984,-0.200063,nan,nan,0,-0.203733,0.239017,0.475651,1.3431,0.208133,0.284096,nan,nan,0,0.519096,0.865083,1.6479,-8.71795,0.749548,0.825154,nan,nan,0,-0.0851657,-0.308568,-1.50264,0.606068,-0.252583,nan,4.21345,2.01984,1,-0.0902541,-0.0107547,-1.60842,-1.60267,-0.0451271,nan,1.38146,-1.13907,1,0,0.250471,0.015203,0.031961,-0.967476,-0.252451,0.119845,0.6599,-3.35055,-0.902574,5.70341
1786071339675549315,0,1,9.62965e-35,0.0402428,0,-0.0549568,0.0465274,-2.63348,-0.128712,0.0803361,0.427551,0.0966527,0.439396,0.138092,-0.415138,0.448326,0.51271,nan,nan,0,-1.1138,-0.0376787,-0.0705805,-16.3858,-0.5069,-0.459354,nan,nan,0,0.145507,-0.257425,1.01574,-1.0989,-0.237247,-0.0904517,nan,nan,0,-0.400632,0.380146,-0.113543,-11.0134,0.289684,0.285284,nan,nan,0,-0.0760643,-0.219965,2.60752,-12.4518,-0.248032,nan,-4.89362,-5.95888,1,0.715289,0.0300607,2.183,1.09662,0.357645,nan,6.55302,7.88994,1,-0.374707,-0.527218,-0.297665,-6.76434,-0.587353,-0.795168,nan,nan,0,-0.255986,-0.110161,-0.205604,-1.14774,-0.177993,-0.223677,nan,nan,0,-0.256548,0.245153,0.573849,0.0244217,0.181726,0.228556,nan,nan,0,0.383586,0.880806,1.32261,-10.5739,0.681793,0.791751,nan,nan,0,-0.040935,-0.323235,-1.37862,1.59177,-0.230467,nan,5.3148,3.27889,1,-0.0485611,-0.0319088,-1.94343,-0.853036,-0.0242806,nan,3.14399,0.357022,1,0,0.251787,0.015603,0.03243,-0.967113,-0.128712,0.0803361,0.427551,-3.40977,0.235045,6.17287
1786071339685504626,0,1,9.62965e-35,0.0402428,0,-0.0547957,0.0471396,-2.63043,0.027466,-0.112302,0.221716,0.249287,0.440739,0.125817,1.24542,0.524644,0.503718,nan,nan,0,-1.32701,-0.0384459,-0.0705805,-16.8254,-0.613505,-0.479851,nan,nan,0,-0.150201,-0.243811,1.44536,-0.610504,-0.3851,-0.13225,nan,nan,0,-0.449135,0.37957,-0.00920582,-11.3065,0.265433,0.287717,nan,nan,0,-0.184079,-0.219965,2.60752,-12.4518,-0.302039,nan,-6.78387,-5.22638,1,0.690572,0.0300607,2.183,1.09662,0.345286,nan,6.18226,7.2108,1,-0.21053,-0.530861,-0.377452,-4.61539,-0.505265,-0.704073,nan,nan,0,-0.229518,-0.112845,-0.28539,-2.5641,-0.164759,-0.213066,nan,nan,0,-0.215945,0.248796,0.254703,-1.05006,0.202027,0.19641,nan,nan,0,0.201576,0.891544,0.954369,-11.16,0.590788,0.740529,nan,nan,0,-0.00530464,-0.333747,-1.15751,2.1963,-0.212652,nan,5.97458,4.45994,1,-0.0117481,-0.0504131,-2.07364,0.136042,-0.00587404,nan,4.44664,2.0484,1,0,0.253265,0.01587,0.032453,-0.966722,0.027466,-0.112302,0.221716,-0.511318,2.13465,6.0606
1786071339695556625,0,1,9.62965e-35,0.0402428,0,-0.0536684,0.0464903,-2.62881,0.157211,-0.0481816,0.0969442,0.0541915,0.441889,0.09513,2.36874,0.427096,0.498792,nan,nan,0,-1.18657,-0.039021,-0.0337563,-19.2186,-0.543283,-0.532718,nan,nan,0,-0.249986,-0.229046,1.23669,-0.805862,-0.434993,-0.242481,nan,nan,0,-0.405703,0.379954,0.0583057,-10.8669,0.287148,0.281439,nan,nan,0,-0.15239,-0.219965,2.60752,-12.4518,-0.286195,nan,-6.22931,-5.49761,1,0.630641,0.0300607,2.183,1.09662,0.31532,nan,5.28329,6.59805,1,-0.119338,-0.53508,-0.426551,-3.00366,-0.459669,-0.597465,nan,nan,0,-0.248391,-0.115722,-0.309939,-2.27106,-0.174195,-0.188886,nan,nan,0,-0.267244,0.248605,-0.0767183,-1.05006,0.176378,0.187883,nan,nan,0,0.118633,0.898064,0.518612,-14.4811,0.549316,0.669357,nan,nan,0,-0.0219747,-0.342021,-0.848949,3.50918,-0.220987,nan,5.5096,5.37399,1,-0.0286305,-0.0680779,-1.72722,1.41147,-0.0143153,nan,4.20372,3.53827,1,0,0.254033,0.015673,0.031839,-0.966544,0.157211,-0.0481816,0.0969442,0.636271,1.85713,7.48193
1786071339705591610,0,1,9.62965e-35,0.0402428,0,-0.0513032,0.0464982,-2.62906,0.288053,0.049822,-0.162715,-0.0499536,0.442273,0.0276184,2.75946,0.375023,0.478491,nan,nan,0,-0.8887,-0.0388293,0.0337563,-21.1722,-0.39435,-0.562268,nan,nan,0,-0.404426,-0.221376,0.567711,-2.5641,-0.512213,-0.356129,nan,nan,0,-0.382791,0.381296,0.14423,-12.8694,0.298605,0.279103,nan,nan,0,-0.133287,-0.219965,2.60752,-12.4518,-0.276644,nan,-5.89502,-6.01734,1,0.512071,0.0300607,2.183,1.09662,0.256036,nan,3.50475,5.94699,1,0.000849836,-0.539682,-0.395864,-0.65934,-0.399575,-0.511026,nan,nan,0,-0.298298,-0.119365,-0.309939,-1.53846,-0.199149,-0.174219,nan,nan,0,-0.316103,0.246304,-0.273115,-0.854698,0.151949,0.184387,nan,nan,0,-0.0748677,0.899981,-0.0153437,-15.1648,0.452566,0.599529,nan,nan,0,-0.0547008,-0.348135,-0.398092,4.02546,-0.23735,nan,4.47461,5.68084,1,-0.0917773,-0.0825113,-0.956992,2.43081,-0.0458887,nan,2.53417,4.22253,1,0,0.253895,0.015981,0.030695,-0.966612,0.288053,0.049822,-0.162715,-0.40613,1.18169,9.20055
1786071339715597868,0,1,1.06911e-50,0.0252428,0,-0.0461276,0.0481957,-2.63444,0.36275,0.139915,-0.513072,-0.226343,0.442273,-0.0153437,2.0757,0.286828,0.43103,nan,nan,0,-0.499721,-0.0382543,0.0828552,-22.1001,-0.199861,-0.511174,nan,nan,0,-0.524795,-0.21965,0.00920582,-5.20146,-0.572397,-0.447989,nan,nan,0,-0.348473,0.383214,0.21174,-13.2112,0.315764,0.286273,nan,nan,0,-0.0388384,-0.219965,2.60752,-12.4518,-0.229419,nan,-4.24216,-6.13585,1,0.452361,0.0300607,2.183,1.09662,0.226181,nan,2.6091,4.88008,1,0.0575246,-0.543325,-0.340627,0.0732574,-0.371238,-0.445014,nan,nan,0,-0.224718,-0.122433,-0.297665,-1.14774,-0.162359,-0.178671,nan,nan,0,-0.256792,0.243811,-0.199466,-1.29426,0.181604,0.171702,nan,nan,0,-0.218065,0.896146,-0.555436,-18.486,0.380967,0.526097,nan,nan,0,-0.0738228,-0.348113,0.0700802,4.11064,-0.246911,nan,3.43695,5.23114,1,-0.133869,-0.0844989,-0.0419918,2.90381,-0.0669347,nan,0.589914,3.66117,1,0,0.251266,0.017535,0.028361,-0.967343,0.36275,0.139915,-0.513072,-1.14268,0.43998,9.98111
1786071339725532954,0,1,1.06911e-50,0.0252428,0,-0.044532,0.048625,-2.63711,0.329165,0.0822084,-0.534287,-0.290574,0.442081,-0.0276184,0.366302,0.254713,0.363057,nan,nan,0,-0.345956,-0.0367203,0.205604,-22.1001,-0.122978,-0.377604,nan,nan,0,-0.449617,-0.220993,-0.156505,-7.74115,-0.534808,-0.521548,nan,nan,0,-0.362015,0.385706,0.328352,-15.5067,0.308993,0.299674,nan,nan,0,0.0123608,-0.219965,2.60752,-12.4518,-0.20382,nan,-3.34618,-5.5059,1,0.365533,0.0300607,2.183,1.09662,0.182766,nan,1.30668,3.647,1,0.049325,-0.545818,-0.266977,1.48962,-0.375338,-0.397305,nan,nan,0,-0.160321,-0.124926,-0.26084,-2.27106,-0.130161,-0.177817,nan,nan,0,-0.234503,0.241893,-0.266977,-1.14774,0.192749,0.168539,nan,nan,0,-0.284139,0.887709,-1.07712,-19.6093,0.347931,0.448551,nan,nan,0,-0.0770758,-0.346098,0.439769,3.48401,-0.248538,nan,2.75497,4.27804,1,-0.153886,-0.0812798,0.71164,2.52225,-0.0769432,nan,-0.937364,2.07995,1,0,0.249965,0.01798,0.027619,-0.967693,0.329165,0.0822084,-0.534287,-0.191994,-1.14403,10.4298
1786071339735584550,0,1,1.06911e-50,0.0252428,0,-0.042435,0.048814,-2.6421,0.200287,0.0900577,-0.445522,-0.343179,0.441505,-0.046031,-1.29426,0.228411,0.298372,nan,nan,0,-0.109499,-0.0334606,0.395864,-18.7302,-0.00474936,-0.232059,nan,nan,0,-0.298379,-0.223677,-0.340627,-8.86447,-0.45919,-0.552146,nan,nan,0,-0.339895,0.389733,0.444963,-12.4298,0.320052,0.3087,nan,nan,0,0.0463572,-0.219965,2.60752,-12.4518,-0.186821,nan,-2.75124,-4.4358,1,0.305087,0.0300607,2.183,1.09662,0.152543,nan,0.399982,2.4086,1,0.0604086,-0.547927,-0.156505,2.3199,-0.369796,-0.374145,nan,nan,0,-0.055825,-0.127226,-0.230153,-1.68498,-0.0779125,-0.15938,nan,nan,0,-0.19894,0.238059,-0.395864,-0.708183,0.21053,0.177886,nan,nan,0,-0.307396,0.872944,-1.67859,-18.9744,0.336302,0.385537,nan,nan,0,-0.0375807,-0.337924,0.796298,3.08646,-0.22879,nan,2.62523,3.23239,1,-0.15571,-0.0668029,1.30276,1.6235,-0.0778551,nan,-2.28571,0.146433,1,0,0.247531,0.0184,0.026582,-0.96834,0.200287,0.0900577,-0.445522,0.303351,-1.71257,11.7665
1786071339745639506,0,1,1.06911e-50,0.0252428,0,-0.0412649,0.0493269,-2.646,0.126712,0.133972,-0.304537,-0.381943,0.44093,-0.0828552,-1.92918,0.209029,0.252471,nan,nan,0,-0.0253788,-0.0275164,0.604536,-13.1624,0.0373106,-0.104217,nan,nan,0,-0.114435,-0.227895,-0.573849,-8.32722,-0.367217,-0.526215,nan,nan,0,-0.335316,0.394719,0.512474,-12.1367,0.322342,0.314646,nan,nan,0,0.141574,-0.219965,2.60752,-12.4518,-0.139213,nan,-1.08495,-3.43998,1,0.253835,0.0300607,2.183,1.09662,0.126917,nan,-0.368795,1.26639,1,0.108108,-0.548311,0.00306892,2.5641,-0.345946,-0.367238,nan,nan,0,-0.0718039,-0.129144,-0.150367,-2.22222,-0.0859019,-0.123486,nan,nan,0,-0.214008,0.23384,-0.426551,-0.317459,0.202996,0.193267,nan,nan,0,-0.244753,0.852235,-2.24936,-18.6813,0.367623,0.347924,nan,nan,0,0.0257365,-0.329676,1.05607,2.31354,-0.197132,nan,3.05495,2.53306,1,-0.165844,-0.0533126,1.55111,-0.0743403,-0.0829222,nan,-3.21495,-1.54798,1,0,0.245635,0.018844,0.026042,-0.968829,0.126712,0.133972,-0.304537,-0.110329,-2.84476,11.8747
1786071339755726032,0,1,1.06911e-50,0.0252428,0,-0.040712,0.0515076,-2.64849,0.0155672,0.220063,-0.00180553,-0.382203,0.439588,-0.125817,-4.7619,0.208899,0.223115,nan,nan,0,-0.0169315,-0.0204215,0.739559,-5.44566,0.0415343,-0.0103026,nan,nan,0,0.091196,-0.236333,-0.659773,-7.15507,-0.264402,-0.45665,nan,nan,0,-0.34269,0.400663,0.524749,-11.1111,0.318655,0.319498,nan,nan,0,0.214739,-0.219965,2.60752,-12.4518,-0.102631,nan,0.195438,-2.31242,1,0.189711,0.0300607,2.183,1.09662,0.0948557,nan,-1.33065,0.308281,1,0.0506943,-0.547352,0.11968,3.15018,-0.374653,-0.359125,nan,nan,0,-0.0657077,-0.129911,-0.0521679,-1.8315,-0.0828539,-0.0948448,nan,nan,0,-0.18778,0.229813,-0.346765,0.0244217,0.21611,0.203111,nan,nan,0,-0.219942,0.825582,-2.80787,-15.5556,0.380029,0.343253,nan,nan,0,0.0846309,-0.315163,1.26672,2.01799,-0.167685,nan,3.26164,2.40192,1,-0.168692,-0.0335356,1.3475,-1.1125,-0.0843461,nan,-3.54556,-2.75101,1,0,0.244436,0.020001,0.026016,-0.969109,0.0155672,0.220063,-0.00180553,-0.548784,-3.10133,9.35233
1786071339765706432,0,1,1.18695e-66,0.0102428,0,-0.0402616,0.0528746,-2.64744,0.10551,0.0790851,0.238473,-0.214902,0.438054,-0.150367,-5.88522,0.292549,0.209168,nan,nan,0,-0.0113521,-0.0116005,0.837758,-4.22466,0.044324,0.0374412,nan,nan,0,0.248199,-0.24151,-0.530887,-5.39683,-0.1859,-0.361932,nan,nan,0,-0.396061,0.405265,0.463376,-9.20635,0.291969,0.320821,nan,nan,0,0.144011,-0.219965,2.60752,-12.4518,-0.137994,nan,-1.04229,-1.01829,1,0.109523,0.0300607,2.183,1.09662,0.0547614,nan,-2.53348,-0.574944,1,-0.0221879,-0.545434,0.230153,2.46642,-0.411094,-0.360071,nan,nan,0,-0.0912316,-0.129911,0.0276184,-0.415138,-0.0956158,-0.0824968,nan,nan,0,-0.184629,0.226745,-0.242428,0.0244217,0.217685,0.209721,nan,nan,0,-0.285605,0.794518,-3.23135,-14.7253,0.347198,0.358106,nan,nan,0,0.113955,-0.304726,1.44158,2.33797,-0.153023,nan,3.14727,2.629,1,-0.188684,-0.0275749,0.901537,-1.91459,-0.0943421,nan,-3.35532,-3.32975,1,0,0.244949,0.020705,0.025975,-0.968966,0.10551,0.0790851,0.238473,-0.543039,-0.633278,8.0954
1786071339775824283,0,1,1.18695e-66,0.0102428,0,-0.0382578,0.0543495,-2.64394,0.26154,0.199251,0.452209,-0.268926,0.436903,-0.107405,-7.4481,0.265537,0.232797,nan,nan,0,-0.275848,-0.00297213,0.899132,-2.41758,-0.087924,0.0516826,nan,nan,0,0.41303,-0.244578,-0.156505,-3.68742,-0.103485,-0.264996,nan,nan,0,-0.321949,0.4091,0.352901,-9.93895,0.329026,0.311477,nan,nan,0,0.259086,-0.219965,2.60752,-12.4518,-0.080457,nan,0.971512,-0.502212,1,0.102742,0.0300607,2.183,1.09662,0.0513708,nan,-2.6352,-1.5546,1,0.0648402,-0.542174,0.414276,0.512817,-0.36758,-0.379256,nan,nan,0,-0.0687129,-0.129144,0.107406,-0.463982,-0.0843564,-0.0837939,nan,nan,0,-0.154175,0.224636,-0.174916,0.122101,0.232912,0.215032,nan,nan,0,-0.213271,0.75751,-3.4523,-10.1832,0.383365,0.361944,nan,nan,0,0.262929,-0.290212,1.5941,2.53815,-0.0785354,nan,5.01755,2.81382,1,-0.179078,-0.0229522,0.261558,-2.41126,-0.0895392,nan,-2.38995,-3.36974,1,0,0.246634,0.021621,0.025222,-0.968538,0.26154,0.199251,0.452209,-1.00422,-0.080902,7.01084
1786071339785769130,0,1,1.18695e-66,0.0102428,0,-0.0340169,0.0577576,-2.63921,0.504743,0.35093,0.439321,-0.312105,0.436137,-0.046031,-6.91087,0.243947,0.259204,nan,nan,0,-0.40579,0.00565672,0.966643,-2.66178,-0.152895,0.00833228,nan,nan,0,0.246307,-0.242469,0.346765,-2.36874,-0.186847,-0.175734,nan,nan,0,-0.304894,0.411592,0.193329,-7.98535,0.337553,0.311651,nan,nan,0,0.274703,-0.219965,2.60752,-12.4518,-0.0726486,nan,1.24481,0.0127223,1,0.0908175,0.0300607,2.183,1.09662,0.0454088,nan,-2.81406,-2.30978,1,0.185202,-0.536422,0.635223,-0.757019,-0.307399,-0.385342,nan,nan,0,-0.0235001,-0.127226,0.224015,-0.903542,-0.0617501,-0.0862289,nan,nan,0,-0.121413,0.224252,0.0337563,-0.317459,0.249293,0.222628,nan,nan,0,-0.177794,0.722228,-3.51981,-7.30159,0.401103,0.367409,nan,nan,0,0.416486,-0.275737,1.76825,2.26377,-0.00175708,nan,6.93691,3.4539,1,-0.13934,-0.0282815,-0.479197,-2.48189,-0.06967,nan,-0.52286,-2.83195,1,0,0.248893,0.023739,0.023643,-0.967951,0.504743,0.35093,0.439321,-2.38667,2.04824,6.84104
1786071339795797873,0,1,1.18695e-66,0.0102428,0,-0.0267944,0.0619352,-2.63602,0.752626,0.215344,0.221352,-0.269128,0.436137,0.0214815,-6.12943,0.265436,0.261783,nan,nan,0,-0.366676,0.0160108,1.03416,-3.05251,-0.133338,-0.0708307,nan,nan,0,0.0864857,-0.235757,0.837758,-1.5873,-0.266757,-0.145654,nan,nan,0,-0.353191,0.412359,0.0767183,-9.01099,0.313404,0.322988,nan,nan,0,0.213803,-0.219965,2.60752,-12.4518,-0.103099,nan,0.179056,0.6978,1,0.0195404,0.0300607,2.183,1.09662,0.0097702,nan,-3.88321,-2.71492,1,0.154368,-0.529136,0.76411,0.317459,-0.322816,-0.358509,nan,nan,0,-0.218264,-0.12435,0.322214,-0.805862,-0.159132,-0.0787681,nan,nan,0,-0.197884,0.225403,0.14423,-0.463982,0.211058,0.234794,nan,nan,0,-0.182233,0.686563,-3.57505,-5.93407,0.398883,0.382382,nan,nan,0,0.40094,-0.259267,1.94039,2.68469,-0.00953006,nan,5.83021,4.82337,1,-0.178782,-0.0363585,-1.12056,-2.08367,-0.0893912,nan,0.0898669,-1.62679,1,0,0.250362,0.026627,0.020708,-0.967564,0.752626,0.215344,0.221352,-3.61477,1.90698,5.94832
1786071339805758198,0,1,1.18695e-66,0.0102428,0,-0.0183085,0.063867,-2.63474,0.873774,0.115261,0.0467102,-0.306013,0.436328,0.0153437,-5.20146,0.246994,0.260556,nan,nan,0,-0.177345,0.0252151,1.04643,-4.85959,-0.0386725,-0.124025,nan,nan,0,0.0100003,-0.228279,1.08325,-1.44078,-0.305,-0.184758,nan,nan,0,-0.343085,0.412551,0.0153437,-8.57143,0.318458,0.325091,nan,nan,0,0.145332,-0.219965,2.60752,-12.4518,-0.137334,nan,-1.01917,0.784993,1,-0.0402407,0.0300607,2.183,1.09662,-0.0201204,nan,-4.77993,-3.21246,1,-0.0215481,-0.522808,0.788659,1.68498,-0.410774,-0.33197,nan,nan,0,-0.19756,-0.121474,0.365176,-0.65934,-0.14878,-0.100215,nan,nan,0,-0.25707,0.22617,0.0767183,-0.122101,0.181465,0.232403,nan,nan,0,-0.265104,0.6578,-3.59346,1.48962,0.357448,0.394449,nan,nan,0,0.317091,-0.238629,2.13735,3.26984,-0.0514547,nan,3.34507,5.59217,1,-0.189711,-0.0449507,-1.62435,-1.40082,-0.0948554,nan,0.939382,-0.286153,1,0,0.250868,0.028613,0.016862,-0.967451,0.873774,0.115261,0.0467102,-0.114683,1.50559,6.8947
1786071339815731082,0,1,0,1.73472e-18,0,-0.00859849,0.0653839,-2.63499,1.05822,0.182091,-0.0961626,-0.32364,0.436137,-0.0214806,-4.66422,0.23818,0.256644,nan,nan,0,-0.129925,0.0372953,0.997331,-7.78999,-0.0149623,-0.110711,nan,nan,0,-0.0552311,-0.21524,1.01574,-2.71062,-0.337616,-0.247274,nan,nan,0,-0.312819,0.413126,0.0705805,-10.6227,0.333591,0.321514,nan,nan,0,0.0918837,-0.219965,2.60752,-12.4518,-0.164058,nan,-1.95453,0.115026,1,-0.0312271,0.0300607,2.183,1.09662,-0.0156136,nan,-4.64473,-3.95615,1,0.0678444,-0.513028,0.837758,1.88034,-0.366078,-0.349508,nan,nan,0,-0.113114,-0.116488,0.438826,-1.88034,-0.106557,-0.131052,nan,nan,0,-0.209892,0.226937,0.107406,-0.170937,0.205054,0.21171,nan,nan,0,-0.290892,0.615232,-3.53822,1.73382,0.344554,0.386062,nan,nan,0,0.296877,-0.217887,2.48736,4.25633,-0.0615617,nan,1.74036,4.77714,1,-0.113224,-0.0723804,-1.94283,-0.23748,-0.0566119,nan,3.3873,0.862456,1,0,0.250603,0.030566,0.012351,-0.967528,1.05822,0.182091,-0.0961626,0.699334,2.40919,8.03556
1786071339825666152,0,1,0,1.73472e-18,0,-0.00308593,0.0664176,-2.63565,1.13487,0.230116,-0.164929,-0.321947,0.435753,-0.0521679,-4.22466,0.239027,0.248063,nan,nan,0,-0.26117,0.0461159,1.01574,-12.1367,-0.080585,-0.0643473,nan,nan,0,-0.0937816,-0.206611,0.800934,-4.27351,-0.356891,-0.301644,nan,nan,0,-0.296541,0.414277,0.138092,-11.5507,0.341729,0.324078,nan,nan,0,0.0576778,-0.219965,2.60752,-12.4518,-0.181161,nan,-2.55313,-0.913684,1,-0.0057152,0.0300607,2.183,1.09662,-0.0028576,nan,-4.26205,-4.49893,1,0.160129,-0.5044,0.868444,2.3199,-0.319936,-0.369369,nan,nan,0,-0.0615033,-0.112078,0.5002,-2.22222,-0.0807516,-0.13351,nan,nan,0,-0.252703,0.228471,0.199466,-1.24542,0.183648,0.199369,nan,nan,0,-0.198162,0.580525,-3.40934,5.10378,0.390919,0.365808,nan,nan,0,0.367622,-0.188759,2.82372,3.69775,-0.0261892,nan,1.45435,2.96418,1,-0.0807373,-0.0924988,-1.89647,0.694021,-0.0403687,nan,4.40862,2.20929,1,0,0.250191,0.03176,0.009803,-0.967625,1.13487,0.230116,-0.164929,0.630119,2.72422,8.84896
1786071339835738347,0,1,0,1.73472e-18,0,0.0147424,0.0704391,-2.6388,1.21478,0.265739,-0.254259,-0.253318,0.434794,-0.09513,-4.12698,0.273341,0.241451,nan,nan,0,-0.232139,0.0583882,1.19987,-13.3089,-0.0660697,-0.0500033,nan,nan,0,-0.104067,-0.199516,0.696597,-6.81319,-0.362033,-0.338919,nan,nan,0,-0.288107,0.416194,0.217878,-11.5507,0.345946,0.332056,nan,nan,0,0.0073453,-0.219965,2.60752,-12.4518,-0.206327,nan,-3.43395,-1.87471,1,0.00267569,0.0300607,2.183,1.09662,0.00133784,nan,-4.13618,-4.5782,1,0.0390869,-0.495963,0.837758,2.27106,-0.380457,-0.357705,nan,nan,0,-0.00224197,-0.106326,0.549299,-2.5641,-0.051121,-0.112337,nan,nan,0,-0.345182,0.231347,0.224015,-1.53846,0.137409,0.192098,nan,nan,0,-0.206467,0.547352,-3.32955,7.54578,0.386767,0.365464,nan,nan,0,0.364377,-0.157536,2.94276,4.12072,-0.0278114,nan,0.126223,1.45798,1,-0.00252206,-0.104838,-1.70142,1.95224,-0.00126103,nan,5.65945,3.53828,1,0,0.248343,0.035937,0.001624,-0.968003,1.21478,0.265739,-0.254259,-1.33879,1.08611,9.29182
1786071339845623321,0,1,0,1.73472e-18,0,0.0264861,0.0728296,-2.64159,1.13095,0.172451,-0.232341,-0.265344,0.433452,-0.162642,-3.68742,0.267328,0.249797,nan,nan,0,-0.202337,0.0716186,1.29806,-6.2271,-0.0511684,-0.0568502,nan,nan,0,-0.06399,-0.193955,0.487926,-6.12943,-0.341995,-0.35849,nan,nan,0,-0.231175,0.419262,0.352901,-13.3577,0.374413,0.340211,nan,nan,0,0.0106732,-0.219965,2.60752,-12.4518,-0.204663,nan,-3.37571,-2.73,1,0.00342843,0.0300607,2.183,1.09662,0.00171421,nan,-4.12489,-4.40045,1,-0.0830503,-0.488293,0.708872,6.37363,-0.441525,-0.356057,nan,nan,0,0.132952,-0.10134,0.457238,-1.0989,0.0164759,-0.0817927,nan,nan,0,-0.358714,0.232306,0.187191,-2.41758,0.130643,0.171096,nan,nan,0,-0.242825,0.517056,-2.75877,-6.76434,0.368587,0.376552,nan,nan,0,0.356143,-0.140978,1.14829,11.4423,-0.0319284,nan,2.09429,0.615226,1,0.00935662,-0.113163,0.357967,-0.89066,0.00467831,nan,2.99828,4.57475,1,0,0.246754,0.038546,-0.003816,-0.968303,1.13095,0.172451,-0.232341,1.2533,0.40683,11.0894
1786071339855533765,0,1,0,1.73472e-18,0,0.0313321,0.0735538,-2.64268,0.750536,0.0914518,-0.227131,-0.425771,0.431918,-0.138092,-4.81075,0.187114,0.261307,nan,nan,0,-0.0340392,0.0831242,1.06484,-4.12698,0.0329804,-0.058023,nan,nan,0,-0.0357217,-0.194914,-0.402001,-2.61295,-0.327861,-0.35845,nan,nan,0,-0.208058,0.42444,0.592261,-12.0391,0.385971,0.354317,nan,nan,0,0.0299769,-0.219965,2.60752,-12.4518,-0.195012,nan,-3.0379,-3.26594,1,-0.0298326,0.0300607,2.183,1.09662,-0.0149163,nan,-4.62381,-4.22422,1,-0.062052,-0.481965,0.647498,1.88034,-0.431026,-0.387547,nan,nan,0,0.357596,-0.0973134,0.395864,0.122101,0.128798,-0.0369599,nan,nan,0,-0.337542,0.231539,-0.28539,-0.65934,0.141229,0.147178,nan,nan,0,-0.26591,0.492895,-2.28005,-1.00122,0.357045,0.378351,nan,nan,0,0.367243,-0.14521,-1.04236,6.77118,-0.0263785,nan,5.72266,1.32525,1,0.0350915,-0.0905892,2.72018,2.34835,0.0175458,nan,-0.83622,3.81921,1,0,0.246123,0.039491,-0.006094,-0.968414,0.750536,0.0914518,-0.227131,-0.934843,1.52582,16.862
1786071339865488337,0,1,0,0,0,0.0294676,0.0706234,-2.64229,-0.614291,0.108394,0.203203,-0.916249,0.430384,-0.187191,-3.98046,-0.0581243,0.240408,nan,nan,0,0.330405,0.0906024,0.71501,-0.952377,0.215203,-0.0271186,nan,nan,0,0.224016,-0.202201,-0.850034,-1.8315,-0.197992,-0.345416,nan,nan,0,-0.328677,0.428658,0.414276,-5.68987,0.325662,0.371291,nan,nan,0,0.163056,-0.219965,2.60752,-12.4518,-0.128472,nan,-0.709017,-3.33523,1,-0.103345,0.0300607,2.183,1.09662,-0.0516723,nan,-5.72649,-4.29721,1,0.0505349,-0.476404,0.610673,1.63614,-0.374733,-0.41831,nan,nan,0,0.786401,-0.0936699,0.389727,0.757019,0.3432,0.0373791,nan,nan,0,-0.0955839,0.22732,-0.518612,-0.610504,0.262208,0.13692,nan,nan,0,-0.109925,0.476404,-1.99773,0.268623,0.435037,0.370395,nan,nan,0,0.407083,-0.159736,-1.66393,3.21897,-0.00645854,nan,7.86058,3.61262,1,-0.130598,-0.0586569,3.05396,3.29187,-0.0652988,nan,-4.7802,1.3368,1,0,0.246383,0.037844,-0.005546,-0.968417,-0.614291,0.108394,0.203203,-7.3071,-7.31739,31.1326
1786071339875545488,0,1,0,0,0,0.0258157,0.0775818,-2.64596,-0.0647092,0.804848,-0.797548,-0.845165,0.428467,-0.187191,-5.59219,-0.0225827,0.129297,nan,nan,0,0.229104,0.0950122,0.359039,-0.415138,0.164552,0.0692471,nan,nan,0,-0.212012,-0.21198,-1.03416,-0.415138,-0.416006,-0.291826,nan,nan,0,-0.274043,0.431151,0.156505,-3.49207,0.352978,0.363108,nan,nan,0,0.34328,-0.219965,2.60752,-12.4518,-0.03836,nan,2.44491,-2.44017,1,-0.104301,0.0300607,2.183,1.09662,-0.0521505,nan,-5.74083,-4.83504,1,0.568595,-0.470268,0.629086,0.512817,-0.115702,-0.413154,nan,nan,0,1.2593,-0.0898352,0.408138,3.19902,0.57965,0.170918,nan,nan,0,-0.310981,0.221759,-0.512475,-0.952377,0.154509,0.175666,nan,nan,0,0.0499932,0.455887,-1.81361,3.63858,0.514997,0.387433,nan,nan,0,0.838296,-0.174151,-1.76226,2.73476,0.209148,nan,16.0589,6.1868,1,-0.0212589,-0.0353629,3.11229,1.83466,-0.0106295,nan,-3.92643,-1.8668,1,0,0.244598,0.040757,-0.002992,-0.968762,-0.0647092,0.804848,-0.797548,-2.0774,0.870049,13.1998
1786071339885538160,0,1,0,0,0,0.0251838,0.0849385,-2.65239,-0.0311066,0.49386,-0.664571,-0.37243,0.426357,-0.254703,-6.76434,0.213785,0.0218495,nan,nan,0,-0.188382,0.0975051,0.230153,-0.170937,-0.0441909,0.147784,nan,nan,0,-0.216595,-0.222335,-1.00961,0.610504,-0.418298,-0.303408,nan,nan,0,-0.275484,0.430959,-0.0644426,-2.61295,0.352258,0.351519,nan,nan,0,0.278546,-0.219965,2.60752,-12.4518,-0.0707271,nan,1.31206,-0.344109,1,-0.0283559,0.0300607,2.183,1.09662,-0.014178,nan,-4.60166,-5.40801,1,0.455044,-0.464324,0.592261,1.0989,-0.172478,-0.308778,nan,nan,0,0.900698,-0.0854249,0.457238,8.91331,0.400349,0.364989,nan,nan,0,-0.410274,0.221184,0.205604,-3.2967,0.104863,0.192657,nan,nan,0,0.171393,0.440547,-1.37785,-3.2967,0.575697,0.441239,nan,nan,0,1.01666,-0.186395,-0.804535,0.48024,0.298331,nan,18.1722,10.37,1,0.013534,-0.00855689,1.49965,1.56041,0.00676699,nan,-1.78976,-3.81873,1,0,0.241411,0.044236,-0.001925,-0.969412,-0.0311066,0.49386,-0.664571,-6.53948,1.10967,5.92357
1786071339895545638,0,1,0,0,0,0.0270224,0.0895929,-2.6658,0.0681885,0.118796,-0.56602,-0.226815,0.422522,-0.395864,-7.93651,0.286592,0.0508454,nan,nan,0,0.0305401,0.0998063,0.205604,0.463982,0.06527,0.107509,nan,nan,0,-0.154796,-0.23173,-0.751834,0.317459,-0.387398,-0.362483,nan,nan,0,-0.318663,0.429425,-0.181053,-4.71307,0.330668,0.349133,nan,nan,0,0.144945,-0.219965,2.60752,-12.4518,-0.137528,nan,-1.02596,1.16877,1,-0.0751982,0.0300607,2.183,1.09662,-0.0375991,nan,-5.30429,-5.34273,1,0.235468,-0.457996,0.573849,2.36874,-0.282266,-0.206793,nan,nan,0,0.554655,-0.0790973,0.647498,13.2601,0.227328,0.459445,nan,nan,0,-0.341241,0.225595,0.322214,-1.78266,0.139379,0.161887,nan,nan,0,-0.0628329,0.430959,-0.788659,-1.63614,0.458584,0.510224,nan,nan,0,0.911617,-0.1823,0.95566,6.15174,0.245809,nan,13.5503,14.5038,1,0.0598252,-0.0159527,-1.34272,-0.973887,0.0299126,nan,3.39004,-3.01642,1,0,0.234811,0.046697,-0.002565,-0.970915,0.0681885,0.118796,-0.56602,7.40165,-2.78887,9.05044
1786071339905533962,0,1,0,0,0,0.0246877,0.088208,-2.66799,-0.0220024,0.161404,-0.0381889,-0.306971,0.418112,-0.524749,-6.2271,0.246515,0.161934,nan,nan,0,-0.0961426,0.101724,0.23629,-0.268623,0.00192871,0.0582917,nan,nan,0,0.175313,-0.237867,-0.494062,-2.46642,-0.222344,-0.393976,nan,nan,0,-0.369156,0.426549,-0.328352,-2.95483,0.305422,0.343011,nan,nan,0,0.200941,-0.219965,2.60752,-12.4518,-0.109529,nan,-0.0460204,0.849253,1,-0.0632636,0.0300607,2.183,1.09662,-0.0316318,nan,-5.12527,-5.18923,1,0.813946,-0.452627,0.622948,4.17583,0.00697289,-0.200081,nan,nan,0,0.268431,-0.0718102,0.886857,12.4298,0.0842156,0.39663,nan,nan,0,-0.149226,0.225019,-0.156505,-1.14774,0.235387,0.137704,nan,nan,0,-0.00775841,0.425782,-0.346765,4.32234,0.486121,0.521291,nan,nan,0,0.85444,-0.167944,2.09504,10.4103,0.21722,nan,10.3382,15.3268,1,0.045851,-0.0442347,-2.73417,-1.38406,0.0229255,nan,6.11606,0.228912,1,0,0.233819,0.045749,-0.001645,-0.971201,-0.0220024,0.161404,-0.0381889,5.00082,-7.36707,7.97188
1786071339915659248,0,1,0,0,0,0.0258237,0.089281,-2.66865,0.309242,0.113913,-0.103729,-0.268665,0.411784,-0.573849,-4.7619,0.265668,0.237513,nan,nan,0,0.169404,0.104408,0.28539,-2.75946,0.134702,0.029455,nan,nan,0,0.00732069,-0.242469,-0.5002,-3.34554,-0.30634,-0.344882,nan,nan,0,-0.351104,0.422522,-0.395864,-4.37119,0.314448,0.327234,nan,nan,0,0.106794,-0.219965,2.60752,-12.4518,-0.156603,nan,-1.6936,0.160839,1,-0.101695,0.0300607,2.183,1.09662,-0.0508473,nan,-5.70174,-5.15176,1,0.43507,-0.445149,0.702735,5.05495,-0.182465,-0.145341,nan,nan,0,0.292766,-0.0603056,1.08325,14.823,0.0963828,0.251227,nan,nan,0,-0.29445,0.221759,-0.322214,-1.44078,0.162775,0.163716,nan,nan,0,-0.10672,0.424823,0.00920582,2.90598,0.43664,0.501875,nan,nan,0,0.975659,-0.139041,3.07249,12.0302,0.27783,nan,9.98172,13.1346,1,0.169607,-0.0719834,-3.17813,0.777992,0.0848035,nan,9.47081,3.88924,1,0,0.233459,0.046402,-0.002086,-0.971256,0.309242,0.113913,-0.103729,-0.535753,-0.72068,5.00271
1786071339925644521,0,1,0,0,0,0.0274209,0.0898756,-2.66943,0.338931,0.0911487,-0.216764,-0.353785,0.406991,-0.524749,-5.49451,0.223108,0.266486,nan,nan,0,0.0128385,0.107668,0.328352,-3.58974,0.0564192,0.0518694,nan,nan,0,-0.0933146,-0.245728,-0.273115,-3.10134,-0.356657,-0.299892,nan,nan,0,-0.308618,0.419262,-0.389727,-6.95971,0.335691,0.315613,nan,nan,0,0.122747,-0.219965,2.60752,-12.4518,-0.148626,nan,-1.41441,-0.644305,1,-0.0778606,0.0300607,2.183,1.09662,-0.0389303,nan,-5.34423,-5.31631,1,0.235608,-0.439013,0.659773,9.35287,-0.282196,-0.118704,nan,nan,0,0.223003,-0.0512934,0.935957,13.6508,0.0615015,0.13727,nan,nan,0,-0.488236,0.217733,-0.579986,0.317459,0.0658821,0.181573,nan,nan,0,0.0304121,0.426549,0.23629,1.97802,0.505206,0.473431,nan,nan,0,1.07903,-0.110118,2.86494,18.8339,0.329513,nan,11.0897,10.6863,1,0.152228,-0.0955308,-2.42292,0.801342,0.0761141,nan,8.78372,7.14742,1,0,0.233039,0.046876,-0.00281,-0.971332,0.338931,0.0911487,-0.216764,-1.50894,0.624934,8.02115
1786071339935545866,0,1,0,0,0,0.0309432,0.0885358,-2.67064,0.335158,-0.282116,0.021323,-0.291706,0.402389,-0.438826,-2.3199,0.254147,0.259358,nan,nan,0,0.0446599,0.11016,0.230153,-1.44078,0.0723299,0.0727785,nan,nan,0,0.00509131,-0.244961,0.168778,-2.36874,-0.307454,-0.308382,nan,nan,0,-0.301218,0.415619,-0.346765,-7.39927,0.339391,0.31913,nan,nan,0,0.0621098,-0.219965,2.60752,-12.4518,-0.178945,nan,-2.47557,-1.26988,1,-0.053858,0.0300607,2.183,1.09662,-0.026929,nan,-4.98419,-5.42945,1,0.0493026,-0.433452,0.524749,11.0134,-0.375349,-0.176364,nan,nan,0,0.040513,-0.0451574,0.432689,16.63,-0.0297435,0.0777859,nan,nan,0,-0.346408,0.208337,-0.991194,3.2967,0.136796,0.145277,nan,nan,0,-0.104148,0.429617,0.309939,1.8315,0.437926,0.470501,nan,nan,0,0.951413,-0.0977918,0.80132,18.5539,0.265706,nan,11.5205,10.2456,1,0.156136,-0.103282,0.435558,3.24033,0.0780682,nan,4.78716,8.44351,1,0,0.232383,0.046633,-0.004706,-0.971494,0.335158,-0.282116,0.021323,1.95629,-0.316062,13.3127
1786071339945609461,0,1,0,0,0,0.0312237,0.0848234,-2.67171,-0.0914518,-0.255193,-0.247217,-0.368779,0.397595,-0.475651,-1.44078,0.21561,0.249739,nan,nan,0,0.161977,0.111887,0.131955,-0.366302,0.130989,0.0751063,nan,nan,0,-0.0830545,-0.24477,-0.0583057,-1.5873,-0.351527,-0.318372,nan,nan,0,-0.374567,0.411976,-0.383589,-5.0061,0.302717,0.32928,nan,nan,0,0.100227,-0.219965,2.60752,-12.4518,-0.159886,nan,-1.80851,-1.83724,1,-0.0390802,0.0300607,2.183,1.09662,-0.0195401,nan,-4.76252,-5.29725,1,0.0177316,-0.42885,0.444963,5.93407,-0.391134,-0.27299,nan,nan,0,0.157151,-0.0447736,-0.0889931,11.5507,0.0285757,0.0257136,nan,nan,0,-0.367363,0.199516,-0.770247,0.854698,0.126318,0.120301,nan,nan,0,-0.154984,0.432302,0.297665,2.8083,0.412508,0.464967,nan,nan,0,0.664969,-0.0978264,-0.310888,12.8077,0.122484,nan,8.17721,11.206,1,0.122447,-0.0847751,2.02386,6.88811,0.0612237,nan,1.34417,6.78967,1,0,0.231905,0.04486,-0.0053,-0.971689,-0.0914518,-0.255193,-0.247217,-2.05471,-0.62089,22.469
1786071339955644978,0,1,0,0,0,0.030331,0.0825213,-2.67493,0.113006,-0.0534321,-0.267191,-0.692948,0.392417,-0.555436,-1.39194,0.0535261,0.236656,nan,nan,0,0.00484152,0.112845,0.125817,-2.51526,0.0524208,0.0932067,nan,nan,0,-0.0853618,-0.248221,-0.389727,-0.708183,-0.352681,-0.329758,nan,nan,0,-0.290066,0.407757,-0.432689,-3.2967,0.344967,0.324906,nan,nan,0,0.16012,-0.219965,2.60752,-12.4518,-0.12994,nan,-0.760397,-2.07094,1,-0.0238782,0.0300607,2.183,1.09662,-0.0119391,nan,-4.53449,-5.03787,1,0.344254,-0.42444,0.426551,3.68742,-0.227873,-0.351793,nan,nan,0,0.228679,-0.047842,-0.359039,7.78999,0.0643394,0.00472334,nan,nan,0,-0.364849,0.194914,-0.352901,-0.65934,0.127575,0.118958,nan,nan,0,0.0123152,0.434219,0.150367,3.24786,0.496158,0.442196,nan,nan,0,0.819308,-0.10399,-0.55405,11.0033,0.199654,nan,11.4586,10.8186,1,0.117366,-0.0584208,2.67904,5.84563,0.0586829,nan,-0.505454,3.73145,1,0,0.230386,0.04363,-0.005205,-0.972106,0.113006,-0.0534321,-0.267191,2.26227,-1.85897,11.7767
1786071339965641652,0,1,0,0,0,0.0344755,0.0834524,-2.67598,0.287194,0.0188457,0.0708859,-0.653627,0.385706,-0.604536,-2.27106,0.0731867,0.170387,nan,nan,0,-0.403861,0.115146,0.205604,-2.0757,-0.15193,0.0902212,nan,nan,0,-0.0717211,-0.250906,-0.150367,-2.66178,-0.345861,-0.343635,nan,nan,0,-0.252179,0.402772,-0.444963,-4.17583,0.363911,0.32668,nan,nan,0,0.109117,-0.219965,2.60752,-12.4518,-0.155441,nan,-1.65294,-1.65931,1,0.0101881,0.0300607,2.183,1.09662,0.00509407,nan,-4.0235,-4.76343,1,0.268705,-0.420221,0.365176,2.8083,-0.265647,-0.337358,nan,nan,0,0.139508,-0.0526357,-0.469513,4.0293,0.0197539,0.022922,nan,nan,0,-0.238389,0.190312,-0.518612,-0.21978,0.190806,0.12282,nan,nan,0,0.0451358,0.435753,0.125817,0.805862,0.512568,0.449256,nan,nan,0,0.940817,-0.108016,-0.560671,10.6983,0.260409,nan,13.7359,10.5821,1,0.208215,-0.0279368,2.76808,3.84913,0.104108,nan,-0.190794,0.854469,1,0,0.229772,0.044556,-0.007135,-0.972197,0.287194,0.0188457,0.0708859,-1.97624,0.196866,4.21036
1786071339975502925,0,1,0,0,0,0.0356295,0.0833314,-2.6754,0.191206,-0.0359685,0.16219,-0.536118,0.380146,-0.647498,-4.07815,0.131941,0.103104,nan,nan,0,-0.571167,0.11668,0.181053,-0.854698,-0.235584,0.00414502,nan,nan,0,-0.0442783,-0.252056,-0.168779,-2.17339,-0.332139,-0.349227,nan,nan,0,-0.233789,0.39817,-0.438826,-4.46886,0.373106,0.342325,nan,nan,0,0.0713414,-0.219965,2.60752,-12.4518,-0.174329,nan,-2.31402,-1.40735,1,0.0839923,0.0300607,2.183,1.09662,0.0419961,nan,-2.91644,-4.41476,1,0.127127,-0.417537,0.266977,3.05251,-0.336436,-0.292255,nan,nan,0,0.0206652,-0.0568542,-0.4511,4.17583,-0.0396674,0.0331504,nan,nan,0,-0.220657,0.184368,-0.659773,0.170937,0.199671,0.146703,nan,nan,0,-0.0241717,0.437095,0.113543,0.757019,0.477914,0.479386,nan,nan,0,0.822419,-0.114058,-0.608071,11.0846,0.20121,nan,11.9465,11.7356,1,0.251917,-0.00911571,2.01402,2.4853,0.125958,nan,1.0312,-0.528023,1,0,0.23003,0.044632,-0.007697,-0.972128,0.191206,-0.0359685,0.16219,-0.72583,-2.38277,3.57898
1786071339985699660,0,1,0,0,0,0.0365992,0.0827308,-2.67339,-0.0246277,-0.0657518,0.202665,-0.575488,0.373242,-0.708872,-4.71307,0.112256,0.0910313,nan,nan,0,-0.32381,0.117831,0.0889931,-2.71062,-0.111905,-0.120783,nan,nan,0,0.0428163,-0.252631,0.0337563,-3.58974,-0.288592,-0.34436,nan,nan,0,-0.206802,0.395294,-0.279252,-6.12943,0.386599,0.359812,nan,nan,0,0.15912,-0.219965,2.60752,-12.4518,-0.13044,nan,-0.777893,-1.67879,1,0.0628335,0.0300607,2.183,1.09662,0.0314168,nan,-3.23382,-3.77726,1,0.221704,-0.415044,0.230153,3.34554,-0.289148,-0.291067,nan,nan,0,0.154969,-0.0608807,-0.365176,3.24786,0.0274845,0.00984808,nan,nan,0,-0.186858,0.179191,-0.414276,0.268623,0.216571,0.177211,nan,nan,0,-0.101669,0.438246,0.131955,1.5873,0.439166,0.491733,nan,nan,0,0.68133,-0.120132,-0.56755,11.1657,0.130665,nan,9.62921,12.4812,1,0.183651,0.00121871,0.713034,1.13781,0.0918256,nan,1.64866,-0.043785,1,0,0.230997,0.04446,-0.008193,-0.971903,-0.0246277,-0.0657518,0.202665,-0.382767,-0.367593,4.74668
1786071339995656707,0,1,0,0,0,0.0353633,0.0805087,-2.6728,-0.0393504,-0.0949661,0.033334,-0.465136,0.365572,-0.776384,-5.15263,0.167432,0.10201,nan,nan,0,-0.297218,0.118406,0.0276184,-7.49695,-0.098609,-0.167586,nan,nan,0,-0.0551159,-0.252823,-0.0767183,-2.46642,-0.337558,-0.323087,nan,nan,0,-0.301945,0.393952,-0.0644426,-6.86203,0.339028,0.37491,nan,nan,0,0.207145,-0.219965,2.60752,-12.4518,-0.106427,nan,0.0625529,-1.55662,1,0.0341604,0.0300607,2.183,1.09662,0.0170802,nan,-3.66391,-3.30143,1,0.217734,-0.412935,0.21174,3.2967,-0.291133,-0.29779,nan,nan,0,0.275159,-0.0635653,-0.23629,1.68498,0.0875795,0.00172445,nan,nan,0,-0.225816,0.176507,-0.224015,0.708183,0.197092,0.201178,nan,nan,0,-0.14792,0.43978,0.193328,1.92918,0.41604,0.475254,nan,nan,0,0.610514,-0.122217,-0.26904,11.0668,0.0952569,nan,8.01514,11.6202,1,0.240591,0.00333774,-0.321985,0.984817,0.120295,nan,3.99171,1.18021,1,0,0.231339,0.04324,-0.007838,-0.97188,-0.0393504,-0.0949661,0.033334,-1.42756,3.14396,9.75935
1786071340005686544,0,1,0,0,0,0.0357942,0.0789505,-2.6723,0.0855654,-0.258751,-0.0638034,-0.382183,0.35656,-0.837758,-4.95727,0.208909,0.127791,nan,nan,0,-0.467179,0.117831,-0.0767183,-9.40171,-0.18359,-0.147363,nan,nan,0,-0.126998,-0.253782,-0.0705805,-2.3199,-0.373499,-0.316898,nan,nan,0,-0.269849,0.394719,0.131955,-4.81075,0.355075,0.368913,nan,nan,0,0.210831,-0.219965,2.60752,-12.4518,-0.104585,nan,0.127045,-0.86885,1,0.0384497,0.0300607,2.183,1.09662,0.0192248,nan,-3.59957,-3.29203,1,0.140018,-0.410442,0.23629,2.0757,-0.329991,-0.295897,nan,nan,0,0.228433,-0.0652909,-0.125817,1.48962,0.0642166,0.0319634,nan,nan,0,-0.270832,0.176507,0.14423,0.21978,0.174584,0.208219,nan,nan,0,-0.106114,0.442656,0.23629,1.14774,0.436943,0.445952,nan,nan,0,0.673024,-0.122281,0.0796202,9.90032,0.126512,nan,8.58834,9.80168,1,0.236461,-0.00372162,-0.835784,1.63103,0.11823,nan,4.91223,2.7891,1,0,0.231595,0.042535,-0.008218,-0.971847,0.0855654,-0.258751,-0.0638034,-1.63972,1.9979,10.415
1786071340015648202,0,1,0,0,0,0.0367096,0.076924,-2.67557,0.0904061,-0.226943,-0.551106,-0.332061,0.347931,-0.868444,-3.00366,0.23397,0.167189,nan,nan,0,-0.269559,0.116297,-0.162642,-8.13187,-0.0847795,-0.145796,nan,nan,0,-0.335533,-0.253015,0.0828552,-2.5641,-0.477767,-0.337528,nan,nan,0,-0.290926,0.396636,0.187191,-4.95727,0.344537,0.357898,nan,nan,0,0.206672,-0.219965,2.60752,-12.4518,-0.106664,nan,0.0542709,-0.220852,1,-0.00667021,0.0300607,2.183,1.09662,-0.00333511,nan,-4.27637,-3.45396,1,0.107558,-0.407949,0.26084,2.3199,-0.346221,-0.305767,nan,nan,0,0.3661,-0.0660582,-0.0337563,2.36874,0.13305,0.059336,nan,nan,0,-0.403361,0.179383,0.28539,-0.0244217,0.10832,0.196962,nan,nan,0,-0.155241,0.444957,0.217878,-0.317459,0.412379,0.430799,nan,nan,0,0.636034,-0.12232,0.28944,9.10829,0.108017,nan,7.62762,8.57034,1,0.244938,-0.016697,-0.902116,2.798,0.122469,nan,5.52816,4.2902,1,0,0.230013,0.041642,-0.008967,-0.972254,0.0904061,-0.226943,-0.551106,-0.113197,2.20188,8.44348
1786071340025583650,0,1,0,0,0,0.0369436,0.0757604,-2.67847,0.0624674,-0.30426,-0.572679,-0.216841,0.339303,-0.831621,-3.49207,0.29158,0.205662,nan,nan,0,-0.117019,0.114379,-0.224015,-8.86447,-0.00850946,-0.131741,nan,nan,0,-0.269862,-0.252248,0.0889931,-3.49207,-0.444931,-0.394158,nan,nan,0,-0.3253,0.398554,0.187191,-5.39683,0.32735,0.350354,nan,nan,0,0.155177,-0.219965,2.60752,-12.4518,-0.132411,nan,-0.846888,0.08283,1,-0.0107819,0.0300607,2.183,1.09662,-0.00539094,nan,-4.33805,-3.78563,1,0.180155,-0.405457,0.266977,1.97802,-0.309923,-0.325324,nan,nan,0,0.31094,-0.0656743,0.0521679,3.34554,0.10547,0.0907419,nan,nan,0,-0.37369,0.181684,0.199466,-0.122101,0.123155,0.161648,nan,nan,0,-0.195303,0.446682,0.187191,-2.0757,0.392349,0.422104,nan,nan,0,0.596353,-0.118262,0.341151,8.6041,0.0881767,nan,6.71363,7.88471,1,0.241547,-0.0228048,-0.629687,3.99757,0.120774,nan,5.25188,5.20034,1,0,0.228613,0.04109,-0.009275,-0.972605,0.0624674,-0.30426,-0.572679,-0.265123,2.27764,6.86626
1786071340035704686,0,1,0,0,0,0.0361279,0.0714875,-2.68744,-0.103896,-0.333052,-0.656155,-0.21525,0.332208,-0.770247,-2.5641,0.292375,0.247748,nan,nan,0,0.15524,0.112078,-0.266977,-7.4481,0.12762,-0.0800029,nan,nan,0,-0.304172,-0.252248,-0.0337563,-4.51771,-0.462086,-0.43857,nan,nan,0,-0.392165,0.40028,0.174916,-6.12943,0.293917,0.339976,nan,nan,0,0.130117,-0.219965,2.60752,-12.4518,-0.144942,nan,-1.28545,-0.151604,1,-0.0295873,0.0300607,2.183,1.09662,-0.0147937,nan,-4.62013,-4.12933,1,0.0137105,-0.403155,0.266977,1.53846,-0.393145,-0.328782,nan,nan,0,0.463932,-0.0650992,0.0767183,5.59219,0.181966,0.110475,nan,nan,0,-0.36331,0.182067,-0.0398932,-0.317459,0.128345,0.131567,nan,nan,0,-0.289029,0.448025,0.131955,-2.75946,0.345485,0.40856,nan,nan,0,0.438214,-0.116224,0.211514,8.97842,0.00910694,nan,4.0693,7.24856,1,0.170943,-0.0273742,-0.386504,4.66429,0.0854714,nan,3.96512,5.43363,1,0,0.224322,0.038877,-0.009544,-0.973692,-0.103896,-0.333052,-0.656155,-0.142296,1.34596,7.54315
1786071340046815180,0,1,0,0,0,0.0342515,0.0681909,-2.69449,-0.177939,-0.356465,-0.70213,-0.179127,0.324729,-0.64136,-1.78266,0.310436,0.27993,nan,nan,0,0.112436,0.108818,-0.273115,-6.95971,0.106218,0.0121283,nan,nan,0,-0.177478,-0.254549,-0.266977,-5.39683,-0.398739,-0.457955,nan,nan,0,-0.435145,0.401814,0.168778,-7.00854,0.272428,0.320288,nan,nan,0,0.137558,-0.219965,2.60752,-12.4518,-0.141221,nan,-1.15523,-0.694287,1,-0.0161381,0.0300607,2.183,1.09662,-0.00806904,nan,-4.41839,-4.40734,1,0.148415,-0.40028,0.266977,1.39194,-0.325792,-0.347237,nan,nan,0,0.529609,-0.0641403,0.0889931,6.66666,0.214804,0.137775,nan,nan,0,-0.314703,0.179766,-0.303802,-0.122101,0.152648,0.121838,nan,nan,0,-0.241824,0.449175,0.0889931,-3.58974,0.369088,0.382067,nan,nan,0,0.35099,-0.116239,-0.172225,8.81708,-0.0345048,nan,3.11902,6.01354,1,0.129971,-0.0285164,-0.101636,5.10324,0.0649855,nan,2.95751,4.8751,1,0,0.220961,0.03703,-0.009133,-0.974536,-0.177939,-0.356465,-0.70213,0.404349,2.97594,9.7796
1786071340055589405,0,1,0,0,0,0.033176,0.0665105,-2.69801,-0.17661,-0.351318,-0.681884,-0.0905222,0.319552,-0.543161,-1.29426,0.354739,0.299887,nan,nan,0,0.0549659,0.106709,-0.205604,-4.85959,0.077483,0.0845334,nan,nan,0,-0.148375,-0.257808,-0.457238,-4.90842,-0.384188,-0.444066,nan,nan,0,-0.460487,0.403156,0.131955,-8.03419,0.259757,0.295456,nan,nan,0,0.118806,-0.219965,2.60752,-12.4518,-0.150597,nan,-1.48339,-1.07659,1,-0.0316034,0.0300607,2.183,1.09662,-0.0158017,nan,-4.65037,-4.51495,1,0.0678625,-0.397787,0.273115,1.05006,-0.366069,-0.352569,nan,nan,0,0.651613,-0.0633736,0.0767183,9.54823,0.275807,0.177062,nan,nan,0,-0.300874,0.176123,-0.444963,0.0244217,0.159563,0.130606,nan,nan,0,-0.254639,0.449559,0.0276184,-5.29915,0.36268,0.365226,nan,nan,0,0.365635,-0.118304,-0.444184,7.59257,-0.0271824,nan,3.85552,4.54403,1,0.151353,-0.0269961,-0.00721552,4.74742,0.0756763,nan,3.09099,3.88018,1,0,0.219286,0.036077,-0.008859,-0.974953,-0.17661,-0.351318,-0.681884,0.535376,2.67656,10.304
1786071340065579819,0,1,0,0,0,0.030266,0.0630475,-2.70489,-0.313044,-0.321015,-0.662791,-0.081846,0.314758,-0.444963,-0.903542,0.359077,0.324378,nan,nan,0,0.0375142,0.105367,-0.0705805,-3.7851,0.0687571,0.103491,nan,nan,0,-0.116153,-0.263753,-0.64136,-3.58974,-0.368076,-0.413538,nan,nan,0,-0.483575,0.403923,0.0276184,-8.27839,0.248212,0.273894,nan,nan,0,0.13441,-0.219965,2.60752,-12.4518,-0.142795,nan,-1.21031,-1.31461,1,-0.0249995,0.0300607,2.183,1.09662,-0.0124997,nan,-4.55131,-4.56873,1,0.170315,-0.39491,0.316077,-0.268623,-0.314843,-0.353635,nan,nan,0,0.713549,-0.0631819,0.00920582,10.5739,0.306775,0.225178,nan,nan,0,-0.212836,0.171521,-0.438826,0.170937,0.203582,0.145974,nan,nan,0,-0.239173,0.449367,-0.0521679,-7.25275,0.370413,0.360966,nan,nan,0,0.259075,-0.126525,-0.721315,5.50567,-0.0804623,nan,2.69416,3.85728,1,0.0980218,-0.0300673,0.00760806,3.57355,0.0490109,nan,2.36093,3.2145,1,0,0.216023,0.034043,-0.007939,-0.975762,-0.313044,-0.321015,-0.662791,0.072405,0.449479,10.763
1786071340075659836,0,1,0,0,0,0.0270998,0.0611739,-2.71151,-0.255324,-0.148233,-0.630424,-0.0554309,0.310924,-0.359039,-0.463982,0.372285,0.346769,nan,nan,0,-0.000387177,0.10575,0.0644436,-2.3199,0.0498064,0.0923835,nan,nan,0,-0.100113,-0.269697,-0.549299,-2.90598,-0.360057,-0.386357,nan,nan,0,-0.515983,0.403347,-0.0889931,-11.0134,0.232009,0.257873,nan,nan,0,0.133671,-0.219965,2.60752,-12.4518,-0.143164,nan,-1.22324,-1.36703,1,-0.0297322,0.0300607,2.183,1.09662,-0.0148661,nan,-4.6223,-4.59005,1,0.260266,-0.391459,0.340627,0.122101,-0.269867,-0.343259,nan,nan,0,0.613504,-0.0629902,0.0153437,11.9414,0.256752,0.271842,nan,nan,0,-0.180574,0.166535,-0.512475,1.24542,0.219713,0.170784,nan,nan,0,-0.228068,0.4486,-0.0828552,-7.49695,0.375966,0.363305,nan,nan,0,0.265985,-0.134792,-1.01374,4.39534,-0.0770073,nan,3.54308,3.46907,1,0.0595047,-0.0287534,0.000216537,3.04185,0.0297523,nan,1.75485,2.74119,1,0,0.212862,0.032765,-0.006706,-0.976509,-0.255324,-0.148233,-0.630424,-0.673248,2.14613,8.75352
1786071340085624641,0,1,0,0,0,0.0244854,0.0604474,-2.7173,-0.257052,-0.0897399,-0.537359,-0.0904194,0.307856,-0.279252,0.170937,0.35479,0.362552,nan,nan,0,-0.00334701,0.106517,0.113543,-1.78266,0.0483265,0.0718471,nan,nan,0,-0.11075,-0.274299,-0.444963,-2.27106,-0.365375,-0.36812,nan,nan,0,-0.524965,0.401622,-0.174916,-12.5763,0.227517,0.243921,nan,nan,0,0.152115,-0.219965,2.60752,-12.4518,-0.133942,nan,-0.900476,-1.30589,1,-0.0259683,0.0300607,2.183,1.09662,-0.0129842,nan,-4.56584,-4.59909,1,0.242125,-0.388007,0.365176,-0.415138,-0.278937,-0.312092,nan,nan,0,0.506355,-0.0629902,0.0214815,12.8205,0.203177,0.284042,nan,nan,0,-0.141174,0.161742,-0.432689,2.02686,0.239413,0.198308,nan,nan,0,-0.212552,0.447833,-0.0889931,-7.64347,0.383724,0.369208,nan,nan,0,0.252934,-0.147163,-1.24903,4.41311,-0.0835332,nan,4.10057,3.43409,1,0.0265603,-0.0284158,-0.00182271,2.90617,0.0132802,nan,1.25361,2.20979,1,0,0.210086,0.032116,-0.0056,-0.977139,-0.257052,-0.0897399,-0.537359,-1.26417,0.732745,7.76802
1786071340095615788,0,1,0,0,0,0.0221072,0.0604542,-2.72286,-0.120546,0.0162734,-0.546977,-0.18166,0.305363,-0.224015,0.854698,0.30917,0.365399,nan,nan,0,-0.0188583,0.108051,0.162642,-2.41758,0.0405708,0.0554687,nan,nan,0,-0.0765009,-0.278134,-0.297665,-2.22222,-0.34825,-0.361391,nan,nan,0,-0.476697,0.399512,-0.242428,-11.9902,0.251651,0.23324,nan,nan,0,0.173339,-0.219965,2.60752,-12.4518,-0.12333,nan,-0.529058,-1.14431,1,-0.0493241,0.0300607,2.183,1.09662,-0.024662,nan,-4.91618,-4.59519,1,0.280704,-0.384172,0.395864,0.366302,-0.259648,-0.286569,nan,nan,0,0.568639,-0.0626063,0.0521679,13.3577,0.23432,0.25618,nan,nan,0,-0.214491,0.159441,-0.11968,1.48962,0.202754,0.221899,nan,nan,0,-0.177395,0.446875,-0.0828552,-7.49695,0.401302,0.376546,nan,nan,0,0.334586,-0.159609,-1.55968,4.82345,-0.0427071,nan,6.43109,3.84254,1,0.0358838,-0.0294422,-0.31221,2.8181,0.0179419,nan,1.88984,1.72338,1,0,0.207405,0.031857,-0.004526,-0.977725,-0.120546,0.0162734,-0.546977,-0.433628,1.79845,7.8016
1786071340105681444,0,1,0,0,0,0.0220885,0.0617164,-2.73096,0.0667256,-0.0384027,-0.52525,0.0398288,0.303254,-0.168779,1.24542,0.419914,0.346269,nan,nan,0,-0.141866,0.109969,0.174916,-2.71062,-0.0209328,0.0452895,nan,nan,0,-0.127479,-0.279093,0.00920582,-2.95483,-0.373739,-0.356207,nan,nan,0,-0.532252,0.396444,-0.291528,-13.2112,0.223874,0.235603,nan,nan,0,0.135562,-0.219965,2.60752,-12.4518,-0.142219,nan,-1.19016,-0.865301,1,-0.0398148,0.0300607,2.183,1.09662,-0.0199074,nan,-4.77354,-4.69342,1,0.247749,-0.379378,0.432689,1.0989,-0.276126,-0.270351,nan,nan,0,0.433403,-0.0616479,0.09513,11.746,0.166702,0.23321,nan,nan,0,-0.255764,0.160399,0.131955,1.78266,0.182118,0.22431,nan,nan,0,-0.201483,0.446299,-0.046031,-7.69231,0.389259,0.387568,nan,nan,0,0.345299,-0.178315,-1.87262,4.38944,-0.0373506,nan,7.74269,5.08067,1,0.0665157,-0.0367613,-0.903248,2.31486,0.0332578,nan,3.45545,1.76962,1,0,0.203434,0.032454,-0.004517,-0.97854,0.0667256,-0.0384027,-0.52525,-2.36423,1.18605,8.70967
1786071340115652790,0,1,0,0,0,0.0225125,0.061808,-2.73347,0.118422,-0.0560694,-0.478966,0.0890507,0.301911,-0.14423,1.0989,0.444525,0.359392,nan,nan,0,-0.10405,0.111311,0.174916,-2.90598,-0.00202504,0.0205135,nan,nan,0,-0.113015,-0.278709,0.0583057,-2.95483,-0.366508,-0.359295,nan,nan,0,-0.563059,0.39376,-0.322214,-12.8694,0.208471,0.235026,nan,nan,0,0.122508,-0.219965,2.60752,-12.4518,-0.148746,nan,-1.4186,-0.847056,1,-0.0376553,0.0300607,2.183,1.09662,-0.0188276,nan,-4.74115,-4.7808,1,0.322323,-0.375544,0.444963,1.19658,-0.238838,-0.266395,nan,nan,0,0.288481,-0.060689,0.125817,10.9646,0.0942404,0.205995,nan,nan,0,-0.201687,0.161742,0.187191,1.48962,0.209156,0.207604,nan,nan,0,-0.205342,0.446107,-0.0214815,-5.93407,0.387329,0.393107,nan,nan,0,0.324272,-0.197065,-2.01149,5.38068,-0.0478639,nan,8.23927,6.68726,1,0.053285,-0.0506423,-1.33475,2.29976,0.0266425,nan,4.32067,2.57091,1,0,0.202197,0.032536,-0.004756,-0.978792,0.118422,-0.0560694,-0.478966,-2.33903,1.28267,9.58295
1786071340125685060,0,1,0,0,0,0.0241993,0.0625943,-2.73754,0.197704,0.113925,-0.295016,-0.0533182,0.300761,-0.11968,2.02686,0.373341,0.400305,nan,nan,0,-0.0929906,0.113037,0.131955,-2.75946,0.00350472,0.000188893,nan,nan,0,0.00633071,-0.277942,0.107406,-3.2967,-0.306835,-0.364684,nan,nan,0,-0.483063,0.3905,-0.316077,-12.8205,0.248468,0.224462,nan,nan,0,0.129368,-0.219965,2.60752,-12.4518,-0.145316,nan,-1.29855,-1.08604,1,-0.0573838,0.0300607,2.183,1.09662,-0.0286919,nan,-5.03708,-4.78864,1,0.476286,-0.370942,0.438826,2.0757,-0.161857,-0.257923,nan,nan,0,0.285631,-0.0595384,0.09513,12.9182,0.0928153,0.156392,nan,nan,0,-0.168602,0.163659,0.242428,0.805862,0.225699,0.199794,nan,nan,0,-0.136787,0.446107,0.0583057,-8.57143,0.421607,0.392007,nan,nan,0,0.461656,-0.213723,-1.708,4.45675,0.0208278,nan,10.7713,7.88856,1,0.0725252,-0.0624746,-1.30113,1.97875,0.0362626,nan,4.91381,3.64975,1,0,0.200172,0.03308,-0.005569,-0.979186,0.197704,0.113925,-0.295016,-2.59034,0.738101,9.31759
1786071340135659848,0,1,0,0,0,0.0260589,0.0650985,-2.73975,-0.22071,-0.0773188,0.0289093,-0.043285,0.299418,-0.107405,2.90598,0.378358,0.408941,nan,nan,0,-0.0215918,0.113804,0.0828552,-4.56654,0.0392041,-0.00396862,nan,nan,0,0.116599,-0.277175,-0.0153437,-2.51526,-0.2517,-0.347351,nan,nan,0,-0.46623,0.387623,-0.205604,-16.8254,0.256885,0.227031,nan,nan,0,0.159174,-0.219965,2.60752,-12.4518,-0.130413,nan,-0.776938,-1.26809,1,-0.0785162,0.0300607,2.183,1.09662,-0.0392581,nan,-5.35406,-4.86413,1,0.26653,-0.366531,0.402001,2.66178,-0.266735,-0.221635,nan,nan,0,0.387617,-0.0593467,0.00920582,8.03419,0.143809,0.113293,nan,nan,0,-0.0392346,0.163276,-0.28539,3.2967,0.290383,0.208048,nan,nan,0,-0.193147,0.448409,0.26084,-9.15751,0.393426,0.400519,nan,nan,0,0.343456,-0.226203,-0.991877,5.41937,-0.0382719,nan,8.06542,9.1378,1,0.036037,-0.0713635,-0.658502,2.47282,0.0180185,nan,3.66921,4.4178,1,0,0.199034,0.034485,-0.006266,-0.979365,-0.22071,-0.0773188,0.0289093,-3.70131,1.96588,15.8383
1786071340145883129,0,1,0,0,0,0.0243649,0.0636535,-2.73684,-0.0286535,0.0950635,0.423891,-0.184041,0.29846,-0.101268,3.24786,0.30798,0.394938,nan,nan,0,-0.223439,0.114379,0.0337563,-4.27351,-0.0617193,0.0100899,nan,nan,0,0.318315,-0.27775,-0.0644426,-1.88034,-0.150843,-0.304956,nan,nan,0,-0.362188,0.385706,-0.181053,-13.7973,0.308906,0.241099,nan,nan,0,0.23709,-0.219965,2.60752,-12.4518,-0.0914549,nan,0.586587,-1.15453,1,-0.0678085,0.0300607,2.183,1.09662,-0.0339042,nan,-5.19345,-5.07065,1,0.334007,-0.362888,0.377452,3.5409,-0.232996,-0.217342,nan,nan,0,0.34713,-0.0593467,-0.00920582,6.81319,0.123565,0.10924,nan,nan,0,-0.0213392,0.159441,-0.322214,2.5641,0.29933,0.239839,nan,nan,0,-0.123018,0.451477,0.291528,-6.47131,0.428491,0.403912,nan,nan,0,0.410359,-0.232441,-0.221414,6.30829,-0.00482037,nan,8.29884,9.20648,1,0.0391491,-0.0754306,0.17061,3.34817,0.0195745,nan,2.59424,4.24984,1,0,0.200499,0.033617,-0.005532,-0.979101,-0.0286535,0.0950635,0.423891,2.67161,-5.64963,17.9931
1786071340155806452,0,1,0,0,0,0.0243515,0.0663041,-2.73302,0.00203891,0.416826,0.346728,-0.252585,0.297309,-0.113543,3.63858,0.273707,0.360364,nan,nan,0,-0.359947,0.114763,0.0398932,-3.88278,-0.129974,-0.00511545,nan,nan,0,0.253655,-0.278326,0.00306892,-1.48962,-0.183173,-0.235605,nan,nan,0,-0.304532,0.383405,-0.230153,-11.6972,0.337734,0.26931,nan,nan,0,0.344605,-0.219965,2.60752,-12.4518,-0.0376976,nan,2.46809,-0.49243,1,-0.0689131,0.0300607,2.183,1.09662,-0.0344566,nan,-5.21002,-5.2086,1,0.407884,-0.359053,0.371314,3.7851,-0.196058,-0.229615,nan,nan,0,0.38394,-0.0593467,0.0276184,5.83639,0.14197,0.118773,nan,nan,0,-0.083368,0.158674,0.046031,2.27106,0.268316,0.275367,nan,nan,0,-0.042772,0.453778,0.193328,-5.49451,0.468614,0.411065,nan,nan,0,0.505203,-0.228279,0.521147,6.35159,0.0426013,nan,8.69908,8.48727,1,0.0564548,-0.0654914,1.0345,3.08893,0.0282274,nan,1.25982,3.25422,1,0,0.202346,0.034923,-0.005192,-0.978677,0.00203891,0.416826,0.346728,-1.39151,5.54342,11.1479
1786071340165911594,0,1,0,0,0,0.0246153,0.0698027,-2.73075,-0.0036124,0.215714,0.0887831,-0.0928612,0.296158,-0.107405,2.27106,0.353569,0.315124,nan,nan,0,-0.365083,0.114954,0.0276184,-5.25031,-0.132542,-0.0589738,nan,nan,0,0.0935179,-0.276217,0.291528,-0.21978,-0.263241,-0.187589,nan,nan,0,-0.36042,0.381296,-0.217878,-9.54823,0.30979,0.305038,nan,nan,0,0.367009,-0.219965,2.60752,-12.4518,-0.0264956,nan,2.86016,0.814519,1,-0.0653157,0.0300607,2.183,1.09662,-0.0326578,nan,-5.15605,-5.23996,1,0.326412,-0.35541,0.365176,2.41758,-0.236794,-0.222346,nan,nan,0,0.37559,-0.0587716,0.0889931,5.49451,0.137795,0.129438,nan,nan,0,-0.12636,0.160783,0.291528,2.75946,0.24682,0.285702,nan,nan,0,-0.0573878,0.455312,0.113543,-3.83395,0.461306,0.434447,nan,nan,0,0.500058,-0.217841,1.13192,7.2262,0.0400288,nan,7.32757,8.08412,1,0.081412,-0.0481933,1.69006,2.80968,0.040706,nan,0.131895,1.92715,1,0,0.203421,0.036667,-0.004924,-0.978391,-0.0036124,0.215714,0.0887831,-2.89926,-2.15978,6.34512
1786071340175738107,0,1,0,0,0,0.0246298,0.0721475,-2.73045,-0.00123227,0.20145,-0.0468854,-0.10421,0.295008,-0.138092,2.0757,0.347895,0.309641,nan,nan,0,-0.428994,0.115146,0.0337563,-6.95971,-0.164497,-0.108041,nan,nan,0,0.0600663,-0.27219,0.530887,0.268623,-0.279967,-0.199814,nan,nan,0,-0.382576,0.379762,-0.113543,-9.30403,0.298712,0.320756,nan,nan,0,0.392646,-0.219965,2.60752,-12.4518,-0.0136771,nan,3.30881,2.07753,1,-0.0810405,0.0300607,2.183,1.09662,-0.0405202,nan,-5.39193,-5.2158,1,0.402929,-0.352342,0.322214,4.7619,-0.198536,-0.220767,nan,nan,0,0.321883,-0.057621,0.131955,6.71551,0.110941,0.136799,nan,nan,0,-0.156802,0.16481,0.426551,2.46642,0.231599,0.272605,nan,nan,0,-0.0328173,0.455695,0.046031,-2.22222,0.473591,0.454655,nan,nan,0,0.466665,-0.205292,1.19454,8.66438,0.0233324,nan,6.21005,7.63871,1,0.0786393,-0.0307645,1.37984,3.01151,0.0393197,nan,0.0327707,0.727997,1,0,0.203544,0.037816,-0.004686,-0.978323,-0.00123227,0.20145,-0.0468854,-0.275,-0.547222,5.4424
1786071340185651448,0,1,0,0,0,0.024532,0.073027,-2.73096,-0.0250025,0.136878,-0.168496,-0.114843,0.293283,-0.187191,1.97802,0.342579,0.328132,nan,nan,0,-0.3291,0.115338,-0.00306892,-7.69231,-0.11455,-0.142361,nan,nan,0,-0.0106712,-0.263561,0.892995,-0.757019,-0.315336,-0.239625,nan,nan,0,-0.403921,0.379762,0.0767183,-9.89011,0.28804,0.315539,nan,nan,0,0.387954,-0.219965,2.60752,-12.4518,-0.0160231,nan,3.2267,2.91708,1,-0.0859067,0.0300607,2.183,1.09662,-0.0429534,nan,-5.46492,-5.25735,1,0.375342,-0.349657,0.248566,5.0061,-0.212329,-0.215877,nan,nan,0,0.296347,-0.0562787,0.113543,8.71795,0.0981736,0.130315,nan,nan,0,-0.157963,0.170178,0.592261,1.29426,0.231018,0.251734,nan,nan,0,-0.0851051,0.456079,0.0276184,-0.561661,0.447447,0.466794,nan,nan,0,0.399361,-0.19901,0.624267,9.82159,-0.0103193,nan,5.66779,6.9784,1,0.0825723,-0.0301186,-0.201675,3.18822,0.0412862,nan,2.44466,0.306111,1,0,0.203288,0.038235,-0.004558,-0.978361,-0.0250025,0.136878,-0.168496,-0.723884,0.458394,7.26815
1786071340195556839,0,1,0,0,0,0.0228913,0.0729819,-2.73732,-0.127855,-0.0437245,-0.65284,-0.0846225,0.290598,-0.279252,3.15018,0.357689,0.340694,nan,nan,0,-0.147252,0.114571,-0.107405,-8.37607,-0.0236262,-0.145177,nan,nan,0,-0.255073,-0.255891,0.678185,-1.68498,-0.437536,-0.281023,nan,nan,0,-0.488875,0.381871,0.217878,-8.71795,0.245563,0.302391,nan,nan,0,0.403729,-0.219965,2.60752,-12.4518,-0.0081357,nan,3.50276,3.28873,1,-0.0871732,0.0300607,2.183,1.09662,-0.0435866,nan,-5.48392,-5.35769,1,0.308798,-0.347931,0.113543,5.83639,-0.245601,-0.210692,nan,nan,0,0.461428,-0.0558953,0.0276184,8.57143,0.180714,0.115211,nan,nan,0,-0.239357,0.175356,0.359039,1.68498,0.190322,0.236431,nan,nan,0,-0.101089,0.456462,0.0337563,0.268623,0.439455,0.464578,nan,nan,0,0.3202,-0.194957,0.296668,7.07333,-0.0498998,nan,4.63199,6.38104,1,0.0669034,-0.0453336,-1.64036,1.41704,0.0334517,nan,4.82409,1.42014,1,0,0.200207,0.038034,-0.003881,-0.979007,-0.127855,-0.0437245,-0.65284,0.824058,1.8556,13.0756
1786071340205620140,0,1,0,0,0,0.0207555,0.0736804,-2.74443,-0.133701,0.210033,-0.737832,-0.415083,0.287913,-0.28539,2.17339,0.192458,0.349214,nan,nan,0,-0.151621,0.113037,-0.156505,-9.59707,-0.0258105,-0.101163,nan,nan,0,-0.140371,-0.251481,0.432689,-2.61295,-0.380185,-0.347667,nan,nan,0,-0.373053,0.383789,0.21174,-8.42491,0.303473,0.278419,nan,nan,0,0.537809,-0.219965,2.60752,-12.4518,0.0589046,nan,5.84917,3.44387,1,-0.115487,0.0300607,2.183,1.09662,-0.0577437,nan,-5.90863,-5.44222,1,0.431987,-0.347356,0.0705805,4.37119,-0.184006,-0.220921,nan,nan,0,0.593795,-0.0558953,-0.00306892,6.95971,0.246898,0.130137,nan,nan,0,-0.26119,0.177274,0.181053,1.3431,0.179405,0.216766,nan,nan,0,0.0457768,0.456846,0.0398932,0.65934,0.512888,0.453153,nan,nan,0,0.427429,-0.192939,0.294276,6.48409,0.00371442,nan,6.44145,5.62489,1,0.0507253,-0.0601597,-1.83017,1.34354,0.0253627,nan,5.31092,3.39271,1,0,0.196759,0.038152,-0.002901,-0.979704,-0.133701,0.210033,-0.737832,0.602289,0.278322,10.8697
1786071340215634170,0,1,0,0,0,0.0194081,0.0763143,-2.75166,-0.0301798,0.289322,-0.711225,-0.335594,0.285229,-0.217878,1.3431,0.232203,0.301798,nan,nan,0,-0.27836,0.111695,-0.11968,-9.30403,-0.0891801,-0.053033,nan,nan,0,-0.158341,-0.248029,0.279252,-4.61539,-0.389171,-0.389611,nan,nan,0,-0.357171,0.385514,0.09513,-10.1343,0.311415,0.275228,nan,nan,0,0.543184,-0.219965,2.60752,-12.4518,0.0615919,nan,5.94322,4.27443,1,-0.0794772,0.0300607,2.183,1.09662,-0.0397386,nan,-5.36848,-5.62032,1,0.368155,-0.346589,0.0705805,3.5409,-0.215922,-0.215626,nan,nan,0,0.546293,-0.0558953,0.00306892,7.88766,0.223147,0.180217,nan,nan,0,-0.247009,0.18015,0.297665,0.21978,0.186495,0.19539,nan,nan,0,0.0770957,0.456654,-0.0337563,0.415138,0.528548,0.467542,nan,nan,0,0.54062,-0.188783,0.314316,5.93863,0.0603102,nan,8.24677,5.5284,1,0.058599,-0.0741476,-1.39362,2.11012,0.0292995,nan,5.19384,4.86003,1,0,0.193219,0.039302,-0.002123,-0.980365,-0.0301798,0.289322,-0.711225,-0.064403,1.17179,5.61878
1786071340225680613,0,1,0,0,0,0.0188155,0.078767,-2.75865,0.00877326,0.132977,-0.66724,-0.218842,0.283503,-0.14423,0.170937,0.290579,0.249352,nan,nan,0,-0.311489,0.111119,-0.00306892,-9.01099,-0.105744,-0.0485387,nan,nan,0,-0.126108,-0.246112,0.168778,-5.54334,-0.373054,-0.398054,nan,nan,0,-0.340806,0.385898,0.046031,-10.9646,0.319597,0.290997,nan,nan,0,0.572212,-0.219965,2.60752,-12.4518,0.0761058,nan,6.45121,5.28573,1,-0.0392693,0.0300607,2.183,1.09662,-0.0196347,nan,-4.76536,-5.62882,1,0.293845,-0.346014,0.0521679,4.17583,-0.253077,-0.2092,nan,nan,0,0.388232,-0.0558953,0.00306892,10.1832,0.144116,0.21741,nan,nan,0,-0.242438,0.183026,0.26084,-0.21978,0.188781,0.184609,nan,nan,0,0.0826025,0.456271,-0.0276184,1.5873,0.531301,0.498531,nan,nan,0,0.533804,-0.188775,-0.0914329,7.07902,0.0569022,nan,8.73586,6.5909,1,0.0362702,-0.0803948,0.0843236,2.75689,0.0181351,nan,2.82941,5.20681,1,0,0.189783,0.040441,-0.001736,-0.980991,0.00877326,0.132977,-0.66724,-0.136568,-0.591113,6.91705
1786071340235540783,0,1,0,0,0,0.0178295,0.0789854,-2.76416,-0.120029,-0.00439453,-0.404059,-0.281451,0.282352,-0.113543,-0.610504,0.259274,0.247043,nan,nan,0,-0.303799,0.111887,0.113543,-8.32722,-0.101899,-0.0728877,nan,nan,0,0.0123563,-0.244961,0.101268,-5.49451,-0.303822,-0.390318,nan,nan,0,-0.318284,0.386665,0.0767183,-9.93895,0.330858,0.307603,nan,nan,0,0.6708,-0.219965,2.60752,-12.4518,0.1254,nan,8.17652,6.02577,1,-0.0750426,0.0300607,2.183,1.09662,-0.0375213,nan,-5.30196,-5.30737,1,0.228576,-0.34563,0.0583057,4.12698,-0.285712,-0.223121,nan,nan,0,0.282129,-0.0558953,0.0276184,10.1832,0.0910645,0.203455,nan,nan,0,-0.147455,0.184752,0.156505,-0.170937,0.236273,0.18377,nan,nan,0,0.0449631,0.456271,0.0153437,2.27106,0.512482,0.521743,nan,nan,0,0.372144,-0.192946,-0.444569,7.74106,-0.0239282,nan,6.58247,7.97739,1,0.029334,-0.0699317,1.38899,3.69021,0.014667,nan,0.454474,4.04529,1,0,0.187098,0.040451,-0.001343,-0.981507,-0.120029,-0.00439453,-0.404059,0.717882,-0.162379,9.69548
1786071340245503603,0,1,0,0,0,0.0159814,0.0791189,-2.76681,-0.107403,0.2196,-0.13315,-0.522754,0.281202,-0.107405,-0.65934,0.138623,0.257505,nan,nan,0,-0.401575,0.11342,0.168778,-8.52259,-0.150787,-0.0938964,nan,nan,0,0.158688,-0.244386,0.0276184,-5.05495,-0.230656,-0.357215,nan,nan,0,-0.249685,0.387623,0.101268,-8.27839,0.365158,0.32131,nan,nan,0,0.802306,-0.219965,2.60752,-12.4518,0.191153,nan,10.4779,6.98268,1,-0.109681,0.0300607,2.183,1.09662,-0.0548407,nan,-5.82154,-5.13739,1,0.292883,-0.345055,0.0705805,3.34554,-0.253558,-0.251841,nan,nan,0,0.263111,-0.0551286,0.0828552,8.37607,0.0815557,0.153482,nan,nan,0,-0.0831699,0.18571,0.0889931,-0.415138,0.268415,0.201568,nan,nan,0,0.0909414,0.456846,0.0705805,4.90842,0.535471,0.526041,nan,nan,0,0.361245,-0.197076,-0.544775,8.2471,-0.0293775,nan,6.6866,8.08598,1,0.0501185,-0.0539683,1.7604,3.85613,0.0250592,nan,-0.26977,2.01115,1,0,0.185833,0.040343,-0.000477,-0.981752,-0.107403,0.2196,-0.13315,1.73461,-0.548598,12.0347
1786071340255675710,0,1,0,0,0,0.0154257,0.0801878,-2.76718,-0.0722481,0.279721,-0.0163658,-0.639138,0.280243,-0.0889931,-0.854698,0.0804312,0.22153,nan,nan,0,-0.525688,0.114954,0.193329,-7.98535,-0.212844,-0.119013,nan,nan,0,0.190236,-0.243811,0.0828552,-3.98046,-0.214882,-0.298956,nan,nan,0,-0.186921,0.388391,0.09513,-7.10622,0.39654,0.340593,nan,nan,0,0.882783,-0.219965,2.60752,-12.4518,0.231391,nan,11.8862,8.55705,1,-0.0981538,0.0300607,2.183,1.09662,-0.0490769,nan,-5.64863,-5.34592,1,0.254299,-0.34448,0.0644436,3.39439,-0.272851,-0.265134,nan,nan,0,0.286781,-0.0541697,0.113543,6.66666,0.0933904,0.10744,nan,nan,0,-0.108429,0.186478,0.101268,0.0732574,0.255785,0.233461,nan,nan,0,0.138868,0.457805,0.125817,4.56654,0.559434,0.52793,nan,nan,0,0.442454,-0.201176,-0.634922,8.00496,0.011227,nan,8.38649,7.46818,1,0.0752891,-0.0383625,1.4209,2.80028,0.0376445,nan,0.148865,0.358283,1,0,0.185658,0.040816,-0.000112,-0.981766,-0.0722481,0.279721,-0.0163658,0.262099,0.107273,11.0144
1786071340265565644,0,1,0,0,0,0.0147687,0.0833959,-2.76506,-0.072983,0.114706,0.255462,-0.437299,0.279284,-0.0889931,-1.3431,0.18135,0.153147,nan,nan,0,-0.707284,0.116872,0.162642,-9.05983,-0.303642,-0.161216,nan,nan,0,0.278696,-0.242469,0.181053,-2.8083,-0.170652,-0.245824,nan,nan,0,-0.170745,0.389349,0.0889931,-5.88522,0.404627,0.367643,nan,nan,0,0.894053,-0.219965,2.60752,-12.4518,0.237027,nan,12.0834,10.3472,1,-0.115342,0.0300607,2.183,1.09662,-0.0576711,nan,-5.90645,-5.5758,1,0.0892412,-0.344096,0.0276184,3.10134,-0.355379,-0.269125,nan,nan,0,0.19538,-0.0528274,0.138092,5.59219,0.0476901,0.0872001,nan,nan,0,-0.0746423,0.188012,0.162642,0.65934,0.272679,0.254408,nan,nan,0,0.0896272,0.460105,0.217878,3.88278,0.534814,0.539852,nan,nan,0,0.389436,-0.207347,-0.650513,6.93563,-0.015282,nan,7.69804,7.55937,1,0.0989437,-0.0288233,0.662971,1.48164,0.0494719,nan,1.3544,-0.11778,1,0,0.186685,0.042329,0.000554,-0.981507,-0.072983,0.114706,0.255462,-0.971194,0.221279,9.62821
1786071340275794403,0,1,0,0,0,0.0141048,0.0844791,-2.76199,-0.0792067,0.154627,0.312897,-0.436216,0.277943,-0.131955,-2.0757,0.181892,0.133447,nan,nan,0,-0.769707,0.118022,0.0828552,-10.6227,-0.334853,-0.226592,nan,nan,0,0.348451,-0.239209,0.371314,-1.63614,-0.135774,-0.203144,nan,nan,0,-0.148704,0.390883,0.168778,-3.83395,0.415648,0.391149,nan,nan,0,0.944464,-0.219965,2.60752,-12.4518,0.262232,nan,12.9656,11.6089,1,-0.158654,0.0300607,2.183,1.09662,-0.0793272,nan,-6.55614,-5.75311,1,0.139339,-0.344096,-0.00306892,2.85714,-0.330331,-0.298732,nan,nan,0,0.145871,-0.0512934,0.156505,4.66422,0.0229356,0.070401,nan,nan,0,-0.0684348,0.190312,0.23629,1.19658,0.275783,0.265691,nan,nan,0,0.0576767,0.462982,0.297665,3.39439,0.518838,0.544372,nan,nan,0,0.321781,-0.215612,-0.525063,7.03901,-0.0491097,nan,6.61518,7.82524,1,0.105221,-0.0314584,-0.172968,0.691112,0.0526105,nan,2.78152,0.541496,1,0,0.188198,0.042797,0.001047,-0.981197,-0.0792067,0.154627,0.312897,-0.221482,-0.719346,9.08208
1786071340285966842,0,1,0,0,0,0.0137663,0.0861295,-2.75955,-0.0295119,0.18654,0.157762,-0.469177,0.276409,-0.199466,-2.12454,0.165411,0.152437,nan,nan,0,-0.737169,0.118598,0.0276184,-13.1624,-0.318585,-0.290658,nan,nan,0,0.27925,-0.234415,0.604536,-1.39194,-0.170375,-0.165448,nan,nan,0,-0.14496,0.392801,0.242428,-3.5409,0.41752,0.407114,nan,nan,0,1.02088,-0.219965,2.60752,-12.4518,0.300438,nan,14.3028,12.4404,1,-0.222445,0.0300607,2.183,1.09662,-0.111222,nan,-7.51299,-6.0856,1,0.275496,-0.344096,-0.00920582,1.92918,-0.262252,-0.325592,nan,nan,0,0.183711,-0.0497594,0.168778,4.12698,0.0418554,0.0470901,nan,nan,0,-0.0946507,0.192805,0.303802,1.19658,0.262675,0.272866,nan,nan,0,0.0397046,0.465858,0.377452,4.51771,0.509852,0.535534,nan,nan,0,0.31783,-0.21776,-0.362499,7.07294,-0.051085,nan,6.37736,7.47352,1,0.106972,-0.0334467,-0.604388,1.04684,0.0534861,nan,3.51457,1.80322,1,0,0.18939,0.043573,0.001422,-0.980933,-0.0295119,0.18654,0.157762,-0.309649,0.997743,8.94366
1786071340295938478,0,1,0,0,0,0.0137912,0.0877525,-2.75919,0.043949,0.158456,-0.110441,-0.444943,0.274107,-0.248566,-2.0757,0.177529,0.166265,nan,nan,0,-0.755048,0.118406,-0.00920582,-16.2393,-0.327524,-0.322795,nan,nan,0,0.0916957,-0.226745,0.825483,-1.29426,-0.264152,-0.153102,nan,nan,0,-0.166573,0.395678,0.322214,-2.61295,0.406713,0.415797,nan,nan,0,1.0337,-0.219965,2.60752,-12.4518,0.30685,nan,14.5273,13.3377,1,-0.238775,0.0300607,2.183,1.09662,-0.119387,nan,-7.75794,-6.71073,1,0.351886,-0.344288,-0.0153437,0.952377,-0.224057,-0.312228,nan,nan,0,0.243929,-0.0480337,0.168778,3.39439,0.0719646,0.0357191,nan,nan,0,-0.155665,0.19664,0.420414,0.952377,0.232168,0.271716,nan,nan,0,0.0594447,0.47046,0.432689,2.61295,0.519722,0.522241,nan,nan,0,0.4162,-0.221936,-0.220871,7.06441,-0.00189977,nan,8.03257,6.8617,1,0.122824,-0.0435305,-0.718228,1.7597,0.0614119,nan,4.22561,2.98802,1,0,0.189555,0.044371,0.001572,-0.980865,0.043949,0.158456,-0.110441,-0.26178,0.597824,8.10792
1786071340305643094,0,1,0,0,0,0.0141535,0.0887678,-2.76163,0.0488924,0.0474527,-0.365056,-0.300735,0.271423,-0.279252,-1.53846,0.249632,0.17332,nan,nan,0,-0.669251,0.118214,-0.00920582,-17.1184,-0.284626,-0.331348,nan,nan,0,-0.0670428,-0.217541,0.960506,-1.73382,-0.343521,-0.189323,nan,nan,0,-0.21076,0.399512,0.420414,-3.34554,0.38462,0.415193,nan,nan,0,1.01792,-0.219965,2.60752,-12.4518,0.298961,nan,14.2511,14.1049,1,-0.258004,0.0300607,2.183,1.09662,-0.129002,nan,-8.04638,-7.33929,1,0.337787,-0.344288,-0.00306892,1.00122,-0.231106,-0.271893,nan,nan,0,0.306318,-0.0466914,0.138092,3.63858,0.103159,0.0458505,nan,nan,0,-0.21849,0.201434,0.506338,0.610504,0.200755,0.256973,nan,nan,0,0.0335644,0.474486,0.444963,0.268623,0.506782,0.516071,nan,nan,0,0.434276,-0.221992,-0.274628,7.10229,0.00713793,nan,8.43148,6.99357,1,0.121104,-0.0453016,-0.384412,2.16384,0.0605522,nan,3.75223,3.79963,1,0,0.188341,0.044905,0.001436,-0.981075,0.0488924,0.0474527,-0.365056,-0.10663,0.747056,8.33174
1786071340315847695,0,1,0,0,0,0.0137283,0.0888904,-2.76644,-0.0548132,-0.0173353,-0.601356,-0.319048,0.268163,-0.303802,-1.53846,0.240476,0.200556,nan,nan,0,-0.473242,0.118022,-0.0276184,-17.4115,-0.186621,-0.317355,nan,nan,0,-0.136222,-0.207187,0.868444,-2.46642,-0.378111,-0.260985,nan,nan,0,-0.239415,0.405073,0.543161,-4.46886,0.370293,0.403638,nan,nan,0,1.00372,-0.219965,2.60752,-12.4518,0.291861,nan,14.0026,14.4097,1,-0.257851,0.0300607,2.183,1.09662,-0.128926,nan,-8.04409,-7.7928,1,0.373314,-0.344672,-0.0153437,2.12454,-0.213343,-0.240714,nan,nan,0,0.46633,-0.0455408,0.0889931,4.66422,0.183165,0.0715443,nan,nan,0,-0.226204,0.20757,0.518612,0.122101,0.196898,0.230909,nan,nan,0,0.0294988,0.47928,0.432689,1.53846,0.504749,0.512156,nan,nan,0,0.461776,-0.226141,-0.418857,7.21219,0.0208882,nan,9.2743,7.72085,1,0.092939,-0.045164,0.337063,2.75545,0.0464695,nan,2.24341,3.90773,1,0,0.185988,0.044929,0.001548,-0.981522,-0.0548132,-0.0173353,-0.601356,-0.307024,0.779401,10.192
1786071340326054360,0,1,0,0,0,0.0120909,0.088194,-2.77376,-0.117874,-0.0659369,-0.835074,-0.249912,0.265286,-0.303802,-0.757019,0.275044,0.228512,nan,nan,0,-0.346254,0.117639,-0.0398932,-17.4603,-0.123127,-0.265754,nan,nan,0,-0.243855,-0.201434,0.555436,-3.63858,-0.431928,-0.330551,nan,nan,0,-0.295917,0.411592,0.610673,-5.64103,0.342042,0.386709,nan,nan,0,0.959028,-0.219965,2.60752,-12.4518,0.269514,nan,13.2205,14.3229,1,-0.245146,0.0300607,2.183,1.09662,-0.122573,nan,-7.8535,-8.02717,1,0.452367,-0.344863,-0.0153437,2.71062,-0.173816,-0.22251,nan,nan,0,0.648475,-0.0449657,0.0398932,5.44566,0.274238,0.11965,nan,nan,0,-0.223467,0.211789,0.395864,-0.366302,0.198266,0.208428,nan,nan,0,0.0544154,0.483116,0.395864,0.415138,0.517208,0.507918,nan,nan,0,0.47636,-0.232295,-0.418905,7.74686,0.0281798,nan,9.74496,8.59644,1,0.0566148,-0.0397318,0.917977,3.50953,0.0283074,nan,0.66421,3.11029,1,0,0.182436,0.044443,0.002124,-0.98221,-0.117874,-0.0659369,-0.835074,0.391545,-0.108705,11.0862
1786071340335788428,0,1,0,0,0,0.00983817,0.0872703,-2.78234,-0.132449,0.00458943,-0.822835,-0.296949,0.262218,-0.291528,-0.708183,0.251525,0.252416,nan,nan,0,-0.354778,0.117256,-0.0214806,-15.9951,-0.127389,-0.193481,nan,nan,0,-0.153609,-0.198174,0.230153,-4.85959,-0.386805,-0.388368,nan,nan,0,-0.265273,0.416578,0.616811,-6.81319,0.357363,0.365328,nan,nan,0,0.934917,-0.219965,2.60752,-12.4518,0.257459,nan,12.7986,13.8882,1,-0.213615,0.0300607,2.183,1.09662,-0.106808,nan,-7.38055,-8.02945,1,0.52412,-0.344672,0.0214815,2.90598,-0.13794,-0.200608,nan,nan,0,0.704298,-0.0447736,0.0214815,6.76434,0.302149,0.192413,nan,nan,0,-0.185627,0.213898,0.217878,-0.65934,0.217187,0.197754,nan,nan,0,0.131986,0.486567,0.328352,0.65934,0.555993,0.509467,nan,nan,0,0.570852,-0.232273,-0.408817,8.76116,0.075426,nan,11.3827,9.31566,1,0.0458051,-0.0269143,0.908227,3.31614,0.0229025,nan,0.132165,1.79543,1,0,0.178277,0.043797,0.002958,-0.983,-0.132449,0.00458943,-0.822835,1.90011,0.295641,9.94363
1786071340345805114,0,1,0,0,0,0.00756585,0.0875072,-2.78989,-0.152285,0.111977,-0.679984,-0.312727,0.259534,-0.254703,-0.757019,0.243637,0.261733,nan,nan,0,-0.385731,0.117447,0.046031,-13.1624,-0.142865,-0.142583,nan,nan,0,-0.0425436,-0.197407,0.0337563,-6.76434,-0.331272,-0.409131,nan,nan,0,-0.223279,0.422522,0.604536,-8.91331,0.37836,0.353663,nan,nan,0,0.923112,-0.219965,2.60752,-12.4518,0.251556,nan,12.592,13.315,1,-0.207001,0.0300607,2.183,1.09662,-0.103501,nan,-7.28134,-7.78902,1,0.552756,-0.34448,0.0337563,3.98046,-0.123622,-0.170345,nan,nan,0,0.702213,-0.0445819,0.0398932,8.62027,0.301106,0.259595,nan,nan,0,-0.166442,0.214665,0.00306892,-0.366302,0.226779,0.201587,nan,nan,0,0.177573,0.489252,0.23629,1.3431,0.578786,0.526338,nan,nan,0,0.617219,-0.236347,-0.380189,8.95153,0.0986093,nan,12.2938,10.257,1,0.0431227,-0.0204494,0.595866,2.47999,0.0215614,nan,0.366525,0.730733,1,0,0.174614,0.043726,0.003931,-0.983657,-0.152285,0.111977,-0.679984,0.192575,-0.022961,8.73389
1786071340356633175,0,1,0,0,0,0.00543135,0.0876669,-2.79552,-0.161231,-0.041783,-0.423528,-0.0650864,0.257233,-0.199466,-0.21978,0.367457,0.256684,nan,nan,0,-0.404096,0.118214,0.113543,-12.1367,-0.152048,-0.127751,nan,nan,0,0.040991,-0.197599,-0.00306892,-7.20391,-0.289505,-0.384997,nan,nan,0,-0.246073,0.429234,0.604536,-11.6484,0.366964,0.359456,nan,nan,0,0.844335,-0.219965,2.60752,-12.4518,0.212168,nan,11.2134,12.8501,1,-0.193381,0.0300607,2.183,1.09662,-0.0966907,nan,-7.07704,-7.49611,1,0.532533,-0.343904,0.0644436,4.37119,-0.133733,-0.142347,nan,nan,0,0.633288,-0.043623,0.131955,9.89011,0.266644,0.296534,nan,nan,0,-0.0712562,0.214089,-0.0583057,-0.170937,0.274372,0.213453,nan,nan,0,0.107492,0.491552,0.224015,1.5873,0.543746,0.552419,nan,nan,0,0.591457,-0.240439,-0.221273,9.68814,0.0857287,nan,11.7478,11.3532,1,0.0396878,-0.020493,0.081362,1.21914,0.0198439,nan,1.08806,0.376296,1,0,0.171891,0.043632,0.004872,-0.984137,-0.161231,-0.041783,-0.423528,0.162869,-0.239529,9.69119
1786071340365607800,0,1,0,0,0,0.0032205,0.086449,-2.79837,-0.188319,-0.069001,-0.142178,-0.0100139,0.255507,-0.156505,0.122101,0.394993,0.289369,nan,nan,0,-0.393315,0.120324,0.205604,-12.2833,-0.146657,-0.134577,nan,nan,0,0.164713,-0.197215,0.0398932,-6.52015,-0.227644,-0.338867,nan,nan,0,-0.25637,0.435178,0.604536,-11.0134,0.361815,0.366478,nan,nan,0,0.817838,-0.219965,2.60752,-12.4518,0.198919,nan,10.7497,12.1599,1,-0.225015,0.0300607,2.183,1.09662,-0.112508,nan,-7.55155,-7.25342,1,0.537819,-0.342946,0.09513,5.54334,-0.13109,-0.129573,nan,nan,0,0.552737,-0.0409384,0.28539,10.4762,0.226369,0.296475,nan,nan,0,0.0197341,0.213514,-0.0398932,0.268623,0.319867,0.238512,nan,nan,0,0.0626414,0.494237,0.230153,3.49207,0.521321,0.560329,nan,nan,0,0.571301,-0.240481,0.0418304,10.6622,0.0756507,nan,11.0019,11.8512,1,0.046576,-0.0228624,-0.401367,0.625953,0.023288,nan,1.98656,0.70337,1,0,0.170541,0.042851,0.005794,-0.984401,-0.188319,-0.069001,-0.142178,1.22648,-0.434581,10.1215
1786071340375565317,0,1,0,0,0,0.00122348,0.085678,-2.79862,-0.168472,0.00507524,0.0764628,-0.133145,0.253973,-0.14423,1.29426,0.333427,0.344688,nan,nan,0,-0.45753,0.122433,0.199466,-10.1343,-0.178765,-0.143184,nan,nan,0,0.274947,-0.195873,0.156505,-5.29915,-0.172527,-0.283014,nan,nan,0,-0.229305,0.441314,0.604536,-10.232,0.375348,0.366783,nan,nan,0,0.888076,-0.219965,2.60752,-12.4518,0.234038,nan,11.9788,11.3766,1,-0.273638,0.0300607,2.183,1.09662,-0.136819,nan,-8.28089,-7.26338,1,0.509413,-0.341987,0.11968,5.49451,-0.145294,-0.12769,nan,nan,0,0.424868,-0.0376787,0.365176,10.7204,0.162434,0.26848,nan,nan,0,0.0117464,0.212939,-0.0521679,1.0989,0.315873,0.277108,nan,nan,0,0.0944104,0.496922,0.279252,3.15018,0.537205,0.546808,nan,nan,0,0.546699,-0.238471,0.141986,11.8333,0.0633493,nan,10.3507,11.599,1,0.0555936,-0.0258008,-0.407254,0.389703,0.0277968,nan,2.21881,1.38307,1,0,0.170467,0.042302,0.006706,-0.984432,-0.168472,0.00507524,0.0764628,0.748886,0.518752,10.0869
1786071340385671761,0,1,0,0,0,-0.000591741,0.0856503,-2.79739,-0.232243,0.00613145,0.151196,-0.290767,0.252631,-0.131955,2.66178,0.254616,0.362769,nan,nan,0,-0.528233,0.123775,0.11968,-8.62027,-0.214116,-0.157523,nan,nan,0,0.3111,-0.194147,0.187191,-3.39439,-0.15445,-0.224109,nan,nan,0,-0.200681,0.446875,0.555436,-13.3577,0.389659,0.368841,nan,nan,0,1.03843,-0.219965,2.60752,-12.4518,0.309213,nan,14.61,11.2826,1,-0.282041,0.0300607,2.183,1.09662,-0.141021,nan,-8.40694,-7.64568,1,0.330352,-0.340453,0.150368,5.88522,-0.234824,-0.133741,nan,nan,0,0.293969,-0.0340357,0.352901,12.1367,0.0969847,0.219922,nan,nan,0,-0.0248784,0.212747,0.00306892,2.51526,0.297561,0.306268,nan,nan,0,0.124906,0.49999,0.303802,1.39194,0.552453,0.53614,nan,nan,0,0.476566,-0.238471,-0.00571387,12.3762,0.0282831,nan,9.34498,11.0132,1,0.06683,-0.0275774,0.0568702,0.816571,0.033415,nan,1.74447,1.87797,1,0,0.17111,0.042129,0.007623,-0.984321,-0.232243,0.00613145,0.151196,-1.39367,0.028528,9.83032
1786071340395605043,0,1,0,0,0,-0.00303799,0.0859733,-2.79589,-0.27303,0.0161017,0.118806,-0.468921,0.251289,-0.138092,3.73627,0.16554,0.326834,nan,nan,0,-0.5667,0.124158,0.00920582,-9.30403,-0.23335,-0.183047,nan,nan,0,0.336121,-0.191463,0.316077,-2.17339,-0.14194,-0.178397,nan,nan,0,-0.172704,0.452819,0.524749,-12.1367,0.403648,0.377244,nan,nan,0,1.20627,-0.219965,2.60752,-12.4518,0.393136,nan,17.5473,12.4664,1,-0.347288,0.0300607,2.183,1.09662,-0.173644,nan,-9.38565,-8.09559,1,0.193028,-0.338919,0.162642,5.20146,-0.303486,-0.170209,nan,nan,0,0.193542,-0.0309677,0.254703,11.7949,0.0467709,0.158311,nan,nan,0,-0.0673746,0.212939,0.0276184,3.49207,0.276313,0.312099,nan,nan,0,0.134581,0.503633,0.395864,0.0732574,0.55729,0.539042,nan,nan,0,0.354547,-0.238465,-0.19586,11.6758,-0.0327265,nan,7.49464,10.2642,1,0.0714841,-0.0224445,0.369114,1.43193,0.0357421,nan,1.19193,1.87214,1,0,0.171896,0.042072,0.008886,-0.984176,-0.27303,0.0161017,0.118806,-1.86247,-0.069038,9.92255
1786071340405668625,0,1,0,0,0,-0.00573957,0.0862771,-2.79468,-0.290682,0.0424888,0.153618,-0.665429,0.249563,-0.168779,2.95483,0.0672855,0.253224,nan,nan,0,-0.657194,0.123775,-0.0705805,-11.16,-0.278597,-0.210961,nan,nan,0,0.376891,-0.188011,0.432689,-1.53846,-0.121555,-0.151331,nan,nan,0,-0.116278,0.457805,0.494062,-12.5763,0.431861,0.390035,nan,nan,0,1.35445,-0.219965,2.60752,-12.4518,0.467225,nan,20.1404,14.7745,1,-0.392936,0.0300607,2.183,1.09662,-0.196468,nan,-10.0704,-8.67886,1,0.0289098,-0.337193,0.174916,4.32234,-0.385545,-0.233515,nan,nan,0,0.0637272,-0.0300088,0.0521679,10.3297,-0.0181364,0.0965507,nan,nan,0,-0.105667,0.213131,0.0276184,3.24786,0.257166,0.299383,nan,nan,0,0.135573,0.507851,0.414276,-1.24542,0.557786,0.547944,nan,nan,0,0.258239,-0.242535,-0.393767,10.6565,-0.0808806,nan,6.24857,9.11513,1,0.0896252,-0.0183426,0.624532,1.52331,0.0448126,nan,0.957859,1.51131,1,0,0.17255,0.041983,0.010267,-0.984052,-0.290682,0.0424888,0.153618,-0.886797,0.209057,9.90142
1786071340415791218,0,1,0,0,0,-0.00784808,0.0879577,-2.79379,-0.165249,0.164699,-0.0276067,-0.890334,0.247646,-0.21174,2.12454,-0.0451669,0.159789,nan,nan,0,-0.792996,0.122624,-0.11968,-12.4298,-0.346498,-0.243688,nan,nan,0,0.274396,-0.182642,0.647498,-1.5873,-0.172802,-0.133593,nan,nan,0,-0.0812305,0.461448,0.469513,-8.71795,0.449385,0.40909,nan,nan,0,1.47963,-0.219965,2.60752,-12.4518,0.529817,nan,22.3311,17.554,1,-0.43081,0.0300607,2.183,1.09662,-0.215405,nan,-10.6385,-9.39385,1,-0.00712856,-0.335851,0.156505,3.44322,-0.403564,-0.310208,nan,nan,0,-0.00019908,-0.0303926,-0.0644426,6.76434,-0.0500995,0.0357498,nan,nan,0,-0.165353,0.213514,0.0521679,2.61295,0.227324,0.2786,nan,nan,0,0.147307,0.511686,0.438826,-0.512817,0.563653,0.554899,nan,nan,0,0.234904,-0.246598,-0.49932,9.25034,-0.0925482,nan,6.14071,7.72484,1,0.100755,-0.0120631,0.734661,1.56749,0.0503777,nan,0.771231,1.09062,1,0,0.173025,0.042623,0.011468,-0.983927,-0.165249,0.164699,-0.0276067,-2.34223,1.51417,8.74352
1786071340426088513,0,1,0,0,0,-0.00930059,0.0898382,-2.79485,-0.178166,0.0860863,-0.159833,-1.01218,0.24477,-0.291528,0.805862,-0.106089,0.0546499,nan,nan,0,-0.864472,0.120899,-0.14423,-14.5299,-0.382236,-0.291065,nan,nan,0,0.185328,-0.174781,0.721148,-1.39194,-0.217336,-0.140112,nan,nan,0,-0.0668435,0.466625,0.469513,-8.91331,0.456578,0.430687,nan,nan,0,1.60507,-0.219965,2.60752,-12.4518,0.592537,nan,24.5263,20.2252,1,-0.483668,0.0300607,2.183,1.09662,-0.241834,nan,-11.4313,-10.0885,1,-0.108825,-0.334317,0.138092,1.14774,-0.454413,-0.372047,nan,nan,0,-0.0330007,-0.0317345,-0.156505,4.32234,-0.0665004,-0.0160886,nan,nan,0,-0.211776,0.214473,0.101268,1.88034,0.204112,0.253196,nan,nan,0,0.131249,0.516097,0.444963,-0.268623,0.555624,0.559908,nan,nan,0,0.174373,-0.254698,-0.576809,7.83975,-0.122813,nan,5.48117,6.69685,1,0.10007,-0.00759927,0.588267,1.4681,0.0500352,nan,0.846634,0.804115,1,0,0.172534,0.043429,0.012322,-0.983968,-0.178166,0.0860863,-0.159833,-2.42325,0.485491,8.17363
1786071340435670781,0,1,0,0,0,-0.0112278,0.0907377,-2.79721,-0.177484,0.0753006,-0.314895,-1.14137,0.241318,-0.359039,-2.17339,-0.170685,-0.0401891,nan,nan,0,-0.862891,0.119556,-0.138092,-16.337,-0.381445,-0.341587,nan,nan,0,0.134167,-0.16711,0.813209,-2.61295,-0.242916,-0.172387,nan,nan,0,-0.0550596,0.471994,0.518612,-9.84127,0.46247,0.447528,nan,nan,0,1.72376,-0.219965,2.60752,-12.4518,0.651879,nan,26.6033,22.6341,1,-0.537264,0.0300607,2.183,1.09662,-0.268632,nan,-12.2353,-10.789,1,-0.161252,-0.333167,0.0828552,0.21978,-0.480626,-0.419264,nan,nan,0,0.00166941,-0.0334606,-0.168779,1.63614,-0.0491653,-0.0507918,nan,nan,0,-0.236228,0.215623,0.131955,1.00122,0.191886,0.22666,nan,nan,0,0.104451,0.520699,0.457238,0.21978,0.542226,0.560332,nan,nan,0,0.13679,-0.258831,-0.683683,7.0605,-0.141605,nan,5.12843,6.01748,1,0.0907936,-0.00150646,0.272789,1.2761,0.0453968,nan,0.997915,0.755359,1,0,0.171415,0.043721,0.013296,-0.984138,-0.177484,0.0753006,-0.314895,-0.897254,0.645747,8.33372
1786071340445540824,0,1,0,0,0,-0.0135228,0.0912441,-2.80116,-0.211975,0.0385866,-0.468562,-1.09811,0.236908,-0.475651,-4.90842,-0.149054,-0.116773,nan,nan,0,-0.758269,0.118406,-0.107405,-18.5348,-0.329134,-0.373572,nan,nan,0,0.0781898,-0.158673,0.71501,-3.05251,-0.270905,-0.21082,nan,nan,0,-0.0756834,0.476979,0.592261,-7.20391,0.452158,0.457988,nan,nan,0,1.81044,-0.219965,2.60752,-12.4518,0.695222,nan,28.1203,24.8339,1,-0.63532,0.0300607,2.183,1.09662,-0.31766,nan,-13.7061,-11.5416,1,-0.121056,-0.332783,0.0214815,-1.00122,-0.460528,-0.45659,nan,nan,0,0.103907,-0.0351863,-0.174916,0.561661,0.00195345,-0.0612333,nan,nan,0,-0.243265,0.216966,0.162642,0.122101,0.188367,0.205084,nan,nan,0,0.0402347,0.525301,0.457238,0.366302,0.510117,0.553677,nan,nan,0,0.0689031,-0.26506,-0.721654,5.69626,-0.175548,nan,4.2154,5.53689,1,0.0669163,0.00040775,0.0208475,1.1111,0.0334581,nan,0.96024,0.903115,1,0,0.169519,0.043802,0.014382,-0.984447,-0.211975,0.0385866,-0.468562,0.090942,0.42964,9.11085
1786071340455501674,0,1,0,0,0,-0.0148726,0.0911673,-2.80372,-0.210672,0.0241305,-0.550164,-0.942942,0.23173,-0.598398,-6.47131,-0.0714712,-0.154808,nan,nan,0,-0.665105,0.117639,-0.0828552,-20,-0.282553,-0.368113,nan,nan,0,0.0629125,-0.153496,0.635223,-4.61539,-0.278544,-0.245144,nan,nan,0,-0.063639,0.483307,0.64136,-7.00854,0.45818,0.459405,nan,nan,0,1.77892,-0.219965,2.60752,-12.4518,0.679459,nan,27.5686,26.7351,1,-0.709199,0.0300607,2.183,1.09662,-0.3546,nan,-14.8143,-12.5484,1,0.0256605,-0.332975,-0.0337563,-1.97802,-0.38717,-0.47083,nan,nan,0,0.331054,-0.036912,-0.156505,-0.952377,0.115527,-0.0409192,nan,nan,0,-0.167023,0.2185,0.131955,-0.65934,0.226489,0.192261,nan,nan,0,-0.0214405,0.529711,0.426551,-0.21978,0.47928,0.535884,nan,nan,0,0.119802,-0.273241,-0.686342,5.41529,-0.150099,nan,5.3395,4.98541,1,0.0318763,-0.00385273,-0.0716327,1.13236,0.0159382,nan,0.701176,1.04599,1,0,0.168287,0.043669,0.014984,-0.984656,-0.210672,0.0241305,-0.550164,0.73381,0.171539,9.20717
1786071340466491118,0,1,0,0,0,-0.0190381,0.0900777,-2.81299,-0.220005,-0.0290519,-0.621733,-0.687041,0.224061,-0.739559,-7.54578,0.0564795,-0.135682,nan,nan,0,-0.586556,0.117064,-0.0153437,-20.3907,-0.243278,-0.332294,nan,nan,0,0.0135625,-0.14736,0.506338,-5.29915,-0.303219,-0.268758,nan,nan,0,-0.0321342,0.490019,0.696597,-8.57143,0.473933,0.458169,nan,nan,0,1.65202,-0.219965,2.60752,-12.4518,0.616011,nan,25.3479,27.6969,1,-0.745604,0.0300607,2.183,1.09662,-0.372802,nan,-15.3604,-13.7268,1,0.242269,-0.333934,-0.0889931,-2.27106,-0.278866,-0.445088,nan,nan,0,0.618442,-0.0384459,-0.125817,-0.757019,0.259221,0.02248,nan,nan,0,-0.0767791,0.218883,0.0276184,-0.708183,0.27161,0.199727,nan,nan,0,-0.048525,0.534121,0.377452,-1.24542,0.465737,0.508768,nan,nan,0,0.201386,-0.27748,-0.672574,5.26092,-0.109307,nan,6.89492,4.87632,1,-0.0418669,0.000655536,-0.0120853,0.941219,-0.0209334,nan,-0.629541,0.955864,1,0,0.163811,0.04286,0.016745,-0.985417,-0.220005,-0.0290519,-0.621733,1.263,-0.303681,8.93602
1786071340475576438,0,1,0,0,0,-0.0221274,0.0889591,-2.81889,-0.228348,-0.0907378,-0.527875,-0.207416,0.217157,-0.813209,-6.66666,0.296292,-0.0571367,nan,nan,0,-0.49152,0.117256,0.0337563,-18.779,-0.19576,-0.286131,nan,nan,0,-0.0364227,-0.143334,0.475651,-6.47131,-0.328211,-0.287424,nan,nan,0,0.0260464,0.497113,0.721148,-9.35287,0.503023,0.463067,nan,nan,0,1.37477,-0.219965,2.60752,-12.4518,0.477383,nan,20.4959,27.1338,1,-0.732515,0.0300607,2.183,1.09662,-0.366258,nan,-15.164,-14.7277,1,0.606807,-0.334892,-0.11968,-2.41758,-0.0965963,-0.374565,nan,nan,0,1.04764,-0.0392127,-0.0828552,1.48962,0.473818,0.1311,nan,nan,0,0.150546,0.218691,0.00306892,-0.561661,0.385273,0.229702,nan,nan,0,-0.115079,0.536997,0.303802,-2.75946,0.43246,0.483127,nan,nan,0,0.327623,-0.285658,-0.689981,4.98971,-0.0461884,nan,9.4164,5.64353,1,-0.156445,-0.000449538,0.110621,0.491137,-0.0782224,nan,-2.49912,0.358591,1,0,0.160971,0.042109,0.018052,-0.985895,-0.228348,-0.0907378,-0.527875,2.08559,0.099387,9.55813
1786071340485587647,0,1,0,0,0,-0.0251631,0.0861811,-2.82324,-0.285455,-0.20061,-0.320398,0.296839,0.208912,-0.807072,-5.29915,0.54842,0.096688,nan,nan,0,-0.426659,0.117831,0.0644436,-16.337,-0.16333,-0.238203,nan,nan,0,-0.0599424,-0.138732,0.481788,-7.49695,-0.339971,-0.307924,nan,nan,0,0.0632403,0.503825,0.727284,-8.47375,0.52162,0.479132,nan,nan,0,1.01484,-0.219965,2.60752,-12.4518,0.297418,nan,14.1971,24.5216,1,-0.654712,0.0300607,2.183,1.09662,-0.327356,nan,-13.997,-15.217,1,0.95213,-0.336043,-0.09513,-2.12454,0.0760652,-0.250447,nan,nan,0,1.50195,-0.0395966,0.0153437,4.56654,0.700977,0.291143,nan,nan,0,0.44779,0.219075,0.0705805,-0.21978,0.533895,0.295017,nan,nan,0,-0.177494,0.539106,0.205604,-4.90842,0.401253,0.457401,nan,nan,0,0.428706,-0.291797,-0.67614,5.61309,0.00435311,nan,11.3794,7.32828,1,-0.284534,0.000649786,0.202119,0.0604725,-0.142267,nan,-4.59068,-0.920446,1,0,0.158879,0.040537,0.019238,-0.986277,-0.285455,-0.20061,-0.320398,2.18857,-1.2045,9.98567
1786071340495658069,0,1,0,0,0,-0.0285178,0.0839923,-2.82567,-0.272618,-0.0450867,-0.233296,0.716953,0.200667,-0.696597,-3.19902,0.758477,0.315192,nan,nan,0,-0.397641,0.118981,0.125817,-15.2137,-0.14882,-0.194999,nan,nan,0,-0.166513,-0.133554,0.4511,-7.74115,-0.393257,-0.326879,nan,nan,0,0.0962444,0.511686,0.727284,-7.35043,0.538122,0.500926,nan,nan,0,0.62635,-0.219965,2.60752,-12.4518,0.103175,nan,7.39863,19.8332,1,-0.52078,0.0300607,2.183,1.09662,-0.26039,nan,-11.988,-14.9256,1,1.45395,-0.336426,0.0214815,0.366302,0.326977,-0.0875217,nan,nan,0,2.08043,-0.0382543,0.205604,9.84127,0.990213,0.494864,nan,nan,0,0.662171,0.221568,0.297665,1.0989,0.641086,0.40408,nan,nan,0,-0.142169,0.540449,0.0889931,-8.71795,0.418916,0.428714,nan,nan,0,0.648858,-0.295944,-0.507916,6.71902,0.114429,nan,15.1249,9.43974,1,-0.419761,0.00594765,0.1371,-1.03341,-0.20988,nan,-6.68049,-2.73123,1,0,0.15774,0.039216,0.020672,-0.986485,-0.272618,-0.0450867,-0.233296,0.242832,-0.337705,9.96621
1786071340505745083,0,1,0,0,0,-0.030064,0.0835639,-2.82691,-0.277207,-0.0205102,-0.257803,1.22627,0.195489,-0.530887,-0.170937,1.01314,0.552452,nan,nan,0,-0.415474,0.120132,0.125817,-12.674,-0.157737,-0.164149,nan,nan,0,-0.367016,-0.130678,0.279252,-7.49695,-0.493508,-0.355528,nan,nan,0,0.116933,0.518206,0.721148,-7.30159,0.548467,0.52184,nan,nan,0,0.134617,-0.219965,2.60752,-12.4518,-0.142691,nan,-1.20669,13.6776,1,-0.294204,0.0300607,2.183,1.09662,-0.147102,nan,-8.58937,-13.7346,1,1.77386,-0.335276,0.162642,2.12454,0.486932,0.114906,nan,nan,0,2.7085,-0.0348024,0.475651,14.7741,1.30425,0.741043,nan,nan,0,0.761578,0.22617,0.622948,3.63858,0.690789,0.529703,nan,nan,0,-0.098004,0.541024,0.0276184,-9.54823,0.440998,0.413974,nan,nan,0,0.896236,-0.300026,-0.319982,8.56031,0.238118,nan,19.315,12.1287,1,-0.566082,0.00349719,-0.0824777,-2.38786,-0.283041,nan,-8.47244,-4.71422,1,0,0.157156,0.038896,0.021377,-0.986575,-0.277207,-0.0205102,-0.257803,1.19289,-0.523584,9.8007
1786071340515700351,0,1,0,0,0,-0.0354389,0.0825707,-2.83081,-0.374493,0.0643753,-0.260371,1.52023,0.191655,-0.242428,5.9829,1.16012,0.795112,nan,nan,0,-0.478348,0.12109,0.0889931,-10.5739,-0.189174,-0.152048,nan,nan,0,-0.472686,-0.129719,-0.0153437,-7.78999,-0.546343,-0.41387,nan,nan,0,0.1215,0.526259,0.739559,-7.4481,0.55075,0.538339,nan,nan,0,-0.146845,-0.219965,2.60752,-12.4518,-0.283422,nan,-6.13228,6.26813,1,-0.174879,0.0300607,2.183,1.09662,-0.0874396,nan,-6.79951,-11.4725,1,1.97722,-0.331441,0.457238,7.25275,0.588608,0.321149,nan,nan,0,3.14061,-0.0269408,0.831621,24.8352,1.5203,1.02665,nan,nan,0,0.798928,0.237675,1.24897,5.59219,0.709464,0.63148,nan,nan,0,0.00489593,0.54064,-0.046031,-12.3321,0.492448,0.420131,nan,nan,0,1.06222,-0.302156,-0.18444,12.6626,0.321111,nan,22.091,15.586,1,-0.674076,0.000283876,-0.356971,-4.78962,-0.337038,nan,-9.5842,-6.6239,1,0,0.155335,0.03803,0.023877,-0.98684,-0.374493,0.0643753,-0.260371,0.540853,0.16035,10.0819
1786071340525696239,0,1,0,0,0,-0.0393721,0.0835097,-2.83383,-0.364741,0.10767,-0.372309,1.65189,0.191655,0.11968,12.5275,1.22595,1.00978,nan,nan,0,-0.539867,0.121858,0.0644436,-10.8669,-0.219933,-0.162212,nan,nan,0,-0.512717,-0.130869,-0.11968,-9.69475,-0.566358,-0.484622,nan,nan,0,0.0663397,0.533738,0.76411,-5.54334,0.52317,0.548033,nan,nan,0,-0.255321,-0.219965,2.60752,-12.4518,-0.337661,nan,-8.03061,-0.832402,1,-0.102836,0.0300607,2.183,1.09662,-0.0514179,nan,-5.71886,-8.91372,1,2.00755,-0.324538,0.800934,11.6484,0.603777,0.486307,nan,nan,0,3.18557,-0.0167785,1.08325,39.0965,1.54278,1.30356,nan,nan,0,0.715772,0.250906,1.32875,8.62027,0.667886,0.69151,nan,nan,0,0.118268,0.540449,-0.00920582,-11.9414,0.549134,0.448804,nan,nan,0,1.14275,-0.304305,-0.248768,15.9732,0.361373,nan,23.6719,19.1683,1,-0.694012,-0.0035267,-0.418566,-6.57154,-0.347006,nan,-9.67653,-8.27899,1,0,0.153921,0.038227,0.025832,-0.987005,-0.364741,0.10767,-0.372309,-1.62712,1.86407,9.76001
1786071340535584185,0,1,0,0,0,-0.0433396,0.085562,-2.83831,-0.400496,0.209758,-0.464163,1.57861,0.195489,0.475651,18.0464,1.1893,1.15758,nan,nan,0,-0.462546,0.122433,0.0828552,-12.5275,-0.181273,-0.187914,nan,nan,0,-0.475839,-0.133362,-0.377452,-10.232,-0.54792,-0.538781,nan,nan,0,-0.0412304,0.542174,0.76411,-5.9829,0.469385,0.542634,nan,nan,0,-0.199468,-0.219965,2.60752,-12.4518,-0.309734,nan,-7.05318,-5.79236,1,-0.0761328,0.0300607,2.183,1.09662,-0.0380664,nan,-5.31831,-6.89468,1,1.9448,-0.314183,1.1569,13.9438,0.5724,0.58187,nan,nan,0,2.95357,-0.00546455,1.15077,50.3297,1.42679,1.485,nan,nan,0,0.607279,0.263561,1.23055,10.8181,0.61364,0.701329,nan,nan,0,0.275306,0.540449,-0.0276184,-7.69231,0.627653,0.495956,nan,nan,0,1.22741,-0.306472,-0.293769,19.5123,0.403706,nan,25.2969,22.0305,1,-0.649642,-0.00714007,-0.492443,-8.39972,-0.324821,nan,-8.79176,-9.31851,1,0,0.151805,0.038997,0.027859,-0.987247,-0.400496,0.209758,-0.464163,-3.05642,2.23858,9.94534
1786071340546102050,0,1,0,0,0,-0.0469927,0.0887343,-2.84267,-0.361422,0.219474,-0.37671,1.33636,0.201434,0.721148,22.735,1.06818,1.2151,nan,nan,0,-0.411529,0.123775,0.150368,-14.7741,-0.155764,-0.197337,nan,nan,0,-0.38993,-0.140458,-0.85617,-9.93895,-0.504965,-0.559477,nan,nan,0,-0.204742,0.54831,0.788659,-9.15751,0.387629,0.51402,nan,nan,0,-0.0312607,-0.219965,2.60752,-12.4518,-0.22563,nan,-4.10955,-7.77962,1,-0.0627267,0.0300607,2.183,1.09662,-0.0313634,nan,-5.11722,-5.692,1,1.68658,-0.301911,1.43309,17.8999,0.443291,0.605434,nan,nan,0,2.33815,0.00450611,1.05871,59.1697,1.11908,1.51922,nan,nan,0,0.496502,0.273532,0.985056,12.1856,0.558251,0.66943,nan,nan,0,0.453399,0.540065,-0.0276184,-3.68742,0.716699,0.559441,nan,nan,0,1.24621,-0.308617,-0.277876,22.3738,0.413106,nan,25.6771,24.0962,1,-0.54545,-0.010556,-0.434653,-9.21073,-0.272725,nan,-7.21309,-9.41977,1,0,0.14975,0.040351,0.029812,-0.98745,-0.361422,0.219474,-0.37671,-5.26011,1.98441,8.64475
1786071340555522115,0,1,0,0,0,-0.0488331,0.0903675,-2.84424,-0.393015,0.215277,-0.224673,0.907038,0.210063,0.917544,25.177,0.853519,1.17645,nan,nan,0,-0.387893,0.125501,0.21174,-14.4322,-0.143947,-0.183373,nan,nan,0,-0.255729,-0.149853,-1.05871,-9.64591,-0.437864,-0.544676,nan,nan,0,-0.41852,0.557706,0.880719,-14.3834,0.28074,0.45817,nan,nan,0,0.287741,-0.219965,2.60752,-12.4518,-0.0661295,nan,1.47298,-6.93389,1,-0.070108,0.0300607,2.183,1.09662,-0.035054,nan,-5.22794,-5.14962,1,1.31949,-0.286379,1.57425,19.6093,0.259746,0.552424,nan,nan,0,1.46075,0.0133266,0.782521,63.8095,0.680373,1.38078,nan,nan,0,0.422814,0.279093,0.383589,12.674,0.521407,0.616016,nan,nan,0,0.628637,0.53949,-0.0583057,0.805862,0.804318,0.637745,nan,nan,0,1.12919,-0.31076,-0.315841,24.4213,0.354596,nan,23.7612,25.3431,1,-0.392805,-0.0127804,-0.301278,-9.66509,-0.196402,nan,-5.05674,-8.60463,1,0,0.149026,0.041044,0.030809,-0.9875,-0.393015,0.215277,-0.224673,-4.06213,1.42851,9.88863
1786071340565497857,0,1,0,0,0,-0.0526037,0.0941049,-2.84207,-0.17296,0.224274,0.552449,0.146581,0.220034,1.03416,25.7143,0.47329,1.04286,nan,nan,0,-0.603447,0.12876,0.322214,-15.6044,-0.251724,-0.162751,nan,nan,0,0.167731,-0.160591,-1.04643,-9.45055,-0.226134,-0.499143,nan,nan,0,-0.458201,0.56576,0.880719,-17.558,0.2609,0.374926,nan,nan,0,0.748611,-0.219965,2.60752,-12.4518,0.164305,nan,9.5382,-3.49852,1,-0.102202,0.0300607,2.183,1.09662,-0.0511011,nan,-5.70935,-5.03875,1,0.706793,-0.270081,1.66017,17.6068,-0.0466036,0.42521,nan,nan,0,0.273,0.0183125,0.383589,58.5836,0.0865001,1.07376,nan,nan,0,0.294127,0.279284,-0.09513,11.746,0.457064,0.562361,nan,nan,0,0.716358,0.539106,-0.0644436,8.96215,0.848179,0.724392,nan,nan,0,0.878222,-0.314863,-0.459915,25.8119,0.229111,nan,19.729,25.2566,1,-0.146181,-0.0124616,0.269622,-9.39658,-0.0730904,nan,-2.2233,-7.08743,1,0,0.150209,0.042573,0.032991,-0.987186,-0.17296,0.224274,0.552449,-2.10132,3.68098,12.4021
1786071340575556678,0,1,0,0,0,-0.0529289,0.0985772,-2.83445,-0.0980777,0.413517,0.93933,-0.713615,0.230772,1.08939,21.514,0.0431925,0.792153,nan,nan,0,-0.882317,0.13202,0.371314,-11.1111,-0.391159,-0.183844,nan,nan,0,0.508438,-0.170179,-0.899132,-8.03419,-0.0557812,-0.388518,nan,nan,0,-0.208871,0.574389,0.71501,-22.735,0.385565,0.302005,nan,nan,0,1.26481,-0.219965,2.60752,-12.4518,0.422404,nan,18.5716,2.43721,1,-0.113623,0.0300607,2.183,1.09662,-0.0568116,nan,-5.88067,-5.26221,1,0.0239993,-0.253207,1.65403,16.4835,-0.388,0.212086,nan,nan,0,-0.27668,0.0192714,-0.00920582,42.5641,-0.18834,0.610953,nan,nan,0,-0.0212353,0.278326,-0.193328,11.3553,0.299382,0.50778,nan,nan,0,0.687525,0.539682,0.131955,13.0159,0.833762,0.799176,nan,nan,0,0.514901,-0.322822,-0.45832,24.5124,0.0474503,nan,13.647,23.2775,1,0.00272048,-0.0110357,0.769183,-7.59873,0.00136024,nan,-0.781896,-4.97291,1,0,0.154015,0.044629,0.033652,-0.986486,-0.0980777,0.413517,0.93933,-3.87419,2.71567,11.8556
1786071340585949007,0,1,0,0,0,-0.0527844,0.101161,-2.8295,-0.111107,0.374156,1.06472,-1.42156,0.239209,1.04029,15.2625,-0.310778,0.43295,nan,nan,0,-1.27385,0.134513,0.309939,-12.381,-0.586925,-0.268314,nan,nan,0,0.64714,-0.17689,-0.788659,-4.81075,0.01357,-0.225839,nan,nan,0,-0.023979,0.578799,0.475651,-24.4933,0.47801,0.304745,nan,nan,0,1.6923,-0.219965,2.60752,-12.4518,0.63615,nan,26.0528,10.3442,1,-0.22001,0.0300607,2.183,1.09662,-0.110005,nan,-7.47648,-5.59679,1,-0.523924,-0.240359,1.58039,14.2369,-0.661962,-0.0792153,nan,nan,0,-0.484765,0.0179291,-0.23629,30.8425,-0.292383,0.149741,nan,nan,0,-0.0663401,0.275641,-0.291528,8.62027,0.27683,0.418098,nan,nan,0,0.666961,0.542366,0.371314,19.4628,0.82348,0.836853,nan,nan,0,0.175663,-0.322767,-0.327789,23.3224,-0.122168,nan,7.51263,19.0488,1,0.0709074,-0.000304753,0.923446,-5.66596,0.0354537,nan,-0.312416,-2.84823,1,0,0.15648,0.045831,0.03389,-0.986034,-0.111107,0.374156,1.06472,-2.03773,2.18931,12.7893
1786071340595688039,0,1,0,0,0,-0.0522413,0.107002,-2.81348,-0.000227329,0.394694,0.97769,-2.02615,0.250714,0.776384,6.17827,-0.613076,0.0372342,nan,nan,0,-1.78328,0.137006,0.0828552,-12.7228,-0.841642,-0.41381,nan,nan,0,0.619169,-0.182451,-0.0521679,-2.17339,-0.000415412,-0.0797611,nan,nan,0,0.093152,0.581292,0.0889931,-22.5397,0.536576,0.375526,nan,nan,0,2.06389,-0.219965,2.60752,-12.4518,0.821945,nan,32.5556,18.7796,1,-0.331315,0.0300607,2.183,1.09662,-0.165657,nan,-9.14604,-6.34152,1,-0.926888,-0.222335,1.2551,5.20146,-0.863444,-0.392163,nan,nan,0,-0.66069,0.0125594,-0.506338,7.05739,-0.380345,-0.16347,nan,nan,0,-0.0629978,0.274491,-0.0644426,4.27351,0.278501,0.330332,nan,nan,0,0.651064,0.55042,0.757972,18.779,0.815532,0.841134,nan,nan,0,-0.0645081,-0.324488,-0.0936025,17.7727,-0.242254,nan,3.01858,13.2852,1,0.108064,0.013358,1.09707,-3.04437,0.054032,nan,-0.425383,-1.31349,1,0,0.164412,0.04848,0.034461,-0.984596,-0.000227329,0.394694,0.97769,0.090631,4.40987,9.47683
1786071340605701739,0,1,0,0,0,-0.0518024,0.109211,-2.80906,-0.0528219,0.409246,0.819119,-2.56715,0.255124,0.383589,2.36874,-0.883576,-0.329874,nan,nan,0,-2.12805,0.136047,-0.162642,-17.9976,-1.01402,-0.617966,nan,nan,0,0.609026,-0.177465,0.733422,-0.65934,-0.00548699,-0.0026958,nan,nan,0,0.183314,0.581292,-0.00306892,-20.0977,0.581657,0.462506,nan,nan,0,2.45525,-0.219965,2.60752,-12.4518,1.01762,nan,39.4043,26.5551,1,-0.431563,0.0300607,2.183,1.09662,-0.215781,nan,-10.6498,-7.62982,1,-1.28172,-0.213323,0.90527,0.854698,-1.04086,-0.667494,nan,nan,0,-0.781277,0.00642347,-0.71501,1.39194,-0.440638,-0.332107,nan,nan,0,-0.11156,0.274491,0.046031,1.68498,0.25422,0.283046,nan,nan,0,0.635755,0.558857,0.991194,15.8974,0.807877,0.830858,nan,nan,0,-0.286882,-0.326116,0.0500982,12.8223,-0.353441,nan,-1.03153,7.52252,1,0.109453,0.0204613,1.18751,-1.38946,0.0547263,nan,-0.753312,-0.589197,1,0,0.166595,0.049528,0.034533,-0.984174,-0.0528219,0.409246,0.819119,0.686378,2.01233,9.11394
1786071340615554549,0,1,0,0,0,-0.053001,0.112084,-2.80204,-0.258899,0.267991,0.654858,-2.7816,0.255124,-0.162642,-4.61539,-0.990802,-0.647298,nan,nan,0,-2.0185,0.132787,-0.457238,-22.442,-0.959252,-0.834038,nan,nan,0,0.609348,-0.165385,1.48833,-1.00122,-0.00532594,0.0155382,nan,nan,0,0.212223,0.581676,0.0705805,-13.6508,0.596111,0.534944,nan,nan,0,2.79969,-0.219965,2.60752,-12.4518,1.18984,nan,45.432,33.6524,1,-0.596912,0.0300607,2.183,1.09662,-0.298456,nan,-13.13,-9.18694,1,-1.48162,-0.207762,0.402001,-2.61295,-1.14081,-0.889203,nan,nan,0,-0.824068,-0.00143814,-0.831621,-7.78999,-0.462034,-0.416635,nan,nan,0,-0.174135,0.274299,-0.046031,0.952377,0.222933,0.261319,nan,nan,0,0.559884,0.569595,1.10781,14.7741,0.769942,0.818212,nan,nan,0,-0.421422,-0.323747,0.111017,7.97084,-0.420711,nan,-3.56026,2.52063,1,0.0989315,0.0342031,1.14808,-0.523516,0.0494657,nan,-1.26424,-0.555938,1,0,0.170098,0.050718,0.035536,-0.983479,-0.258899,0.267991,0.654858,1.28814,-0.34403,8.03038
1786071340625972062,0,1,0,0,0,-0.0570512,0.116963,-2.79461,-0.461163,0.247966,0.442707,-3.08154,0.24918,-0.813209,-12.3321,-1.14077,-0.876437,nan,nan,0,-1.72362,0.124542,-0.874582,-30.3053,-0.81181,-0.957313,nan,nan,0,0.670359,-0.14736,1.81975,-1.5873,0.0251794,0.00972119,nan,nan,0,0.264972,0.583401,0.23629,-9.98779,0.622486,0.5804,nan,nan,0,3.15297,-0.219965,2.60752,-12.4518,1.36649,nan,51.6146,40.195,1,-0.789528,0.0300607,2.183,1.09662,-0.394764,nan,-16.0192,-11.1018,1,-1.60766,-0.207762,-0.181053,-10.0366,-1.20383,-1.0507,nan,nan,0,-0.860923,-0.0108337,-0.985056,-9.79243,-0.480462,-0.456064,nan,nan,0,-0.203553,0.274683,0.0767183,-0.561661,0.208223,0.242311,nan,nan,0,0.470624,0.57995,1.14463,14.5299,0.725312,0.797584,nan,nan,0,-0.490319,-0.323314,0.0430714,2.68175,-0.45516,nan,-4.6792,-1.29586,1,0.083707,0.0447182,0.878066,-0.0373265,0.0418535,nan,-1.40304,-0.864991,1,0,0.173901,0.052632,0.038131,-0.982615,-0.461163,0.247966,0.442707,1.27424,-2.14959,6.87158
1786071340635537978,0,1,0,0,0,-0.0621057,0.118238,-2.79028,-0.552946,0.129311,0.42141,-3.21793,0.236141,-1.49446,-18.1929,-1.20897,-1.03762,nan,nan,0,-1.54949,0.115146,-1.10167,-38.0708,-0.724744,-0.940097,nan,nan,0,0.809014,-0.12761,1.78906,-2.66178,0.0945072,0.0109653,nan,nan,0,0.338089,0.587236,0.457238,-8.96215,0.659044,0.607887,nan,nan,0,3.42557,-0.219965,2.60752,-12.4518,1.50279,nan,56.385,46.3956,1,-0.974626,0.0300607,2.183,1.09662,-0.487313,nan,-18.7957,-13.5157,1,-1.71513,-0.213514,-0.733422,-13.2601,-1.25756,-1.15512,nan,nan,0,-0.954104,-0.0219555,-1.13849,-11.5995,-0.527052,-0.474713,nan,nan,0,-0.172828,0.2766,0.181053,-1.53846,0.223586,0.223368,nan,nan,0,0.373528,0.592797,1.18145,9.54823,0.676764,0.764283,nan,nan,0,-0.5208,-0.323132,-0.121188,0.00674965,-0.4704,nan,-4.9726,-3.67733,1,0.0813697,0.0510652,0.536749,-0.164614,0.0406849,nan,-1.11653,-1.14175,1,0,0.176171,0.052731,0.040837,-0.982097,-0.552946,0.129311,0.42141,2.38046,-2.93735,5.95062
1786071340645559621,0,1,0,0,0,-0.0677028,0.117357,-2.7867,-0.506945,-0.00504952,0.290369,-3.16679,0.216966,-2.06524,-23.3211,-1.1834,-1.14991,nan,nan,0,-1.4208,0.102682,-1.11394,-38.7057,-0.6604,-0.844098,nan,nan,0,0.873219,-0.109394,2.17572,-5.88522,0.126609,0.0409184,nan,nan,0,0.39083,0.59318,0.66591,-8.81563,0.685415,0.633742,nan,nan,0,3.58743,-0.219965,2.60752,-12.4518,1.58372,nan,59.2176,52.04,1,-1.13926,0.0300607,2.183,1.09662,-0.569632,nan,-21.2653,-16.2483,1,-1.69652,-0.224444,-1.206,-16.0928,-1.24826,-1.22205,nan,nan,0,-1.02856,-0.0334606,-1.13849,-15.9463,-0.564281,-0.497337,nan,nan,0,-0.163385,0.277943,0.174916,-2.75946,0.228308,0.216291,nan,nan,0,0.260213,0.605069,1.23055,4.51771,0.620106,0.72101,nan,nan,0,-0.510921,-0.326949,-0.322717,-2.45444,-0.465461,nan,-4.36382,-4.78035,1,0.0858988,0.051366,0.183718,-0.784762,0.0429494,nan,-0.528075,-1.1709,1,0,0.178065,0.051727,0.043602,-0.98169,-0.506945,-0.00504952,0.290369,5.03216,-4.51877,6.97913
1786071340655592392,0,1,0,0,0,-0.0706494,0.116233,-2.7857,-0.55427,-0.0629821,0.117819,-3.1202,0.19338,-2.47031,-26.7888,-1.1601,-1.19802,nan,nan,0,-1.10732,0.0936704,-0.923681,-40.6593,-0.503659,-0.740512,nan,nan,0,0.915825,-0.0844665,2.54396,-5.25031,0.147913,0.0851581,nan,nan,0,0.454515,0.602192,0.868444,-5.05495,0.717257,0.66118,nan,nan,0,3.71411,-0.219965,2.60752,-12.4518,1.64705,nan,61.4344,56.4856,1,-1.3619,0.0300607,2.183,1.09662,-0.680949,nan,-24.6048,-18.9823,1,-1.55568,-0.239017,-1.55584,-18.6325,-1.17784,-1.25268,nan,nan,0,-1.0367,-0.044198,-1.03416,-17.558,-0.56835,-0.529636,nan,nan,0,-0.167778,0.281011,0.426551,-4.17583,0.226111,0.219701,nan,nan,0,0.135951,0.61619,1.24897,1.00122,0.557975,0.670055,nan,nan,0,-0.47499,-0.331083,-0.620275,-3.27419,-0.447495,nan,-3.14402,-4.84925,1,0.0787868,0.0532464,-0.136302,-0.699307,0.0393934,nan,-0.211137,-0.876216,1,0,0.17862,0.05089,0.044976,-0.981571,-0.55427,-0.0629821,0.117819,4.55671,-5.92274,7.33485
1786071340665792780,0,1,0,0,0,-0.0781112,0.111958,-2.78616,-0.697754,-0.332259,-0.188971,-2.74872,0.166727,-2.75263,-28.4493,-0.974359,-1.1945,nan,nan,0,-0.561626,0.0865755,-0.518612,-37.5824,-0.230813,-0.624114,nan,nan,0,0.723058,-0.057621,2.77718,-6.47131,0.0515291,0.123096,nan,nan,0,0.441527,0.610246,0.923681,-3.63858,0.710764,0.690168,nan,nan,0,3.70946,-0.219965,2.60752,-12.4518,1.64473,nan,61.3531,59.6375,1,-1.61695,0.0300607,2.183,1.09662,-0.808477,nan,-28.4306,-21.8703,1,-1.20672,-0.256466,-1.80747,-22.1001,-1.00336,-1.23463,nan,nan,0,-0.760685,-0.0541697,-1.00347,-15.5556,-0.430343,-0.555602,nan,nan,0,-0.117778,0.285996,0.537024,-4.71307,0.251111,0.224123,nan,nan,0,-0.0419143,0.629805,1.206,-2.75946,0.469043,0.612571,nan,nan,0,-0.407005,-0.337484,-0.98284,-3.59356,-0.413502,nan,-1.18637,-4.08404,1,0.0183609,0.0520923,-0.520458,-0.504378,0.00918045,nan,-0.506667,-0.422614,1,0,0.178522,0.048135,0.048254,-0.981572,-0.697754,-0.332259,-0.188971,6.46903,-6.17294,11.3491
1786071340675606706,0,1,0,0,0,-0.0917665,0.10132,-2.7956,-0.694865,-0.468696,-1.13103,-1.9289,0.13854,-2.83242,-31.7704,-0.564451,-1.11527,nan,nan,0,-0.0119618,0.0835075,-0.199466,-32.3565,0.0440191,-0.446898,nan,nan,0,0.0753121,-0.0294337,2.89379,-6.37363,-0.272344,0.112463,nan,nan,0,0.482496,0.619258,0.892995,-0.170937,0.731248,0.708531,nan,nan,0,3.21754,-0.219965,2.60752,-12.4518,1.39877,nan,52.7445,61.2452,1,-1.76053,0.0300607,2.183,1.09662,-0.880266,nan,-30.5843,-25.173,1,-0.371619,-0.275066,-1.87498,-23.0281,-0.585809,-1.14446,nan,nan,0,0.420491,-0.0645242,-1.02802,-17.0208,0.160245,-0.521932,nan,nan,0,0.135162,0.290406,0.297665,-2.36874,0.377581,0.23461,nan,nan,0,-0.366529,0.641501,1.17532,-13.7485,0.306736,0.542313,nan,nan,0,-0.28349,-0.349843,-1.26857,-2.85382,-0.351745,nan,1.83629,-2.58558,1,-0.265152,0.0426231,-0.818289,-0.445227,-0.132576,nan,-4.02854,-0.130245,1,0,0.17402,0.041945,0.053832,-0.982374,-0.694865,-0.468696,-1.13103,5.25101,-2.85086,12.3951
1786071340685504136,0,1,0,0,0,-0.0959387,0.0975314,-2.80175,-0.595712,-0.404597,-1.41028,-0.604828,0.110544,-2.75877,-31.0867,0.0975862,-0.8915,nan,nan,0,0.225956,0.0831242,0.00920582,-23.8095,0.162978,-0.207389,nan,nan,0,-0.386196,-9.58443e-05,2.88766,-6.08059,-0.503098,-0.0261285,nan,nan,0,0.76969,0.628271,0.745697,5.20146,0.874845,0.721103,nan,nan,0,2.24669,-0.219965,2.60752,-12.4518,0.913347,nan,35.7547,58.849,1,-1.66587,0.0300607,2.183,1.09662,-0.832933,nan,-29.1643,-28.2825,1,0.936301,-0.293282,-1.77678,-23.8095,0.0681504,-0.915466,nan,nan,0,1.96524,-0.0752621,-1.10167,-13.1624,0.932622,-0.274551,nan,nan,0,0.733495,0.290215,-0.0767183,-1.24542,0.676748,0.287158,nan,nan,0,-0.664461,0.652048,1.1569,-19.7558,0.15777,0.435881,nan,nan,0,0.0196915,-0.362395,-1.45387,-2.35862,-0.200154,nan,7.85924,-0.330594,1,-0.666304,0.0368847,-0.945692,-0.241402,-0.333152,nan,-9.68257,-1.24359,1,0,0.171013,0.03989,0.055438,-0.982898,-0.595712,-0.404597,-1.41028,4.91693,-2.84031,12.1929
1786071340695569853,0,1,0,0,0,-0.106018,0.0893651,-2.83076,-0.339393,-0.0571427,-2.34388,1.4534,0.0838909,-2.62988,-23.2723,1.1267,-0.457769,nan,nan,0,0.339745,0.0844665,0.174916,-12.7717,0.219873,0.0138547,nan,nan,0,-1.32531,0.0234895,2.0591,-7.98535,-0.972656,-0.257584,nan,nan,0,1.04365,0.634023,0.604536,7.74115,1.01183,0.776216,nan,nan,0,0.514411,-0.219965,2.60752,-12.4518,0.0472053,nan,5.43969,49.6533,1,-0.965504,0.0300607,2.183,1.09662,-0.482752,nan,-18.6589,-29.6891,1,2.82422,-0.30939,-1.53129,-15.5067,1.01211,-0.482003,nan,nan,0,4.60881,-0.0861921,-1.07098,-3.24786,2.2544,0.254702,nan,nan,0,1.15375,0.288681,-0.174916,0.610504,0.886875,0.442422,nan,nan,0,-0.602495,0.662977,0.862308,-25.8608,0.188752,0.297824,nan,nan,0,0.785835,-0.376826,-1.50134,-0.811482,0.182917,nan,21.843,3.43778,1,-1.11693,0.0251215,-0.996578,-0.904712,-0.558467,nan,-16.0128,-4.62932,1,0,0.156758,0.035874,0.059198,-0.985208,-0.339393,-0.0571427,-2.34388,-0.846294,-1.04476,9.6803
1786071340705852595,0,1,0,0,0,-0.108792,0.0873862,-2.84296,-0.338646,-0.221195,-2.56062,2.92212,0.0589633,-2.40894,-8.22955,1.86106,0.258526,nan,nan,0,0.0307101,0.0873423,0.365176,-6.76434,0.0653551,0.159473,nan,nan,0,-1.84163,0.0330768,0.432689,-10.1343,-1.23082,-0.58851,nan,nan,0,1.358,0.639392,0.524749,10.0366,1.169,0.883257,nan,nan,0,-1.01628,-0.219965,2.60752,-12.4518,-0.718139,nan,-21.3474,30.6274,1,-0.282662,0.0300607,2.183,1.09662,-0.141331,nan,-8.41625,-26.3301,1,3.31848,-0.32262,-1.22441,-5.20146,1.25924,0.202817,nan,nan,0,6.60453,-0.0959711,-0.880719,14.2857,3.25227,1.1506,nan,nan,0,0.994729,0.28753,0.0214815,5.88522,0.807364,0.664075,nan,nan,0,-0.520229,0.668155,0.33449,-30.2564,0.229885,0.205261,nan,nan,0,1.23049,-0.391273,-1.35947,2.3094,0.405246,nan,29.9174,11.2183,1,-1.44509,0.0111849,-1.4575,-3.9045,-0.722547,nan,-19.8257,-9.87213,1,0,0.150748,0.035049,0.060201,-0.986114,-0.338646,-0.221195,-2.56062,-0.832149,-1.19608,8.05833
1786071340715452528,0,1,0,0,0,-0.115678,0.0762555,-2.87885,-0.239953,-0.651405,-2.19287,3.12739,0.035953,-1.92408,5.88522,1.9637,1.10064,nan,nan,0,-0.296715,0.0927114,0.635223,-5.73871,-0.0983577,0.174072,nan,nan,0,-1.77243,0.0238729,-1.48219,-14.2369,-1.19622,-0.942612,nan,nan,0,1.37948,0.647062,0.751834,16.1416,1.17974,1.02395,nan,nan,0,-1.22049,-0.219965,2.60752,-12.4518,-0.820245,nan,-24.9211,4.83808,1,-0.210309,0.0300607,2.183,1.09662,-0.105155,nan,-7.33096,-18.3903,1,2.80068,-0.332975,-0.770247,10.9157,1.00034,0.848815,nan,nan,0,6.93363,-0.100381,-0.0583057,42.4664,3.41682,2.23863,nan,nan,0,0.962023,0.294049,0.923681,9.25519,0.791012,0.802098,nan,nan,0,-0.59876,0.667004,-0.33449,-31.3797,0.19062,0.187874,nan,nan,0,1.21151,-0.402177,-0.781111,10.1072,0.395755,nan,29.0993,20.9864,1,-1.4819,-0.0149682,-2.9757,-8.16619,-0.740952,nan,-17.316,-15.0526,1,0,0.132865,0.03016,0.062252,-0.988717,-0.239953,-0.651405,-2.19287,0.065399,-2.43026,4.83299
1786071340725614563,0,1,0,0,0,-0.120071,0.0681487,-2.89681,-0.376886,-0.455552,-1.51695,2.91489,0.0215721,-1.18145,26.5934,1.85744,1.71413,nan,nan,0,-0.247289,0.101148,0.911407,-5.05495,-0.0736447,0.0707452,nan,nan,0,-1.26153,-0.00699854,-3.72848,-15.3602,-0.940765,-1.15922,nan,nan,0,1.29886,0.657417,1.19987,18.8767,1.13943,1.13319,nan,nan,0,-1.07881,-0.219965,2.60752,-12.4518,-0.749406,nan,-22.4417,-15.5224,1,-0.275164,0.0300607,2.183,1.09662,-0.137582,nan,-8.30379,-11.1833,1,2.92343,-0.33566,-0.0214806,23.2234,1.06171,1.12455,nan,nan,0,7.08943,-0.0923281,1.13235,62.149,3.49471,3.05755,nan,nan,0,0.910353,0.310349,1.89953,8.62027,0.765176,0.832913,nan,nan,0,-0.481129,0.658375,-0.911407,-34.7497,0.249435,0.191741,nan,nan,0,1.27004,-0.402815,-0.0356744,19.7798,0.42502,nan,29.0277,27.3422,1,-1.55128,-0.0523764,-4.54646,-12.7863,-0.775639,nan,-14.8782,-17.2073,1,0,0.123826,0.026431,0.063668,-0.989906,-0.376886,-0.455552,-1.51695,1.3551,0.001104,4.11167
1786071340735957352,0,1,0,0,0,-0.125882,0.0616743,-2.90732,-0.657396,-0.668521,-0.526652,2.4341,0.0165863,-0.205604,33.431,1.61705,1.95152,nan,nan,0,-0.288843,0.113037,1.206,-13.7973,-0.0944217,-0.0298874,nan,nan,0,-0.79222,-0.0599222,-5.96251,-10.7204,-0.70611,-1.14653,nan,nan,0,1.22924,0.672181,1.83202,17.851,1.10462,1.16956,nan,nan,0,-0.889035,-0.219965,2.60752,-12.4518,-0.654518,nan,-19.1206,-24.3033,1,-0.256676,0.0300607,2.183,1.09662,-0.128338,nan,-8.02646,-7.84329,1,2.17851,-0.329715,0.899132,21.3187,0.689256,1.14946,nan,nan,0,6.68548,-0.0779467,1.55584,70.0122,3.29274,3.45911,nan,nan,0,0.891367,0.331249,1.96704,11.9902,0.755684,0.8113,nan,nan,0,-0.375138,0.649363,-0.825483,-42.9548,0.302431,0.21139,nan,nan,0,1.28504,-0.404718,-0.108399,26.8774,0.432518,nan,29.4658,29.5838,1,-1.53143,-0.102265,-4.4758,-16.7424,-0.765714,nan,-13.1898,-16.3764,1,0,0.118506,0.023213,0.066035,-0.990483,-0.657396,-0.668521,-0.526652,1.17086,4.85083,11.6774
1786071340747096929,0,1,0,0,0,-0.129105,0.0576388,-2.90701,-0.665595,-0.667791,0.486734,2.00141,0.020997,0.751834,34.359,1.40071,1.88414,nan,nan,0,-0.524449,0.12435,1.21214,-7.10622,-0.212225,-0.0830174,nan,nan,0,-0.505653,-0.119365,-6.63762,-11.2088,-0.562826,-0.965183,nan,nan,0,0.919939,0.693082,2.501,18.3394,0.949969,1.15185,nan,nan,0,-0.663516,-0.219965,2.60752,-12.4518,-0.541758,nan,-15.174,-24.4318,1,-0.210385,0.0300607,2.183,1.09662,-0.105193,nan,-7.3321,-7.16578,1,1.48074,-0.315717,1.77065,21.0745,0.340368,0.990196,nan,nan,0,5.67137,-0.0612645,1.88112,76.3126,2.78568,3.50752,nan,nan,0,0.924442,0.341604,0.862308,13.8462,0.772221,0.780221,nan,nan,0,-0.197904,0.642652,-0.850033,-33.2845,0.391048,0.252405,nan,nan,0,1.32087,-0.408048,-1.06541,29.9898,0.450436,nan,31.645,30.1828,1,-1.33586,-0.127115,-2.65468,-18.0408,-0.66793,nan,-12.2424,-14.8629,1,0,0.118578,0.021012,0.067403,-0.990431,-0.665595,-0.667791,0.486734,6.813,8.27813,12.7761
1786071340755902452,0,1,0,0,0,-0.140409,0.0670366,-2.89053,-0.818142,0.861435,1.10341,1.85735,0.0363369,1.64176,37.7289,1.32867,1.66533,nan,nan,0,-0.39688,0.136814,1.33489,-18.3883,-0.14844,-0.139763,nan,nan,0,-0.318356,-0.19664,-6.46577,-1.00122,-0.469178,-0.746311,nan,nan,0,0.309134,0.724721,3.01041,12.8205,0.644567,1.07319,nan,nan,0,-0.442165,-0.219965,2.60752,-12.4518,-0.431082,nan,-11.3004,-20.5481,1,-0.245827,0.0300607,2.183,1.09662,-0.122914,nan,-7.86373,-7.20102,1,2.63977,-0.289064,2.69126,18.3883,0.919884,0.6907,nan,nan,0,4.61105,-0.0418973,1.6479,90.8669,2.25553,3.24705,nan,nan,0,1.31764,0.344863,-0.09513,17.558,0.96882,0.766383,nan,nan,0,0.315112,0.631339,-0.942094,-30.3053,0.647556,0.316516,nan,nan,0,1.76045,-0.423677,-1.42294,26.9504,0.670227,nan,40.4211,31.1281,1,-1.07455,-0.144622,-0.920226,-15.874,-0.537277,nan,-10.3993,-13.9169,1,0,0.127154,0.024389,0.073741,-0.988837,-0.818142,0.861435,1.10341,-14.9312,1.77844,17.7127
1786071340765780594,0,1,0,0,0,-0.143956,0.0778322,-2.87786,-0.365077,0.431261,1.55184,1.81849,0.0570459,2.2555,28.7424,1.30925,1.45796,nan,nan,0,-0.553064,0.151771,1.5497,-16.044,-0.226532,-0.168772,nan,nan,0,-0.301579,-0.249947,-4.42815,-4.22466,-0.46079,-0.571969,nan,nan,0,0.0907419,0.757127,3.37865,3.98046,0.535371,0.893588,nan,nan,0,-0.367303,-0.219965,2.60752,-12.4518,-0.393651,nan,-9.99029,-15.6864,1,-0.218188,0.0300607,2.183,1.09662,-0.109094,nan,-7.44914,-7.44633,1,2.37206,-0.258384,3.19453,10.232,0.786031,0.633124,nan,nan,0,3.57601,-0.0290504,1.16304,85.7387,1.738,2.78219,nan,nan,0,1.28744,0.339686,-0.598398,17.7534,0.953719,0.829833,nan,nan,0,0.418886,0.621367,-1.05871,-18.5348,0.699443,0.4525,nan,nan,0,1.80438,-0.433458,-0.892967,27.5278,0.692188,nan,40.7371,34.5656,1,-0.916677,-0.146537,0.278232,-14.6387,-0.458338,nan,-9.77138,-12.7671,1,0,0.133818,0.02902,0.07634,-0.987634,-0.365077,0.431261,1.55184,-10.1817,2.82485,11.3347
1786071340775757260,0,1,0,0,0,-0.144065,0.0827576,-2.87068,-0.0188619,0.705494,1.4531,1.49435,0.079864,2.5992,30.5495,1.14718,1.33696,nan,nan,0,-0.771139,0.165576,1.51287,-14.7741,-0.33557,-0.191461,nan,nan,0,-0.266155,-0.279093,-3.04109,0.415138,-0.443078,-0.476021,nan,nan,0,-0.211028,0.787615,3.36024,-8.81563,0.384486,0.691062,nan,nan,0,-0.0162219,-0.219965,2.60752,-12.4518,-0.218111,nan,-3.84637,-11.8973,1,-0.263527,0.0300607,2.183,1.09662,-0.131764,nan,-8.12923,-7.57876,1,2.45092,-0.228279,3.4032,16.4835,0.825459,0.717201,nan,nan,0,2.65375,-0.0188875,1.12622,76.5079,1.27687,2.23958,nan,nan,0,1.17046,0.336426,-0.242428,17.1673,0.895229,0.908836,nan,nan,0,0.719447,0.611588,-1.05871,-7.49695,0.849723,0.59912,nan,nan,0,1.86256,-0.439714,-0.514693,30.0797,0.72128,nan,41.4068,38.3061,1,-0.681688,-0.139098,1.33076,-13.0024,-0.340844,nan,-8.04853,-11.5406,1,0,0.137527,0.031171,0.076822,-0.987022,-0.0188619,0.705494,1.4531,-5.94453,3.82721,9.17322
1786071340785994236,0,1,0,0,0,-0.138891,0.0948245,-2.85902,0.434737,0.43025,1.04957,1.22818,0.107092,2.77105,24.591,1.01409,1.24078,nan,nan,0,-0.997608,0.179766,1.1569,-10.9157,-0.448804,-0.25004,nan,nan,0,-0.178406,-0.301911,-2.26164,1.19658,-0.399203,-0.439282,nan,nan,0,-0.368812,0.819062,2.99813,-23.956,0.305594,0.51563,nan,nan,0,0.227906,-0.219965,2.60752,-12.4518,-0.0960472,nan,0.425857,-8.0245,1,-0.227713,0.0300607,2.183,1.09662,-0.113857,nan,-7.59201,-7.76705,1,2.13294,-0.193955,3.45844,15.8974,0.666471,0.784103,nan,nan,0,1.68555,-0.00738239,1.206,76.6545,0.792777,1.70873,nan,nan,0,0.925087,0.340837,0.739559,15.6532,0.772544,0.930904,nan,nan,0,0.805176,0.601809,-0.954369,2.95483,0.892588,0.733332,nan,nan,0,1.70313,-0.44016,-0.00242379,33.0952,0.641565,nan,37.864,40.4895,1,-0.488044,-0.117277,2.30706,-11.4362,-0.244022,nan,-7.26294,-10.2875,1,0,0.143574,0.037049,0.075279,-0.986076,0.434737,0.43025,1.04957,-12.3901,7.71997,11.053
1786071340795630629,0,1,0,0,0,-0.133149,0.100706,-2.8528,0.539203,0.278351,0.294334,0.725713,0.13528,2.86311,23.4188,0.762857,1.12727,nan,nan,0,-0.987941,0.187819,0.782521,-12.5763,-0.443971,-0.343354,nan,nan,0,-0.23099,-0.319552,-1.32261,0.561661,-0.425495,-0.417998,nan,nan,0,-0.554702,0.843798,2.21254,-32.0635,0.212649,0.382303,nan,nan,0,0.708294,-0.219965,2.60752,-12.4518,0.144147,nan,8.83266,-3.60961,1,-0.169624,0.0300607,2.183,1.09662,-0.0848122,nan,-6.72069,-7.81483,1,1.45995,-0.159441,3.43389,19.7558,0.329974,0.768284,nan,nan,0,0.630285,0.00623178,1.42081,62.2466,0.265143,1.20759,nan,nan,0,0.520526,0.351574,1.05257,16.3858,0.570263,0.878272,nan,nan,0,0.965568,0.593756,-0.69046,14.9695,0.972784,0.83759,nan,nan,0,1.4309,-0.434674,0.663134,34.6639,0.505452,nan,31.9097,40.0929,1,-0.211795,-0.0817112,3.70881,-10.7736,-0.105897,nan,-6.28879,-9.21403,1,0,0.14671,0.040137,0.072976,-0.985667,0.539203,0.278351,0.294334,-3.58811,5.00663,11.4332
1786071340805618470,0,1,0,0,0,-0.121905,0.104357,-2.85324,0.67544,-0.0496522,-0.262282,0.00656355,0.166919,2.89993,21.2698,0.403282,0.961185,nan,nan,0,-1.05197,0.192997,0.26084,-13.9438,-0.475987,-0.416623,nan,nan,0,-0.440216,-0.329332,-0.868444,0.170937,-0.530108,-0.412338,nan,nan,0,-0.580406,0.86048,1.17532,-39.6825,0.199797,0.281711,nan,nan,0,1.24234,-0.219965,2.60752,-12.4518,0.411172,nan,18.1785,2.21437,1,-0.132477,0.0300607,2.183,1.09662,-0.0662383,nan,-6.16347,-7.43165,1,0.67423,-0.122816,3.27431,15.7998,-0.0628852,0.603765,nan,nan,0,-0.341095,0.0202298,1.19987,40.9524,-0.220548,0.708019,nan,nan,0,-0.155804,0.363847,1.18145,11.8926,0.232098,0.746661,nan,nan,0,1.18031,0.589729,-0.279252,24.6398,1.08016,0.916461,nan,nan,0,0.978835,-0.424506,1.46003,36.8756,0.279418,nan,22.4473,36.6563,1,0.0136534,-0.0372836,4.68756,-9.1659,0.00682669,nan,-5.70803,-8.32735,1,0,0.146357,0.042778,0.06768,-0.985986,0.67544,-0.0496522,-0.262282,-0.051134,3.26039,12.3697
1786071340815488533,0,1,0,0,0,-0.118436,0.103754,-2.85439,0.749447,0.0167762,-0.212199,-1.03323,0.192997,2.85697,17.6068,-0.116614,0.704641,nan,nan,0,-1.30142,0.192805,-0.11968,-15.2625,-0.600708,-0.458666,nan,nan,0,-0.32924,-0.333934,-0.359039,-1.53846,-0.47462,-0.451367,nan,nan,0,-0.409169,0.864699,0.101268,-40.9035,0.285415,0.219152,nan,nan,0,1.78529,-0.219965,2.60752,-12.4518,0.682647,nan,27.6802,9.96223,1,-0.19187,0.0300607,2.183,1.09662,-0.0959349,nan,-7.05437,-6.80818,1,-0.0461996,-0.0948205,3.01041,15.7021,-0.4231,0.299893,nan,nan,0,-0.898122,0.030201,1.03416,27.8144,-0.499061,0.20911,nan,nan,0,-0.349458,0.374968,1.26124,6.95971,0.135271,0.517286,nan,nan,0,1.28487,0.588962,-0.0214815,28.8889,1.13244,0.998522,nan,nan,0,0.544867,-0.405337,2.08169,34.2873,0.0624336,nan,13.2494,30.0635,1,0.130808,0.0125887,5.08521,-8.46485,0.065404,nan,-6.04336,-7.44644,1,0,0.145702,0.042772,0.065903,-0.986203,0.749447,0.0167762,-0.212199,3.03859,5.85891,11.7733
1786071340825505664,0,1,0,0,0,-0.111298,0.104109,-2.85754,0.553705,0.037125,-0.311256,-2.07859,0.220225,2.66057,11.8437,-0.639296,0.323045,nan,nan,0,-1.87193,0.187819,-0.598398,-14.9695,-0.885964,-0.518698,nan,nan,0,-0.3386,-0.337193,-0.377452,-2.3199,-0.4793,-0.481691,nan,nan,0,-0.254569,0.860097,-0.727284,-43.4432,0.362715,0.22241,nan,nan,0,2.26863,-0.219965,2.60752,-12.4518,0.924317,nan,36.1386,19.0155,1,-0.192539,0.0300607,2.183,1.09662,-0.0962696,nan,-7.06441,-6.62809,1,-0.733536,-0.0677838,2.55624,12.7228,-0.766768,-0.0711646,nan,nan,0,-1.10738,0.0378709,0.635223,10.9646,-0.603691,-0.215293,nan,nan,0,-0.392711,0.386473,0.966643,1.05006,0.113644,0.289118,nan,nan,0,1.40689,0.590688,0.217878,36.9475,1.19344,1.07595,nan,nan,0,0.0874714,-0.383528,2.74819,28.6524,-0.166264,nan,3.48195,21.2938,1,0.167597,0.0541578,4.52148,-6.47627,0.0837983,nan,-5.89301,-6.823,1,0,0.144002,0.043565,0.062339,-0.98665,0.553705,0.037125,-0.311256,2.93024,2.83554,9.75158
1786071340835501412,0,1,0,0,0,-0.109319,0.0998374,-2.85697,0.0475963,-0.25859,0.425136,-2.66873,0.245153,2.40894,-0.708183,-0.934363,-0.157635,nan,nan,0,-2.20782,0.179958,-0.991194,-16.7277,-1.05391,-0.667005,nan,nan,0,0.106554,-0.338152,0.273115,-8.66911,-0.256723,-0.486586,nan,nan,0,-0.111683,0.846483,-1.36558,-49.4994,0.434159,0.279625,nan,nan,0,2.60706,-0.219965,2.60752,-12.4518,1.09353,nan,42.0611,28.2624,1,-0.345286,0.0300607,2.183,1.09662,-0.172643,nan,-9.3556,-6.80328,1,-1.38124,-0.0461164,1.97318,3.00366,-1.09062,-0.447793,nan,nan,0,-0.910845,0.0411305,0.230153,-2.3199,-0.505422,-0.492491,nan,nan,0,-0.20161,0.388966,0.0153437,-2.5641,0.209195,0.150822,nan,nan,0,1.29814,0.594331,0.5002,35.4335,1.13907,1.1424,nan,nan,0,-0.393562,-0.353112,2.81297,20.7795,-0.406781,nan,-6.09787,11.6103,1,0.137307,0.0973469,3.71999,-5.5355,0.0686535,nan,-6.44079,-6.36687,1,0,0.14414,0.041581,0.061079,-0.986794,0.0475963,-0.25859,0.425136,8.64055,-0.381213,9.81874
1786071340845613926,0,1,0,0,0,-0.108173,0.0963608,-2.84956,0.225734,-0.0647323,0.993299,-2.89782,0.265862,1.8443,-3.58974,-1.04891,-0.608681,nan,nan,0,-2.65418,0.168069,-1.21214,-31.2332,-1.27709,-0.866359,nan,nan,0,0.543901,-0.32147,2.29846,-16.8254,-0.0380493,-0.411246,nan,nan,0,0.0736172,0.833636,-1.24283,-50.9646,0.526809,0.358031,nan,nan,0,2.77153,-0.219965,2.60752,-12.4518,1.17577,nan,44.9393,36.335,1,-0.422344,0.0300607,2.183,1.09662,-0.211172,nan,-10.5115,-7.72307,1,-1.79482,-0.0303926,1.4024,-3.5409,-1.29741,-0.802786,nan,nan,0,-0.878088,0.0415139,-0.0583057,-16.0928,-0.489044,-0.582841,nan,nan,0,-0.00931779,0.386089,-0.463376,-5.83639,0.305341,0.130123,nan,nan,0,1.14376,0.604301,1.10167,35.3358,1.06188,1.1659,nan,nan,0,-0.490274,-0.329474,2.67458,11.8322,-0.455137,nan,-8.41007,1.89124,1,0.114268,0.12026,2.51138,-4.5524,0.0571341,nan,-5.66085,-6.1088,1,0,0.147694,0.039723,0.06042,-0.986386,0.225734,-0.0647323,0.993299,10.9018,-0.117499,9.1446
1786071340855737076,0,1,0,0,0,-0.105431,0.0983357,-2.82835,-0.230012,1.22757,2.13317,-4.3008,0.276792,0.71501,-3.39439,-1.7504,-0.918144,nan,nan,0,-2.83478,0.155414,-1.31034,-33.1868,-1.36739,-1.0803,nan,nan,0,1.20336,-0.290981,3.34183,-17.558,0.291682,-0.244706,nan,nan,0,0.316972,0.823281,-0.948232,-40.6105,0.648486,0.445126,nan,nan,0,3.4522,-0.219965,2.60752,-12.4518,1.5161,nan,56.8511,42.0909,1,-0.576006,0.0300607,2.183,1.09662,-0.288003,nan,-12.8164,-9.13431,1,-2.49026,-0.0215721,0.64136,-11.7949,-1.64513,-1.09938,nan,nan,0,-1.11341,0.0384459,-0.402001,-17.8999,-0.606703,-0.561561,nan,nan,0,0.13425,0.378036,-0.85617,-4.66422,0.377125,0.19557,nan,nan,0,1.13575,0.618875,1.5988,36.1172,1.05787,1.13325,nan,nan,0,-0.689393,-0.306311,2.53018,2.68152,-0.554696,nan,-12.4888,-5.32996,1,0.062144,0.130728,0.994097,-3.74963,0.031072,nan,-4.48083,-5.60837,1,0,0.158137,0.04027,0.059639,-0.984791,-0.230012,1.22757,2.13317,5.75541,-7.13494,10.782
1786071340865610281,0,1,0,0,0,-0.108125,0.11627,-2.80166,-0.575237,1.37117,3.62624,-4.53716,0.273724,-0.684322,-16.4835,-1.86858,-1.28656,nan,nan,0,-2.822,0.137006,-1.62335,-41.5873,-1.361,-1.25888,nan,nan,0,1.86976,-0.252248,3.60573,-12.9182,0.624879,0.00591342,nan,nan,0,0.484808,0.815803,-0.659773,-34.0659,0.732404,0.546436,nan,nan,0,3.92328,-0.219965,2.60752,-12.4518,1.75164,nan,65.0948,48.7932,1,-0.606797,0.0300607,2.183,1.09662,-0.303399,nan,-13.2783,-10.9087,1,-3.11511,-0.0211887,-0.21174,-20.8791,-1.95756,-1.3832,nan,nan,0,-1.42159,0.0311594,-0.788659,-13.5531,-0.760796,-0.559229,nan,nan,0,0.401266,0.366148,-1.13235,-0.708183,0.510633,0.289357,nan,nan,0,1.04861,0.638625,2.15117,19.6581,1.0143,1.08866,nan,nan,0,-0.773372,-0.280423,2.23908,-4.81043,-0.596686,nan,-14.4278,-10.0906,1,0.04186,0.12774,-0.539703,-3.81293,0.02093,nan,-2.39475,-4.64001,1,0,0.171709,0.048057,0.062981,-0.981957,-0.575237,1.37117,3.62624,-10.7398,-12.1146,6.47513
1786071340875672324,0,1,0,0,0,-0.107606,0.13386,-2.76125,-0.474542,1.1165,4.32466,-4.21559,0.260109,-1.62335,-27.3748,-1.70779,-1.64328,nan,nan,0,-2.8201,0.12109,-1.8443,-46.9109,-1.36005,-1.35383,nan,nan,0,2.25059,-0.20757,4.99893,-13.7485,0.815297,0.316846,nan,nan,0,0.605742,0.809667,-0.530887,-19.8535,0.792871,0.648918,nan,nan,0,4.19892,-0.219965,2.60752,-12.4518,1.88946,nan,69.9187,57.096,1,-0.691136,0.0300607,2.183,1.09662,-0.345568,nan,-14.5434,-12.4356,1,-3.24585,-0.0278997,-0.85617,-28.2051,-2.02292,-1.6834,nan,nan,0,-1.71609,0.020997,-1.13235,-13.2112,-0.908045,-0.632581,nan,nan,0,0.554014,0.356368,-0.880719,0.610504,0.587007,0.399131,nan,nan,0,0.934428,0.666621,2.69126,9.84127,0.957214,1.0483,nan,nan,0,-0.73249,-0.264952,1.53634,-7.10999,-0.576245,nan,-13.1998,-13.0745,1,0.0520815,0.116342,-1.75057,-3.55403,0.0260407,nan,-0.0831845,-3.1586,1,0,0.191862,0.055437,0.065313,-0.977675,-0.474542,1.1165,4.32466,-8.21337,-7.05823,6.39675
1786071340885590337,0,1,0,0,0,-0.107155,0.148293,-2.72237,-0.490997,0.429783,3.50745,-3.64824,0.237483,-2.50714,-33.5287,-1.42412,-1.78835,nan,nan,0,-2.3457,0.101532,-1.99159,-45.348,-1.12285,-1.37962,nan,nan,0,2.25132,-0.143142,6.09753,-7.25275,0.815659,0.606547,nan,nan,0,0.671669,0.805448,-0.444963,-13.3089,0.825835,0.734827,nan,nan,0,4.2987,-0.219965,2.60752,-12.4518,1.93935,nan,71.6648,64.6392,1,-1.04332,0.0300607,2.183,1.09662,-0.521658,nan,-19.8261,-13.6472,1,-2.98162,-0.0415139,-1.5497,-30.5983,-1.89081,-1.91276,nan,nan,0,-1.79402,0.008533,-1.45764,-15.6044,-0.947011,-0.761732,nan,nan,0,0.520197,0.352533,-0.0337563,0.805862,0.570098,0.505705,nan,nan,0,0.706227,0.692891,2.97358,6.37363,0.843114,1.00285,nan,nan,0,-0.618561,-0.257899,0.620746,-9.27111,-0.51928,nan,-10.0795,-13.9099,1,0.0767823,0.0910531,-2.59228,-2.09734,0.0383911,nan,2.30856,-1.20517,1,0,0.211088,0.061241,0.067628,-0.973199,-0.490997,0.429783,3.50745,-6.93999,-6.43129,4.34223
1786071340895671480,0,1,0,0,0,-0.10749,0.15213,-2.69377,-0.437106,-0.123243,2.17112,-3.0764,0.206995,-3.305,-34.1636,-1.1382,-1.69092,nan,nan,0,-1.85782,0.0796723,-2.24936,-44.4689,-0.87891,-1.29849,nan,nan,0,1.86606,-0.0838909,6.95677,-4.22466,0.62303,0.779778,nan,nan,0,0.6657,0.801422,-0.316077,-4.12698,0.82285,0.79511,nan,nan,0,4.17303,-0.219965,2.60752,-12.4518,1.87652,nan,69.4656,69.6444,1,-1.43614,0.0300607,2.183,1.09662,-0.71807,nan,-25.7184,-16.1172,1,-2.3229,-0.0614562,-2.21868,-36.2149,-1.56145,-1.97922,nan,nan,0,-1.70361,-0.00987482,-1.77678,-21.514,-0.901806,-0.877967,nan,nan,0,0.372624,0.357135,0.66591,1.63614,0.496312,0.566105,nan,nan,0,0.450872,0.727597,3.2559,-3.93163,0.715436,0.931836,nan,nan,0,-0.446303,-0.259117,-0.388495,-9.92869,-0.433152,nan,-5.50848,-12.4477,1,0.0909726,0.0629846,-3.04918,-0.617026,0.0454863,nan,4.04882,1.00974,1,0,0.225063,0.062094,0.069076,-0.969906,-0.437106,-0.123243,2.17112,-1.47377,-6.78945,6.91344
1786071340905624996,0,1,0,0,0,-0.10938,0.151044,-2.6765,-0.335292,-0.177071,1.24852,-2.91963,0.170562,-3.75917,-40.6593,-1.05981,-1.44228,nan,nan,0,-1.38968,0.0534029,-2.43349,-43.0525,-0.64484,-1.11211,nan,nan,0,1.62209,-0.00412273,8.46657,-7.20391,0.501047,0.776691,nan,nan,0,0.778772,0.79912,-0.23629,-0.122101,0.879386,0.82411,nan,nan,0,4.17672,-0.219965,2.60752,-12.4518,1.87836,nan,69.5301,71.1446,1,-1.743,0.0300607,2.183,1.09662,-0.871502,nan,-30.3214,-20.4773,1,-1.71364,-0.087534,-2.74036,-41.6361,-1.25682,-1.84387,nan,nan,0,-1.6405,-0.0288587,-1.96091,-23.956,-0.870252,-0.925559,nan,nan,0,0.300148,0.37075,1.697,-0.317459,0.460074,0.558684,nan,nan,0,0.21991,0.761154,3.36024,-10.2808,0.599955,0.828939,nan,nan,0,-0.30355,-0.270391,-1.37302,-8.81106,-0.361775,nan,-1.13891,-9.04715,1,0.0765435,0.0318481,-3.07966,0.834751,0.0382717,nan,4.8122,3.03097,1,0,0.233469,0.060748,0.070402,-0.967907,-0.335292,-0.177071,1.24852,1.70495,-5.43718,7.74826
1786071340915708439,0,1,0,0,0,-0.11425,0.150435,-2.67215,-0.693413,-0.0141995,-0.357396,-2.82231,0.131062,-3.94943,-28.7912,-1.01115,-1.20604,nan,nan,0,-0.290162,0.0280914,-2.56851,-36.6056,-0.0950811,-0.874186,nan,nan,0,0.887459,0.0856166,8.96984,-11.3553,0.13373,0.659539,nan,nan,0,0.851325,0.796819,-0.224015,2.95483,0.915663,0.849028,nan,nan,0,4.15149,-0.219965,2.60752,-12.4518,1.86574,nan,69.0885,70.7009,1,-1.97061,0.0300607,2.183,1.09662,-0.985304,nan,-33.7355,-25.6315,1,-1.13367,-0.117831,-3.13929,-32.4542,-0.966833,-1.57171,nan,nan,0,-1.01477,-0.0505266,-2.23709,-25.177,-0.557385,-0.914422,nan,nan,0,0.0427179,0.39261,2.24323,-2.17339,0.331359,0.513997,nan,nan,0,-0.0909684,0.791258,3.32341,-18.9255,0.444516,0.709925,nan,nan,0,-0.241527,-0.287691,-2.16454,-6.59143,-0.330763,nan,1.73928,-4.62191,1,-0.0898263,0.00666699,-2.72147,2.48942,-0.0449132,nan,2.5348,4.43583,1,0,0.23571,0.059726,0.07282,-0.967249,-0.693413,-0.0141995,-0.357396,-1.38898,-10.0017,8.92385
1786071340925905857,0,1,0,0,0,-0.124744,0.146751,-2.68221,-0.801382,0.061565,-1.56752,-2.12164,0.0917525,-3.94943,-28.84,-0.660822,-1.0597,nan,nan,0,0.756153,0.00162983,-2.6483,-25.3236,0.428076,-0.522952,nan,nan,0,0.086759,0.171712,8.34996,-15.2625,-0.266621,0.43233,nan,nan,0,1.10031,0.794326,-0.224015,5.88522,1.04016,0.882173,nan,nan,0,3.51385,-0.219965,2.60752,-12.4518,1.54692,nan,57.9299,69.8453,1,-1.99949,0.0300607,2.183,1.09662,-0.999746,nan,-34.1687,-30.3131,1,0.0017262,-0.151962,-3.51367,-24.884,-0.399137,-1.25434,nan,nan,0,0.801915,-0.0754538,-2.61761,-19.2674,0.350957,-0.785985,nan,nan,0,0.361543,0.412168,1.78292,-2.41758,0.490771,0.43499,nan,nan,0,-0.549271,0.825198,2.88766,-28.4005,0.215365,0.575558,nan,nan,0,-0.062578,-0.312809,-2.66151,-3.6319,-0.241289,nan,6.49545,-0.459797,1,-0.563774,-0.0173913,-2.03856,2.65326,-0.281887,nan,-4.87704,4.22846,1,0,0.231074,0.057092,0.07719,-0.968187,-0.801382,0.061565,-1.56752,5.36591,-8.89924,7.89455
1786071340935719823,0,1,0,0,0,-0.13082,0.145049,-2.69122,-0.86257,0.110007,-1.9436,-0.321762,0.0557036,-4.02922,-20.928,0.239119,-0.884025,nan,nan,0,1.32973,-0.0213804,-2.501,-16.337,0.714867,-0.0553451,nan,nan,0,-0.528883,0.238442,6.88926,-15.8486,-0.574441,0.0986364,nan,nan,0,1.46902,0.792984,-0.107405,6.42247,1.22451,0.947712,nan,nan,0,2.14031,-0.219965,2.60752,-12.4518,0.860155,nan,33.8929,65.5765,1,-1.74923,0.0300607,2.183,1.09662,-0.874613,nan,-30.4147,-33.2743,1,2.02747,-0.185135,-3.74076,-19.6581,0.613734,-0.848082,nan,nan,0,3.07561,-0.101148,-2.91834,-13.6996,1.4878,-0.343659,nan,nan,0,1.24748,0.424248,1.15077,-2.66178,0.93374,0.417507,nan,nan,0,-0.843615,0.847058,2.22482,-34.2125,0.0681926,0.403257,nan,nan,0,0.379628,-0.335624,-2.83539,-0.934266,-0.0201862,nan,15.2934,3.5315,1,-1.14058,-0.0287867,-1.25674,3.38968,-0.570289,nan,-14.3599,0.77574,1,0,0.226842,0.055924,0.079691,-0.969053,-0.86257,0.110007,-1.9436,3.73053,-7.30136,5.28905
1786071340945713779,0,1,0,0,0,-0.150151,0.141414,-2.72148,-0.981914,0.287845,-1.59355,2.06712,0.015244,-4.05377,-15.9951,1.43356,-0.435464,nan,nan,0,1.76896,-0.0440063,-2.14503,-1.97802,0.93448,0.39094,nan,nan,0,-1.04928,0.288297,4.12128,-20.1954,-0.834638,-0.26366,nan,nan,0,1.80209,0.793751,0.162642,12.2344,1.39104,1.06967,nan,nan,0,0.14975,-0.219965,2.60752,-12.4518,-0.135125,nan,-0.941864,52.8601,1,-1.00087,0.0300607,2.183,1.09662,-0.500436,nan,-19.1894,-33.1889,1,4.85793,-0.226553,-3.75917,-6.2271,2.02896,-0.1947,nan,nan,0,5.81354,-0.134321,-2.98586,1.0989,2.85677,0.480008,nan,nan,0,2.53138,0.429809,0.187191,-0.170937,1.57569,0.595053,nan,nan,0,-0.912581,0.861631,1.35944,-39.3407,0.0337096,0.220598,nan,nan,0,1.28638,-0.364284,-2.65218,2.12048,0.433188,nan,31.8898,9.09793,1,-1.63618,-0.0381796,-0.601224,0.22532,-0.818088,nan,-22.4954,-6.12748,1,0,0.212591,0.0533,0.087863,-0.971722,-0.981914,0.287845,-1.59355,2.20528,-7.13014,1.56591
1786071340955691022,0,1,0,0,0,-0.162102,0.142801,-2.73263,-0.92393,0.509373,-0.490487,3.51711,-0.0236812,-3.75917,-6.08059,2.15855,0.397073,nan,nan,0,1.34452,-0.0616479,-1.56811,9.69475,0.722261,0.730437,nan,nan,0,-1.64037,0.307281,0.886857,-18.0464,-1.13019,-0.590614,nan,nan,0,1.76068,0.796819,0.402001,19.0232,1.37034,1.22993,nan,nan,0,-1.39446,-0.219965,2.60752,-12.4518,-0.907231,nan,-27.9656,29.0039,1,-0.639158,0.0300607,2.183,1.09662,-0.319579,nan,-13.7637,-28.1334,1,6.05531,-0.258384,-3.4032,1.73382,2.62766,0.825314,nan,nan,0,6.85909,-0.158865,-2.56237,24.7863,3.37954,1.62465,nan,nan,0,2.87851,0.429042,-0.0583057,6.76434,1.74925,1.01475,nan,nan,0,-0.817269,0.867767,0.279252,-48.9133,0.0813656,0.0897952,nan,nan,0,2.07074,-0.386627,-2.1285,6.8819,0.825372,nan,45.6127,19.0506,1,-1.83156,-0.0500069,-0.888906,-4.40533,-0.91578,nan,-24.6398,-14.5699,1,0,0.207531,0.053226,0.093512,-0.972292,-0.92393,0.509373,-0.490487,-0.676423,-4.50123,3.67318
1786071340965752748,0,1,0,0,0,-0.170788,0.148175,-2.73413,-0.81961,0.418126,0.254217,3.92521,-0.0604973,-3.1086,14.9206,2.3626,1.34775,nan,nan,0,1.00994,-0.0721941,-0.770247,18.8767,0.554972,0.844352,nan,nan,0,-1.73128,0.290215,-2.53782,-18.9255,-1.17564,-0.886931,nan,nan,0,1.67123,0.804298,0.862308,27.5702,1.32561,1.34163,nan,nan,0,-1.644,-0.219965,2.60752,-12.4518,-1.032,nan,-32.3325,-0.38871,1,-0.633139,0.0300607,2.183,1.09662,-0.31657,nan,-13.6734,-20.722,1,5.8898,-0.289256,-2.43349,29.768,2.5449,1.86238,nan,nan,0,7.38089,-0.177849,-1.23055,49.9878,3.64044,2.6822,nan,nan,0,2.71517,0.435561,1.10167,17.851,1.66759,1.45009,nan,nan,0,-0.6529,0.861056,-0.997331,-50.9158,0.16355,0.0459695,nan,nan,0,2.37244,-0.398854,-1.03206,14.771,0.976218,nan,49.6756,32.1425,1,-1.91417,-0.0680547,-2.65545,-11.0623,-0.957086,nan,-22.6878,-20.8448,1,0,0.207217,0.055016,0.098219,-0.971795,-0.81961,0.418126,0.254217,-3.35623,-1.39847,2.23571
1786071340975709621,0,1,0,0,0,-0.177446,0.153569,-2.73176,-0.569154,0.477041,0.299201,3.84766,-0.0842743,-2.03456,36.3126,2.32383,2.0457,nan,nan,0,0.773576,-0.0733442,0.174916,21.1722,0.436788,0.7571,nan,nan,0,-1.46001,0.251864,-4.96211,-14.3346,-1.04001,-1.09361,nan,nan,0,1.60543,0.81657,1.38399,29.5238,1.29271,1.36836,nan,nan,0,-1.58844,-0.219965,2.60752,-12.4518,-1.00422,nan,-31.3601,-22.5747,1,-0.655576,0.0300607,2.183,1.09662,-0.327788,nan,-14.01,-15.4546,1,5.63171,-0.30402,-1.05871,45.8852,2.41585,2.46534,nan,nan,0,7.49073,-0.179958,0.187191,57.2161,3.69536,3.36887,nan,nan,0,2.1499,0.460105,3.07178,20.4396,1.38495,1.6765,nan,nan,0,-0.42347,0.846866,-1.70927,-56.1416,0.278265,0.0797844,nan,nan,0,2.59004,-0.398401,0.180967,23.4837,1.08502,nan,51.6483,42.8582,1,-1.81558,-0.117773,-5.4613,-12.8361,-0.90779,nan,-15.5086,-22.5591,1,0,0.208741,0.056832,0.102045,-0.97097,-0.569154,0.477041,0.299201,-1.7262,0.316892,4.02871
1786071340985602975,0,1,0,0,0,-0.181403,0.157702,-2.72783,-0.552379,0.0795355,0.898539,3.481,-0.0957794,-0.948232,39.9756,2.1405,2.35898,nan,nan,0,0.418359,-0.0691261,0.66591,17.9487,0.25918,0.597215,nan,nan,0,-1.05976,0.189546,-7.62575,-8.27839,-0.839882,-1.13981,nan,nan,0,1.47902,0.834594,2.02228,25.4212,1.22951,1.34291,nan,nan,0,-1.40196,-0.219965,2.60752,-12.4518,-0.910979,nan,-28.0968,-32.4678,1,-0.608328,0.0300607,2.183,1.09662,-0.304164,nan,-13.3012,-13.4011,1,4.67662,-0.30402,0.438826,36.4103,1.93831,2.60828,nan,nan,0,6.82464,-0.174973,0.635223,67.6679,3.36232,3.68717,nan,nan,0,1.84839,0.495196,3.93102,26.9841,1.23419,1.63489,nan,nan,0,-0.286909,0.831335,-1.39626,-71.2821,0.346545,0.166852,nan,nan,0,2.62567,-0.399064,-0.361639,30.248,1.10284,nan,53.109,49.2702,1,-1.71441,-0.167868,-5.47488,-13.5207,-0.857206,nan,-12.4678,-19.8107,1,0,0.210913,0.058225,0.104484,-0.970159,-0.552379,0.0795355,0.898539,1.55162,4.52367,13.512
1786071340995470452,0,1,0,0,0,-0.184463,0.160112,-2.70761,-0.435166,1.16327,3.08993,3.27134,-0.0950122,0.567711,43.3944,2.03567,2.35798,nan,nan,0,0.541295,-0.057621,1.05257,17.4115,0.320647,0.421455,nan,nan,0,-0.856659,0.0842748,-10.0193,-1.48962,-0.738329,-1.03643,nan,nan,0,0.860776,0.858563,2.45804,25.9096,0.920388,1.29065,nan,nan,0,-1.17023,-0.219965,2.60752,-12.4518,-0.795116,nan,-24.0415,-33.2577,1,-0.628071,0.0300607,2.183,1.09662,-0.314036,nan,-13.5974,-12.9719,1,5.19925,-0.282161,2.73422,32.21,2.19963,2.3933,nan,nan,0,5.37438,-0.163467,1.22441,69.768,2.63719,3.65863,nan,nan,0,2.39662,0.535847,3.82668,21.0256,1.50831,1.45296,nan,nan,0,0.171418,0.816761,-1.32875,-48.083,0.575709,0.265794,nan,nan,0,3.06903,-0.410589,-1.76238,37.0154,1.32452,nan,63.3722,52.8862,1,-1.47567,-0.21331,-3.33554,-12.3666,-0.737836,nan,-10.7325,-15.9697,1,0,0.220885,0.057998,0.106797,-0.967698,-0.435166,1.16327,3.08993,15.2564,5.94677,22.512
1786071341005537293,0,1,0,0,0,-0.181205,0.187777,-2.6887,0.100818,1.87958,1.32769,3.02763,-0.0802479,1.82588,42.7106,1.91381,2.21599,nan,nan,0,0.486121,-0.0451574,1.32261,5.83639,0.29306,0.318506,nan,nan,0,-0.835749,-0.0129428,-9.43015,1.68498,-0.727874,-0.881176,nan,nan,0,0.656194,0.884833,2.72808,10.8181,0.818097,1.14693,nan,nan,0,-0.999994,-0.219965,2.60752,-12.4518,-0.709997,nan,-21.0624,-29.5759,1,-0.680539,0.0300607,2.183,1.09662,-0.340269,nan,-14.3844,-13.1282,1,5.26689,-0.241893,4.47111,32.9426,2.23344,2.20148,nan,nan,0,4.90115,-0.150237,1.27965,83.2479,2.40057,3.26891,nan,nan,0,1.66013,0.565952,2.26164,26.4957,1.14007,1.38903,nan,nan,0,0.626674,0.803339,-1.31034,-43.5897,0.803337,0.404838,nan,nan,0,3.42663,-0.426667,-1.85085,36.7749,1.50332,nan,70.3257,57.6394,1,-1.12724,-0.231946,-1.32644,-9.38455,-0.56362,nan,-7.96055,-13.2034,1,0,0.230878,0.070758,0.108743,-0.964294,0.100818,1.87958,1.32769,-24.0049,5.2606,20.5275
1786071341015602465,0,1,0,0,0,-0.177472,0.198546,-2.68341,0.278283,0.624312,1.13936,2.77805,-0.0581965,2.66671,45.1526,1.78902,2.05247,nan,nan,0,0.121706,-0.0296254,1.91794,-4.0293,0.110853,0.285103,nan,nan,0,-0.685215,-0.0948205,-8.8655,4.37119,-0.652608,-0.769294,nan,nan,0,0.540626,0.910719,2.93062,1.73382,0.760313,0.966694,nan,nan,0,-0.832933,-0.219965,2.60752,-12.4518,-0.626466,nan,-18.1388,-24.9715,1,-0.570538,0.0300607,2.183,1.09662,-0.285269,nan,-12.7344,-13.6501,1,4.00584,-0.194531,5.53289,32.5519,1.60292,2.16341,nan,nan,0,4.23962,-0.140841,0.942094,87.5458,2.06981,2.78444,nan,nan,0,1.17949,0.575156,0.850033,25.7143,0.899744,1.31196,nan,nan,0,0.577056,0.791258,-1.43309,-17.7534,0.778528,0.597042,nan,nan,0,3.27399,-0.440074,-1.55421,40.0746,1.42699,nan,67.6787,63.9811,1,-0.957003,-0.234679,0.343878,-6.71436,-0.478501,nan,-7.8305,-10.9456,1,0,0.233641,0.076115,0.108298,-0.96327,0.278283,0.624312,1.13936,-25.4593,10.855,19.4388
1786071341025547290,0,1,0,0,0,-0.168294,0.21056,-2.67453,0.918347,1.55852,0.726531,2.68181,-0.0271325,3.28045,40.5617,1.74091,1.90351,nan,nan,0,0.145635,-0.00987482,2.2555,-0.21978,0.122817,0.221639,nan,nan,0,-0.674826,-0.165768,-6.3062,-0.366302,-0.647413,-0.697111,nan,nan,0,0.242123,0.943125,2.96131,-19.072,0.611061,0.830322,nan,nan,0,-0.661196,-0.219965,2.60752,-12.4518,-0.540598,nan,-15.1334,-20.9628,1,-0.549767,0.0300607,2.183,1.09662,-0.274883,nan,-12.4228,-13.602,1,4.53542,-0.133171,6.33689,37.094,1.86771,1.98416,nan,nan,0,3.56233,-0.132979,0.819346,73.2845,1.73116,2.36861,nan,nan,0,1.06129,0.581867,0.518612,22.8816,0.840644,1.13001,nan,nan,0,0.838395,0.77496,-1.68472,-1.44078,0.909197,0.737892,nan,nan,0,3.53589,-0.45057,-0.998207,43.763,1.55795,nan,71.7953,67.7801,1,-0.651167,-0.220138,1.79755,-3.62585,-0.325583,nan,-5.85969,-9.46384,1,0,0.237913,0.082529,0.105546,-0.962001,0.918347,1.55852,0.726531,1.49078,6.76206,17.9196
1786071341035486937,0,1,0,0,0,-0.154733,0.227633,-2.67029,1.28455,0.920857,0.691727,2.65729,0.0071907,3.48299,43.7363,1.72864,1.79505,nan,nan,0,0.0815622,0.0133266,2.31074,0.21978,0.0907811,0.155322,nan,nan,0,-0.625198,-0.223677,-5.14009,3.68742,-0.622599,-0.655825,nan,nan,0,0.111258,0.968628,2.75263,-26.9353,0.545629,0.71385,nan,nan,0,-0.603777,-0.219965,2.60752,-12.4518,-0.511888,nan,-14.1286,-17.6127,1,-0.466361,0.0300607,2.183,1.09662,-0.23318,nan,-11.1717,-13.0577,1,4.45228,-0.0668249,6.7481,29.7192,1.82614,1.8384,nan,nan,0,2.70684,-0.121858,1.26124,67.7167,1.30342,2.00871,nan,nan,0,0.943302,0.58877,0.813209,13.0647,0.781651,0.952687,nan,nan,0,0.904677,0.758661,-1.58652,4.90842,0.942338,0.834832,nan,nan,0,3.56331,-0.45419,0.117915,45.213,1.57165,nan,70.7277,69.8017,1,-0.439132,-0.198273,2.4749,-1.01567,-0.219566,nan,-4.35112,-8.17145,1,0,0.239808,0.092173,0.101104,-0.961131,1.28455,0.920857,0.691727,-16.8349,8.00115,16.4005
1786071341045681122,0,1,0,0,0,-0.126775,0.245365,-2.65852,1.60517,0.615327,1.12231,2.43735,0.0466909,3.61801,39.7314,1.61868,1.73768,nan,nan,0,0.116608,0.036912,2.04069,5.25031,0.108304,0.112751,nan,nan,0,-0.521993,-0.280435,-4.99893,5.78754,-0.570996,-0.633429,nan,nan,0,-0.0185435,0.994514,2.1573,-32.8449,0.480728,0.613318,nan,nan,0,-0.45989,-0.219965,2.60752,-12.4518,-0.439945,nan,-11.6106,-15.2406,1,-0.393876,0.0300607,2.183,1.09662,-0.196938,nan,-10.0845,-12.2022,1,3.90145,0.00891638,6.76651,33.9194,1.55073,1.80322,nan,nan,0,1.78007,-0.102682,2.01001,56.1416,0.840034,1.64383,nan,nan,0,0.808446,0.601617,1.27351,5.10378,0.714223,0.834863,nan,nan,0,1.00187,0.744088,-1.42695,19.0232,0.990934,0.906034,nan,nan,0,3.74131,-0.444145,1.5628,47.3063,1.66066,nan,71.3238,70.508,1,-0.11271,-0.169176,2.47994,1.22355,-0.0563548,nan,-0.335273,-6.57671,1,0,0.244448,0.103546,0.090257,-0.959883,1.60517,0.615327,1.12231,-1.87781,6.45639,15.1905
1786071341055726672,0,1,0,0,0,-0.104585,0.251076,-2.64259,1.97327,0.113489,1.9211,2.02613,0.0829325,3.75303,34.7497,1.41306,1.68299,nan,nan,0,-0.131381,0.0564709,1.70927,1.44078,-0.0156903,0.0969568,nan,nan,0,-0.23826,-0.319936,-4.29926,5.10378,-0.42913,-0.60551,nan,nan,0,-0.161764,1.01062,1.36558,-34.1636,0.409118,0.534149,nan,nan,0,-0.312233,-0.219965,2.60752,-12.4518,-0.366116,nan,-9.02656,-13.2889,1,-0.33246,0.0300607,2.183,1.09662,-0.16623,nan,-9.16322,-11.1293,1,3.35367,0.0741115,6.68058,30.5495,1.27683,1.71572,nan,nan,0,0.683203,-0.0781384,2.71581,42.906,0.291601,1.23492,nan,nan,0,0.699815,0.61619,1.61721,0.415138,0.659907,0.757849,nan,nan,0,1.03871,0.731049,-1.2551,24.2491,1.00935,0.957142,nan,nan,0,3.69433,-0.421843,3.1513,41.3639,1.63716,nan,67.3383,70.457,1,0.164487,-0.142275,2.54963,-0.252549,0.0822437,nan,2.91111,-4.06899,1,0,0.250983,0.108361,0.081126,-0.958479,1.97327,0.113489,1.9211,0.954341,8.57747,14.7134
1786071341065487734,0,1,0,0,0,-0.0777575,0.250823,-2.62079,2.19428,-0.437481,2.34223,1.46683,0.1232,4.09059,26.3492,1.13342,1.57038,nan,nan,0,-0.087274,0.0716186,1.66017,-0.903542,0.00636301,0.058418,nan,nan,0,0.0866102,-0.356944,-3.305,1.88034,-0.266695,-0.535136,nan,nan,0,-0.307875,1.01887,0.426551,-34.652,0.336062,0.465036,nan,nan,0,-0.14946,-0.219965,2.60752,-12.4518,-0.28473,nan,-6.17804,-11.1379,1,-0.252148,0.0300607,2.183,1.09662,-0.126074,nan,-7.95854,-10.0498,1,2.38121,0.142183,6.72355,28.9866,0.790604,1.52272,nan,nan,0,-0.351439,-0.0466914,3.23749,30.3541,-0.225719,0.760794,nan,nan,0,0.613698,0.634598,1.85043,-2.61295,0.616849,0.699794,nan,nan,0,0.870381,0.720311,-0.966643,26.7888,0.925191,0.992061,nan,nan,0,3.65628,-0.382173,5.19557,29.2004,1.61814,nan,62.2176,68.8529,1,0.480865,-0.127097,1.29886,-5.35677,0.240433,nan,9.07759,-0.500732,1,0,0.259949,0.110846,0.069444,-0.956721,2.19428,-0.437481,2.34223,4.28176,6.78507,9.78485
1786071341075543647,0,1,0,0,0,-0.0499539,0.248025,-2.59517,2.238,-0.0203679,2.5414,0.989442,0.16596,4.5018,26.1538,0.894721,1.37376,nan,nan,0,-0.479906,0.0898352,1.67245,-5.64103,-0.189953,0.0191736,nan,nan,0,0.0641666,-0.381487,-2.10207,1.63614,-0.277917,-0.412849,nan,nan,0,-0.357403,1.01714,-0.4511,-34.0171,0.311299,0.396781,nan,nan,0,-0.0122158,-0.219965,2.60752,-12.4518,-0.216108,nan,-3.77627,-8.63961,1,-0.0995918,0.0300607,2.183,1.09662,-0.0497959,nan,-5.6702,-8.95209,1,2.1573,0.209104,6.84016,30.2076,0.678648,1.19588,nan,nan,0,-1.12584,-0.0135183,3.36638,20.8791,-0.612919,0.244543,nan,nan,0,0.431773,0.648021,1.08939,-1.53846,0.525886,0.65175,nan,nan,0,1.07662,0.713025,-0.616811,23.2723,1.02831,0.981951,nan,nan,0,3.77556,-0.316852,7.28236,11.2195,1.67778,nan,58.8886,64.9372,1,0.741234,-0.126886,-0.0608674,-0.956318,0.370617,nan,15.0164,4.47969,1,0,0.270644,0.112383,0.057229,-0.954382,2.238,-0.0203679,2.5414,9.30226,3.70214,7.28864
1786071341085550196,0,1,0,0,0,-0.0214874,0.249013,-2.56952,2.29626,0.25115,2.39961,0.676749,0.214473,4.93142,19.0232,0.738374,1.12922,nan,nan,0,-0.84284,0.106901,1.67859,-6.66666,-0.37142,-0.0610056,nan,nan,0,-0.0989466,-0.39376,-0.813209,0.952377,-0.359473,-0.314778,nan,nan,0,-0.310565,1.00564,-1.42081,-34.4078,0.334717,0.342191,nan,nan,0,0.0309789,-0.219965,2.60752,-12.4518,-0.194511,nan,-3.02036,-6.0331,1,0.0183215,0.0300607,2.183,1.09662,0.00916077,nan,-3.9015,-7.4457,1,2.16496,0.279284,6.98745,10.3297,0.68248,0.879849,nan,nan,0,-1.63273,0.0160108,3.21908,8.57143,-0.866365,-0.239838,nan,nan,0,0.390532,0.652431,0.242428,-0.170937,0.505266,0.593181,nan,nan,0,1.29415,0.709957,-0.187191,20.3419,1.13708,0.98528,nan,nan,0,4.06453,-0.242617,-7.57491,5.16611,1.82227,nan,83.6333,61.3127,1,0.932642,-0.115566,0.0381817,-1.46037,0.466321,nan,17.3993,10.804,1,0,0.281229,0.116125,0.045264,-0.951512,2.29626,0.25115,2.39961,3.39615,2.69285,3.41105
1786071341095612955,0,1,0,0,0,0.00729952,0.252942,-2.54727,2.31898,0.524132,1.86066,0.341589,0.259343,5.05417,7.64347,0.570794,0.902678,nan,nan,0,-1.27543,0.120515,1.49446,-6.12943,-0.587717,-0.203727,nan,nan,0,-0.412296,-0.393185,0.340627,0.463982,-0.516148,-0.299614,nan,nan,0,-0.23679,0.983009,-2.35984,-36.1172,0.371605,0.32136,nan,nan,0,0.112602,-0.219965,2.60752,-12.4518,-0.153699,nan,-1.59195,-4.03531,1,0.183072,0.0300607,2.183,1.09662,0.0915359,nan,-1.43024,-5.6213,1,1.98526,0.348506,7.02428,6.32478,0.592629,0.704642,nan,nan,0,-2.24802,0.0484166,2.82628,-9.30403,-1.17401,-0.625093,nan,nan,0,0.209458,0.649939,-0.322214,-0.366302,0.414729,0.538785,nan,nan,0,1.56831,0.711107,0.199466,19.4628,1.27416,1.04304,nan,nan,0,4.23314,-0.161658,-6.99281,9.07281,1.90657,nan,82.8772,68.1393,1,1.09488,-0.113292,-0.0771389,2.78399,0.547441,nan,19.9377,16.2916,1,0,0.290028,0.121665,0.033471,-0.948662,2.31898,0.524132,1.86066,-0.663742,1.61588,4.04721
1786071341105579143,0,1,0,0,0,0.0341618,0.258887,-2.53071,2.13182,0.588358,1.36028,-0.231296,0.31495,4.96824,8.52259,0.284352,0.711232,nan,nan,0,-1.64526,0.134321,1.05257,-6.47131,-0.77263,-0.392059,nan,nan,0,-0.795636,-0.386665,0.727284,0.170937,-0.707818,-0.376899,nan,nan,0,-0.135622,0.957123,-2.98586,-27.4725,0.422189,0.335004,nan,nan,0,0.29994,-0.219965,2.60752,-12.4518,-0.0600299,nan,1.68646,-2.57558,1,0.393445,0.0300607,2.183,1.09662,0.196723,nan,1.72536,-3.51678,1,1.50888,0.418687,6.87698,-5.83639,0.354441,0.621263,nan,nan,0,-2.65377,0.0729609,2.18799,-24.4444,-1.37689,-0.938547,nan,nan,0,0.168228,0.645145,-0.555436,-1.29426,0.394114,0.47949,nan,nan,0,1.82438,0.717051,0.727284,21.2698,1.40219,1.14843,nan,nan,0,4.09114,-0.0752029,-6.41838,1.26649,1.83557,nan,76.5046,76.4309,1,1.17323,-0.12381,-0.221059,-1.33901,0.586617,nan,21.6444,19.074,1,0,0.296052,0.128183,0.022658,-0.94626,2.13182,0.588358,1.36028,-5.71019,-1.96036,5.67308
1786071341115809801,0,1,0,0,0,0.0577295,0.264925,-2.51721,1.89736,0.583099,1.28525,-1.02581,0.358286,4.67365,6.42247,-0.112906,0.501175,nan,nan,0,-2.6454,0.140074,0.469513,-12.674,-1.2727,-0.595819,nan,nan,0,-1.12423,-0.380337,0.64136,-1.68498,-0.872117,-0.527201,nan,nan,0,0.0226179,0.926443,-3.44616,-28.6447,0.501309,0.373037,nan,nan,0,0.629757,-0.219965,2.60752,-12.4518,0.104879,nan,7.45826,-0.654492,1,0.738998,0.0300607,2.183,1.09662,0.369499,nan,6.90866,-0.935644,1,0.513973,0.480047,6.69286,-8.96215,-0.143013,0.508169,nan,nan,0,-2.59257,0.0875344,1.36558,-29.7192,-1.34629,-1.19702,nan,nan,0,0.369677,0.637666,-0.917544,-1.53846,0.494839,0.426615,nan,nan,0,2.07322,0.728364,1.31648,23.4188,1.52661,1.27809,nan,nan,0,3.46703,-0.00461013,-6.01054,0.288776,1.52352,nan,62.5002,78.7607,1,1.03712,-0.118113,-0.27965,1.48442,0.51856,nan,19.5197,20.7536,1,0,0.300697,0.134426,0.013324,-0.944104,1.89736,0.583099,1.28525,-5.61196,-1.79506,6.33132
1786071341125658836,0,1,0,0,0,0.0809172,0.268347,-2.50372,2.03766,-0.0506439,1.14281,-1.46292,0.404689,3.97398,2.46642,-0.331461,0.213239,nan,nan,0,-3.9062,0.140841,-0.0767183,-27.2772,-1.9031,-0.896884,nan,nan,0,-1.44673,-0.370558,1.26124,-14.4322,-1.03337,-0.706782,nan,nan,0,0.0671176,0.891352,-2.87538,-49.2063,0.523559,0.432355,nan,nan,0,0.804909,-0.219965,2.60752,-12.4518,0.192455,nan,10.5234,2.85395,1,1.15031,0.0300607,2.183,1.09662,0.575155,nan,13.0783,2.70719,1,-0.261202,0.55042,6.28779,-17.0208,-0.530601,0.241983,nan,nan,0,-2.5968,0.0940537,0.230153,-37.7778,-1.3484,-1.33877,nan,nan,0,0.521392,0.623477,-1.46378,-0.512817,0.570696,0.430654,nan,nan,0,2.22205,0.748306,2.06524,30.1099,1.60102,1.41157,nan,nan,0,2.78532,0.087235,-5.54292,4.68905,1.18266,nan,46.6543,72.7831,1,0.859082,-0.112811,-0.387974,3.11739,0.429541,nan,16.8525,20.8932,1,0,0.305346,0.13949,0.003848,-0.941961,2.03766,-0.0506439,1.14281,-6.51818,-2.28654,8.3915
1786071341135599786,0,1,0,0,0,0.106037,0.266913,-2.4964,2.54657,0.524549,0.278344,-2.34784,0.434986,2.56851,16.9231,-0.773922,-0.0899909,nan,nan,0,-5.29239,0.138731,-0.279252,-36.4103,-2.5962,-1.36243,nan,nan,0,-2.21829,-0.34889,2.29846,-22.442,-1.41914,-0.885477,nan,nan,0,0.0555068,0.871027,-1.66631,-50.1832,0.517753,0.488058,nan,nan,0,0.839088,-0.219965,2.60752,-12.4518,0.209544,nan,11.1215,6.97957,1,1.39485,0.0300607,2.183,1.09662,0.697424,nan,16.7464,7.684,1,-0.639482,0.609671,5.82134,-20.6349,-0.719741,-0.139417,nan,nan,0,-2.65131,0.0911775,-0.5002,-39.9267,-1.37565,-1.37774,nan,nan,0,0.412915,0.607178,-1.56197,-0.757019,0.516458,0.487878,nan,nan,0,2.46854,0.774384,2.91221,26.7888,1.72427,1.52535,nan,nan,0,2.39947,0.161839,-5.1225,5.79739,0.989737,nan,36.6602,60.3107,1,0.726272,-0.114167,-0.445608,0.888261,0.363136,nan,14.9875,19.4062,1,0,0.307082,0.142671,-0.007688,-0.940896,2.54657,0.524549,0.278344,-1.72564,-2.4691,19.7678
1786071341145495397,0,1,0,0,0,0.126864,0.280436,-2.48789,1.06537,1.8442,1.56097,-4.58874,0.448025,0.788659,9.25519,-1.89437,-0.429582,nan,nan,0,-7.15552,0.132212,-0.813209,-53.2112,-3.52776,-1.97034,nan,nan,0,-1.70962,-0.334509,0.935957,-21.8559,-1.16481,-1.12691,nan,nan,0,0.0956056,0.862015,-0.616811,-45.1038,0.537803,0.517299,nan,nan,0,1.73381,-0.219965,2.60752,-12.4518,0.656903,nan,26.7791,9.96424,1,1.60387,0.0300607,2.183,1.09662,0.801933,nan,19.8817,12.7591,1,-2.39287,0.662594,5.11554,-30.7937,-1.59643,-0.488942,nan,nan,0,-2.098,0.0790968,-1.52515,-36.4591,-1.099,-1.38096,nan,nan,0,0.691998,0.597782,-0.868444,-0.512817,0.655999,0.525365,nan,nan,0,2.90857,0.810626,3.93716,29.5726,1.94428,1.63102,nan,nan,0,0.605469,0.235475,-4.55858,-0.49056,0.0927345,nan,1.84195,46.4913,1,0.232447,-0.109426,-0.735958,-1.2442,0.116223,nan,7.8734,17.1749,1,0,0.308882,0.152246,-0.014663,-0.938721,1.06537,1.8442,1.56097,-27.3214,-23.3359,16.0256
1786071341155587669,0,1,0,0,0,0.14483,0.296872,-2.45664,0.778399,1.43295,3.76349,-4.82147,0.446683,-0.395864,-10.9157,-2.01074,-1.04708,nan,nan,0,-8.02823,0.120515,-1.3533,-66.1538,-3.96412,-2.7314,nan,nan,0,-0.506016,-0.330674,0.346765,-26.5446,-0.563008,-1.24577,nan,nan,0,0.275146,0.860097,-0.0767183,-37.3871,0.627573,0.531374,nan,nan,0,2.18995,-0.219965,2.60752,-12.4518,0.884973,nan,34.7616,16.3755,1,1.61558,0.0300607,2.183,1.09662,0.807789,nan,20.0573,16.9833,1,-3.56745,0.70708,4.05377,-30.5006,-2.18372,-0.97459,nan,nan,0,-1.24815,0.0564709,-2.53782,-29.5238,-0.674077,-1.28812,nan,nan,0,1.23598,0.589345,-0.782521,0.512817,0.927992,0.576132,nan,nan,0,2.59475,0.850509,4.58159,35.2381,1.78738,1.774,nan,nan,0,-0.524515,0.303222,-3.91128,-2.14549,-0.472257,nan,-21.2748,26.1362,1,0.077299,-0.106503,-0.927786,1.83963,0.0386495,nan,5.74625,13.2766,1,0,0.321176,0.162968,-0.017866,-0.93272,0.778399,1.43295,3.76349,-27.5198,-13.1133,11.3463
1786071341165529672,0,1,0,0,0,0.162419,0.300408,-2.41218,0.140835,0.559738,4.36644,-4.38814,0.436903,-1.26738,-25.9585,-1.79407,-1.653,nan,nan,0,-7.5981,0.103258,-1.86884,-67.619,-3.74905,-3.45124,nan,nan,0,0.460007,-0.332783,-0.592261,-24.1026,-0.0799967,-1.03779,nan,nan,0,0.456414,0.858563,-0.248566,-21.8071,0.718207,0.567395,nan,nan,0,2.57317,-0.219965,2.60752,-12.4518,1.07659,nan,41.468,25.6847,1,1.43824,0.0300607,2.183,1.09662,0.719122,nan,17.3973,19.4932,1,-4.07745,0.737377,2.56237,-35.9219,-2.43873,-1.59146,nan,nan,0,-0.904552,0.0242567,-3.60573,-13.9438,-0.502276,-1.03349,nan,nan,0,1.19183,0.583401,-0.303802,0.610504,0.905914,0.716369,nan,nan,0,2.15668,0.905542,5.18305,36.1172,1.56834,1.84129,nan,nan,0,-0.821212,0.363648,-3.29202,8.63123,-0.620606,nan,-29.5108,0.955188,1,0.00419517,-0.101498,-1.21477,-6.29539,0.00209759,nan,4.93002,9.01976,1,0,0.340155,0.167945,-0.021735,-0.924995,0.140835,0.559738,4.36644,-12.965,-16.9927,8.59665
1786071341175590898,0,1,0,0,0,0.172288,0.29342,-2.36946,-0.0705549,-0.194035,3.70406,-3.63629,0.420029,-2.1082,-37.6313,-1.41815,-1.9057,nan,nan,0,-7.3092,0.0835075,-2.31074,-64.1026,-3.6046,-3.80931,nan,nan,0,0.596866,-0.341987,-0.892995,-20.9768,-0.0115669,-0.595467,nan,nan,0,0.519547,0.853577,-0.653635,-15.7021,0.749773,0.635435,nan,nan,0,2.59267,-0.219965,2.60752,-12.4518,1.08633,nan,41.8092,34.6143,1,1.30277,0.0300607,2.183,1.09662,0.651384,nan,15.3652,19.5123,1,-4.20105,0.750799,1.07098,-44.3223,-2.50052,-2.11709,nan,nan,0,-0.770336,-0.0144773,-4.40974,-12.5763,-0.435168,-0.738036,nan,nan,0,1.18456,0.586469,0.5002,1.3431,0.902281,0.847775,nan,nan,0,1.7291,0.954439,5.50834,35.7753,1.35455,1.75929,nan,nan,0,-0.851738,0.404918,-2.68947,2.73367,-0.635869,nan,-32.3934,-19.4311,1,-0.0153436,-0.104386,-1.61312,-7.62987,-0.0076718,nan,5.32111,6.16444,1,0,0.359467,0.166972,-0.024008,-0.917783,-0.0705549,-0.194035,3.70406,4.85283,-1.81458,7.94228
1786071341185674460,0,1,0,0,0,0.17989,0.282089,-2.34289,0.165795,-0.976591,1.91401,-2.67761,0.388391,-3.21908,-35.1893,-0.938803,-1.78866,nan,nan,0,-7.3246,0.0522523,-3.13315,-59.0232,-3.6123,-3.81974,nan,nan,0,-0.103437,-0.343329,0.00920582,-5.29915,-0.361719,-0.211896,nan,nan,0,0.365769,0.844565,-0.90527,-8.47375,0.672885,0.702948,nan,nan,0,2.29329,-0.219965,2.60752,-12.4518,0.936645,nan,36.5701,40.2699,1,1.22349,0.0300607,2.183,1.09662,0.611743,nan,14.176,17.8089,1,-3.87725,0.749649,-0.616811,-51.1111,-2.33862,-2.42354,nan,nan,0,-0.589482,-0.0649076,-4.67365,-10.9157,-0.344741,-0.527693,nan,nan,0,0.965249,0.600658,1.57425,2.3199,0.792624,0.907022,nan,nan,0,1.3813,1.02002,6.16504,17.4603,1.18065,1.5751,nan,nan,0,-0.724788,0,-1.15913,252.518,-0.572394,nan,-18.2951,-31.0054,1,-0.0194679,-0.07,-2.26633,-134.813,-0.00973393,nan,5.20747,5.39867,1,0,0.371768,0.163571,-0.027496,-0.913387,0.165795,-0.976591,1.91401,-0.48204,-6.92432,6.98248
1786071341195651503,0,1,0,0,0,0.182423,0.263888,-2.32912,0.216176,-1.36862,1.40673,-2.14812,0.349082,-4.2563,-29.5238,-0.674061,-1.42068,nan,nan,0,-6.45353,0.0133266,-4.28699,-51.2576,-3.17677,-3.71757,nan,nan,0,-0.0140843,-0.341604,0.395864,0.21978,-0.317042,-0.133477,nan,nan,0,0.405144,0.833827,-1.14463,-1.05006,0.692572,0.717522,nan,nan,0,2.19606,-0.219965,2.60752,-12.4518,0.888031,nan,34.8686,40.6976,1,1.11383,0.0300607,2.183,1.09662,0.556913,nan,12.5311,15.7972,1,-3.71247,0.733925,-1.99159,-49.4017,-2.25623,-2.48326,nan,nan,0,-0.472751,-0.112845,-4.77798,-6.37363,-0.286376,-0.40126,nan,nan,0,0.781609,0.619833,2.12048,0.512817,0.700804,0.883207,nan,nan,0,1.10719,1.08387,6.42895,-1.88034,1.04359,1.36449,nan,nan,0,-0.596832,0,0.459169,11.4773,-0.508416,nan,-18.4833,-31.937,1,-0.00634883,-0.07,1.8761,-6.27912,-0.00317442,nan,-0.809389,3.90397,1,0,0.379083,0.156032,-0.031174,-0.911579,0.216176,-1.36862,1.40673,5.42886,-11.7649,9.05218
1786071341205609115,0,1,0,0,0,0.184742,0.246805,-2.32181,0.282445,-1.25497,0.872943,-1.89966,0.301528,-4.88846,-32.21,-0.54983,-1.00681,nan,nan,0,-5.72402,-0.0325017,-5.39173,-47.79,-2.81201,-3.49816,nan,nan,0,-0.0619315,-0.329715,1.41468,0.268623,-0.340966,-0.212575,nan,nan,0,0.466603,0.821363,-1.2551,0.268623,0.723302,0.705513,nan,nan,0,1.87714,-0.219965,2.60752,-12.4518,0.72857,nan,29.2875,38.1976,1,1.01279,0.0300607,2.183,1.09662,0.506396,nan,11.0156,13.9685,1,-3.45241,0.706505,-3.01041,-62.8816,-2.12621,-2.39929,nan,nan,0,-0.256304,-0.157139,-4.21948,-2.71062,-0.178152,-0.323341,nan,nan,0,0.734403,0.642076,2.29233,-0.317459,0.677201,0.802763,nan,nan,0,0.856825,1.14772,6.33689,-26.7399,0.918413,1.17759,nan,nan,0,-0.424374,0,-0.345509,38.1018,-0.422187,nan,-14.2583,-25.9212,1,0.00278078,-0.07,1.1169,39.5549,0.00139039,nan,0.466357,1.34376,1,0,0.383381,0.148891,-0.035112,-0.910833,0.282445,-1.25497,0.872943,1.36479,-7.7183,3.80725
1786071341215787023,0,1,0,0,0,0.18322,0.230467,-2.31465,-0.49224,-1.20996,1.02855,-1.77989,0.252056,-4.90687,-23.1746,-0.489947,-0.701246,nan,nan,0,-4.25785,-0.0955877,-6.72355,-36.6544,-2.07893,-3.16571,nan,nan,0,0.345758,-0.315334,1.29806,-0.415138,-0.137121,-0.290707,nan,nan,0,0.723309,0.807174,-1.51901,5.25031,0.851654,0.7065,nan,nan,0,1.81177,-0.219965,2.60752,-12.4518,0.695883,nan,28.1434,34.127,1,0.884576,0.0300607,2.183,1.09662,0.442288,nan,9.09233,12.3162,1,-3.32446,0.671606,-3.6487,-71.6728,-2.06223,-2.26577,nan,nan,0,0.00182746,-0.196448,-3.85737,-4.37119,-0.0490863,-0.250612,nan,nan,0,0.962269,0.664128,1.98546,-1.00122,0.791134,0.725437,nan,nan,0,0.459241,1.20333,6.07298,-42.9548,0.719621,1.02475,nan,nan,0,-0.289995,0,-1.01839,-5.08228,-0.354997,nan,-10.8973,-19.1425,1,-0.0147131,-0.07,0.788693,7.92805,-0.00735654,nan,0.696264,0.293282,1,0,0.387818,0.141361,-0.037214,-0.91007,-0.49224,-1.20996,1.02855,6.63944,-14.4033,13.9139
1786071341225862041,0,1,0,0,0,0.172135,0.216182,-2.3103,-1.28929,-0.90733,0.190195,-1.75444,0.203927,-4.84549,-21.4652,-0.477219,-0.532611,nan,nan,0,-2.56951,-0.177849,-7.73008,-12.0879,-1.23476,-2.66968,nan,nan,0,0.133624,-0.308047,0.604536,-0.366302,-0.243188,-0.268451,nan,nan,0,0.774568,0.789149,-1.91181,10.6715,0.877284,0.756859,nan,nan,0,1.69921,-0.219965,2.60752,-12.4518,0.639603,nan,26.1736,30.3704,1,0.622202,0.0300607,2.183,1.09662,0.311101,nan,5.15672,10.637,1,-2.87119,0.625778,-4.45884,-61.1233,-1.8356,-2.14303,nan,nan,0,0.838942,-0.233073,-3.53822,-1.39194,0.369471,-0.154168,nan,nan,0,1.11759,0.673523,0.573849,0.268623,0.868796,0.720059,nan,nan,0,-0.130885,1.26507,5.32421,-52.5763,0.424557,0.869686,nan,nan,0,-0.288213,0,-1.43803,-13.8974,-0.354106,nan,-10.2367,-13.8152,1,0.00105003,-0.07,1.1299,1.55837,0.000525017,nan,0.420901,0.220825,1,0,0.391455,0.132837,-0.034784,-0.909894,-1.28929,-0.90733,0.190195,4.51543,-4.94608,10.2585
1786071341235710711,0,1,0,0,0,0.152088,0.204528,-2.31734,-1.97655,-1.33413,-0.954975,-1.21883,0.154072,-5.05417,-5.15263,-0.209417,-0.465738,nan,nan,0,-0.529185,-0.248221,-7.87124,-10.0366,-0.214593,-1.98026,nan,nan,0,-0.194855,-0.305746,0.138092,0.65934,-0.407428,-0.233101,nan,nan,0,0.718596,0.769783,-1.86271,7.25275,0.849298,0.824186,nan,nan,0,1.46207,-0.219965,2.60752,-12.4518,0.521034,nan,22.0237,27.706,1,0.297603,0.0300607,2.183,1.09662,0.148801,nan,0.287723,8.17378,1,-1.8687,0.579949,-5.36718,-43.9805,-1.33435,-1.99836,nan,nan,0,1.74154,-0.265671,-3.13929,4.46886,0.820772,0.0584275,nan,nan,0,1.01159,0.676975,0.346765,0.268623,0.815796,0.778982,nan,nan,0,-0.77341,1.30688,4.32995,-56.5812,0.103295,0.661103,nan,nan,0,-0.200629,0,-1.86232,-9.09321,-0.310315,nan,-8.06753,-10.7447,1,0.056103,-0.07,1.51447,-0.140757,0.0280515,nan,0.669847,0.257516,1,0,0.390208,0.12354,-0.028473,-0.911956,-1.97655,-1.33413,-0.954975,-2.36281,-5.25718,9.41703
1786071341245927989,0,1,0,0,0,0.129833,0.192284,-2.32786,-1.91143,-1.28399,-0.504975,-0.506576,0.0982723,-5.09713,4.22466,0.146712,-0.367157,nan,nan,0,1.01299,-0.335084,-7.82828,-17.0696,0.556494,-1.11069,nan,nan,0,0.166044,-0.303637,0.23629,1.0989,-0.226978,-0.282498,nan,nan,0,1.09273,0.752333,-1.43923,9.79243,1.03636,0.858114,nan,nan,0,1.10973,-0.219965,2.60752,-12.4518,0.344863,nan,15.8577,24.9363,1,-0.00265492,0.0300607,2.183,1.09662,-0.00132746,nan,-4.21614,4.49005,1,-0.476874,0.512836,-6.42895,-37.9243,-0.638437,-1.71807,nan,nan,0,2.14001,-0.296734,-2.65444,16.7277,1.02001,0.411032,nan,nan,0,1.45846,0.680043,0.273115,3.05251,1.03923,0.820935,nan,nan,0,-1.02314,1.34216,2.67898,-50.7204,-0.0215699,0.388737,nan,nan,0,0.364941,0.34343,-2.52952,-6.24192,-0.0275293,nan,-9.18929,-10.7886,1,0.0503511,0.0483544,2.08642,0.0371064,0.0251756,nan,-3.82499,-0.183418,1,0,0.387358,0.113525,-0.021392,-0.914662,-1.91143,-1.28399,-0.504975,-3.65296,-0.225108,7.31218
1786071341256798427,0,1,0,0,0,0.110747,0.180955,-2.32882,-2.14609,-1.25199,0.611534,0.271327,0.0514851,-5.1585,2.22222,0.535663,-0.148507,nan,nan,0,2.40701,-0.404689,-7.71781,-12.0391,1.2535,-0.204153,nan,nan,0,0.61889,-0.298268,0.788659,-2.8083,-0.000554768,-0.296946,nan,nan,0,1.42081,0.742554,-0.923681,11.1111,1.20041,0.923273,nan,nan,0,0.768652,-0.219965,2.60752,-12.4518,0.174326,nan,9.88892,20.8041,1,-0.207347,0.0300607,2.183,1.09662,-0.103674,nan,-7.28653,0.046294,1,1.085,0.449751,-7.16544,-26.398,0.142498,-1.23216,nan,nan,0,2.39413,-0.317443,-2.14503,33.431,1.14707,0.764247,nan,nan,0,2.1112,0.680235,-0.168779,8.22955,1.3656,0.902073,nan,nan,0,-0.993432,1.35769,1.32875,-54.0904,-0.00671599,0.140941,nan,nan,0,1.11683,0.312666,-2.9353,-7.82047,0.348416,nan,5.65421,-11.391,1,-0.16845,0.0719942,2.44945,-0.442431,-0.084225,nan,-8.36076,-2.0146,1,0,0.38848,0.104656,-0.014968,-0.915372,-2.14609,-1.25199,0.611534,-10.629,-2.6731,5.13541
1786071341265857552,0,1,0,0,0,0.0917419,0.168275,-2.31816,-2.09644,-1.22681,1.67383,1.09486,-0.00412273,-4.99893,6.61783,0.947428,0.177967,nan,nan,0,3.2337,-0.493854,-7.12862,15.3114,1.66685,0.619754,nan,nan,0,0.567184,-0.29079,0.69046,-2.46642,-0.0264081,-0.192307,nan,nan,0,1.51709,0.736226,-0.420414,18.4371,1.24854,1.04845,nan,nan,0,0.138638,-0.219965,2.60752,-12.4518,-0.140681,nan,-1.13633,15.3887,1,-0.215624,0.0300607,2.183,1.09662,-0.107812,nan,-7.41067,-4.13882,1,2.61683,0.366531,-7.79146,-17.8022,0.908416,-0.564908,nan,nan,0,2.99821,-0.33796,-1.70313,39.7802,1.44911,1.01852,nan,nan,0,2.93529,0.669497,-1.21214,14.0904,1.77764,1.09669,nan,nan,0,-0.924676,1.36037,-0.346765,-55.8974,0.0276618,0.00531795,nan,nan,0,1.64396,0.274519,-3.52534,-9.42119,0.61198,nan,17.0992,-5.19643,1,-0.561393,0.0996208,2.89056,-1.78336,-0.280696,nan,-15.7454,-5.12077,1,0,0.394817,0.09522,-0.008279,-0.913774,-2.09644,-1.22681,1.67383,-9.00974,3.35756,9.75864
1786071341276011429,0,1,0,0,0,0.0787748,0.160684,-2.30309,-1.73638,-0.731994,1.05517,1.29292,-0.0430479,-4.66751,8.52259,1.04646,0.568222,nan,nan,0,2.70359,-0.546393,-6.1589,46.6667,1.4018,1.26702,nan,nan,0,0.147424,-0.282736,1.12008,-1.5873,-0.236288,-0.081083,nan,nan,0,1.36431,0.734884,-0.0644426,22.8816,1.17215,1.16942,nan,nan,0,-0.468907,-0.219965,2.60752,-12.4518,-0.444453,nan,-11.7684,7.7433,1,-0.341053,0.0300607,2.183,1.09662,-0.170526,nan,-9.29211,-6.75611,1,3.23424,0.302103,-7.88352,-3.73627,1.21712,0.196653,nan,nan,0,3.91327,-0.347356,-0.917544,39.3895,1.90664,1.24322,nan,nan,0,2.89494,0.662977,-0.71501,17.8022,1.75747,1.41083,nan,nan,0,-0.83291,1.35079,-1.46378,-57.851,0.0735451,-0.0223407,nan,nan,0,1.79658,0.242626,-3.9402,-4.38178,0.688289,nan,21.5085,5.77721,1,-0.656508,0.126869,3.10525,-2.85582,-0.328254,nan,-18.3116,-10.1576,1,0,0.402563,0.089226,-0.003206,-0.911027,-1.73638,-0.731994,1.05517,-13.2486,12.5443,7.66952
1786071341285841790,0,1,0,0,0,0.0649099,0.153703,-2.29446,-1.97248,-1.23686,0.838598,1.44447,-0.0894518,-4.14583,22.5397,1.12223,0.882803,nan,nan,0,1.94813,-0.595289,-4.55704,51.9902,1.02407,1.53482,nan,nan,0,-0.0257767,-0.270081,0.991194,2.95483,-0.322888,-0.0955166,nan,nan,0,1.26619,0.739486,0.66591,28.3516,1.12309,1.21295,nan,nan,0,-0.782673,-0.219965,2.60752,-12.4518,-0.601336,nan,-17.2593,-1.97334,1,-0.347082,0.0300607,2.183,1.09662,-0.173541,nan,-9.38254,-8.32871,1,2.60313,0.21965,-7.51527,16.1416,0.901567,0.83309,nan,nan,0,4.34989,-0.348123,0.316077,45.5433,2.12494,1.54893,nan,nan,0,2.82782,0.666237,0.745697,23.663,1.72391,1.66173,nan,nan,0,-0.915663,1.32452,-2.88152,-55.2137,0.0321683,0.0104438,nan,nan,0,1.68969,0.196298,-4.06988,3.97687,0.634845,nan,21.454,15.9329,1,-0.846721,0.156876,2.62718,-7.94688,-0.423361,nan,-21.3479,-15.1729,1,0,0.407314,0.083252,0.002045,-0.909483,-1.97248,-1.23686,0.838598,-12.8622,4.31619,7.66763
1786071341295741171,0,1,0,0,0,0.0479935,0.143344,-2.28843,-1.84365,-0.93603,0.393758,1.47359,-0.127226,-3.47071,32.9915,1.13679,1.06485,nan,nan,0,1.58898,-0.63153,-3.23135,57.3138,0.844488,1.411,nan,nan,0,-0.0925936,-0.265862,0.0828552,7.64347,-0.356297,-0.196777,nan,nan,0,1.18693,0.752333,1.41468,22.1001,1.08346,1.18735,nan,nan,0,-0.887627,-0.219965,2.60752,-12.4518,-0.653813,nan,-19.096,-10.9646,1,-0.389113,0.0300607,2.183,1.09662,-0.194557,nan,-10.013,-9.21796,1,2.62692,0.147936,-6.71127,33.3822,0.913458,1.07492,nan,nan,0,4.84459,-0.336235,1.58652,48.2295,2.3723,1.87153,nan,nan,0,2.85595,0.684453,2.2064,24.0049,1.73798,1.75917,nan,nan,0,-0.897401,1.28521,-4.28699,-52.967,0.0412996,0.0361302,nan,nan,0,1.58961,0.157929,-3.36825,12.9318,0.584803,nan,19.993,21.4369,1,-1.03014,0.170201,0.83875,-11.5266,-0.515071,nan,-21.8163,-18.7871,1,0,0.411015,0.075077,0.007833,-0.908497,-1.84365,-0.93603,0.393758,-4.6237,10.82,6.29145
1786071341305821911,0,1,0,0,0,0.0376014,0.137703,-2.28863,-1.03956,-0.916286,-0.528156,1.49421,-0.156181,-2.70967,31.4774,1.14711,1.14225,nan,nan,0,0.97457,-0.655691,-2.04069,61.5629,0.537285,1.13071,nan,nan,0,-0.310281,-0.272573,-0.843896,5.88522,-0.46514,-0.294802,nan,nan,0,1.10507,0.771125,2.10207,8.81563,1.04254,1.13641,nan,nan,0,-1.03926,-0.219965,2.60752,-12.4518,-0.729632,nan,-21.7496,-16.8642,1,-0.43575,0.0300607,2.183,1.09662,-0.217875,nan,-10.7126,-9.72244,1,2.09693,0.0888762,-5.67405,38.7057,0.648466,1.05146,nan,nan,0,4.57981,-0.311115,2.95517,49.6947,2.2399,2.15533,nan,nan,0,2.10947,0.716093,3.60573,20.293,1.36474,1.76919,nan,nan,0,-0.831317,1.23439,-5.5513,-40.3663,0.0743416,0.043475,nan,nan,0,1.57633,0.131963,-2.05588,17.1031,0.578166,nan,18.7009,22.2755,1,-0.94483,0.159779,-1.95451,-13.3361,-0.472415,nan,-16.034,-20.4324,1,0,0.411438,0.070382,0.011379,-0.908644,-1.03956,-0.916286,-0.528156,-9.31795,17.4164,8.77458
1786071341315710429,0,1,0,0,0,0.0333797,0.131521,-2.29677,-0.324714,-1.04581,-1.00234,1.27383,-0.177657,-1.85043,47.1062,1.03692,1.1615,nan,nan,0,0.557774,-0.667004,-0.702735,46.569,0.328887,0.820748,nan,nan,0,-0.30928,-0.282928,-0.892995,3.00366,-0.46464,-0.384434,nan,nan,0,1.03823,0.79356,2.56237,1.3431,1.00911,1.08448,nan,nan,0,-0.96806,-0.219965,2.60752,-12.4518,-0.69403,nan,-20.5035,-20.2625,1,-0.448198,0.0300607,2.183,1.09662,-0.224099,nan,-10.8993,-10.2167,1,0.901756,0.0380626,-4.75343,29.8657,0.0508782,0.89001,nan,nan,0,3.62984,-0.272957,4.11514,45.5433,1.76492,2.28732,nan,nan,0,1.21739,0.755209,3.5014,26.8864,0.918695,1.63373,nan,nan,0,-0.774677,1.17035,-6.33075,-86.1783,0.102662,0.0550066,nan,nan,0,1.6869,0.118507,-0.525942,14.5308,0.633449,nan,18.8119,20.6724,1,-0.673112,0.117783,-4.72768,-16.3205,-0.336556,nan,-6.53864,-18.5312,1,0,0.408019,0.066756,0.011747,-0.910453,-0.324714,-1.04581,-1.00234,-2.32387,16.1299,8.90213
1786071341325739638,0,1,0,0,0,0.0360814,0.124039,-2.30421,0.245088,-1.3555,-0.0431878,1.09236,-0.192038,-1.16918,20,0.946179,1.12301,nan,nan,0,0.626696,-0.665278,0.408138,50.6716,0.363348,0.537642,nan,nan,0,-0.0215793,-0.299227,-2.36598,5.05495,-0.32079,-0.445593,nan,nan,0,0.949233,0.820213,2.75263,2.3199,0.964617,1.04015,nan,nan,0,-0.764099,-0.219965,2.60752,-12.4518,-0.592049,nan,-16.9342,-21.41,1,-0.419004,0.0300607,2.183,1.09662,-0.209502,nan,-10.4614,-10.6416,1,0.315559,-0.00258875,-3.6487,5.15263,-0.24222,0.536341,nan,nan,0,2.61742,-0.227895,4.79026,57.5092,1.25871,2.14031,nan,nan,0,1.06445,0.74869,-3.82055,47.7411,0.842225,1.32266,nan,nan,0,-0.739047,1.12816,-4.5509,-84.8107,0.120476,0.0766147,nan,nan,0,1.67888,0.126687,0.742723,9.92576,0.62944,nan,16.4823,18.9326,1,-0.516988,0.0588906,-6.06919,-12.6676,-0.258494,nan,-0.417754,-12.7178,1,0,0.404697,0.063937,0.008745,-0.91217,0.245088,-1.3555,-0.0431878,-2.84183,25.2916,7.60476
1786071341335611325,0,1,0,0,0,0.0410301,0.116637,-2.28432,-0.145573,1.32095,1.80327,1.01179,-0.196448,-0.291528,18.7302,0.905893,1.04152,nan,nan,0,1.81972,-0.661635,0.555436,32.2589,0.959858,0.378286,nan,nan,0,0.47308,-0.311307,-0.622948,-0.415138,-0.0734602,-0.422497,nan,nan,0,0.802538,0.843415,2.40894,9.84127,0.891269,0.999393,nan,nan,0,-0.339417,-0.219965,2.60752,-12.4518,-0.379708,nan,-9.50228,-20.0631,1,-0.53519,0.0300607,2.183,1.09662,-0.267595,nan,-12.2042,-10.7337,1,3.12223,-0.0246401,-1.89953,-31.4774,1.16112,0.11851,nan,nan,0,2.94474,-0.179958,5.68018,53.8462,1.42237,1.75488,nan,nan,0,1.95562,0.694616,-5.42241,20.6838,1.28781,1.02368,nan,nan,0,-0.276921,1.08636,-3.94329,-85.1526,0.35154,0.101067,nan,nan,0,2.54305,0.13196,0.828275,14.3648,1.06153,nan,31.2924,17.4758,1,-0.551752,0.000220117,-7.22096,-5.57233,-0.275876,nan,2.54855,-5.45718,1,0,0.413749,0.061513,0.005594,-0.908293,-0.145573,1.32095,1.80327,14.4529,-4.49267,18.1762
1786071341345543512,0,1,0,0,0,0.0448709,0.140001,-2.29296,0.0753305,0.969497,-2.60501,0.944366,-0.194914,0.328352,23.7607,0.872183,0.961436,nan,nan,0,0.631283,-0.649939,1.43923,27.7167,0.365641,0.524841,nan,nan,0,-0.349032,-0.328181,-1.7952,1.88034,-0.484516,-0.287147,nan,nan,0,0.914434,0.870835,2.5501,-6.56898,0.947217,0.948568,nan,nan,0,-0.741827,-0.219965,2.60752,-12.4518,-0.580913,nan,-16.5445,-15.7888,1,-0.488826,0.0300607,2.183,1.09662,-0.244413,nan,-11.5087,-11.1872,1,1.07058,-0.030776,-0.193328,-5.9829,0.13529,0.292988,nan,nan,0,3.62493,-0.105558,7.2084,38.9988,1.76246,1.47018,nan,nan,0,0.147939,0.655499,-3.32955,27.3748,0.38397,1.00422,nan,nan,0,-0.127189,1.04763,-3.29886,-79.6337,0.426406,0.191962,nan,nan,0,2.30451,0.138209,0.6916,10.5131,0.942254,nan,27.1042,21.4863,1,-0.532085,-0.0804823,-8.03255,-5.11108,-0.266043,nan,6.48201,0.663419,1,0,0.409154,0.072938,0.008394,-0.909506,0.0753305,0.969497,-2.60501,-28.3145,29.2713,8.58937
1786071341355598272,0,1,0,0,0,0.0321546,0.151277,-2.32113,-1.52679,0.638247,-2.75694,0.781223,-0.186094,1.02188,24.2491,0.790611,0.903365,nan,nan,0,1.19056,-0.627695,2.02842,38.2173,0.64528,0.582549,nan,nan,0,-0.690259,-0.337769,-0.696597,3.68742,-0.655129,-0.282871,nan,nan,0,0.581494,0.895763,2.47645,-8.27839,0.780747,0.925729,nan,nan,0,-0.305605,-0.219965,2.60752,-12.4518,-0.362802,nan,-8.91057,-13.9189,1,-0.35171,0.0300607,2.183,1.09662,-0.175855,nan,-9.45197,-11.5685,1,1.60112,-0.0321183,-0.101268,5.93407,0.40056,0.430814,nan,nan,0,4.79469,-0.0265574,8.04309,10.1343,2.34735,1.48931,nan,nan,0,0.521055,0.608328,-5.10327,25.4212,0.570528,0.845805,nan,nan,0,-0.0280421,1.0158,-3.28045,-49.0598,0.475979,0.317336,nan,nan,0,1.97222,0.149683,0.79406,17.2929,0.776108,nan,20.7338,25.8948,1,-0.899025,-0.168245,-7.43733,-0.316862,-0.449513,nan,2.71796,5.11659,1,0,0.396515,0.075681,0.015433,-0.914773,-1.52679,0.638247,-2.75694,-4.26938,-19.4389,7.9966
1786071341365682573,0,1,0,0,0,0.0321546,0.151277,-2.32113,-1.52679,0.638247,-2.75694,0.400899,-0.1813,1.21828,22.0513,0.600449,0.846852,nan,nan,0,0.903401,-0.621559,2.18799,34.652,0.5017,0.580181,nan,nan,0,-0.598104,-0.339878,-0.549299,4.95727,-0.609052,-0.436779,nan,nan,0,0.450575,0.907651,2.37211,-11.0134,0.715287,0.876456,nan,nan,0,0.0913366,-0.219965,2.60752,-12.4518,-0.164332,nan,-1.9641,-12.2596,1,-0.370241,0.0300607,2.183,1.09662,-0.185121,nan,-9.72994,-10.9632,1,1.90169,-0.0317345,0.0644436,3.44322,0.550846,0.405149,nan,nan,0,4.97286,0.00488949,8.00627,-4.51771,2.43643,1.81933,nan,nan,0,1.01868,0.590879,-4.42201,20.7326,0.819341,0.640551,nan,nan,0,-0.0279426,1.0018,-3.55664,-33.5775,0.476029,0.417825,nan,nan,0,1.61212,0.155857,-4.18413,15.5174,0.596062,nan,21.6833,26.5138,1,-1.03693,-0.195373,1.69066,1.11249,-0.518466,nan,-12.2288,3.92088,1,0,0.396515,0.075681,0.015433,-0.914773,-1.52679,0.638247,-2.75694,-4.26938,-19.4389,7.9966
1786071341376575932,0,1,0.025,0.015,0,0.00363489,0.175706,-2.37209,-0.696034,0.260756,-2.57352,1.13811,-0.158482,1.58652,16.5324,0.969057,0.744314,nan,nan,0,0.608103,-0.572663,3.23749,31.4286,0.354051,0.564675,nan,nan,0,-0.735803,-0.359628,-1.51901,1.92918,-0.677901,-0.567194,nan,nan,0,0.256096,0.939865,1.97318,-17.265,0.618048,0.795691,nan,nan,0,0.296312,-0.219965,2.60752,-12.4518,-0.0618438,nan,1.62298,-7.9338,1,-0.264184,0.0300607,2.183,1.09662,-0.132092,nan,-8.13908,-10.1566,1,2.1593,-0.0248318,0.598398,6.71551,0.679649,0.445839,nan,nan,0,3.62333,0.129144,7.53982,9.84127,1.76166,2.18772,nan,nan,0,0.829982,0.565952,-1.24283,8.18071,0.724991,0.636768,nan,nan,0,0.203284,0.936222,-4.39132,-7.20391,0.591642,0.471277,nan,nan,0,1.69295,0.191374,-1.80651,13.5039,0.636476,nan,18.2884,24.3747,1,-0.886529,-0.283429,2.93794,5.57204,-0.443265,nan,-9.20198,-3.58151,1,0,0.37373,0.082005,0.031253,-0.923376,-0.696034,0.260756,-2.57352,-12.7698,-2.84106,-4.92784
1786071341386200898,0,1,0.025,0.015,0,-0.00285109,0.174318,-2.39266,-0.0232489,-0.760253,-1.84744,1.25253,-0.139882,1.94249,17.8999,1.02626,0.768416,nan,nan,0,0.460599,-0.540449,3.65483,23.0769,0.2803,0.481598,nan,nan,0,-0.573809,-0.372092,-1.12622,-1.0989,-0.596904,-0.641815,nan,nan,0,0.143781,0.956739,1.53129,-21.221,0.56189,0.70457,nan,nan,0,0.256236,-0.219965,2.60752,-12.4518,-0.0818821,nan,0.921637,-2.76843,1,-0.0801586,0.0300607,2.183,1.09662,-0.0400793,nan,-5.3787,-9.22557,1,0.851063,-0.0179291,0.696597,10.9157,0.0255317,0.547967,nan,nan,0,2.48272,0.205844,7.6503,17.851,1.19136,2.17927,nan,nan,0,0.506391,0.54927,-1.66017,9.59707,0.563195,0.694894,nan,nan,0,0.185733,0.890394,-4.58772,-5.05495,0.582867,0.524233,nan,nan,0,1.51812,0.227404,-0.409172,7.46238,0.54906,nan,11.8717,20.2391,1,-0.779989,-0.312481,3.77795,1.9723,-0.389994,nan,-7.99231,-8.6052,1,0,0.364502,0.080497,0.033162,-0.927123,-0.0232489,-0.760253,-1.84744,-10.7704,5.25205,-0.253672
1786071341395884261,0,1,0.025,0.015,0,-0.00317842,0.164,-2.41076,0.379921,-1.27568,-1.52952,1.22694,-0.118598,2.21254,14.4322,1.01347,0.891911,nan,nan,0,0.134935,-0.499222,4.28085,16.4347,0.117467,0.374037,nan,nan,0,-0.378714,-0.387432,-1.87498,-0.366302,-0.499357,-0.651209,nan,nan,0,-0.0916441,0.969203,0.911407,-25.4212,0.444178,0.621132,nan,nan,0,0.213497,-0.219965,2.60752,-12.4518,-0.103251,nan,0.173708,0.426655,1,-0.00821092,0.0300607,2.183,1.09662,-0.00410546,nan,-4.29948,-7.56189,1,0.208412,-0.00968313,0.90527,8.66911,-0.295794,0.424233,nan,nan,0,1.36345,0.28427,7.82214,24.0049,0.631726,1.78419,nan,nan,0,0.0858341,0.538531,-0.66591,5.73871,0.352917,0.670762,nan,nan,0,0.151822,0.843415,-4.6491,6.47131,0.565911,0.567503,nan,nan,0,1.14852,0.260592,0.501412,7.61365,0.36426,nan,2.87626,15.447,1,-0.614249,-0.325267,3.67228,-2.54056,-0.307124,nan,-4.96414,-9.76749,1,0,0.356257,0.075934,0.030748,-0.930789,0.379921,-1.27568,-1.52952,-5.74957,-3.99936,8.31445
1786071341405803835,0,1,0.025,0.015,0,0.000441884,0.151056,-2.42213,0.555864,-1.47205,-0.859587,1.03765,-0.0938621,2.59306,18.3883,0.918825,0.983908,nan,nan,0,0.00699897,-0.453969,4.51407,12.674,0.0534995,0.24845,nan,nan,0,-0.19826,-0.410634,-2.12048,-0.21978,-0.40913,-0.594737,nan,nan,0,-0.388582,0.973038,0.26084,-25.3724,0.295709,0.53293,nan,nan,0,0.419023,-0.219965,2.60752,-12.4518,-0.000488631,nan,3.77041,1.21371,1,0.0782417,0.0300607,2.183,1.09662,0.0391208,nan,-3.00269,-5.72504,1,-0.0919513,0.000863075,1.07712,5.78754,-0.445976,0.0923941,nan,nan,0,0.0588237,0.363463,7.86511,8.13187,-0.0205881,1.21176,nan,nan,0,-0.111354,0.537381,-0.09513,6.12943,0.254323,0.543136,nan,nan,0,0.36569,0.802188,-4.48952,3.24786,0.672845,0.580351,nan,nan,0,0.765155,0,1.1891,157.987,0.172578,nan,4.25657,9.35874,1,-0.485496,-0.07,1.92224,-93.5271,-0.242748,nan,-8.0658,-7.99592,1,0,0.351002,0.070704,0.026356,-0.933329,0.555864,-1.47205,-0.859587,-4.13815,-2.90314,5.44964
1786071341415688648,0,1,0.025,0.015,0,0.0051091,0.139345,-2.42942,0.586408,-0.952087,-0.681506,0.451188,-0.0654826,3.01041,14.0415,0.625594,0.989413,nan,nan,0,0.163745,-0.408141,4.71047,6.71551,0.131872,0.132591,nan,nan,0,0.0607574,-0.430001,-2.32915,3.10134,-0.279621,-0.504247,nan,nan,0,-0.401142,0.969586,-0.616811,-24.0049,0.289429,0.419324,nan,nan,0,0.874694,-0.219965,2.60752,-12.4518,0.227347,nan,11.7447,2.08083,1,-0.0256463,0.0300607,2.183,1.09662,-0.0128232,nan,-4.56101,-4.1559,1,-0.142052,0.00968313,0.745697,11.6972,-0.471026,-0.228928,nan,nan,0,-0.57994,0.437671,7.23909,29.4261,-0.33997,0.573097,nan,nan,0,-0.213359,0.518014,-3.41547,21.0745,0.203321,0.385971,nan,nan,0,0.598832,0.76192,-3.98625,6.12943,0.789416,0.611418,nan,nan,0,0.781893,0.284964,0.443325,14.8946,0.180947,nan,-4.3056,3.5441,1,-0.330405,-0.288137,2.53377,-10.7967,-0.165202,nan,-0.112612,-5.81435,1,0,0.347593,0.066137,0.02188,-0.935054,0.586408,-0.952087,-0.681506,5.2691,3.2517,9.83793
1786071341425512289,0,1,0.05,0,0,0.00941174,0.128265,-2.43697,1.2437,0.0946862,-1.40499,-0.154336,-0.0330768,3.43389,16.7766,0.322832,0.859787,nan,nan,0,0.033735,-0.354067,5.21988,-2.27106,0.0668675,0.0906987,nan,nan,0,-0.0312398,-0.448409,-1.50674,2.41758,-0.32562,-0.393234,nan,nan,0,-0.278988,0.958082,-1.51287,-27.4237,0.350506,0.328749,nan,nan,0,1.15852,-0.219965,2.60752,-12.4518,0.369261,nan,16.7117,5.73228,1,-0.143782,0.0300607,2.183,1.09662,-0.0718912,nan,-6.33305,-3.71589,1,0.121605,0.0119843,0.107406,1.00122,-0.339197,-0.422127,nan,nan,0,-1.17561,0.500181,5.98705,8.76679,-0.637806,0.0199586,nan,nan,0,-0.635089,0.464899,-5.39786,15.3602,-0.00754434,0.265643,nan,nan,0,0.890486,0.721653,-3.62415,11.746,0.935243,0.687574,nan,nan,0,1.19079,0.284315,0.189149,0.838642,0.385393,nan,3.25398,-1.72444,1,-0.262042,-0.257663,2.57255,-3.10372,-0.131021,nan,-0.0595734,-2.93927,1,0,0.344072,0.061772,0.017707,-0.936741,1.2437,0.0946862,-1.40499,7.68738,13.0555,6.2419
1786071341436284937,0,1,0.05,0,0,0.0269872,0.139734,-2.46111,1.69495,0.801019,-2.82811,-0.279914,0.00316381,3.71007,10.6227,0.260043,0.613965,nan,nan,0,-0.0118607,-0.298652,5.6004,0.708183,0.0440697,0.0796211,nan,nan,0,-0.523735,-0.450709,0.346765,-0.463982,-0.571868,-0.325671,nan,nan,0,-0.25384,0.936989,-2.3537,-32.0635,0.36308,0.307196,nan,nan,0,1.16252,-0.219965,2.60752,-12.4518,0.371262,nan,16.7817,11.2054,1,-0.177211,0.0300607,2.183,1.09662,-0.0886053,nan,-6.83448,-4.60376,1,0.281309,0.0108337,-0.217878,-4.85959,-0.259346,-0.450209,nan,nan,0,-1.48691,0.550036,4.61227,-14.2369,-0.793455,-0.38963,nan,nan,0,-1.15001,0.421371,-4.00467,9.05983,-0.265003,0.136375,nan,nan,0,1.05569,0.686179,-3.47071,21.7582,1.01785,0.804027,nan,nan,0,1.60435,0.280366,-0.199362,-1.06224,0.592176,nan,11.2124,-1.67854,1,-0.256168,-0.229207,2.33323,-0.952319,-0.128084,nan,-0.466156,-0.998507,1,0,0.331984,0.070294,0.010606,-0.940602,1.69495,0.801019,-2.82811,-1.54548,7.95667,1.45593
1786071341447266333,0,1,0.05,0,0,0.0359971,0.145525,-2.48516,1.2022,0.225246,-1.82084,-0.51742,0.0382543,3.84509,5.29915,0.14129,0.389709,nan,nan,0,-0.326458,-0.248988,5.26284,12.6252,-0.113229,0.0628444,nan,nan,0,-0.436974,-0.440739,1.18759,-0.317459,-0.528487,-0.389227,nan,nan,0,-0.202591,0.91187,-2.86925,-29.1819,0.388705,0.327481,nan,nan,0,1.39658,-0.219965,2.60752,-12.4518,0.488288,nan,20.8776,15.288,1,-0.0770186,0.0300607,2.183,1.09662,-0.0385093,nan,-5.3316,-5.83317,1,-0.0697678,0.00661516,-0.537024,-6.91087,-0.434884,-0.37667,nan,nan,0,-1.79109,0.586086,3.64256,-31.1355,-0.945546,-0.662837,nan,nan,0,-0.962911,0.387815,-3.48299,2.8083,-0.171456,-0.0496914,nan,nan,0,1.03568,0.660293,-2.99199,27.8144,1.00784,0.924001,nan,nan,0,1.41507,0.271678,-0.583949,-0.628285,0.497537,nan,8.78096,3.54555,1,-0.176481,-0.208801,2.08303,-0.651906,-0.0882405,nan,0.492259,-0.246212,1,0,0.320209,0.074593,0.006439,-0.944383,1.2022,0.225246,-1.82084,-0.47875,-7.66553,1.05137
1786071341455773034,0,1,0.05,0,0,0.0437624,0.148268,-2.5,0.892835,0.539948,-1.19981,-1.05348,0.0779462,3.32341,10.9646,-0.126738,0.23185,nan,nan,0,-0.645196,-0.19664,4.46497,9.79243,-0.272598,-0.00206271,nan,nan,0,-0.154501,-0.445149,-1.53742,11.2088,-0.38725,-0.48041,nan,nan,0,-0.0487376,0.879272,-2.75263,-55.116,0.465631,0.358508,nan,nan,0,1.75242,-0.219965,2.60752,-12.4518,0.666211,nan,27.1049,18.3664,1,-0.0359494,0.0300607,2.183,1.09662,-0.0179747,nan,-4.71556,-6.13623,1,0.156171,-0.000862598,-0.696597,-7.30159,-0.321914,-0.357711,nan,nan,0,-1.76489,0.616382,2.28005,-39.6337,-0.932446,-0.843275,nan,nan,0,-0.562123,0.352917,-3.07792,-1.63614,0.0289387,-0.17036,nan,nan,0,1.0223,0.632489,-1.94249,29.5726,1.00115,0.996256,nan,nan,0,1.24931,0.260076,-0.774175,2.19295,0.414655,nan,6.57153,7.99747,1,-0.0593803,-0.181852,2.1747,0.130595,-0.0296901,nan,1.3028,0.020656,1,0,0.312844,0.077151,0.002643,-0.946662,0.892835,0.539948,-1.19981,-4.353,6.55996,8.56816
1786071341465751553,0,1,0.05,0,0,0.051747,0.152565,-2.51666,1.32308,0.171827,-2.7794,-0.758829,0.101148,2.24323,22.1978,0.0205856,0.0618499,nan,nan,0,-0.221032,-0.166152,3.56891,21.1722,-0.060516,-0.124101,nan,nan,0,-0.922598,-0.466241,-1.90567,6.42247,-0.771299,-0.481274,nan,nan,0,-0.182884,0.862398,-1.45764,-66.9841,0.398558,0.405842,nan,nan,0,1.48755,-0.219965,2.60752,-12.4518,0.533773,nan,22.4696,22.3708,1,-0.00366015,0.0300607,2.183,1.09662,-0.00183007,nan,-4.23122,-5.61122,1,0.276803,-0.00795746,-0.831621,-5.20146,-0.261599,-0.354291,nan,nan,0,-1.43883,0.630188,1.3042,-54.5299,-0.769413,-0.933037,nan,nan,0,-1.00234,0.32703,-2.88766,-6.32478,-0.191172,-0.135578,nan,nan,0,0.992529,0.620601,-1.12622,41.5873,0.986265,1.01735,nan,nan,0,1.38643,0.250342,-0.708813,4.75354,0.483217,nan,9.21383,8.85711,1,-0.184403,-0.160305,2.32677,0.655025,-0.0922013,nan,-1.44704,0.364047,1,0,0.304535,0.080424,-0.001127,-0.949098,1.32308,0.171827,-2.7794,14.8638,-5.58495,18.3709
1786071341475659988,-0.898872,0.438212,0.075,0,0,0.0624475,0.161212,-2.54117,1.84451,1.76344,-0.946787,-1.59455,0.113804,0.678185,19.5604,-0.397277,-0.0256579,nan,nan,0,-1.60655,-0.139115,1.58652,23.1258,-0.753276,-0.159713,nan,nan,0,-0.470258,-0.487909,-2.62375,13.3577,-0.545129,-0.559512,nan,nan,0,0.260893,0.857221,-0.0583057,-59.707,0.620446,0.425569,nan,nan,0,1.53803,-0.219965,2.60752,-12.4518,0.559015,nan,23.353,24.1762,1,-0.0432443,0.0300607,2.183,1.09662,-0.0216222,nan,-4.82498,-4.88508,1,0.992812,-0.0177369,-0.862308,-10.7692,0.0964061,-0.317016,nan,nan,0,-2.08923,0.641693,0.917544,-56.8254,-1.09461,-0.902301,nan,nan,0,-0.541514,0.301911,-1.76451,-10.8181,0.0392431,-0.116987,nan,nan,0,1.23296,0.612931,-0.537024,30.8913,1.10648,1.00992,nan,nan,0,2.43755,0.241667,-0.539081,6.31184,1.00877,nan,27.6574,8.8682,1,0.187885,-0.126993,2.51598,1.01952,0.0939426,nan,2.85409,-0.245346,1,0,0.292217,0.086082,-0.005926,-0.952451,1.84451,1.76344,-0.946787,-7.45531,-7.22096,16.5007
1786071341485571164,-0.856437,0.516251,0.075,0,0,0.0797447,0.180235,-2.53298,1.29408,1.37899,2.10751,-1.70816,0.113612,-0.174916,2.90598,-0.45408,-0.160234,nan,nan,0,-2.15625,-0.131445,0.708872,3.88278,-1.02813,-0.345475,nan,nan,0,0.604957,-0.522233,-2.72808,5.0061,-0.00752139,-0.608254,nan,nan,0,0.607491,0.859713,0.242428,-38.9499,0.793746,0.489642,nan,nan,0,1.70845,-0.219965,2.60752,-12.4518,0.644223,nan,26.3353,24.0676,1,0.0736933,0.0300607,2.183,1.09662,0.0368466,nan,-3.07092,-4.57469,1,0.276982,-0.0252151,-0.708872,-6.52015,-0.261509,-0.164927,nan,nan,0,-1.88948,0.646296,0.230153,-45.3968,-0.99474,-0.934808,nan,nan,0,0.0353679,0.291556,-1.03416,-9.35287,0.327684,-0.0734341,nan,nan,0,0.799905,0.614273,0.420414,22.3443,0.889952,1.03505,nan,nan,0,2.16824,0.237248,-0.329032,5.98689,0.874118,nan,22.784,15.0211,1,0.351645,-0.102015,2.63191,0.377998,0.175822,nan,4.38724,0.181883,1,0,0.294755,0.097688,-0.010932,-0.950503,1.29408,1.37899,2.10751,-12.3774,-4.93818,26.9645
1786071341495488332,-0.806889,0.590703,0.075,0,0,0.0984968,0.194103,-2.51033,1.55535,1.57972,1.74161,-1.40785,0.110736,-0.316077,-3.88278,-0.303927,-0.328137,nan,nan,0,-1.47705,-0.126076,0.537024,-7.74115,-0.688524,-0.68064,nan,nan,0,0.767496,-0.53182,-0.371314,-1.00122,0.0737479,-0.413833,nan,nan,0,0.716175,0.858946,-0.181053,-30.8425,0.848087,0.626325,nan,nan,0,1.67887,-0.219965,2.60752,-12.4518,0.629437,nan,25.8178,24.6577,1,-0.128459,0.0300607,2.183,1.09662,-0.0642296,nan,-6.10321,-4.05899,1,1.34256,-0.0315428,-0.592261,-3.34554,0.271278,-0.114127,nan,nan,0,-1.5707,0.642076,-0.678185,-48.1319,-0.835348,-0.988736,nan,nan,0,0.0266208,0.279093,-1.28579,-7.4481,0.32331,0.0866357,nan,nan,0,0.688921,0.624244,1.2551,13.2601,0.834461,1.00584,nan,nan,0,2.39793,0.23576,0.00361512,10.7594,0.988964,nan,26.3567,21.128,1,0.348715,-0.0761632,2.31679,1.56148,0.174357,nan,4.04043,1.9658,1,0,0.304045,0.10721,-0.016534,-0.946461,1.55535,1.57972,1.74161,-3.76298,-3.77291,13.5943
1786071341505562121,-0.750253,0.661151,0.075,0,0,0.107808,0.19982,-2.50155,1.43659,0.868309,1.44748,-0.287142,0.106326,-0.543161,-8.27839,0.256429,-0.381011,nan,nan,0,-0.42904,-0.121858,0.28539,-13.6996,-0.16452,-0.822027,nan,nan,0,0.413745,-0.530478,0.444963,-0.610504,-0.103127,-0.139907,nan,nan,0,0.90386,0.856262,-0.352901,-15.409,0.94193,0.760141,nan,nan,0,1.44149,-0.219965,2.60752,-12.4518,0.510746,nan,21.6636,25.4514,1,-0.35186,0.0300607,2.183,1.09662,-0.17593,nan,-9.45421,-4.44022,1,2.11588,-0.0355697,-0.346765,-7.74115,0.657941,-0.000247753,nan,nan,0,-1.07389,0.632873,-1.11394,-51.746,-0.586945,-0.952382,nan,nan,0,0.131621,0.275066,0.0276184,-8.18071,0.375811,0.243287,nan,nan,0,0.426218,0.638625,1.95477,8.42491,0.703109,0.923161,nan,nan,0,2.96047,0.239028,0.583773,14.8415,1.27024,nan,35.2166,24.4842,1,0.271515,-0.0559443,1.9837,2.54686,0.135757,nan,2.7755,3.43464,1,0,0.307461,0.111407,-0.019555,-0.944813,1.43659,0.868309,1.44748,-9.19753,-0.86615,9.18379
1786071341515897435,-0.687787,0.725912,0.075,0,0,0.121267,0.202278,-2.49123,0.757887,0.275342,0.644583,1.20404,0.0994225,-0.745697,-6.08059,1.00202,-0.171755,nan,nan,0,0.616373,-0.123775,-0.426551,-10.6715,0.358186,-0.618813,nan,nan,0,-0.0158165,-0.510152,2.50714,0.21978,-0.317908,-0.0258186,nan,nan,0,0.930639,0.851468,-0.426551,-5.68987,0.95532,0.866693,nan,nan,0,0.753628,-0.219965,2.60752,-12.4518,0.166814,nan,9.62599,24.4456,1,-0.453176,0.0300607,2.183,1.09662,-0.226588,nan,-10.974,-6.44787,1,2.12507,-0.036912,-0.0705805,-2.3199,0.662535,0.287335,nan,nan,0,-0.0165763,0.617341,-1.71541,-43.4921,-0.0582882,-0.8037,nan,nan,0,0.215135,0.281586,0.727284,-3.58974,0.417567,0.3381,nan,nan,0,0.090107,0.66432,2.42121,2.3199,0.535054,0.816118,nan,nan,0,3.13294,0.248558,1.30713,18.3962,1.35647,nan,36.8162,28.8263,1,-0.00167435,-0.0399147,1.98829,2.54265,-0.000837177,nan,-1.8101,3.60882,1,0,0.311464,0.11476,-0.02493,-0.942973,0.757887,0.275342,0.644583,7.73819,-8.79121,13.9928
1786071341525990785,-0.620523,0.784188,0.1,0.015,0,0.121728,0.203589,-2.48537,-0.518825,-0.185908,0.302091,1.6758,0.0894518,-1.10167,0.854698,1.2379,0.333708,nan,nan,0,1.40386,-0.133362,-1.00347,-7.39927,0.751932,-0.174091,nan,nan,0,0.0667779,-0.483883,2.5992,5.68987,-0.276611,-0.106004,nan,nan,0,0.974076,0.848783,-0.205604,-2.51526,0.977038,0.934176,nan,nan,0,0.567043,-0.219965,2.60752,-12.4518,0.0735216,nan,6.36076,18.9029,1,-0.528781,0.0300607,2.183,1.09662,-0.264391,nan,-12.108,-8.91774,1,2.90658,-0.0367203,0.0644436,5.54334,1.05329,0.542685,nan,nan,0,1.19058,0.594714,-2.48872,-33.8217,0.545289,-0.487083,nan,nan,0,0.554196,0.288872,0.776384,-1.3431,0.587098,0.393776,nan,nan,0,0.199471,0.687713,2.59306,-7.49695,0.589736,0.67972,nan,nan,0,2.99265,0.270547,2.05082,23.9495,1.28632,nan,32.4759,33.1369,1,-0.265116,-0.0175185,2.13535,3.44329,-0.132558,nan,-6.65422,1.54413,1,0,0.31414,0.11552,-0.024597,-0.942,-0.518825,-0.185908,0.302091,-16.1128,-3.10967,7.0763
1786071341535566296,-0.547739,0.83665,0.1,0.015,0,0.116336,0.200007,-2.48827,-0.783603,-0.707585,-0.884424,2.0966,0.0775628,-1.17532,9.74359,1.4483,0.863889,nan,nan,0,1.40596,-0.143142,-1.09553,0.170937,0.752979,0.325035,nan,nan,0,-0.499965,-0.453586,2.96131,0.21978,-0.559983,-0.217347,nan,nan,0,0.847259,0.849359,0.168778,0.0244217,0.913629,0.967958,nan,nan,0,-0.341437,-0.219965,2.60752,-12.4518,-0.380718,nan,-9.53763,11.8749,1,-0.470724,0.0300607,2.183,1.09662,-0.235362,nan,-11.2372,-10.9009,1,2.42441,-0.0342274,0.352901,11.2088,0.812207,0.790589,nan,nan,0,2.73655,0.565376,-3.07792,-26.9353,1.31828,-0.000145738,nan,nan,0,0.438429,0.298843,1.14463,-1.14774,0.529215,0.474102,nan,nan,0,0.041749,0.715134,2.40894,-17.7045,0.510875,0.592717,nan,nan,0,2.72371,0.29685,2.62109,37.425,1.15186,nan,25.9936,34.1545,1,-0.666238,0.00222341,1.98618,7.82394,-0.333119,nan,-13.0395,-2.40693,1,0,0.313242,0.112959,-0.022804,-0.942655,-0.783603,-0.707585,-0.884424,-8.41532,-0.053515,11.5334
1786071341545631858,-0.469991,0.882671,0.1,0.015,0,0.100527,0.188783,-2.50758,-0.584156,-0.894543,-1.21709,1.98298,0.0668249,-0.71501,19.072,1.39149,1.2459,nan,nan,0,0.797306,-0.155414,-0.76411,18.9255,0.448653,0.656889,nan,nan,0,-0.551532,-0.420989,2.82628,-2.41758,-0.585766,-0.365972,nan,nan,0,0.817099,0.853961,0.506338,2.27106,0.898549,0.959995,nan,nan,0,-0.575616,-0.219965,2.60752,-12.4518,-0.497808,nan,-13.6358,2.2594,1,-0.385052,0.0300607,2.183,1.09662,-0.192526,nan,-9.95209,-11.6932,1,1.71663,-0.0263658,0.868444,14.4322,0.458315,0.901337,nan,nan,0,2.91972,0.529902,-2.89379,-11.746,1.40986,0.639365,nan,nan,0,0.0125022,0.319936,2.21254,-4.22466,0.316251,0.530102,nan,nan,0,0.0777813,0.738336,1.67859,-17.851,0.528891,0.544449,nan,nan,0,2.56921,0.340093,-0.312286,27.1789,1.0746,nan,26.1763,31.4183,1,-0.718647,0.0183186,-4.61039,-3.49817,-0.359323,nan,-4.41368,-6.7913,1,0,0.305444,0.105034,-0.018183,-0.946224,-0.584156,-0.894543,-1.21709,4.12344,-1.33867,12.0159
1786071341555562299,-0.38948,0.921035,0.1,0.015,0,0.0902355,0.18022,-2.51906,-0.51012,-0.504367,-0.760028,1.94486,0.0641403,-0.107405,23.8584,1.37243,1.42026,nan,nan,0,0.631417,-0.158482,-0.242428,19.3651,0.365708,0.685878,nan,nan,0,-0.306397,-0.403923,1.56197,-3.10134,-0.463199,-0.506023,nan,nan,0,0.714725,0.86048,0.702735,2.12454,0.847363,0.930143,nan,nan,0,-0.518917,-0.219965,2.60752,-12.4518,-0.469459,nan,-12.6435,-7.23571,1,-0.395885,0.0300607,2.183,1.09662,-0.197943,nan,-10.1146,-11.2431,1,1.90848,-0.0156279,1.31034,14.3346,0.554238,0.769365,nan,nan,0,2.44328,0.507276,-2.35984,1.97802,1.17164,1.15941,nan,nan,0,-0.0678015,0.342371,2.53169,-2.95483,0.276099,0.473904,nan,nan,0,0.194379,0.74869,1.17532,-20.293,0.587189,0.522125,nan,nan,0,2.69036,0,0.400102,26.2031,1.13518,nan,39.1311,28.5945,1,-0.559999,-0.07,-3.91518,-8.63617,-0.28,nan,-0.427216,-6.95918,1,0,0.300846,0.099334,-0.015229,-0.948362,-0.51012,-0.504367,-0.760028,4.37275,-7.17279,11.1195
1786071341565472854,-0.305585,0.952165,0.1,0.015,0,0.0863061,0.174713,-2.52595,0.225956,-0.184883,-0.488192,1.93377,0.0683589,0.647498,25.0305,1.36688,1.44229,nan,nan,0,0.52692,-0.154263,0.66591,16.4347,0.31346,0.54872,nan,nan,0,-0.105246,-0.396636,0.537024,-5.93407,-0.362623,-0.539359,nan,nan,0,0.592044,0.867192,0.76411,0.0732574,0.786022,0.890482,nan,nan,0,-0.466369,-0.219965,2.60752,-12.4518,-0.443185,nan,-11.724,-12.3812,1,-0.426815,0.0300607,2.183,1.09662,-0.213408,nan,-10.5785,-10.5502,1,2.09518,0.000287533,1.70313,9.30403,0.647589,0.615127,nan,nan,0,1.5746,0.488101,-1.697,23.956,0.737298,1.3311,nan,nan,0,-0.259388,0.365381,2.09593,-3.7851,0.180306,0.369113,nan,nan,0,0.286044,0.75636,0.598398,-21.3187,0.633022,0.539108,nan,nan,0,2.88465,0,0.653202,53.1459,1.23233,nan,42.1516,31.5098,1,-0.335566,-0.07,-3.2606,20.3242,-0.167783,nan,1.95741,-4.46961,1,0,0.297958,0.096088,-0.014546,-0.949619,0.225956,-0.184883,-0.488192,8.9942,-2.83051,9.1856
1786071341575478207,-0.218866,0.975755,0.125,0.03,0,0.0875599,0.172698,-2.53049,0.551887,0.0641087,-0.242846,1.77346,0.0802479,1.39626,23.8584,1.28673,1.41117,nan,nan,0,0.606478,-0.142567,1.37171,11.5018,0.353239,0.408085,nan,nan,0,-0.088182,-0.39376,0.205604,-4.85959,-0.354091,-0.477131,nan,nan,0,0.466947,0.87467,0.721148,-1.5873,0.723474,0.839437,nan,nan,0,-0.307103,-0.219965,2.60752,-12.4518,-0.363552,nan,-8.93679,-13.4574,1,-0.431703,0.0300607,2.183,1.09662,-0.215852,nan,-10.6519,-10.3177,1,1.95654,0.0192714,1.94863,8.52259,0.578269,0.577742,nan,nan,0,0.989582,0.476404,-0.899132,20.2442,0.444791,1.15216,nan,nan,0,-0.339599,0.379187,1.04029,-3.63858,0.140201,0.266427,nan,nan,0,0.439693,0.758852,0.0644426,-13.9927,0.709847,0.582069,nan,nan,0,3.04413,0,-1.00163,131.209,1.31207,nan,47.4248,37.1942,1,-0.276288,-0.07,0.943563,28.9648,-0.138144,nan,-3.45966,-3.04185,1,0,0.295811,0.095285,-0.015665,-0.950352,0.551887,0.0641087,-0.242846,6.81066,-0.065855,4.68436
1786071341585512729,-0.130226,0.991484,0.125,0.03,0,0.0953217,0.17221,-2.5303,0.964995,-0.0699891,0.253419,1.50889,0.0986557,2.00387,21.6606,1.15445,1.35535,nan,nan,0,0.663673,-0.125501,1.82588,7.93651,0.381836,0.340154,nan,nan,0,0.126119,-0.394144,-0.162642,-1.3431,-0.246941,-0.402433,nan,nan,0,0.302937,0.881381,0.629086,-6.95971,0.641468,0.780101,nan,nan,0,-0.184006,-0.219965,2.60752,-12.4518,-0.302003,nan,-6.7826,-11.9517,1,-0.4008,0.0300607,2.183,1.09662,-0.2004,nan,-10.1883,-10.4126,1,1.41442,0.0401716,2.1573,3.2967,0.307212,0.579933,nan,nan,0,0.13008,0.472186,-0.248566,14.3346,0.01504,0.807632,nan,nan,0,-0.409548,0.382446,0.0153437,-3.7851,0.105226,0.185789,nan,nan,0,0.344394,0.758086,-0.101268,-16.8742,0.662197,0.642566,nan,nan,0,2.91739,0,-0.145665,227.259,1.2487,nan,43.9229,43.0762,1,-0.230109,-0.07,-1.26924,-125.016,-0.115054,nan,0.552224,-2.93813,1,0,0.295546,0.096203,-0.019418,-0.950273,0.964995,-0.0699891,0.253419,-1.59161,-1.35171,3.67056
1786071341597768960,-0.0394703,0.999221,0.125,0.03,0,0.107322,0.174532,-2.52764,1.27369,0.419257,0.0899826,1.25608,0.122049,2.47645,20.7326,1.02804,1.26455,nan,nan,0,0.620486,-0.107476,2.07752,8.32722,0.360243,0.339333,nan,nan,0,0.19677,-0.397019,-0.174916,-0.0244217,-0.211615,-0.325439,nan,nan,0,0.124766,0.885983,0.402001,-11.0623,0.552383,0.710813,nan,nan,0,-0.143185,-0.219965,2.60752,-12.4518,-0.281593,nan,-6.06823,-9.39433,1,-0.354887,0.0300607,2.183,1.09662,-0.177444,nan,-9.49962,-10.4014,1,1.60416,0.0635653,2.43963,3.24786,0.402078,0.491665,nan,nan,0,-0.553952,0.472186,0.0889931,5.78754,-0.326976,0.404025,nan,nan,0,-0.592751,0.379187,-0.432689,-4.81075,0.0136244,0.132063,nan,nan,0,0.449296,0.758469,0.0644426,-11.9902,0.714648,0.67512,nan,nan,0,3.15374,0,-0.73973,128.667,1.36687,nan,48.9501,45.5962,1,0.0413341,-0.07,-0.261641,-66.5446,0.0206671,nan,3.11247,-1.79493,1,0,0.296138,0.099107,-0.024635,-0.949669,1.27369,0.419257,0.0899826,-2.06362,5.60474,5.23675
1786071341605646501,0.0489227,0.998803,0.125,0.03,0,0.12332,0.182281,-2.52868,1.61193,0.725972,-0.512239,1.05546,0.148894,2.7956,20.8303,0.927729,1.14673,nan,nan,0,0.588658,-0.0854249,2.24323,7.25275,0.344329,0.353051,nan,nan,0,0.0751104,-0.393951,0.457238,0.170937,-0.272445,-0.256595,nan,nan,0,0.0614234,0.888093,0.11968,-15.3114,0.520712,0.630655,nan,nan,0,-0.193768,-0.219965,2.60752,-12.4518,-0.306884,nan,-6.95343,-7.25221,1,-0.31773,0.0300607,2.183,1.09662,-0.158865,nan,-8.94226,-10.0681,1,1.63053,0.0894518,2.63602,1.8315,0.415267,0.410027,nan,nan,0,-0.853158,0.473911,0.205604,-3.00366,-0.476579,0.00212813,nan,nan,0,-0.861968,0.371133,-0.948232,-4.12698,-0.120984,0.0756176,nan,nan,0,0.507091,0.759428,0.125817,-10.2808,0.743545,0.6938,nan,nan,0,3.33155,0.429254,-0.954655,19.1238,1.45577,nan,37.3602,46.7479,1,0.272716,-0.063927,0.153494,1.84196,0.136358,nan,5.77831,0.214642,1,0,0.294512,0.105122,-0.031101,-0.949338,1.61193,0.725972,-0.512239,-5.32494,6.9486,5.31095
1786071341615737916,0.138679,0.990337,0.125,0.03,0,0.1392,0.191532,-2.53532,1.42024,0.40917,-0.861746,0.847145,0.177657,2.92448,21.2698,0.823573,1.02658,nan,nan,0,0.608591,-0.0627985,2.28005,12.5275,0.354296,0.354785,nan,nan,0,-0.127898,-0.389733,0.487926,2.8083,-0.373949,-0.237665,nan,nan,0,-0.016457,0.888284,-0.0214806,-25.4701,0.481772,0.56211,nan,nan,0,-0.172172,-0.219965,2.60752,-12.4518,-0.296086,nan,-6.57549,-6.43351,1,-0.255105,0.0300607,2.183,1.09662,-0.127552,nan,-8.00289,-9.52279,1,1.13733,0.116488,2.7465,-1.5873,0.168665,0.389949,nan,nan,0,-1.02716,0.476021,0.162642,-18.3883,-0.563581,-0.307037,nan,nan,0,-1.0628,0.360012,-1.10167,-6.27595,-0.221401,-0.0127586,nan,nan,0,0.438222,0.760962,0.14423,-8.08303,0.709111,0.717961,nan,nan,0,3.2343,0.417235,-0.827502,27.8877,1.40715,nan,35.8883,43.3304,1,0.358397,-0.0527474,0.561096,2.62982,0.179198,nan,6.11673,2.7997,1,0,0.290083,0.111704,-0.037594,-0.949716,1.42024,0.40917,-0.861746,-10.4029,3.99888,5.00536
1786071341625592929,0.226528,0.974005,0.1,0.015,0,0.150089,0.19857,-2.54295,1.057,0.528487,-0.736998,0.543758,0.205844,2.7465,20,0.671879,0.914292,nan,nan,0,0.494632,-0.0417056,2.01001,15.5556,0.297316,0.353156,nan,nan,0,-0.321336,-0.387623,-0.046031,6.81319,-0.470668,-0.28348,nan,nan,0,-0.0901357,0.887517,-0.0828552,-33.1868,0.444932,0.512233,nan,nan,0,-0.117271,-0.219965,2.60752,-12.4518,-0.268636,nan,-5.61474,-6.36566,1,-0.1655,0.0300607,2.183,1.09662,-0.0827499,nan,-6.65882,-8.79469,1,1.29228,0.144484,2.86925,-3.10134,0.246142,0.317497,nan,nan,0,-1.20284,0.476213,-0.0276184,-30.696,-0.651421,-0.494496,nan,nan,0,-0.925693,0.349849,-1.01574,-9.79243,-0.152846,-0.120209,nan,nan,0,0.603532,0.762688,0.193328,-7.74115,0.791766,0.725459,nan,nan,0,3.24831,0.407247,-0.466956,27.9959,1.41416,nan,35.9423,39.0994,1,0.474794,-0.0405071,0.854885,3.64255,0.237397,nan,7.0548,4.80814,1,0,0.285492,0.116447,-0.042142,-0.950346,1.057,0.528487,-0.736998,-6.92715,-0.015204,5.59091
1786071341636917867,0.313172,0.949697,0.1,0.015,0,0.161234,0.205832,-2.54781,1.09367,0.433511,-0.461345,0.170225,0.231155,2.39053,21.4652,0.485113,0.792383,nan,nan,0,0.313046,-0.0244484,1.60494,19.1697,0.206523,0.33457,nan,nan,0,-0.503972,-0.394144,-0.745697,7.10622,-0.561986,-0.370975,nan,nan,0,-0.0711149,0.887517,0.0276184,-40.0733,0.454443,0.473091,nan,nan,0,-0.0878682,-0.219965,2.60752,-12.4518,-0.253934,nan,-5.10019,-6.13891,1,-0.0490923,0.0300607,2.183,1.09662,-0.0245461,nan,-4.9127,-7.78519,1,1.3103,0.174014,2.96744,-4.27351,0.25515,0.251624,nan,nan,0,-1.50007,0.474487,-0.23629,-36.1172,-0.800033,-0.603157,nan,nan,0,-0.649624,0.34007,-1.00347,-12.5763,-0.0148118,-0.173687,nan,nan,0,0.692766,0.765756,0.346765,-8.18071,0.836383,0.746214,nan,nan,0,3.3376,0.402074,-0.0417208,25.5241,1.4588,nan,37.048,36.443,1,0.604235,-0.0296249,0.953803,5.48443,0.302118,nan,8.52157,6.09327,1,0,0.282146,0.121355,-0.046642,-0.950521,1.09367,0.433511,-0.461345,-7.35319,-0.700301,11.47
1786071341645871924,0.397956,0.917404,0.1,0.015,0,0.170653,0.212371,-2.54984,0.927613,0.762284,-0.107151,-0.382271,0.251673,1.89953,17.6068,0.208865,0.641808,nan,nan,0,-0.328685,-0.00987482,1.18759,16.7277,-0.114342,0.281365,nan,nan,0,-0.85727,-0.402197,-0.85617,3.68742,-0.738635,-0.47161,nan,nan,0,-0.0177339,0.887901,0.0398932,-40.2198,0.481133,0.45282,nan,nan,0,-0.00223189,-0.219965,2.60752,-12.4518,-0.211116,nan,-3.60155,-5.65404,1,0.143225,0.0300607,2.183,1.09662,0.0716124,nan,-2.02795,-6.40855,1,1.36472,0.203927,2.96744,-7.93651,0.28236,0.235879,nan,nan,0,-1.83348,0.470652,-0.457238,-35.1404,-0.966739,-0.702176,nan,nan,0,-0.275555,0.32703,-1.4515,-10.6227,0.172223,-0.131064,nan,nan,0,1.01335,0.769016,0.352901,-5.29915,0.996673,0.788643,nan,nan,0,3.62603,0,0.309828,29.4304,1.60302,nan,55.6408,36.5379,1,0.812502,-0.07,0.808985,7.69424,0.406251,nan,13.074,7.34916,1,0,0.280242,0.125721,-0.05027,-0.950332,0.927613,0.762284,-0.107151,-3.12928,3.57767,11.3347
1786071341655758252,0.47839,0.878147,0.1,0.015,0,0.179835,0.222242,-2.54707,0.723752,1.0833,0.312713,-0.981831,0.267588,1.4515,12.381,-0.0909153,0.437218,nan,nan,0,-0.908609,-9.58443e-05,0.917544,9.93895,-0.404304,0.126386,nan,nan,0,-1.15147,-0.411209,-0.972781,1.5873,-0.885734,-0.598542,nan,nan,0,0.07653,0.887517,-0.0828552,-39.3407,0.528265,0.457482,nan,nan,0,0.183434,-0.219965,2.60752,-12.4518,-0.118283,nan,-0.352402,-4.7674,1,0.377345,0.0300607,2.183,1.09662,0.188673,nan,1.48386,-4.3882,1,1.23206,0.233456,2.90607,-7.10622,0.21603,0.250259,nan,nan,0,-2.00257,0.462982,-0.90527,-35.9219,-1.05129,-0.829026,nan,nan,0,0.112268,0.309581,-1.86271,-6.56898,0.366134,-0.0019914,nan,nan,0,1.33723,0.773042,0.371314,-1.5873,1.15862,0.875072,nan,nan,0,3.68335,0,0.517572,29.4143,1.63167,nan,56.3322,44.1403,1,0.933477,-0.07,0.705084,6.93948,0.466738,nan,15.0445,9.85437,1,0,0.280401,0.13174,-0.052979,-0.949322,0.723752,1.0833,0.312713,-9.02292,-1.15889,11.2819
1786071341665654402,0.554505,0.83218,0.1,0.015,0,0.1903,0.232474,-2.54035,0.921495,0.812243,0.495766,-1.22699,0.27986,1.16918,4.66422,-0.213493,0.176863,nan,nan,0,-1.6914,0.00738239,0.825483,3.58974,-0.7957,-0.125433,nan,nan,0,-1.41429,-0.420605,-0.751834,-3.5409,-1.01715,-0.746764,nan,nan,0,0.126311,0.885791,-0.230153,-36.6544,0.553156,0.485686,nan,nan,0,0.366867,-0.219965,2.60752,-12.4518,-0.0265666,nan,2.85768,-2.91134,1,0.703648,0.0300607,2.183,1.09662,0.351824,nan,6.37841,-1.5772,1,0.705512,0.261643,2.82628,-7.35043,-0.0472439,0.247408,nan,nan,0,-2.19041,0.450518,-1.40854,-37.5824,-1.1452,-0.955612,nan,nan,0,0.277763,0.292707,-1.51901,-4.46886,0.448881,0.178715,nan,nan,0,1.5684,0.777452,0.475651,1.8315,1.2742,1.0091,nan,nan,0,3.43474,0,0.522475,74.8998,1.50737,nan,51.9743,51.8214,1,0.915569,-0.07,0.333243,33.0728,0.457784,nan,15.3337,12.7611,1,0,0.282261,0.138216,-0.055947,-0.947678,0.921495,0.812243,0.495766,-7.25307,1.13765,11.5119
1786071341675817740,0.627834,0.778347,0.075,3.46945e-18,0,0.200062,0.238026,-2.53527,0.907558,0.671456,0.254347,-1.59944,0.290406,0.880719,-1.00122,-0.399718,-0.059014,nan,nan,0,-2.67086,0.0158191,0.721148,-2.90598,-1.28543,-0.452888,nan,nan,0,-1.79724,-0.43211,-1.19987,-7.39927,-1.20862,-0.89465,nan,nan,0,0.150481,0.881573,-0.457238,-32.3565,0.565241,0.521697,nan,nan,0,0.604241,-0.219965,2.60752,-12.4518,0.0921205,nan,7.01173,-0.142157,1,1.07184,0.0300607,2.183,1.09662,0.535922,nan,11.9013,2.2236,1,-0.0025622,0.291556,2.70967,-8.32722,-0.401281,0.144732,nan,nan,0,-2.18673,0.430768,-1.99773,-38.9988,-1.14337,-1.06421,nan,nan,0,0.417859,0.283311,-0.512475,-1.53846,0.51893,0.342306,nan,nan,0,1.82991,0.783972,0.757972,14.4322,1.40496,1.15344,nan,nan,0,2.94989,0,0.0942028,67.8588,1.26495,nan,44.1318,54.5445,1,0.778013,-0.07,-0.734408,26.8579,0.389006,nan,14.8718,14.9304,1,0,0.283628,0.142354,-0.059367,-0.946448,0.907558,0.671456,0.254347,1.35139,0.461308,13.4232
1786071341685793345,0.69518,0.718835,0.075,3.46945e-18,0,0.208301,0.241729,-2.5325,0.846456,0.533518,0.102003,-2.00576,0.297309,0.598398,-6.27595,-0.602878,-0.253755,nan,nan,0,-3.86665,0.0223389,0.543161,-23.8584,-1.88333,-0.862566,nan,nan,0,-2.12207,-0.444765,-1.51287,-10.1343,-1.37103,-1.0538,nan,nan,0,0.110969,0.875821,-0.598398,-27.326,0.545485,0.549878,nan,nan,0,0.826227,-0.219965,2.60752,-12.4518,0.203113,nan,10.8965,3.37347,1,1.42361,0.0300607,2.183,1.09662,0.711806,nan,17.1779,7.00913,1,-0.744417,0.317443,2.54396,-9.05983,-0.772208,-0.0910925,nan,nan,0,-2.10222,0.40584,-2.72808,-36.0195,-1.10111,-1.12993,nan,nan,0,0.535155,0.284654,0.365176,0.0244217,0.577577,0.457664,nan,nan,0,2.07621,0.794518,1.21828,20.2442,1.5281,1.29102,nan,nan,0,2.27523,0,0.126596,40.3184,0.927615,nan,32.2766,51.4357,1,0.611711,-0.07,-0.91804,10.38,0.305855,nan,12.6527,15.7309,1,0,0.284103,0.145346,-0.062496,-0.945649,0.846456,0.533518,0.102003,2.71855,-3.09141,15.0757
1786071341696123011,0.755943,0.654637,0.075,3.46945e-18,0,0.214966,0.244527,-2.53203,0.738096,0.486976,-0.173323,-2.79332,0.300186,0.279252,-9.25519,-0.99666,-0.440233,nan,nan,0,-5.28426,0.0259824,0.316077,-31.0867,-2.59213,-1.36723,nan,nan,0,-2.40904,-0.459147,-1.65403,-14.2369,-1.51452,-1.22215,nan,nan,0,0.0433717,0.869685,-0.71501,-23.5653,0.511686,0.557814,nan,nan,0,1.13858,-0.219965,2.60752,-12.4518,0.359289,nan,16.3626,7.30198,1,1.69779,0.0300607,2.183,1.09662,0.848893,nan,21.2905,12.3155,1,-1.55096,0.336618,2.29846,-13.3089,-1.17548,-0.423252,nan,nan,0,-1.83886,0.379954,-3.40934,-32.9426,-0.969429,-1.1385,nan,nan,0,0.655559,0.29079,0.90527,1.00122,0.63778,0.53521,nan,nan,0,2.44818,0.808899,1.76451,23.5165,1.71409,1.42126,nan,nan,0,1.23707,0,0.245534,36.691,0.408534,nan,13.9304,43.1554,1,0.27314,-0.07,-0.773826,7.67835,0.13657,nan,7.35784,14.7862,1,0,0.283647,0.147619,-0.065181,-0.945253,0.738096,0.486976,-0.173323,0.497952,-4.12069,14.3164
1786071341707294816,0.811699,0.584076,0.075,3.46945e-18,0,0.218423,0.24687,-2.53415,0.439351,0.287712,-0.251008,-3.36561,0.299994,-0.14423,-14.9206,-1.2828,-0.694712,nan,nan,0,-6.40914,0.0269408,-0.00306892,-49.304,-3.15457,-1.97678,nan,nan,0,-2.46766,-0.476979,-1.99773,-16.9719,-1.54383,-1.38338,nan,nan,0,0.0101964,0.860864,-0.843896,-20,0.495098,0.542623,nan,nan,0,1.4551,-0.219965,2.60752,-12.4518,0.517548,nan,21.9017,11.8241,1,1.91984,0.0300607,2.183,1.09662,0.95992,nan,24.6213,17.3533,1,-2.50042,0.358094,1.7461,-18.2418,-1.65021,-0.808688,nan,nan,0,-1.36458,0.335276,-4.32381,-28.254,-0.732289,-1.07873,nan,nan,0,0.910308,0.306322,1.69086,0.366302,0.765154,0.594886,nan,nan,0,2.67832,0.83076,2.32915,29.3284,1.82916,1.56649,nan,nan,0,0.0462409,0,0.353075,32.5646,-0.18688,nan,-7.0704,29.7127,1,-0.0978247,-0.07,-0.468313,9.65384,-0.0489123,nan,1.3351,11.7,1,0,0.282222,0.149136,-0.066612,-0.945342,0.439351,0.287712,-0.251008,3.05918,-6.90122,12.4107
1786071341715663810,0.860323,0.509749,0.075,3.46945e-18,0,0.219176,0.24738,-2.53616,0.165385,0.24588,-0.18723,-3.56807,0.296158,-0.543161,-19.5604,-1.38404,-0.999052,nan,nan,0,-6.94545,0.0236812,-0.524749,-63.5653,-3.42272,-2.61255,nan,nan,0,-2.29976,-0.501907,-2.65444,-19.8535,-1.45988,-1.4967,nan,nan,0,0.0317151,0.853194,-0.972781,-20.3419,0.505858,0.518281,nan,nan,0,1.68171,-0.219965,2.60752,-12.4518,0.630856,nan,25.8675,16.9769,1,1.99324,0.0300607,2.183,1.09662,0.996618,nan,25.7222,21.6095,1,-3.21618,0.369408,1.05871,-24.2491,-2.00809,-1.23888,nan,nan,0,-0.748271,0.291556,-5.0603,-19.9512,-0.424135,-0.932344,nan,nan,0,1.14932,0.324538,2.1573,0.366302,0.884659,0.67231,nan,nan,0,2.61588,0.855111,2.82015,36.7033,1.79794,1.71207,nan,nan,0,-0.616762,0,0.338702,43.6632,-0.518381,nan,-18.6514,11.7585,1,-0.266384,-0.07,-0.171036,-3.0629,-0.133192,nan,-1.6392,6.74072,1,0,0.281181,0.149414,-0.067039,-0.945578,0.165385,0.24588,-0.18723,3.67634,-9.06318,10.6107
1786071341725707770,0,1,0.05,3.85186e-34,0,0.21676,0.245514,-2.53725,-0.178859,-0.201934,0.061706,-3.33718,0.285804,-1.12008,-27.3748,-1.26859,-1.24587,nan,nan,0,-6.86951,0.0129428,-1.13849,-68.547,-3.38475,-3.12203,nan,nan,0,-1.80886,-0.531053,-3.01041,-20.7326,-1.21443,-1.51966,nan,nan,0,0.0829918,0.839963,-1.1569,-20.3907,0.531496,0.504473,nan,nan,0,1.80934,-0.219965,2.60752,-12.4518,0.694671,nan,28.101,21.9578,1,1.84466,0.0300607,2.183,1.09662,0.922328,nan,23.4935,24.4852,1,-3.61907,0.373242,-0.00306892,-30.2564,-2.20954,-1.66356,nan,nan,0,-0.125605,0.230005,-5.74156,-7.30159,-0.112803,-0.696961,nan,nan,0,1.27174,0.351766,2.5992,1.14774,0.945872,0.776016,nan,nan,0,2.21301,0.895571,3.67325,39.0965,1.59651,1.79468,nan,nan,0,-0.840116,0,0.0671723,88.9565,-0.630058,nan,-22.1528,-5.65705,1,-0.321926,-0.07,0.152557,-27.8642,-0.160963,nan,-2.95772,1.78849,1,0,0.280975,0.148163,-0.066264,-0.94589,-0.178859,-0.201934,0.061706,3.46853,-8.99448,9.74259
1786071341742838865,0,1,0.05,3.85186e-34,0,0.207533,0.235521,-2.5344,-0.516189,-0.204816,0.30127,-3.20759,0.257425,-2.02842,-27.6679,-1.20379,-1.33644,nan,nan,0,-6.47806,-0.0127511,-1.67245,-70.5983,-3.18903,-3.38166,nan,nan,0,-1.37095,-0.580717,-2.46418,-22.3932,-0.995474,-1.41536,nan,nan,0,0.200806,0.816186,-1.58652,-13.5531,0.590403,0.510275,nan,nan,0,1.90939,-0.219965,2.60752,-12.4518,0.744695,nan,29.8518,25.831,1,1.60769,0.0300607,2.183,1.09662,0.803846,nan,19.9391,25.0624,1,-3.79651,0.3533,-1.94863,-36.4103,-2.29825,-2.00276,nan,nan,0,0.335357,0.121666,-6.76651,1.24542,0.117678,-0.403148,nan,nan,0,1.33239,0.394719,2.51941,5.54334,0.976197,0.874878,nan,nan,0,1.7174,0.965943,4.83322,30.2564,1.3487,1.75027,nan,nan,0,-0.850176,0,-0.277692,-2.00056,-0.635088,nan,-21.8115,-17.3545,1,-0.330074,-0.07,0.124779,2.88913,-0.165037,nan,-3.03829,-1.59975,1,0,0.283675,0.142264,-0.063224,-0.946198,-0.516189,-0.204816,0.30127,3.88644,-4.28393,9.90456
1786071341746179639,0,1,0.05,3.85186e-34,0,0.204824,0.233583,-2.53425,-0.363175,-0.241714,-0.119254,-2.88071,0.250139,-2.20027,-29.6215,-1.04036,-1.30352,nan,nan,0,-6.08424,-0.0202298,-1.82588,-70.3053,-2.99212,-3.38224,nan,nan,0,-1.34738,-0.58762,-2.24936,-22.0513,-0.983691,-1.21951,nan,nan,0,0.249545,0.812543,-1.62335,-16.2882,0.614772,0.541388,nan,nan,0,1.89449,-0.219965,2.60752,-12.4518,0.737244,nan,29.5911,28.4634,1,1.4253,0.0300607,2.183,1.09662,0.712652,nan,17.2032,23.2654,1,-3.65682,0.34563,-2.34143,-36.1172,-2.22841,-2.2161,nan,nan,0,0.495786,0.0998063,-6.80333,6.95971,0.197893,-0.113122,nan,nan,0,1.16978,0.402964,2.58079,5.20146,0.894891,0.943665,nan,nan,0,1.24379,0.981283,5.03575,30.1099,1.1119,1.58237,nan,nan,0,-0.750167,0,-0.302781,-5.51633,-0.585083,nan,-20.0237,-22.3982,1,-0.289195,-0.07,0.123169,-1.10447,-0.144598,nan,-2.42269,-3.1169,1,0,0.284064,0.140974,-0.062229,-0.94634,-0.363175,-0.241714,-0.119254,1.02489,-4.84679,8.65726
1786071341755810072,0,1,0.05,3.85186e-34,0,0.195873,0.229148,-2.54067,-0.863911,-0.42473,-0.795498,-2.61135,0.225595,-2.56851,-32.4542,-0.905676,-1.19279,nan,nan,0,-4.91644,-0.0394044,-2.2555,-73.7729,-2.40822,-3.22157,nan,nan,0,-1.34485,-0.600083,-0.377452,-22.735,-0.982423,-1.05741,nan,nan,0,0.218083,0.79586,-1.68472,-13.3089,0.599041,0.58105,nan,nan,0,2.01671,-0.219965,2.60752,-12.4518,0.798354,nan,31.7299,29.7097,1,1.23639,0.0300607,2.183,1.09662,0.618193,nan,14.3695,20.2892,1,-3.52544,0.314567,-3.50753,-45.0549,-2.16272,-2.2857,nan,nan,0,0.684099,0.0326934,-6.81561,8.42491,0.29205,0.0977242,nan,nan,0,0.951571,0.43211,3.12702,5.29915,0.785786,0.949756,nan,nan,0,0.818896,1.03977,5.43469,8.52259,0.899448,1.3486,nan,nan,0,-0.672244,0,-0.3872,-13.7488,-0.546122,nan,-18.5335,-22.7342,1,-0.253159,-0.07,0.121093,-3.06839,-0.12658,nan,-1.87903,-3.24464,1,0,0.281933,0.137428,-0.059114,-0.947698,-0.863911,-0.42473,-0.795498,2.7753,-9.11554,10.1619
1786071341765803404,0,1,0.05,3.85186e-34,0,0.183668,0.22432,-2.54836,-0.855533,-0.234666,-0.536129,-2.66082,0.193955,-2.91834,-32.0146,-0.930409,-1.04682,nan,nan,0,-4.2547,-0.0672083,-2.61147,-72.6007,-2.07735,-2.87843,nan,nan,0,-0.835303,-0.595098,0.807072,-19.9512,-0.727652,-0.980557,nan,nan,0,0.395932,0.774768,-1.7461,-6.37363,0.687966,0.602439,nan,nan,0,2.02345,-0.219965,2.60752,-12.4518,0.801724,nan,31.8478,30.6507,1,1.03907,0.0300607,2.183,1.09662,0.519534,nan,11.4097,17.1124,1,-3.37743,0.26567,-4.81481,-47.1062,-2.08871,-2.25282,nan,nan,0,0.643045,-0.0428562,-6.69286,29.768,0.271522,0.229083,nan,nan,0,0.872204,0.470268,3.42161,4.32234,0.746102,0.888561,nan,nan,0,0.594439,1.0994,5.2567,-10.7692,0.787219,1.10546,nan,nan,0,-0.556696,0,-0.548692,-16.8304,-0.488348,nan,-16.2691,-20.9468,1,-0.208699,-0.07,0.122664,-3.03358,-0.104349,nan,-1.21448,-2.69389,1,0,0.27941,0.133222,-0.054573,-0.949317,-0.855533,-0.234666,-0.536129,-2.95011,-9.71498,10.8098
1786071341775738734,0,1,0.025,4.27642e-50,0,0.170715,0.220896,-2.55625,-1.075,-0.501297,-0.807502,-2.17955,0.166919,-2.97972,-30.8913,-0.689774,-0.949105,nan,nan,0,-2.9398,-0.09693,-3.10247,-74.2613,-1.4199,-2.4536,nan,nan,0,-0.575547,-0.582634,1.5497,-21.4652,-0.597773,-0.879567,nan,nan,0,0.469417,0.76077,-1.70927,-3.24786,0.724708,0.634989,nan,nan,0,1.94402,-0.219965,2.60752,-12.4518,0.762011,nan,30.4579,31.4476,1,0.798416,0.0300607,2.183,1.09662,0.399208,nan,7.79992,14.0137,1,-2.94929,0.216199,-5.66791,-40.2686,-1.87464,-2.17576,nan,nan,0,0.9513,-0.101532,-6.4535,19.2674,0.42565,0.285819,nan,nan,0,0.833008,0.494812,2.36598,6.37363,0.726504,0.809973,nan,nan,0,0.166984,1.14389,4.75957,-29.3285,0.573492,0.907569,nan,nan,0,-0.450118,0,-0.71991,-14.4884,-0.435059,nan,-14.1472,-18.5276,1,-0.202575,-0.07,0.109363,-2.07944,-0.101288,nan,-1.10267,-1.9404,1,0,0.276713,0.129599,-0.049446,-0.950888,-1.075,-0.501297,-0.807502,-0.549742,-6.20741,11.9038
1786071341785677794,0,1,0.025,4.27642e-50,0,0.157477,0.218691,-2.56723,-0.959675,-0.0372371,-1.33632,-2.0854,0.137581,-2.91221,-25.5189,-0.642702,-0.83768,nan,nan,0,-1.64526,-0.127801,-3.5505,-67.4725,-0.772628,-1.94902,nan,nan,0,-0.398993,-0.563267,1.80133,-17.8022,-0.509496,-0.737527,nan,nan,0,0.738342,0.743321,-1.7461,1.14774,0.859171,0.681333,nan,nan,0,1.68699,-0.219965,2.60752,-12.4518,0.633493,nan,25.9598,31.3764,1,0.37149,0.0300607,2.183,1.09662,0.185745,nan,1.39603,10.7845,1,-1.90383,0.154839,-6.23869,-40.1709,-1.35192,-2.04316,nan,nan,0,1.57951,-0.162892,-5.93796,25.4701,0.739754,0.343456,nan,nan,0,0.790862,0.511302,1.46991,5.54334,0.705431,0.752889,nan,nan,0,-0.412077,1.18281,4.12742,-45.0061,0.283962,0.72977,nan,nan,0,-0.336956,0.404727,-1.01998,-12.7698,-0.378478,nan,-25.8822,-17.2202,1,-0.0503834,-0.0304494,0.09141,-1.46342,-0.0251917,nan,0.0206162,-1.44552,1,0,0.272452,0.126481,-0.044171,-0.952796,-0.959675,-0.0372371,-1.33632,-4.64505,-5.81431,12.8027
1786071341796081484,0,1,0.025,4.27642e-50,0,0.142514,0.220539,-2.58336,-1.31083,0.0709663,-1.67642,-1.40766,0.112654,-2.74036,-25.2259,-0.303831,-0.72144,nan,nan,0,0.391282,-0.161933,-3.91261,-50.8669,0.245641,-1.35202,nan,nan,0,-0.373293,-0.546968,1.81975,-12.381,-0.496646,-0.605211,nan,nan,0,1.00457,0.727981,-1.73996,6.32478,0.992283,0.758088,nan,nan,0,1.25898,-0.219965,2.60752,-12.4518,0.419488,nan,18.4696,29.4245,1,-0.150066,0.0300607,2.183,1.09662,-0.0750331,nan,-6.42731,6.42316,1,-0.344475,0.0982723,-6.36758,-45.7387,-0.572237,-1.75579,nan,nan,0,2.36221,-0.211789,-5.32421,23.6142,1.1311,0.501179,nan,nan,0,0.64744,0.521274,0.978919,5.44566,0.63372,0.718946,nan,nan,0,-0.976922,1.21426,3.27431,-51.3553,0.0015388,0.514479,nan,nan,0,0.120217,0.389406,-1.27598,-11.4065,-0.149892,nan,-16.9615,-20.7105,1,-0.0232769,-0.024454,0.0974115,-0.0457198,-0.0116384,nan,0.238349,-0.930434,1,0,0.265607,0.125015,-0.037784,-0.955194,-1.31083,0.0709663,-1.67642,-6.16824,-6.62507,14.0524
1786071341805885827,0,1,0.025,4.27642e-50,0,0.123215,0.224521,-2.60128,-1.637,0.0511287,-1.99313,-0.463081,0.0863838,-2.64216,-20.7326,0.16846,-0.542911,nan,nan,0,2.2094,-0.202009,-4.03536,-36.4103,1.1547,-0.587239,nan,nan,0,-0.41113,-0.531245,1.73382,-9.49939,-0.515565,-0.521619,nan,nan,0,1.22169,0.708998,-1.67245,12.967,1.10085,0.870236,nan,nan,0,0.62097,-0.219965,2.60752,-12.4518,0.100485,nan,7.30448,24.7758,1,-0.533548,0.0300607,2.183,1.09662,-0.266774,nan,-12.1795,0.320931,1,1.50448,0.0340357,-6.5026,-31.4774,0.352239,-1.23062,nan,nan,0,3.58822,-0.260493,-4.71047,28.9866,1.74411,0.78611,nan,nan,0,0.837268,0.525684,0.138092,8.13187,0.728634,0.680899,nan,nan,0,-1.09688,1.24053,1.98546,-54.4322,-0.0584391,0.256245,nan,nan,0,0.92069,0.370954,-1.61826,-14.7456,0.250345,nan,-1.79391,-20.9014,1,-0.205232,-0.0214409,0.0751565,-0.496482,-0.102616,nan,-2.54799,-0.284102,1,0,0.258052,0.124085,-0.029121,-0.957686,-1.637,0.0511287,-1.99313,-10.6543,-7.23093,10.9371
1786071341816045862,0,1,0.025,4.27642e-50,0,0.100898,0.227421,-2.62303,-1.86361,-0.100439,-2.1707,0.499071,0.0578127,-2.5992,-9.79243,0.649535,-0.226636,nan,nan,0,2.36087,-0.245153,-3.82055,-14.0415,1.23044,0.306033,nan,nan,0,-0.743139,-0.513604,1.5006,-5.20146,-0.681569,-0.495488,nan,nan,0,1.35952,0.693082,-1.3042,21.4652,1.16976,0.993267,nan,nan,0,-0.289812,-0.219965,2.60752,-12.4518,-0.354906,nan,-8.6342,16.8611,1,-0.538741,0.0300607,2.183,1.09662,-0.269371,nan,-12.2574,-6.3675,1,2.49384,-0.0384459,-6.66831,-13.7973,0.846919,-0.475814,nan,nan,0,4.79391,-0.305746,-3.83896,38.2662,2.34695,1.22664,nan,nan,0,1.12262,0.520699,-0.629086,9.15751,0.871308,0.679566,nan,nan,0,-0.924386,1.25108,0.463376,-51.9902,0.027807,0.0483412,nan,nan,0,1.6233,0.34288,-2.1934,-13.9454,0.601652,nan,12.3471,-13.6525,1,-0.439026,-0.0169354,0.105286,-0.526577,-0.219513,nan,-6.23525,-0.811758,1,0,0.248877,0.122379,-0.019373,-0.960577,-1.86361,-0.100439,-2.1707,-6.55401,-4.32752,6.73836
1786071341825653644,0,1,0,0,0,0.0787346,0.229489,-2.64447,-1.62597,-0.177473,-1.97456,0.852236,0.0315428,-2.52555,-2.8083,0.826118,0.202333,nan,nan,0,1.59259,-0.281969,-2.96744,18.8278,0.846293,0.966144,nan,nan,0,-0.717261,-0.500948,1.13849,-3.19902,-0.668631,-0.553025,nan,nan,0,1.33335,0.684262,-0.807072,25.5678,1.15668,1.09871,nan,nan,0,-0.804827,-0.219965,2.60752,-12.4518,-0.612414,nan,-17.647,5.00974,1,-0.526332,0.0300607,2.183,1.09662,-0.263166,nan,-12.0713,-10.8895,1,2.39027,-0.106134,-6.57625,2.27106,0.795134,0.277513,nan,nan,0,5.14591,-0.338536,-2.87538,53.895,2.52296,1.78588,nan,nan,0,1.01817,0.511494,-1.13849,11.453,0.819087,0.749767,nan,nan,0,-0.646194,1.24686,-0.85617,-55.0183,0.166903,-0.0265864,nan,nan,0,1.92123,0.311343,-2.84483,-7.99459,0.750617,nan,19.6419,-0.980297,1,-0.482688,-0.0115203,0.21228,-1.30577,-0.241344,nan,-7.21312,-3.06713,1,0,0.239836,0.120507,-0.009752,-0.963255,-1.62597,-0.177473,-1.97456,-5.91803,2.21301,3.98731
1786071341835799474,0,1,0,0,0,0.0612623,0.230398,-2.66192,-1.25307,-0.124312,-1.42178,1.09156,0.00795746,-2.26164,7.49695,0.945778,0.58524,nan,nan,0,1.51207,-0.30172,-1.89339,37.4359,0.806037,1.13219,nan,nan,0,-0.581848,-0.493279,0.604536,-3.44322,-0.600924,-0.626116,nan,nan,0,1.25257,0.681386,0.00306892,31.1355,1.11629,1.1551,nan,nan,0,-0.914799,-0.219965,2.60752,-12.4518,-0.6674,nan,-19.5715,-7.5473,1,-0.576731,0.0300607,2.183,1.09662,-0.288365,nan,-12.8273,-12.6066,1,3.03754,-0.168453,-6.09753,25.6654,1.11877,0.725861,nan,nan,0,5.34867,-0.358286,-1.58652,57.8999,2.62434,2.25648,nan,nan,0,1.05307,0.497113,-1.34716,14.823,0.836534,0.8099,nan,nan,0,-0.505902,1.22826,-2.29233,-53.1624,0.237049,0.0274509,nan,nan,0,2.21435,0.274515,-3.33488,-1.5929,0.897174,nan,26.7954,11.5393,1,-0.442987,-0.00664591,0.210685,-2.00289,-0.221493,nan,-6.76145,-5.57217,1,0,0.232439,0.118829,-0.002261,-0.965321,-1.25307,-0.124312,-1.42178,-3.60059,6.76834,2.79825
1786071341845700072,0,1,0,0,0,0.0490158,0.230836,-2.67484,-0.729445,-0.131211,-1.17638,1.38947,-0.0110254,-1.78292,17.5092,1.09474,0.836632,nan,nan,0,1.33222,-0.311499,-0.438826,34.9939,0.716111,1.01817,nan,nan,0,-0.458981,-0.493854,-0.328352,-2.0757,-0.539491,-0.642719,nan,nan,0,1.20664,0.684645,0.567711,30.4029,1.09332,1.15641,nan,nan,0,-0.978179,-0.219965,2.60752,-12.4518,-0.69909,nan,-20.6806,-16.2181,1,-0.581869,0.0300607,2.183,1.09662,-0.290934,nan,-12.9044,-13.0065,1,3.28315,-0.222527,-5.24443,32.5031,1.24157,0.974783,nan,nan,0,5.3172,-0.364806,-0.279252,54.8718,2.6086,2.53552,nan,nan,0,0.86768,0.485416,-1.08325,15.2137,0.74384,0.834533,nan,nan,0,-0.343617,1.19221,-3.83282,-49.0598,0.318192,0.132457,nan,nan,0,2.34346,0.240527,-3.41552,7.55887,0.961728,nan,30.3653,21.3411,1,-0.41837,-0.004938,-0.0467563,-4.5472,-0.209185,nan,-6.05728,-6.86287,1,0,0.226908,0.117636,0.002942,-0.966781,-0.729445,-0.131211,-1.17638,-0.287089,10.0009,4.11162
1786071341855695035,0,1,0,0,0,0.0429797,0.231204,-2.68655,-0.102388,-0.124739,-1.10865,1.47372,-0.0255985,-1.27965,15.3602,1.13686,1.00027,nan,nan,0,1.06849,-0.308622,0.573849,37.4847,0.584243,0.856132,nan,nan,0,-0.349174,-0.506125,-1.81975,3.83395,-0.484587,-0.606011,nan,nan,0,1.13242,0.696725,1.29193,21.3187,1.05621,1.12936,nan,nan,0,-0.94487,-0.219965,2.60752,-12.4518,-0.682435,nan,-20.0977,-20.3436,1,-0.570734,0.0300607,2.183,1.09662,-0.285367,nan,-12.7373,-13.0401,1,2.97219,-0.267972,-4.03536,20,1.0861,1.14605,nan,nan,0,4.76903,-0.359245,0.923681,55.9463,2.33451,2.64152,nan,nan,0,0.451966,0.461064,-4.16424,39.1941,0.535983,0.81087,nan,nan,0,-0.227286,1.15789,-3.09019,-81.5385,0.376357,0.236185,nan,nan,0,2.50057,0.210477,-2.12155,10.7392,1.04029,nan,32.2257,27.6912,1,-0.259685,-0.00570272,-0.619481,-6.55052,-0.129843,nan,-2.79497,-6.7899,1,0,0.221592,0.117161,0.005217,-0.968061,-0.102388,-0.124739,-1.10865,2.87002,12.0359,4.70098
1786071341865588550,0,1,0,0,0,0.0363396,0.217045,-2.68277,-0.924589,0.197953,1.82251,1.31475,-0.0326934,-0.438826,21.1722,1.05738,1.10025,nan,nan,0,1.60498,-0.299802,0.825483,37.7289,0.85249,0.705287,nan,nan,0,0.118385,-0.525109,-1.91181,3.58974,-0.250807,-0.545829,nan,nan,0,0.828338,0.713983,1.85657,22.2466,0.904169,1.09256,nan,nan,0,-0.67783,-0.219965,2.60752,-12.4518,-0.548915,nan,-15.4245,-21.3135,1,-0.588751,0.0300607,2.183,1.09662,-0.294376,nan,-13.0076,-12.9275,1,4.18913,-0.295009,-1.86271,0.21978,1.69456,1.18572,nan,nan,0,4.40031,-0.342371,1.99773,56.7277,2.15015,2.56146,nan,nan,0,2.29718,0.400471,-5.37331,20.7814,1.45859,0.706535,nan,nan,0,-0.245443,1.13296,-2.59306,-79.6337,0.367279,0.320821,nan,nan,0,2.78369,0.195144,-0.947792,19.8269,1.18184,nan,35.9562,30.9679,1,-0.51675,-0.0174822,-1.34013,-4.59755,-0.258375,nan,-5.21658,-5.17597,1,0,0.22411,0.109562,0.007037,-0.968359,-0.924589,0.197953,1.82251,25.8064,-3.31116,18.4649
1786071341875934843,0,1,0,0,0,0.0348521,0.236044,-2.67568,-0.0609066,1.59857,-0.434963,1.57763,-0.0325017,0.21174,21.3187,1.18882,1.1171,nan,nan,0,1.35752,-0.290022,1.24283,28.254,0.728759,0.695817,nan,nan,0,-0.31288,-0.552338,-2.67285,8.81563,-0.46644,-0.425381,nan,nan,0,0.807647,0.7345,2.14503,14.2369,0.893824,1.01616,nan,nan,0,-0.895721,-0.219965,2.60752,-12.4518,-0.65786,nan,-19.2376,-19.4377,1,-0.646659,0.0300607,2.183,1.09662,-0.32333,nan,-13.8762,-12.8962,1,4.70311,-0.294433,0.727284,2.5641,1.95155,1.34479,nan,nan,0,4.38659,-0.312841,3.42775,50.525,2.1433,2.36994,nan,nan,0,0.806156,0.363847,-3.4523,26.5446,0.713078,0.895425,nan,nan,0,0.240312,1.11091,-1.72768,-80.464,0.610156,0.366448,nan,nan,0,3.32658,0.19385,0.199105,22.8055,1.45329,nan,43.7817,33.2731,1,-0.0913582,-0.0364759,-2.01355,-4.46829,-0.0456791,nan,2.74423,-4.04831,1,0,0.227217,0.118545,0.010342,-0.966546,-0.0609066,1.59857,-0.434963,-16.3064,24.757,19.1166
1786071341885784634,0,1,0,0,0,0.03323,0.254841,-2.68606,-0.709046,1.40113,-2.05079,1.97534,-0.0252151,0.862308,23.1258,1.38767,1.13495,nan,nan,0,1.21314,-0.274299,1.53742,23.1258,0.656572,0.730421,nan,nan,0,-0.819865,-0.566335,-0.573849,4.7619,-0.719932,-0.380644,nan,nan,0,0.877351,0.758277,2.24936,3.98046,0.928675,0.938996,nan,nan,0,-0.952841,-0.219965,2.60752,-12.4518,-0.68642,nan,-20.2372,-18.2432,1,-0.666435,0.0300607,2.183,1.09662,-0.333217,nan,-14.1728,-13.2269,1,4.2918,-0.276025,2.02842,22.2466,1.7459,1.63931,nan,nan,0,5.23719,-0.268739,4.13969,69.5238,2.56859,2.21359,nan,nan,0,0.0313677,0.308239,-6.03615,31.8193,0.325684,0.975912,nan,nan,0,0.522971,1.09787,-1.02188,-70.1099,0.751486,0.457324,nan,nan,0,3.47868,0.206498,1.16834,27.0337,1.52934,nan,44.547,37.2626,1,-0.366882,-0.0606187,-2.33522,-3.72842,-0.183441,nan,-0.181841,-1.43406,1,0,0.221883,0.127498,0.012636,-0.966619,-0.709046,1.40113,-2.05079,-13.2168,-3.71311,5.24296
1786071341897229485,0,1,0,0,0,0.0197574,0.268998,-2.71059,-0.373064,0.855691,-2.5584,2.00592,-0.0158195,1.10167,25.4701,1.40296,1.23063,nan,nan,0,0.889901,-0.254357,2.26164,14.8718,0.494951,0.714158,nan,nan,0,-0.908479,-0.567102,-0.0705805,5.83639,-0.764239,-0.494695,nan,nan,0,0.805576,0.779178,2.34756,-5.15263,0.892788,0.909172,nan,nan,0,-0.882278,-0.219965,2.60752,-12.4518,-0.651139,nan,-19.0024,-18.7657,1,-0.554904,0.0300607,2.183,1.09662,-0.277452,nan,-12.4999,-13.7205,1,3.29074,-0.252056,2.93062,26.3004,1.24537,1.79705,nan,nan,0,5.08452,-0.228471,4.59386,62.6862,2.49226,2.27904,nan,nan,0,-0.264239,0.248605,-6.53942,26.2515,0.17788,0.739358,nan,nan,0,0.329965,1.08943,-1.01574,-42.0757,0.654982,0.600651,nan,nan,0,3.23406,0.225558,2.12749,28.6417,1.40703,nan,38.1603,41.2758,1,-0.280281,-0.0831394,-2.12102,-2.39614,-0.140141,nan,1.47149,0.51734,1,0,0.210602,0.133079,0.01911,-0.968282,-0.373064,0.855691,-2.5584,-6.33218,9.3226,16.7595
1786071341907774576,0,1,0,0,0,0.0161464,0.27325,-2.72311,0.186647,0.863637,-2.24897,2.22219,-0.00393057,1.43309,23.1258,1.5111,1.33666,nan,nan,0,0.912808,-0.229621,2.88766,16.5812,0.506404,0.629208,nan,nan,0,-0.736547,-0.561733,0.972781,-1.68498,-0.678274,-0.647858,nan,nan,0,0.512594,0.800846,2.33529,-8.03419,0.746297,0.899521,nan,nan,0,-0.767903,-0.219965,2.60752,-12.4518,-0.593952,nan,-17.0008,-19.2128,1,-0.548676,0.0300607,2.183,1.09662,-0.274338,nan,-12.4065,-13.5194,1,4.08815,-0.220034,3.77758,31.3797,1.64407,1.64825,nan,nan,0,4.13682,-0.183218,5.28739,60.1954,2.01841,2.41197,nan,nan,0,-0.0366054,0.195489,-5.64336,22.8816,0.291697,0.429745,nan,nan,0,0.401075,1.07697,-1.53742,-20.1465,0.690538,0.678676,nan,nan,0,3.36456,0.252376,3.08456,28.0471,1.47228,nan,38.0698,41.2828,1,-0.191419,-0.098526,-1.42361,0.713161,-0.0957093,nan,2.21992,1.22221,1,0,0.2047,0.134887,0.020467,-0.969269,0.186647,0.863637,-2.24897,3.93328,10.9267,10.4063
1786071341915734844,0,1,0,0,0,0.0174709,0.288417,-2.74736,0.613516,-0.0786632,-1.10259,2.17066,0.0154357,1.94249,24.4933,1.48533,1.43033,nan,nan,0,0.909883,-0.197599,3.29886,15.3602,0.504941,0.54598,nan,nan,0,-0.401097,-0.545818,1.19373,-6.32478,-0.510548,-0.714225,nan,nan,0,0.455286,0.828266,2.29846,-11.0623,0.717643,0.846114,nan,nan,0,-0.614601,-0.219965,2.60752,-12.4518,-0.5173,nan,-14.318,-18.5602,1,-0.487224,0.0300607,2.183,1.09662,-0.243612,nan,-11.4847,-12.9346,1,3.22121,-0.173247,4.48952,29.475,1.2106,1.54189,nan,nan,0,3.20976,-0.117639,6.31848,55.116,1.55488,2.32869,nan,nan,0,-0.00533029,0.150045,-3.47071,18.8278,0.307335,0.267126,nan,nan,0,0.289747,1.06105,-1.86271,-16.5324,0.634873,0.697412,nan,nan,0,3.24027,0.304194,3.70084,18.0361,1.41014,nan,33.1567,38.9951,1,-0.136659,-0.121655,-0.00828631,7.36795,-0.0683295,nan,1.6122,1.5598,1,0,0.192571,0.142614,0.019666,-0.970665,0.613516,-0.0786632,-1.10259,-18.4982,7.65856,0.428007
1786071341925816485,0,1,0,0,0,0.0226816,0.289684,-2.75516,0.608749,-0.0337099,-0.429212,1.84439,0.0382543,2.4028,24.2979,1.3222,1.48423,nan,nan,0,0.785352,-0.159057,3.64256,15.0672,0.442676,0.505565,nan,nan,0,-0.26879,-0.544092,-0.224015,-3.05251,-0.444395,-0.657901,nan,nan,0,0.257833,0.8484,2.10207,-10.7692,0.618916,0.774287,nan,nan,0,-0.396687,-0.219965,2.60752,-12.4518,-0.408344,nan,-10.5045,-16.7497,1,-0.460069,0.0300607,2.183,1.09662,-0.230035,nan,-11.0774,-12.2307,1,3.06061,-0.125501,4.82094,36.9963,1.13031,1.4252,nan,nan,0,2.53226,-0.0499511,6.79106,43.5897,1.21613,2.00363,nan,nan,0,-0.200617,0.118214,-3.31114,19.1209,0.209691,0.244533,nan,nan,0,0.5476,1.03593,-2.19413,-12.9182,0.7638,0.680766,nan,nan,0,3.26861,0.34981,3.75798,8.25326,1.42431,nan,31.9704,35.7561,1,0.00993351,-0.113513,1.25057,1.25122,0.00496675,nan,1.67854,1.24489,1,0,0.188386,0.143796,0.0167,-0.971367,0.608749,-0.0337099,-0.429212,-3.46947,4.11155,6.02635
1786071341939069459,0,1,0,0,0,0.0302451,0.289168,-2.757,0.979538,-0.173742,-0.120328,1.78676,0.0787134,3.18839,24.3956,1.29338,1.44474,nan,nan,0,0.569909,-0.1046,4.06604,9.79243,0.334955,0.474908,nan,nan,0,-0.0767352,-0.551762,-0.567711,-0.415138,-0.348368,-0.549703,nan,nan,0,0.183908,0.873328,1.59266,-14.4811,0.581954,0.696631,nan,nan,0,-0.320997,-0.219965,2.60752,-12.4518,-0.370498,nan,-9.17993,-13.8647,1,-0.405168,0.0300607,2.183,1.09662,-0.202584,nan,-10.2538,-11.5566,1,2.80996,-0.054553,5.22601,27.326,1.00498,1.26445,nan,nan,0,1.89774,0.0463076,7.05497,32.6007,0.898871,1.59203,nan,nan,0,-0.483572,0.0775628,-2.69126,14.1392,0.0682141,0.237933,nan,nan,0,0.665866,1.00065,-2.75263,-2.22222,0.822933,0.69615,nan,nan,0,3.24945,0.41486,-1.19942,35.9067,1.41472,nan,36.7944,33.2519,1,0.0252617,-0.109421,-4.30287,-19.2533,0.0126308,nan,10.1158,1.37744,1,0,0.186957,0.144269,0.012844,-0.971631,0.979538,-0.173742,-0.120328,2.49857,13.2098,4.76355
1786071341945693710,0,1,0,0,0,0.0412479,0.288927,-2.75854,1.12556,0.219218,-0.21103,1.65163,0.0988474,3.47071,22.1978,1.22581,1.3651,nan,nan,0,0.38199,-0.0846581,4.15197,3.19902,0.240995,0.416264,nan,nan,0,-0.186109,-0.55483,-0.352901,-0.0244217,-0.403055,-0.440264,nan,nan,0,0.0241424,0.881189,1.31648,-14.188,0.502071,0.627153,nan,nan,0,-0.162747,-0.219965,2.60752,-12.4518,-0.291373,nan,-6.41056,-11.0663,1,-0.335168,0.0300607,2.183,1.09662,-0.167584,nan,-9.20385,-10.8856,1,2.83994,-0.0234895,5.28739,15.7509,1.01997,1.11836,nan,nan,0,0.976256,0.0892601,7.29433,24.6398,0.438128,1.20197,nan,nan,0,-0.633861,0.0641403,-1.73382,10.0855,-0.00693068,0.176174,nan,nan,0,0.979723,0.983393,-2.96744,-0.415138,0.979861,0.752896,nan,nan,0,3.59785,0,-1.17198,212.428,1.58892,nan,57.3703,34.2116,1,0.243716,-0.07,-2.86936,-128.713,0.121858,nan,10.0598,4.97002,1,0,0.185421,0.145184,0.007364,-0.971846,1.12556,0.219218,-0.21103,4.61091,11.8159,5.05587
1786071341955776788,0,1,0,0,0,0.0508361,0.293012,-2.76245,0.994321,0.500763,-0.462453,1.03177,0.13643,3.82055,17.0696,0.915886,1.28761,nan,nan,0,0.140806,-0.042089,4.29313,7.35043,0.120403,0.330998,nan,nan,0,-0.495258,-0.555789,0.00920582,3.15018,-0.557629,-0.386417,nan,nan,0,-0.179274,0.891352,0.708872,-22.9792,0.400363,0.561699,nan,nan,0,0.376779,-0.219965,2.60752,-12.4518,-0.0216103,nan,3.03115,-8.53083,1,-0.286101,0.0300607,2.183,1.09662,-0.143051,nan,-8.46784,-10.067,1,2.82102,0.0309677,5.44082,17.7045,1.01051,1.03169,nan,nan,0,-0.15206,0.154647,7.3066,27.1306,-0.12603,0.806172,nan,nan,0,-0.639058,0.0534029,-0.954369,7.74115,-0.00952885,0.0833908,nan,nan,0,1.5544,0.955014,-3.26818,5.9829,1.2672,0.853014,nan,nan,0,3.63674,0,-1.34483,75.3213,1.60837,nan,58.3103,41.4725,1,0.37437,-0.07,-1.26411,-40.1263,0.187185,nan,9.6117,7.94486,1,0,0.182714,0.148059,0.002807,-0.971949,0.994321,0.500763,-0.462453,1.63871,2.27699,4.00522
1786071341965774879,0,1,0,0,0,0.0594701,0.298065,-2.76473,0.906995,0.626311,-0.156802,-0.111179,0.17689,4.08445,20.0488,0.344411,1.13606,nan,nan,0,-0.381883,0.00105476,4.21334,5.20146,-0.140941,0.225966,nan,nan,0,-0.726146,-0.55157,0.604536,2.8083,-0.673073,-0.43209,nan,nan,0,-0.368359,0.894421,0.11968,-25.7631,0.305821,0.483017,nan,nan,0,1.08584,-0.219965,2.60752,-12.4518,0.332921,nan,15.4397,-3.76584,1,-0.124842,0.0300607,2.183,1.09662,-0.0624211,nan,-6.04895,-9.19655,1,2.12992,0.0858083,5.47765,13.6996,0.664959,1.00092,nan,nan,0,-1.54173,0.237483,7.31888,-7.74115,-0.820867,0.342958,nan,nan,0,-0.49531,0.0447736,-0.966643,5.54334,0.0623451,0.0155428,nan,nan,0,2.11726,0.921649,-3.26818,12.7228,1.54863,1.03415,nan,nan,0,3.27594,0,0.212436,76.6993,1.42797,nan,49.6602,50.5482,1,0.517525,-0.07,1.63001,43.073,0.258762,nan,7.41785,9.13225,1,0,0.180822,0.151296,-0.00108,-0.971808,0.906995,0.626311,-0.156802,0.024494,1.66068,1.98909
1786071341975602629,0,1,0,0,0,0.0682523,0.306343,-2.76686,0.921572,0.879761,-0.368503,-1.81675,0.216966,4.13355,20.5861,-0.508373,0.802544,nan,nan,0,-1.53038,0.0449653,3.89419,6.2271,-0.715191,0.0619127,nan,nan,0,-1.16955,-0.544476,0.739559,0.854698,-0.894773,-0.543259,nan,nan,0,-0.376831,0.894229,0.00306892,-48.1807,0.301584,0.392291,nan,nan,0,1.84068,-0.219965,2.60752,-12.4518,0.710338,nan,28.6493,4.8177,1,0.235357,0.0300607,2.183,1.09662,0.117679,nan,-0.645964,-7.82527,1,0.833161,0.140074,5.63108,8.42491,0.0165807,0.884216,nan,nan,0,-2.63217,0.306322,7.06724,-4.81075,-1.36609,-0.228668,nan,nan,0,-0.501503,0.0348029,-0.807072,1.88034,0.0592484,0.0100321,nan,nan,0,2.64152,0.889243,-2.80787,25.0305,1.81076,1.28547,nan,nan,0,2.62727,0,-0.740331,100.394,1.10363,nan,39.7377,53.7998,1,0.538005,-0.07,0.364462,51.1523,0.269002,nan,9.62338,8.92048,1,0,0.178871,0.156097,-0.004726,-0.971399,0.921572,0.879761,-0.368503,-4.30886,5.6192,2.01089
1786071341985751285,0,1,0,0,0,0.0758447,0.315673,-2.7751,1.19048,1.05753,-1.51172,-3.57503,0.255316,3.42161,22.2955,-1.38752,0.215673,nan,nan,0,-2.80488,0.0775628,2.78332,14.5299,-1.35244,-0.266498,nan,nan,0,-1.8535,-0.53949,0.248566,0.708183,-1.23675,-0.707336,nan,nan,0,-0.34644,0.896721,0.303802,-55.6044,0.31678,0.32618,nan,nan,0,2.48782,-0.219965,2.60752,-12.4518,1.03391,nan,39.9744,16.4751,1,0.587862,0.0300607,2.183,1.09662,0.293931,nan,4.64162,-4.84421,1,-0.299738,0.198557,5.73542,3.98046,-0.549869,0.535277,nan,nan,0,-3.16689,0.376119,6.57625,-32.6007,-1.63345,-0.838171,nan,nan,0,-0.562245,0.0298171,-0.408138,1.5873,0.0288775,0.0334359,nan,nan,0,2.91431,0.867192,-1.83202,45.1038,1.94716,1.56216,nan,nan,0,1.79988,0,-0.895322,29.4763,0.689941,nan,25.4909,49.508,1,0.334262,-0.07,0.129655,5.30736,0.167131,nan,6.91945,9.13569,1,0,0.173966,0.161262,-0.008194,-0.971423,1.19048,1.05753,-1.51172,1.56354,-3.39955,11.4342
1786071341996158986,0,1,0,0,0,0.0873767,0.337329,-2.79167,2.11587,2.60613,-1.36895,-5.34534,0.280627,2.13889,14.0415,-2.27267,-0.572722,nan,nan,0,-5.19395,0.0952044,1.18759,12.0879,-2.54698,-0.778066,nan,nan,0,-2.14458,-0.549461,-1.42695,0.952377,-1.38229,-0.951416,nan,nan,0,-0.159843,0.899789,0.273115,-59.7558,0.410079,0.303108,nan,nan,0,2.68053,-0.219965,2.60752,-12.4518,1.13026,nan,43.3467,29.0153,1,0.809913,0.0300607,2.183,1.09662,0.404956,nan,7.97237,-0.317882,1,-1.03187,0.254741,5.44082,5.15263,-0.915936,0.00912232,nan,nan,0,-3.41437,0.43652,5.85203,-46.862,-1.75718,-1.33441,nan,nan,0,-0.335345,0.0175447,-1.94863,12.5763,0.142327,0.0422563,nan,nan,0,3.18052,0.857605,-0.457238,50.9158,2.08026,1.79692,nan,nan,0,1.34479,0,-0.845742,35.0972,0.462393,nan,17.4524,39.0111,1,0.255849,-0.07,0.197618,4.97926,0.127924,nan,5.64131,8.59704,1,0,0.164216,0.17264,-0.013205,-0.971109,2.11587,2.60613,-1.36895,-20.0756,8.61395,12.8909
1786071342006505055,0,1,0,0,0,0.104288,0.356316,-2.79383,0.838855,0.820616,0.709467,-5.88738,0.292132,0.76411,-7.25275,-2.54369,-1.45549,nan,nan,0,-6.28623,0.0955877,-0.187191,-26.9841,-3.09311,-1.57609,nan,nan,0,-1.19292,-0.572279,-2.54396,-3.15018,-0.906459,-1.19793,nan,nan,0,0.064002,0.901899,0.046031,-43.6874,0.522001,0.334861,nan,nan,0,3.25064,-0.219965,2.60752,-12.4518,1.41532,nan,53.3237,38.598,1,1.04714,0.0300607,2.183,1.09662,0.523571,nan,11.5308,4.32415,1,-2.65668,0.303254,4.6491,-10.3297,-1.72834,-0.515895,nan,nan,0,-2.56135,0.480814,3.76531,-51.4041,-1.33067,-1.64208,nan,nan,0,0.175509,-0.0158195,-3.60573,15.3114,0.397754,0.0753101,nan,nan,0,2.75741,0.865849,1.38399,48.7668,1.8687,1.97104,nan,nan,0,-0.285446,0,-0.639894,23.7201,-0.352723,nan,-11.3855,27.0636,1,0.0737247,-0.07,0.310836,5.48242,0.0368624,nan,2.73962,7.18006,1,0,0.160939,0.183182,-0.019904,-0.969611,0.838855,0.820616,0.709467,-0.803676,-25.4315,25.8565
1786071342015695577,0,1,0,0,0,0.12571,0.369142,-2.78429,3.13032,2.2421,-0.0430638,-5.89112,0.290981,-0.463376,-36.3126,-2.54556,-2.16195,nan,nan,0,-8.38484,0.0900269,-0.629086,-60.0977,-4.14242,-2.42975,nan,nan,0,-1.73266,-0.588195,-0.782521,-22.442,-1.17633,-1.19473,nan,nan,0,0.108977,0.897105,-0.696597,-37.9243,0.544489,0.416191,nan,nan,0,2.78449,-0.219965,2.60752,-12.4518,1.18224,nan,45.1661,46.5021,1,1.23192,0.0300607,2.183,1.09662,0.615961,nan,14.3025,8.4193,1,-2.5297,0.344672,3.93716,-37.7778,-1.66485,-1.10537,nan,nan,0,-2.67382,0.503825,1.53129,-32.3077,-1.38691,-1.63514,nan,nan,0,0.184494,-0.037487,-1.1569,2.95483,0.402247,0.199563,nan,nan,0,2.72907,0.887901,2.7956,52.8694,1.85453,1.99847,nan,nan,0,0.0301702,0,-0.362166,20.4737,-0.194915,nan,-6.27877,9.95743,1,0.0931774,-0.07,0.416411,6.10352,0.0465887,nan,2.87304,5.08273,1,0,0.162993,0.19122,-0.028216,-0.967508,3.13032,2.2421,-0.0430638,3.08205,28.5668,0.407234
1786071342026021446,0,1,0,0,0,0.151129,0.390545,-2.78847,2.02413,1.2236,-1.08626,-6.06961,0.278518,-1.5988,-44.9084,-2.63481,-2.52316,nan,nan,0,-8.08539,0.079864,-1.19373,-59.6093,-3.99269,-3.30609,nan,nan,0,-2.24181,-0.58551,0.11968,-18.3883,-1.4309,-1.14006,nan,nan,0,0.119518,0.885408,-1.38399,-18.6813,0.549759,0.495549,nan,nan,0,3.11512,-0.219965,2.60752,-12.4518,1.34756,nan,50.9521,49.1524,1,1.20441,0.0300607,2.183,1.09662,0.602206,nan,13.8899,11.853,1,-3.1176,0.376502,2.83242,-35.4823,-1.9588,-1.5364,nan,nan,0,-2.02082,0.505167,-0.303802,-47.3016,-1.06041,-1.50069,nan,nan,0,0.00243112,-0.033844,0.622948,4.85959,0.311216,0.328891,nan,nan,0,2.43617,0.92395,3.94943,42.2222,1.70809,1.93613,nan,nan,0,-0.517192,0,-0.185427,6.70035,-0.468596,nan,-16.1227,-3.19611,1,-0.144687,-0.07,0.430512,3.03701,-0.0723437,nan,-0.716078,3.43369,1,0,0.157393,0.20348,-0.038923,-0.965561,2.02413,1.2236,-1.08626,-23.7229,-5.74411,-0.957659
1786071342035516957,0,1,0,0,0,0.16458,0.402496,-2.79884,1.07251,0.390089,-1.05043,-5.81543,0.253782,-2.83242,-44.2735,-2.50771,-2.65089,nan,nan,0,-7.72675,0.0599222,-2.3537,-49.5971,-3.81338,-3.8831,nan,nan,0,-2.00057,-0.596248,-1.59266,-9.20635,-1.31029,-1.22721,nan,nan,0,0.0958414,0.867192,-1.94863,-10.9157,0.537921,0.540711,nan,nan,0,3.26453,-0.219965,2.60752,-12.4518,1.42226,nan,53.5667,49.7186,1,1.2534,0.0300607,2.183,1.09662,0.626699,nan,14.6247,13.7654,1,-3.916,0.396636,1.62949,-38.4127,-2.358,-1.8013,nan,nan,0,-1.18195,0.491936,-1.71541,-44.6642,-0.640976,-1.30458,nan,nan,0,0.165601,-0.0167785,2.00387,2.27106,0.392801,0.367151,nan,nan,0,2.05982,0.976106,5.03575,36.0684,1.51991,1.83259,nan,nan,0,-1.00907,0,-0.162971,-1.63953,-0.714533,nan,-24.7642,-11.1876,1,-0.273288,-0.07,0.464955,2.38526,-0.136644,nan,-2.69675,1.57879,1,0,0.150343,0.210033,-0.045384,-0.964998,1.07251,0.390089,-1.05043,-4.28399,-28.627,12.4128
1786071342045784993,0,1,0,0,0,0.162538,0.398652,-2.81142,0.11665,-0.938593,-1.09195,-5.09946,0.216966,-4.05377,-44.2735,-2.14973,-2.63185,nan,nan,0,-6.51725,0.0280914,-3.53822,-52.5275,-3.20863,-4.01789,nan,nan,0,-1.22658,-0.622135,-2.91221,-8.81563,-0.923292,-1.30883,nan,nan,0,0.195524,0.845524,-2.23095,-7.05739,0.587762,0.552434,nan,nan,0,3.446,-0.219965,2.60752,-12.4518,1.513,nan,56.7424,51.3235,1,1.04656,0.0300607,2.183,1.09662,0.523279,nan,11.522,14.5242,1,-4.03245,0.404306,0.408138,-42.8083,-2.41623,-2.07356,nan,nan,0,-0.630915,0.466625,-2.83856,-37.5824,-0.365457,-0.999191,nan,nan,0,0.229274,0.0106421,3.14543,-1.00122,0.424637,0.375473,nan,nan,0,1.57628,1.03018,5.53902,27.9609,1.27814,1.68413,nan,nan,0,-1.08422,0,-0.251554,-7.20074,-0.75211,nan,-25.9465,-18.3776,1,-0.293406,-0.07,0.545506,1.98798,-0.146703,nan,-3.11935,-0.674235,1,0,0.144695,0.207749,-0.046058,-0.966323,0.11665,-0.938593,-1.09195,6.98688,-1.32785,9.8272
1786071342055725715,0,1,0,0,0,0.153445,0.383673,-2.82617,-0.690664,-1.82791,-1.16065,-4.01543,0.167494,-5.31808,-44.0781,-1.60771,-2.44819,nan,nan,0,-4.71291,-0.0154362,-4.73502,-47.2039,-2.30646,-3.75086,nan,nan,0,-0.809662,-0.653007,-3.20067,-9.49939,-0.714831,-1.203,nan,nan,0,0.311579,0.822706,-2.24936,-9.25519,0.64579,0.564477,nan,nan,0,3.32905,-0.219965,2.60752,-12.4518,1.45453,nan,54.6959,53.8501,1,0.893219,0.0300607,2.183,1.09662,0.44661,nan,9.22197,13.7435,1,-4.12057,0.40028,-0.757972,-46.569,-2.46029,-2.29929,nan,nan,0,0.0420687,0.43211,-3.71007,-25.8608,-0.0289657,-0.657593,nan,nan,0,0.483898,0.0468826,3.78986,-4.0293,0.551949,0.396708,nan,nan,0,0.863997,1.0879,5.82748,8.13187,0.921999,1.48743,nan,nan,0,-1.00108,0,-0.398591,-13.0294,-0.710541,nan,-24.271,-23.6247,1,-0.273835,-0.07,0.627532,-0.446452,-0.136918,nan,-2.94883,-2.3856,1,0,0.139289,0.199559,-0.044451,-0.968916,-0.690664,-1.82791,-1.16065,1.6018,-4.62176,6.7247
1786071342065681393,0,1,0,0,0,0.133894,0.36313,-2.83993,-1.83655,-1.76641,-0.826985,-3.72359,0.107092,-6.30006,-16.9719,-1.4618,-2.07944,nan,nan,0,-3.38384,-0.0629902,-5.42241,-63.4188,-1.64192,-3.12309,nan,nan,0,-0.115568,-0.685604,-3.23135,-5.73871,-0.367784,-0.970527,nan,nan,0,0.46462,0.797586,-2.32915,-3.19902,0.72231,0.597963,nan,nan,0,3.39983,-0.219965,2.60752,-12.4518,1.48991,nan,55.9345,55.2298,1,0.66433,0.0300607,2.183,1.09662,0.332165,nan,5.78863,11.7005,1,-3.90585,0.384555,-1.92408,-47.8388,-2.35293,-2.42604,nan,nan,0,-0.104756,0.390308,-4.34223,-17.5092,-0.102378,-0.320915,nan,nan,0,0.422109,0.0875344,4.06604,-4.71307,0.521055,0.457018,nan,nan,0,0.565323,1.14044,5.79679,-8.81563,0.772661,1.22,nan,nan,0,-0.822767,0,-0.640234,-16.2679,-0.621383,nan,-20.7881,-25.4311,1,-0.191142,-0.07,0.77338,-1.74182,-0.0955708,nan,-1.92719,-3.14276,1,0,0.135516,0.188006,-0.037979,-0.972032,-1.83655,-1.76641,-0.826985,3.50886,-10.2297,13.1658
